1.01084206955018e-07,-1300000
1.0107958419085e-07,-1299900
1.01074938617038e-07,-1299800
1.01070271627873e-07,-1299700
1.01065584616153e-07,-1299600
1.01060878972585e-07,-1299500
1.01056156085197e-07,-1299400
1.01051417338742e-07,-1299300
1.01046664114112e-07,-1299200
1.01041897787755e-07,-1299100
1.01037119731083e-07,-1299000
1.01032331309898e-07,-1298900
1.01027533883817e-07,-1298800
1.01022728805688e-07,-1298700
1.01017917421029e-07,-1298600
1.01013101067457e-07,-1298500
1.01008281074132e-07,-1298400
1.01003458761189e-07,-1298300
1.00998635439195e-07,-1298200
1.00993812408599e-07,-1298100
1.00988990959191e-07,-1298000
1.00984172369559e-07,-1297900
1.0097935790657e-07,-1297800
1.00974548824835e-07,-1297700
1.00969746366198e-07,-1297600
1.00964951759221e-07,-1297500
1.00960166218682e-07,-1297400
1.00955390945074e-07,-1297300
1.00950627124119e-07,-1297200
1.00945875926284e-07,-1297100
1.00941138506306e-07,-1297000
1.00936416002725e-07,-1296900
1.00931709537427e-07,-1296800
1.00927020215192e-07,-1296700
1.00922349123257e-07,-1296600
1.00917697330876e-07,-1296500
1.00913065888907e-07,-1296400
1.00908455829384e-07,-1296300
1.0090386816513e-07,-1296200
1.00899303889345e-07,-1296100
1.00894763975229e-07,-1296000
1.00890249375611e-07,-1295900
1.00885761022572e-07,-1295800
1.00881299827103e-07,-1295700
1.0087686667875e-07,-1295600
1.00872462445287e-07,-1295500
1.00868087972391e-07,-1295400
1.0086374408333e-07,-1295300
1.00859431578663e-07,-1295200
1.00855151235945e-07,-1295100
1.00850903809462e-07,-1295000
1.00846690029944e-07,-1294900
1.00842510604325e-07,-1294800
1.00838366215498e-07,-1294700
1.00834257522075e-07,-1294600
1.00830185158171e-07,-1294500
1.00826149733199e-07,-1294400
1.00822151831665e-07,-1294300
1.00818192012995e-07,-1294200
1.00814270811352e-07,-1294100
1.00810388735484e-07,-1294000
1.00806546268575e-07,-1293900
1.00802743868101e-07,-1293800
1.00798981965722e-07,-1293700
1.00795260967159e-07,-1293600
1.00791581252104e-07,-1293500
1.00787943174126e-07,-1293400
1.00784347060609e-07,-1293300
1.00780793212681e-07,-1293200
1.00777281905171e-07,-1293100
1.00773813386574e-07,-1293000
1.00770387879022e-07,-1292900
1.00767005578284e-07,-1292800
1.0076366665376e-07,-1292700
1.00760371248494e-07,-1292600
1.00757119479208e-07,-1292500
1.0075391143633e-07,-1292400
1.00750747184062e-07,-1292300
1.00747626760428e-07,-1292200
1.00744550177358e-07,-1292100
1.00741517420773e-07,-1292000
1.0073852845069e-07,-1291900
1.00735583201328e-07,-1291800
1.00732681581238e-07,-1291700
1.00729823473435e-07,-1291600
1.00727008735548e-07,-1291500
1.00724237199982e-07,-1291400
1.00721508674083e-07,-1291300
1.00718822940328e-07,-1291200
1.00716179756514e-07,-1291100
1.00713578855966e-07,-1291000
1.00711019947755e-07,-1290900
1.00708502716919e-07,-1290800
1.00706026824711e-07,-1290700
1.00703591908841e-07,-1290600
1.00701197583739e-07,-1290500
1.00698843440827e-07,-1290400
1.00696529048793e-07,-1290300
1.0069425395389e-07,-1290200
1.00692017680232e-07,-1290100
1.00689819730106e-07,-1290000
1.00687659584292e-07,-1289900
1.00685536702393e-07,-1289800
1.00683450523174e-07,-1289700
1.00681400464911e-07,-1289600
1.00679385925745e-07,-1289500
1.00677406284055e-07,-1289400
1.00675460898824e-07,-1289300
1.00673549110027e-07,-1289200
1.00671670239021e-07,-1289100
1.00669823588944e-07,-1289000
1.00668008445119e-07,-1288900
1.00666224075474e-07,-1288800
1.00664469730959e-07,-1288700
1.00662744645974e-07,-1288600
1.00661048038812e-07,-1288500
1.00659379112087e-07,-1288400
1.00657737053199e-07,-1288300
1.00656121034777e-07,-1288200
1.00654530215146e-07,-1288100
1.0065296373879e-07,-1288000
1.00651420736827e-07,-1287900
1.00649900327483e-07,-1287800
1.0064840161658e-07,-1287700
1.00646923698016e-07,-1287600
1.00645465654265e-07,-1287500
1.00644026556864e-07,-1287400
1.0064260546692e-07,-1287300
1.00641201435612e-07,-1287200
1.00639813504699e-07,-1287100
1.00638440707027e-07,-1287000
1.00637082067051e-07,-1286900
1.00635736601346e-07,-1286800
1.00634403319128e-07,-1286700
1.00633081222772e-07,-1286600
1.00631769308345e-07,-1286500
1.00630466566124e-07,-1286400
1.00629171981123e-07,-1286300
1.00627884533629e-07,-1286200
1.00626603199724e-07,-1286100
1.00625326951821e-07,-1286000
1.00624054759192e-07,-1285900
1.00622785588498e-07,-1285800
1.00621518404329e-07,-1285700
1.00620252169725e-07,-1285600
1.00618985846715e-07,-1285500
1.00617718396841e-07,-1285400
1.00616448781697e-07,-1285300
1.00615175963445e-07,-1285200
1.00613898905354e-07,-1285100
1.00612616572319e-07,-1285000
1.00611327931386e-07,-1284900
1.00610031952271e-07,-1284800
1.00608727607887e-07,-1284700
1.00607413874855e-07,-1284600
1.00606089734015e-07,-1284500
1.00604754170945e-07,-1284400
1.00603406176463e-07,-1284300
1.00602044747135e-07,-1284200
1.00600668885771e-07,-1284100
1.00599277601926e-07,-1284000
1.00597869912392e-07,-1283900
1.00596444841685e-07,-1283800
1.0059500142253e-07,-1283700
1.00593538696336e-07,-1283600
1.00592055713681e-07,-1283500
1.00590551534767e-07,-1283400
1.00589025229892e-07,-1283300
1.00587475879909e-07,-1283200
1.00585902576676e-07,-1283100
1.00584304423498e-07,-1283000
1.00582680535574e-07,-1282900
1.00581030040433e-07,-1282800
1.00579352078352e-07,-1282700
1.00577645802786e-07,-1282600
1.00575910380775e-07,-1282500
1.00574144993361e-07,-1282400
1.00572348835977e-07,-1282300
1.00570521118847e-07,-1282200
1.00568661067371e-07,-1282100
1.00566767922495e-07,-1282000
1.00564840941096e-07,-1281900
1.0056287939633e-07,-1281800
1.00560882577989e-07,-1281700
1.00558849792855e-07,-1281600
1.00556780365028e-07,-1281500
1.00554673636264e-07,-1281400
1.00552528966283e-07,-1281300
1.00550345733096e-07,-1281200
1.00548123333298e-07,-1281100
1.00545861182368e-07,-1281000
1.00543558714947e-07,-1280900
1.00541215385127e-07,-1280800
1.00538830666705e-07,-1280700
1.00536404053448e-07,-1280600
1.0053393505934e-07,-1280500
1.00531423218823e-07,-1280400
1.0052886808702e-07,-1280300
1.00526269239968e-07,-1280200
1.00523626274813e-07,-1280100
1.0052093881002e-07,-1280000
1.00518206485563e-07,-1279900
1.00515428963107e-07,-1279800
1.00512605926171e-07,-1279700
1.00509737080301e-07,-1279600
1.00506822153214e-07,-1279500
1.00503860894942e-07,-1279400
1.00500853077962e-07,-1279300
1.00497798497318e-07,-1279200
1.00494696970733e-07,-1279100
1.00491548338706e-07,-1279000
1.0048835246461e-07,-1278900
1.00485109234768e-07,-1278800
1.00481818558525e-07,-1278700
1.00478480368309e-07,-1278600
1.00475094619679e-07,-1278500
1.0047166129137e-07,-1278400
1.00468180385323e-07,-1278300
1.00464651926699e-07,-1278200
1.00461075963895e-07,-1278100
1.00457452568545e-07,-1278000
1.00453781835508e-07,-1277900
1.00450063882845e-07,-1277800
1.00446298851797e-07,-1277700
1.00442486906738e-07,-1277600
1.00438628235133e-07,-1277500
1.00434723047471e-07,-1277400
1.00430771577204e-07,-1277300
1.00426774080661e-07,-1277200
1.00422730836964e-07,-1277100
1.00418642147936e-07,-1277000
1.00414508337979e-07,-1276900
1.0041032975397e-07,-1276800
1.00406106765135e-07,-1276700
1.00401839762905e-07,-1276600
1.0039752916078e-07,-1276500
1.00393175394173e-07,-1276400
1.00388778920249e-07,-1276300
1.0038434021775e-07,-1276200
1.0037985978682e-07,-1276100
1.00375338148813e-07,-1276000
1.00370775846097e-07,-1275900
1.00366173441849e-07,-1275800
1.00361531519843e-07,-1275700
1.00356850684219e-07,-1275600
1.00352131559264e-07,-1275500
1.00347374789167e-07,-1275400
1.00342581037775e-07,-1275300
1.00337750988336e-07,-1275200
1.00332885343243e-07,-1275100
1.00327984823757e-07,-1275000
1.00323050169738e-07,-1274900
1.00318082139357e-07,-1274800
1.00313081508807e-07,-1274700
1.00308049072e-07,-1274600
1.00302985640272e-07,-1274500
1.00297892042061e-07,-1274400
1.00292769122596e-07,-1274300
1.00287617743572e-07,-1274200
1.00282438782815e-07,-1274100
1.0027723313395e-07,-1274000
1.00272001706054e-07,-1273900
1.00266745423314e-07,-1273800
1.00261465224666e-07,-1273700
1.00256162063438e-07,-1273600
1.00250836906986e-07,-1273500
1.00245490736323e-07,-1273400
1.00240124545747e-07,-1273300
1.00234739342451e-07,-1273200
1.00229336146154e-07,-1273100
1.00223915988697e-07,-1273000
1.00218479913658e-07,-1272900
1.00213028975954e-07,-1272800
1.00207564241432e-07,-1272700
1.00202086786476e-07,-1272600
1.00196597697588e-07,-1272500
1.00191098070973e-07,-1272400
1.00185589012135e-07,-1272300
1.00180071635448e-07,-1272200
1.00174547063733e-07,-1272100
1.00169016427841e-07,-1272000
1.00163480866217e-07,-1271900
1.00157941524475e-07,-1271800
1.00152399554962e-07,-1271700
1.00146856116326e-07,-1271600
1.00141312373078e-07,-1271500
1.00135769495152e-07,-1271400
1.00130228657468e-07,-1271300
1.0012469103949e-07,-1271200
1.00119157824777e-07,-1271100
1.00113630200549e-07,-1271000
1.00108109357234e-07,-1270900
1.00102596488027e-07,-1270800
1.00097092788441e-07,-1270700
1.00091599455858e-07,-1270600
1.0008611768909e-07,-1270500
1.00080648687924e-07,-1270400
1.00075193652678e-07,-1270300
1.00069753783752e-07,-1270200
1.00064330281185e-07,-1270100
1.00058924344209e-07,-1270000
1.00053537170796e-07,-1269900
1.00048169957226e-07,-1269800
1.00042823897633e-07,-1269700
1.0003750018357e-07,-1269600
1.00032200003564e-07,-1269500
1.00026924542676e-07,-1269400
1.00021674982071e-07,-1269300
1.00016452498575e-07,-1269200
1.00011258264239e-07,-1269100
1.00006093445918e-07,-1269000
1.0000095920483e-07,-1268900
9.99958566961404e-08,-1268800
9.99907870685251e-08,-1268700
9.99857514637626e-08,-1268600
9.99807510163032e-08,-1268500
9.99757868528627e-08,-1268400
9.99708600920045e-08,-1268300
9.99659718437316e-08,-1268200
9.99611232090816e-08,-1268100
9.9956315279727e-08,-1268000
9.99515491375702e-08,-1267900
9.99468258543565e-08,-1267800
9.99421464912775e-08,-1267700
9.99375120985913e-08,-1267600
9.99329237152322e-08,-1267500
9.99283823684388e-08,-1267400
9.9923889073382e-08,-1267300
9.99194448327876e-08,-1267200
9.99150506365835e-08,-1267100
9.99107074615322e-08,-1267000
9.99064162708825e-08,-1266900
9.99021780140149e-08,-1266800
9.98979936261027e-08,-1266700
9.98938640277688e-08,-1266600
9.988979012476e-08,-1266500
9.98857728076101e-08,-1266400
9.98818129513239e-08,-1266300
9.98779114150588e-08,-1266200
9.9874069041815e-08,-1266100
9.98702866581345e-08,-1266000
9.98665650737917e-08,-1265900
9.98629050815136e-08,-1265800
9.98593074566878e-08,-1265700
9.985577295708e-08,-1265600
9.98523023225656e-08,-1265500
9.98488962748571e-08,-1265400
9.98455555172507e-08,-1265300
9.98422807343638e-08,-1265200
9.98390725918944e-08,-1265100
9.98359317363735e-08,-1265000
9.98328587949398e-08,-1264900
9.98298543751061e-08,-1264800
9.98269190645402e-08,-1264700
9.98240534308552e-08,-1264600
9.98212580214003e-08,-1264500
9.98185333630607e-08,-1264400
9.98158799620711e-08,-1264300
9.98132983038272e-08,-1264200
9.98107888527093e-08,-1264100
9.98083520519122e-08,-1264000
9.98059883232817e-08,-1263900
9.98036980671627e-08,-1263800
9.98014816622517e-08,-1263700
9.97993394654508e-08,-1263600
9.9797271811741e-08,-1263500
9.97952790140563e-08,-1263400
9.97933613631615e-08,-1263300
9.97915191275506e-08,-1263200
9.9789752553338e-08,-1263100
9.97880618641661e-08,-1263000
9.97864472611194e-08,-1262900
9.97849089226416e-08,-1262800
9.97834470044722e-08,-1262700
9.9782061639574e-08,-1262600
9.97807529380812e-08,-1262500
9.97795209872539e-08,-1262400
9.97783658514333e-08,-1262300
9.97772875720112e-08,-1262200
9.97762861674031e-08,-1262100
9.97753616330354e-08,-1262000
9.97745139413344e-08,-1261900
9.97737430417205e-08,-1261800
9.97730488606212e-08,-1261700
9.97724313014819e-08,-1261600
9.97718902447838e-08,-1261500
9.97714255480823e-08,-1261400
9.97710370460349e-08,-1261300
9.97707245504539e-08,-1261200
9.97704878503537e-08,-1261100
9.97703267120107e-08,-1261000
9.97702408790339e-08,-1260900
9.97702300724392e-08,-1260800
9.97702939907329e-08,-1260700
9.97704323099989e-08,-1260600
9.9770644684001e-08,-1260500
9.97709307442828e-08,-1260400
9.97712901002894e-08,-1260300
9.9771722339473e-08,-1260200
9.97722270274377e-08,-1260100
9.97728037080585e-08,-1260000
9.9773451903634e-08,-1259900
9.97741711150285e-08,-1259800
9.97749608218313e-08,-1259700
9.97758204825228e-08,-1259600
9.97767495346339e-08,-1259500
9.97777473949383e-08,-1259400
9.97788134596248e-08,-1259300
9.97799471044909e-08,-1259200
9.97811476851445e-08,-1259100
9.97824145372045e-08,-1259000
9.97837469765099e-08,-1258900
9.9785144299342e-08,-1258800
9.97866057826465e-08,-1258700
9.97881306842586e-08,-1258600
9.97897182431521e-08,-1258500
9.9791367679669e-08,-1258400
9.97930781957769e-08,-1258300
9.9794848975319e-08,-1258200
9.97966791842795e-08,-1258100
9.97985679710503e-08,-1258000
9.9800514466698e-08,-1257900
9.98025177852538e-08,-1257800
9.98045770239857e-08,-1257700
9.98066912636957e-08,-1257600
9.98088595690143e-08,-1257500
9.98110809887006e-08,-1257400
9.98133545559459e-08,-1257300
9.98156792886893e-08,-1257200
9.98180541899313e-08,-1257100
9.98204782480529e-08,-1257000
9.98229504371508e-08,-1256900
9.98254697173556e-08,-1256800
9.98280350351776e-08,-1256700
9.98306453238425e-08,-1256600
9.98332995036353e-08,-1256500
9.98359964822509e-08,-1256400
9.98387351551486e-08,-1256300
9.98415144059078e-08,-1256200
9.98443331065895e-08,-1256100
9.98471901180999e-08,-1256000
9.98500842905632e-08,-1255900
9.98530144636908e-08,-1255800
9.98559794671575e-08,-1255700
9.98589781209869e-08,-1255600
9.98620092359263e-08,-1255500
9.98650716138393e-08,-1255400
9.98681640480897e-08,-1255300
9.98712853239393e-08,-1255200
9.98744342189358e-08,-1255100
9.98776095033195e-08,-1255000
9.98808099404147e-08,-1254900
9.98840342870404e-08,-1254800
9.98872812939082e-08,-1254700
9.98905497060338e-08,-1254600
9.98938382631439e-08,-1254500
9.98971457000923e-08,-1254400
9.99004707472668e-08,-1254300
9.99038121310059e-08,-1254200
9.99071685740162e-08,-1254100
9.9910538795792e-08,-1254000
9.99139215130282e-08,-1253900
9.99173154400445e-08,-1253800
9.99207192892088e-08,-1253700
9.99241317713536e-08,-1253600
9.99275515962016e-08,-1253500
9.99309774727896e-08,-1253400
9.9934408109891e-08,-1253300
9.99378422164432e-08,-1253200
9.99412785019672e-08,-1253100
9.99447156769922e-08,-1253000
9.99481524534868e-08,-1252900
9.99515875452762e-08,-1252800
9.99550196684663e-08,-1252700
9.99584475418746e-08,-1252600
9.99618698874426e-08,-1252500
9.99652854306658e-08,-1252400
9.99686929010136e-08,-1252300
9.99720910323435e-08,-1252200
9.99754785633291e-08,-1252100
9.99788542378725e-08,-1252000
9.99822168055228e-08,-1251900
9.99855650218892e-08,-1251800
9.99888976490549e-08,-1251700
9.99922134559917e-08,-1251600
9.99955112189627e-08,-1251500
9.99987897219393e-08,-1251400
1.00002047756996e-07,-1251300
1.00005284124723e-07,-1251200
1.00008497634619e-07,-1251100
1.00011687105492e-07,-1251000
1.00014851365859e-07,-1250900
1.00017989254329e-07,-1250800
1.00021099620002e-07,-1250700
1.00024181322847e-07,-1250600
1.00027233234094e-07,-1250500
1.00030254236604e-07,-1250400
1.00033243225251e-07,-1250300
1.00036199107298e-07,-1250200
1.00039120802756e-07,-1250100
1.00042007244758e-07,-1250000
1.00044857379917e-07,-1249900
1.00047670168683e-07,-1249800
1.00050444585697e-07,-1249700
1.00053179620135e-07,-1249600
1.00055874276061e-07,-1249500
1.00058527572758e-07,-1249400
1.00061138545071e-07,-1249300
1.00063706243729e-07,-1249200
1.00066229735676e-07,-1249100
1.00068708104389e-07,-1249000
1.00071140450197e-07,-1248900
1.00073525890586e-07,-1248800
1.00075863560505e-07,-1248700
1.00078152612671e-07,-1248600
1.00080392217855e-07,-1248500
1.00082581565179e-07,-1248400
1.00084719862386e-07,-1248300
1.00086806336132e-07,-1248200
1.00088840232249e-07,-1248100
1.00090820816008e-07,-1248000
1.00092747372382e-07,-1247900
1.00094619206298e-07,-1247800
1.00096435642885e-07,-1247700
1.00098196027712e-07,-1247600
1.00099899727022e-07,-1247500
1.00101546127961e-07,-1247400
1.00103134638797e-07,-1247300
1.00104664689135e-07,-1247200
1.00106135730126e-07,-1247100
1.00107547234666e-07,-1247000
1.00108898697588e-07,-1246900
1.00110189635855e-07,-1246800
1.00111419588732e-07,-1246700
1.00112588117967e-07,-1246600
1.00113694807948e-07,-1246500
1.00114739265867e-07,-1246400
1.00115721121875e-07,-1246300
1.00116640029216e-07,-1246200
1.00117495664369e-07,-1246100
1.00118287727184e-07,-1246000
1.00119015940987e-07,-1245900
1.00119680052712e-07,-1245800
1.00120279832998e-07,-1245700
1.00120815076287e-07,-1245600
1.00121285600925e-07,-1245500
1.00121691249234e-07,-1245400
1.00122031887597e-07,-1245300
1.00122307406523e-07,-1245200
1.00122517720707e-07,-1245100
1.00122662769085e-07,-1245000
1.00122742514877e-07,-1244900
1.00122756945629e-07,-1244800
1.00122706073234e-07,-1244700
1.00122589933963e-07,-1244600
1.00122408588471e-07,-1244500
1.00122162121807e-07,-1244400
1.00121850643413e-07,-1244300
1.0012147428711e-07,-1244200
1.00121033211084e-07,-1244100
1.00120527597857e-07,-1244000
1.00119957654253e-07,-1243900
1.00119323611362e-07,-1243800
1.00118625724486e-07,-1243700
1.00117864273079e-07,-1243600
1.00117039560686e-07,-1243500
1.00116151914873e-07,-1243400
1.00115201687135e-07,-1243300
1.00114189252816e-07,-1243200
1.00113115011016e-07,-1243100
1.00111979384472e-07,-1243000
1.00110782819458e-07,-1242900
1.00109525785665e-07,-1242800
1.00108208776063e-07,-1242700
1.00106832306778e-07,-1242600
1.00105396916941e-07,-1242500
1.00103903168541e-07,-1242400
1.00102351646263e-07,-1242300
1.0010074295733e-07,-1242200
1.00099077731322e-07,-1242100
1.00097356619997e-07,-1242000
1.0009558029711e-07,-1241900
1.00093749458205e-07,-1241800
1.00091864820427e-07,-1241700
1.00089927122301e-07,-1241600
1.00087937123521e-07,-1241500
1.00085895604726e-07,-1241400
1.00083803367264e-07,-1241300
1.00081661232964e-07,-1241200
1.00079470043879e-07,-1241100
1.00077230662045e-07,-1241000
1.00074943969216e-07,-1240900
1.00072610866605e-07,-1240800
1.00070232274605e-07,-1240700
1.00067809132521e-07,-1240600
1.00065342398274e-07,-1240500
1.00062833048122e-07,-1240400
1.00060282076355e-07,-1240300
1.00057690494994e-07,-1240200
1.00055059333484e-07,-1240100
1.00052389638376e-07,-1240000
1.00049682473009e-07,-1239900
1.00046938917182e-07,-1239800
1.00044160066821e-07,-1239700
1.00041347033642e-07,-1239600
1.00038500944807e-07,-1239500
1.00035622942577e-07,-1239400
1.00032714183956e-07,-1239300
1.00029775840331e-07,-1239200
1.00026809097113e-07,-1239100
1.00023815153361e-07,-1239000
1.00020795221414e-07,-1238900
1.00017750526509e-07,-1238800
1.000146823064e-07,-1238700
1.00011591810967e-07,-1238600
1.00008480301828e-07,-1238500
1.00005349051941e-07,-1238400
1.00002199345207e-07,-1238300
9.99990324760543e-08,-1238200
9.99958497490489e-08,-1238100
9.99926524784654e-08,-1238000
9.99894419878826e-08,-1237900
9.99862196097615e-08,-1237800
9.99829866850173e-08,-1237700
9.99797445626084e-08,-1237600
9.99764945990881e-08,-1237500
9.99732381581929e-08,-1237400
9.99699766103936e-08,-1237300
9.99667113324678e-08,-1237200
9.9963443707054e-08,-1237100
9.99601751222152e-08,-1237000
9.99569069709896e-08,-1236900
9.99536406509477e-08,-1236800
9.9950377563748e-08,-1236700
9.99471191146747e-08,-1236600
9.99438667121999e-08,-1236500
9.99406217675208e-08,-1236400
9.99373856941112e-08,-1236300
9.99341599072605e-08,-1236200
9.99309458236198e-08,-1236100
9.99277448607429e-08,-1236000
9.99245584366252e-08,-1235900
9.99213879692515e-08,-1235800
9.9918234876126e-08,-1235700
9.99151005738161e-08,-1235600
9.99119864774939e-08,-1235500
9.99088940004713e-08,-1235400
9.99058245537411e-08,-1235300
9.99027795455165e-08,-1235200
9.98997603807677e-08,-1235100
9.98967684607659e-08,-1235000
9.98938051826211e-08,-1234900
9.98908719388231e-08,-1234800
9.98879701167852e-08,-1234700
9.98851010983892e-08,-1234600
9.98822662595226e-08,-1234500
9.98794669696334e-08,-1234400
9.98767045912697e-08,-1234300
9.98739804796343e-08,-1234200
9.98712959821303e-08,-1234100
9.9868652437918e-08,-1234000
9.98660511774645e-08,-1233900
9.98634935221041e-08,-1233800
9.98609807835963e-08,-1233700
9.98585142636868e-08,-1233600
9.98560952536676e-08,-1233500
9.9853725033955e-08,-1233400
9.98514048736437e-08,-1233300
9.98491360300924e-08,-1233200
9.98469197484899e-08,-1233100
9.98447572614438e-08,-1233000
9.98426497885517e-08,-1232900
9.98405985359967e-08,-1232800
9.9838604696132e-08,-1232700
9.98366694470726e-08,-1232600
9.98347939523009e-08,-1232500
9.9832979360255e-08,-1232400
9.98312268039502e-08,-1232300
9.98295374005715e-08,-1232200
9.98279122511021e-08,-1232100
9.98263524399359e-08,-1232000
9.98248590345015e-08,-1231900
9.98234330848894e-08,-1231800
9.98220756234887e-08,-1231700
9.98207876646234e-08,-1231600
9.98195702041957e-08,-1231500
9.9818424219333e-08,-1231400
9.98173506680477e-08,-1231300
9.98163504888892e-08,-1231200
9.98154246006169e-08,-1231100
9.98145739018636e-08,-1231000
9.98137992708191e-08,-1230900
9.98131015649062e-08,-1230800
9.98124816204788e-08,-1230700
9.98119402525064e-08,-1230600
9.98114782542809e-08,-1230500
9.98110963971255e-08,-1230400
9.98107954301023e-08,-1230300
9.9810576079739e-08,-1230200
9.98104390497546e-08,-1230100
9.981038502079e-08,-1230000
9.98104146501539e-08,-1229900
9.98105285715648e-08,-1229800
9.98107273949105e-08,-1229700
9.98110117060021e-08,-1229600
9.98113820663531e-08,-1229500
9.98118390129481e-08,-1229400
9.98123830580276e-08,-1229300
9.98130146888782e-08,-1229200
9.98137343676328e-08,-1229100
9.98145425310723e-08,-1229000
9.98154395904423e-08,-1228900
9.98164259312737e-08,-1228800
9.98175019132079e-08,-1228700
9.98186678698362e-08,-1228600
9.98199241085441e-08,-1228500
9.98212709103574e-08,-1228400
9.98227085298143e-08,-1228300
9.98242371948207e-08,-1228200
9.98258571065313e-08,-1228100
9.98275684392363e-08,-1228000
9.98293713402509e-08,-1227900
9.9831265929816e-08,-1227800
9.9833252301005e-08,-1227700
9.98353305196452e-08,-1227600
9.98375006242396e-08,-1227500
9.98397626259023e-08,-1227400
9.98421165082991e-08,-1227300
9.98445622275995e-08,-1227200
9.98470997124321e-08,-1227100
9.98497288638572e-08,-1227000
9.98524495553401e-08,-1226900
9.98552616327325e-08,-1226800
9.98581649142696e-08,-1226700
9.98611591905692e-08,-1226600
9.98642442246413e-08,-1226500
9.98674197519067e-08,-1226400
9.98706854802281e-08,-1226300
9.98740410899372e-08,-1226200
9.98774862338857e-08,-1226100
9.9881020537496e-08,-1226000
9.98846435988218e-08,-1225900
9.98883549886158e-08,-1225800
9.9892154250414e-08,-1225700
9.98960409006178e-08,-1225600
9.99000144285881e-08,-1225500
9.99040742967535e-08,-1225400
9.99082199407202e-08,-1225300
9.99124507693927e-08,-1225200
9.99167661651051e-08,-1225100
9.99211654837524e-08,-1225000
9.99256480549484e-08,-1224900
9.99302131821666e-08,-1224800
9.99348601429129e-08,-1224700
9.99395881888902e-08,-1224600
9.99443965461844e-08,-1224500
9.99492844154449e-08,-1224400
9.99542509720827e-08,-1224300
9.99592953664792e-08,-1224200
9.99644167241878e-08,-1224100
9.99696141461616e-08,-1224000
9.99748867089802e-08,-1223900
9.99802334650849e-08,-1223800
9.99856534430179e-08,-1223700
9.99911456476815e-08,-1223600
9.99967090605909e-08,-1223500
1.00002342640144e-07,-1223400
1.00008045321894e-07,-1223300
1.00013816018831e-07,-1223200
1.00019653621678e-07,-1223100
1.00025556999175e-07,-1223000
1.00031524998394e-07,-1222900
1.00037556445046e-07,-1222800
1.00043650143798e-07,-1222700
1.00049804878602e-07,-1222600
1.00056019413023e-07,-1222500
1.00062292490582e-07,-1222400
1.00068622835102e-07,-1222300
1.00075009151055e-07,-1222200
1.0008145012393e-07,-1222100
1.00087944420591e-07,-1222000
1.00094490689656e-07,-1221900
1.00101087561868e-07,-1221800
1.00107733650486e-07,-1221700
1.00114427551674e-07,-1221600
1.00121167844894e-07,-1221500
1.00127953093316e-07,-1221400
1.00134781844218e-07,-1221300
1.00141652629407e-07,-1221200
1.00148563965633e-07,-1221100
1.00155514355016e-07,-1221000
1.00162502285481e-07,-1220900
1.00169526231184e-07,-1220800
1.00176584652958e-07,-1220700
1.00183675998758e-07,-1220600
1.0019079870411e-07,-1220500
1.00197951192566e-07,-1220400
1.00205131876163e-07,-1220300
1.00212339155884e-07,-1220200
1.00219571422135e-07,-1220100
1.00226827055202e-07,-1220000
1.0023410442574e-07,-1219900
1.00241401895246e-07,-1219800
1.00248717816545e-07,-1219700
1.00256050534273e-07,-1219600
1.00263398385375e-07,-1219500
1.00270759699586e-07,-1219400
1.00278132799945e-07,-1219300
1.00285516003273e-07,-1219200
1.00292907620698e-07,-1219100
1.0030030595814e-07,-1219000
1.00307709316835e-07,-1218900
1.00315115993829e-07,-1218800
1.00322524282505e-07,-1218700
1.00329932473086e-07,-1218600
1.00337338853157e-07,-1218500
1.00344741708178e-07,-1218400
1.00352139322008e-07,-1218300
1.00359529977423e-07,-1218200
1.00366911956634e-07,-1218100
1.00374283541816e-07,-1218000
1.0038164301563e-07,-1217900
1.00388988661743e-07,-1217800
1.00396318765359e-07,-1217700
1.00403631613739e-07,-1217600
1.0041092549673e-07,-1217500
1.00418198707289e-07,-1217400
1.0042544954201e-07,-1217300
1.00432676301645e-07,-1217200
1.00439877291634e-07,-1217100
1.00447050822625e-07,-1217000
1.00454195211001e-07,-1216900
1.00461308779397e-07,-1216800
1.00468389857227e-07,-1216700
1.00475436781199e-07,-1216600
1.00482447895838e-07,-1216500
1.00489421553995e-07,-1216400
1.00496356117372e-07,-1216300
1.00503249957028e-07,-1216200
1.0051010145389e-07,-1216100
1.00516908999266e-07,-1216000
1.00523670995343e-07,-1215900
1.005303858557e-07,-1215800
1.00537052005797e-07,-1215700
1.00543667883483e-07,-1215600
1.00550231939485e-07,-1215500
1.00556742637895e-07,-1215400
1.00563198456664e-07,-1215300
1.00569597888083e-07,-1215200
1.00575939439261e-07,-1215100
1.005822216326e-07,-1215000
1.0058844300627e-07,-1214900
1.00594602114671e-07,-1214800
1.00600697528905e-07,-1214700
1.00606727837216e-07,-1214600
1.00612691645461e-07,-1214500
1.00618587577546e-07,-1214400
1.00624414275879e-07,-1214300
1.00630170401792e-07,-1214200
1.00635854635989e-07,-1214100
1.0064146567896e-07,-1214000
1.00647002251406e-07,-1213900
1.00652463094657e-07,-1213800
1.0065784697107e-07,-1213700
1.0066315266444e-07,-1213600
1.00668378980391e-07,-1213500
1.00673524746765e-07,-1213400
1.00678588814005e-07,-1213300
1.00683570055531e-07,-1213200
1.00688467368103e-07,-1213100
1.00693279672187e-07,-1213000
1.00698005912306e-07,-1212900
1.0070264505739e-07,-1212800
1.00707196101109e-07,-1212700
1.00711658062204e-07,-1212600
1.00716029984819e-07,-1212500
1.007203109388e-07,-1212400
1.00724500020019e-07,-1212300
1.00728596350657e-07,-1212200
1.0073259907951e-07,-1212100
1.00736507382256e-07,-1212000
1.00740320461737e-07,-1211900
1.0074403754822e-07,-1211800
1.00747657899655e-07,-1211700
1.00751180801919e-07,-1211600
1.00754605569057e-07,-1211500
1.00757931543505e-07,-1211400
1.00761158096317e-07,-1211300
1.00764284627367e-07,-1211200
1.00767310565557e-07,-1211100
1.00770235369e-07,-1211000
1.00773058525207e-07,-1210900
1.0077577955126e-07,-1210800
1.00778397993965e-07,-1210700
1.00780913430014e-07,-1210600
1.00783325466121e-07,-1210500
1.00785633739159e-07,-1210400
1.00787837916275e-07,-1210300
1.00789937695007e-07,-1210200
1.00791932803382e-07,-1210100
1.00793823000014e-07,-1210000
1.00795608074175e-07,-1209900
1.00797287845873e-07,-1209800
1.0079886216591e-07,-1209700
1.0080033091593e-07,-1209600
1.00801694008462e-07,-1209500
1.00802951386941e-07,-1209400
1.00804103025735e-07,-1209300
1.00805148930146e-07,-1209200
1.00806089136409e-07,-1209100
1.00806923711676e-07,-1209000
1.00807652753998e-07,-1208900
1.00808276392277e-07,-1208800
1.00808794786232e-07,-1208700
1.00809208126335e-07,-1208600
1.00809516633746e-07,-1208500
1.00809720560234e-07,-1208400
1.00809820188085e-07,-1208300
1.0080981583001e-07,-1208200
1.00809707829025e-07,-1208100
1.00809496558337e-07,-1208000
1.00809182421203e-07,-1207900
1.00808765850802e-07,-1207800
1.00808247310066e-07,-1207700
1.00807627291526e-07,-1207600
1.00806906317134e-07,-1207500
1.0080608493808e-07,-1207400
1.00805163734592e-07,-1207300
1.00804143315738e-07,-1207200
1.00803024319204e-07,-1207100
1.00801807411064e-07,-1207000
1.00800493285556e-07,-1206900
1.00799082664823e-07,-1206800
1.0079757629866e-07,-1206700
1.00795974964245e-07,-1206600
1.0079427946587e-07,-1206500
1.00792490634643e-07,-1206400
1.00790609328198e-07,-1206300
1.00788636430386e-07,-1206200
1.0078657285096e-07,-1206100
1.00784419525252e-07,-1206000
1.0078217741383e-07,-1205900
1.00779847502162e-07,-1205800
1.00777430800262e-07,-1205700
1.00774928342318e-07,-1205600
1.00772341186334e-07,-1205500
1.00769670413741e-07,-1205400
1.00766917129005e-07,-1205300
1.00764082459242e-07,-1205200
1.00761167553798e-07,-1205100
1.00758173583845e-07,-1205000
1.00755101741948e-07,-1204900
1.00751953241645e-07,-1204800
1.00748729317003e-07,-1204700
1.00745431222169e-07,-1204600
1.00742060230921e-07,-1204500
1.00738617636206e-07,-1204400
1.00735104749667e-07,-1204300
1.00731522901173e-07,-1204200
1.00727873438334e-07,-1204100
1.00724157726011e-07,-1204000
1.00720377145817e-07,-1203900
1.00716533095619e-07,-1203800
1.0071262698903e-07,-1203700
1.00708660254892e-07,-1203600
1.00704634336752e-07,-1203500
1.00700550692344e-07,-1203400
1.00696410793049e-07,-1203300
1.00692216123362e-07,-1203200
1.00687968180349e-07,-1203100
1.00683668473101e-07,-1203000
1.00679318522178e-07,-1202900
1.00674919859062e-07,-1202800
1.00670474025582e-07,-1202700
1.00665982573367e-07,-1202600
1.00661447063257e-07,-1202500
1.00656869064752e-07,-1202400
1.00652250155418e-07,-1202300
1.00647591920324e-07,-1202200
1.00642895951445e-07,-1202100
1.0063816384709e-07,-1202000
1.00633397211307e-07,-1201900
1.00628597653297e-07,-1201800
1.00623766786821e-07,-1201700
1.00618906229608e-07,-1201600
1.00614017602754e-07,-1201500
1.00609102530137e-07,-1201400
1.00604162637807e-07,-1201300
1.00599199553393e-07,-1201200
1.00594214905503e-07,-1201100
1.00589210323126e-07,-1201000
1.00584187435026e-07,-1200900
1.00579147869145e-07,-1200800
1.00574093252006e-07,-1200700
1.00569025208108e-07,-1200600
1.00563945359331e-07,-1200500
1.00558855324331e-07,-1200400
1.00553756717953e-07,-1200300
1.00548651150627e-07,-1200200
1.00543540227781e-07,-1200100
1.0053842554924e-07,-1200000
1.00533308708645e-07,-1199900
1.00528191292861e-07,-1199800
1.00523074881389e-07,-1199700
1.00517961045789e-07,-1199600
1.00512851349099e-07,-1199500
1.00507747345255e-07,-1199400
1.00502650578525e-07,-1199300
1.00497562582932e-07,-1199200
1.00492484881698e-07,-1199100
1.00487418986677e-07,-1199000
1.00482366397796e-07,-1198900
1.00477328602515e-07,-1198800
1.00472307075267e-07,-1198700
1.0046730327692e-07,-1198600
1.00462318654246e-07,-1198500
1.00457354639384e-07,-1198400
1.00452412649316e-07,-1198300
1.00447494085348e-07,-1198200
1.00442600332596e-07,-1198100
1.00437732759479e-07,-1198000
1.00432892717222e-07,-1197900
1.00428081539356e-07,-1197800
1.00423300541239e-07,-1197700
1.00418551019566e-07,-1197600
1.00413834251909e-07,-1197500
1.00409151496247e-07,-1197400
1.00404503990504e-07,-1197300
1.00399892952108e-07,-1197200
1.0039531957755e-07,-1197100
1.00390785041946e-07,-1197000
1.00386290498616e-07,-1196900
1.00381837078669e-07,-1196800
1.00377425890601e-07,-1196700
1.00373058019888e-07,-1196600
1.00368734528604e-07,-1196500
1.00364456455041e-07,-1196400
1.00360224813343e-07,-1196300
1.00356040593138e-07,-1196200
1.00351904759197e-07,-1196100
1.00347818251087e-07,-1196000
1.00343781982846e-07,-1195900
1.0033979684266e-07,-1195800
1.00335863692555e-07,-1195700
1.00331983368099e-07,-1195600
1.0032815667811e-07,-1195500
1.00324384404386e-07,-1195400
1.00320667301426e-07,-1195300
1.00317006096188e-07,-1195200
1.00313401487834e-07,-1195100
1.00309854147504e-07,-1195000
1.00306364718083e-07,-1194900
1.00302933814002e-07,-1194800
1.00299562021031e-07,-1194700
1.00296249896094e-07,-1194600
1.00292997967092e-07,-1194500
1.00289806732734e-07,-1194400
1.00286676662393e-07,-1194300
1.00283608195953e-07,-1194200
1.00280601743693e-07,-1194100
1.00277657686154e-07,-1194000
1.00274776374048e-07,-1193900
1.00271958128154e-07,-1193800
1.00269203239243e-07,-1193700
1.00266511968003e-07,-1193600
1.00263884544987e-07,-1193500
1.00261321170561e-07,-1193400
1.00258822014878e-07,-1193300
1.00256387217852e-07,-1193200
1.00254016889151e-07,-1193100
1.00251711108198e-07,-1193000
1.00249469924189e-07,-1192900
1.00247293356117e-07,-1192800
1.00245181392818e-07,-1192700
1.00243133993014e-07,-1192600
1.00241151085383e-07,-1192500
1.0023923256863e-07,-1192400
1.00237378311582e-07,-1192300
1.00235588153276e-07,-1192200
1.00233861903081e-07,-1192100
1.00232199340818e-07,-1192000
1.00230600216893e-07,-1191900
1.00229064252444e-07,-1191800
1.00227591139503e-07,-1191700
1.00226180541162e-07,-1191600
1.00224832091758e-07,-1191500
1.00223545397064e-07,-1191400
1.00222320034493e-07,-1191300
1.00221155553313e-07,-1191200
1.00220051474878e-07,-1191100
1.00219007292859e-07,-1191000
1.002180224735e-07,-1190900
1.00217096455869e-07,-1190800
1.00216228652139e-07,-1190700
1.00215418447855e-07,-1190600
1.00214665202241e-07,-1190500
1.00213968248486e-07,-1190400
1.00213326894069e-07,-1190300
1.00212740421072e-07,-1190200
1.00212208086514e-07,-1190100
1.00211729122693e-07,-1190000
1.00211302737539e-07,-1189900
1.00210928114971e-07,-1189800
1.00210604415269e-07,-1189700
1.00210330775449e-07,-1189600
1.00210106309658e-07,-1189500
1.00209930109564e-07,-1189400
1.00209801244764e-07,-1189300
1.00209718763196e-07,-1189200
1.00209681691566e-07,-1189100
1.0020968903577e-07,-1189000
1.00209739781337e-07,-1188900
1.00209832893874e-07,-1188800
1.00209967319516e-07,-1188700
1.00210141985391e-07,-1188600
1.00210355800083e-07,-1188500
1.00210607654107e-07,-1188400
1.0021089642039e-07,-1188300
1.00211220954762e-07,-1188200
1.00211580096442e-07,-1188100
1.00211972668544e-07,-1188000
1.00212397478578e-07,-1187900
1.00212853318963e-07,-1187800
1.00213338967541e-07,-1187700
1.00213853188105e-07,-1187600
1.00214394730914e-07,-1187500
1.00214962333232e-07,-1187400
1.00215554719865e-07,-1187300
1.00216170603689e-07,-1187200
1.00216808686207e-07,-1187100
1.00217467658089e-07,-1187000
1.00218146199723e-07,-1186900
1.00218842981771e-07,-1186800
1.00219556665725e-07,-1186700
1.00220285904464e-07,-1186600
1.00221029342824e-07,-1186500
1.00221785618152e-07,-1186400
1.00222553360882e-07,-1186300
1.00223331195099e-07,-1186200
1.00224117739108e-07,-1186100
1.0022491160601e-07,-1186000
1.00225711404268e-07,-1185900
1.00226515738289e-07,-1185800
1.00227323208987e-07,-1185700
1.00228132414368e-07,-1185600
1.00228941950098e-07,-1185500
1.00229750410077e-07,-1185400
1.00230556387016e-07,-1185300
1.00231358473012e-07,-1185200
1.00232155260113e-07,-1185100
1.00232945340897e-07,-1185000
1.0023372730904e-07,-1184900
1.00234499759878e-07,-1184800
1.00235261290986e-07,-1184700
1.00236010502732e-07,-1184600
1.00236745998846e-07,-1184500
1.00237466386976e-07,-1184400
1.00238170279245e-07,-1184300
1.00238856292812e-07,-1184200
1.00239523050414e-07,-1184100
1.0024016918092e-07,-1184000
1.00240793319871e-07,-1183900
1.00241394110024e-07,-1183800
1.0024197020189e-07,-1183700
1.00242520254254e-07,-1183600
1.00243042934721e-07,-1183500
1.00243536920224e-07,-1183400
1.00244000897545e-07,-1183300
1.00244433563835e-07,-1183200
1.00244833627113e-07,-1183100
1.00245199806774e-07,-1183000
1.00245530834082e-07,-1182900
1.00245825452661e-07,-1182800
1.0024608241898e-07,-1182700
1.00246300502836e-07,-1182600
1.00246478487812e-07,-1182500
1.00246615171761e-07,-1182400
1.00246709367248e-07,-1182300
1.00246759902013e-07,-1182200
1.00246765619405e-07,-1182100
1.00246725378832e-07,-1182000
1.00246638056179e-07,-1181900
1.00246502544235e-07,-1181800
1.00246317753106e-07,-1181700
1.00246082610627e-07,-1181600
1.00245796062749e-07,-1181500
1.00245457073943e-07,-1181400
1.00245064627567e-07,-1181300
1.00244617726255e-07,-1181200
1.00244115392268e-07,-1181100
1.00243556667862e-07,-1181000
1.00242940615627e-07,-1180900
1.00242266318828e-07,-1180800
1.00241532881738e-07,-1180700
1.00240739429952e-07,-1180600
1.00239885110704e-07,-1180500
1.00238969093168e-07,-1180400
1.00237990568742e-07,-1180300
1.00236948751346e-07,-1180200
1.00235842877682e-07,-1180100
1.00234672207506e-07,-1180000
1.00233436023877e-07,-1179900
1.00232133633404e-07,-1179800
1.00230764366477e-07,-1179700
1.00229327577499e-07,-1179600
1.00227822645089e-07,-1179500
1.00226248972298e-07,-1179400
1.00224605986795e-07,-1179300
1.00222893141056e-07,-1179200
1.00221109912536e-07,-1179100
1.00219255803833e-07,-1179000
1.00217330342845e-07,-1178900
1.00215333082908e-07,-1178800
1.00213263602935e-07,-1178700
1.00211121507535e-07,-1178600
1.00208906427128e-07,-1178500
1.00206618018049e-07,-1178400
1.00204255962638e-07,-1178300
1.00201819969323e-07,-1178200
1.00199309772693e-07,-1178100
1.00196725133559e-07,-1178000
1.00194065839006e-07,-1177900
1.00191331702434e-07,-1177800
1.00188522563592e-07,-1177700
1.00185638288595e-07,-1177600
1.00182678769941e-07,-1177500
1.00179643926507e-07,-1177400
1.00176533703543e-07,-1177300
1.00173348072655e-07,-1177200
1.00170087031771e-07,-1177100
1.00166750605114e-07,-1177000
1.00163338843139e-07,-1176900
1.00159851822489e-07,-1176800
1.00156289645924e-07,-1176700
1.00152652442238e-07,-1176600
1.00148940366184e-07,-1176500
1.00145153598372e-07,-1176400
1.00141292345161e-07,-1176300
1.00137356838559e-07,-1176200
1.00133347336085e-07,-1176100
1.00129264120647e-07,-1176000
1.00125107500397e-07,-1175900
1.00120877808587e-07,-1175800
1.00116575403403e-07,-1175700
1.00112200667806e-07,-1175600
1.00107754009358e-07,-1175500
1.00103235860027e-07,-1175400
1.00098646676014e-07,-1175300
1.00093986937536e-07,-1175200
1.00089257148632e-07,-1175100
1.00084457836939e-07,-1175000
1.00079589553478e-07,-1174900
1.00074652872416e-07,-1174800
1.0006964839083e-07,-1174700
1.00064576728465e-07,-1174600
1.00059438527482e-07,-1174500
1.00054234452196e-07,-1174400
1.00048965188812e-07,-1174300
1.00043631445153e-07,-1174200
1.00038233950379e-07,-1174100
1.00032773454704e-07,-1174000
1.00027250729106e-07,-1173900
1.00021666565021e-07,-1173800
1.00016021774051e-07,-1173700
1.00010317187647e-07,-1173600
1.00004553656793e-07,-1173500
9.99987320516941e-08,-1173400
9.9992853261441e-08,-1173300
9.99869181936864e-08,-1173200
9.99809277743042e-08,-1173100
9.99748829470525e-08,-1173000
9.99687846732282e-08,-1172900
9.99626339313159e-08,-1172800
9.99564317166326e-08,-1172700
9.99501790409742e-08,-1172600
9.99438769322495e-08,-1172500
9.99375264341163e-08,-1172400
9.99311286056111e-08,-1172300
9.99246845207788e-08,-1172200
9.99181952682908e-08,-1172100
9.99116619510726e-08,-1172000
9.99050856859165e-08,-1171900
9.98984676030987e-08,-1171800
9.98918088459924e-08,-1171700
9.98851105706746e-08,-1171600
9.98783739455379e-08,-1171500
9.98716001508934e-08,-1171400
9.9864790378573e-08,-1171300
9.98579458315353e-08,-1171200
9.98510677234614e-08,-1171100
9.98441572783543e-08,-1171000
9.98372157301402e-08,-1170900
9.98302443222611e-08,-1170800
9.98232443072676e-08,-1170700
9.98162169464201e-08,-1170600
9.98091635092764e-08,-1170500
9.98020852732888e-08,-1170400
9.97949835233934e-08,-1170300
9.97878595516072e-08,-1170200
9.9780714656616e-08,-1170100
9.97735501433697e-08,-1170000
9.97663673226736e-08,-1169900
9.97591675107867e-08,-1169800
9.97519520290076e-08,-1169700
9.97447222032759e-08,-1169600
9.97374793637618e-08,-1169500
9.97302248444663e-08,-1169400
9.97229599828196e-08,-1169300
9.97156861192769e-08,-1169200
9.97084045969164e-08,-1169100
9.97011167610483e-08,-1169000
9.96938239588082e-08,-1168900
9.96865275387706e-08,-1168800
9.96792288505529e-08,-1168700
9.96719292444188e-08,-1168600
9.9664630070897e-08,-1168500
9.96573326803926e-08,-1168400
9.96500384227956e-08,-1168300
9.96427486471079e-08,-1168200
9.96354647010602e-08,-1168100
9.96281879307334e-08,-1168000
9.96209196801883e-08,-1167900
9.96136612910897e-08,-1167800
9.96064141023434e-08,-1167700
9.95991794497272e-08,-1167600
9.95919586655308e-08,-1167500
9.95847530781973e-08,-1167400
9.95775640119673e-08,-1167300
9.95703927865286e-08,-1167200
9.95632407166638e-08,-1167100
9.95561091119094e-08,-1167000
9.95489992762187e-08,-1166900
9.95419125076148e-08,-1166800
9.95348500978639e-08,-1166700
9.95278133321452e-08,-1166600
9.95208034887246e-08,-1166500
9.95138218386336e-08,-1166400
9.9506869645352e-08,-1166300
9.9499948164495e-08,-1166200
9.94930586435071e-08,-1166100
9.94862023213493e-08,-1166000
9.94793804282077e-08,-1165900
9.94725941851953e-08,-1165800
9.94658448040594e-08,-1165700
9.94591334868933e-08,-1165600
9.9452461425856e-08,-1165500
9.94458298028974e-08,-1165400
9.94392397894769e-08,-1165300
9.94326925463077e-08,-1165200
9.94261892230766e-08,-1165100
9.94197309581966e-08,-1165000
9.94133188785521e-08,-1164900
9.94069540992439e-08,-1164800
9.94006377233463e-08,-1164700
9.93943708416688e-08,-1164600
9.93881545325173e-08,-1164500
9.93819898614675e-08,-1164400
9.93758778811394e-08,-1164300
9.9369819630971e-08,-1164200
9.93638161370066e-08,-1164100
9.93578684116868e-08,-1164000
9.93519774536405e-08,-1163900
9.93461442474829e-08,-1163800
9.93403697636177e-08,-1163700
9.93346549580527e-08,-1163600
9.93290007722047e-08,-1163500
9.93234081327226e-08,-1163400
9.93178779513065e-08,-1163300
9.93124111245402e-08,-1163200
9.93070085337218e-08,-1163100
9.93016710447017e-08,-1163000
9.92963995077209e-08,-1162900
9.92911947572659e-08,-1162800
9.92860576119147e-08,-1162700
9.92809888741943e-08,-1162600
9.92759893304458e-08,-1162500
9.92710597506863e-08,-1162400
9.92662008884823e-08,-1162300
9.9261413480822e-08,-1162200
9.92566982480028e-08,-1162100
9.92520558935073e-08,-1162000
9.92474871038981e-08,-1161900
9.92429925487114e-08,-1161800
9.92385728803535e-08,-1161700
9.92342287340086e-08,-1161600
9.92299607275381e-08,-1161500
9.92257694614009e-08,-1161400
9.92216555185669e-08,-1161300
9.92176194644371e-08,-1161200
9.9213661846768e-08,-1161100
9.92097831956031e-08,-1161000
9.92059840232087e-08,-1160900
9.92022648240066e-08,-1160800
9.91986260745193e-08,-1160700
9.91950682333188e-08,-1160600
9.9191591740972e-08,-1160500
9.91881970200028e-08,-1160400
9.91848844748412e-08,-1160300
9.91816544917934e-08,-1160200
9.91785074390092e-08,-1160100
9.91754436664469e-08,-1160000
9.91724635058524e-08,-1159900
9.91695672707365e-08,-1159800
9.9166755256358e-08,-1159700
9.9164027739709e-08,-1159600
9.91613849795055e-08,-1159500
9.91588272161802e-08,-1159400
9.91563546718799e-08,-1159300
9.915396755047e-08,-1159200
9.91516660375344e-08,-1159100
9.91494503003841e-08,-1159000
9.91473204880709e-08,-1158900
9.91452767314041e-08,-1158800
9.91433191429652e-08,-1158700
9.91414478171332e-08,-1158600
9.9139662830109e-08,-1158500
9.91379642399411e-08,-1158400
9.91363520865645e-08,-1158300
9.91348263918296e-08,-1158200
9.91333871595473e-08,-1158100
9.91320343755222e-08,-1158000
9.91307680076065e-08,-1157900
9.9129588005745e-08,-1157800
9.91284943020229e-08,-1157700
9.91274868107243e-08,-1157600
9.91265654283893e-08,-1157500
9.9125730033877e-08,-1157400
9.91249804884184e-08,-1157300
9.91243166356981e-08,-1157200
9.91237383019107e-08,-1157100
9.91232452958423e-08,-1157000
9.91228374089405e-08,-1156900
9.91225144153931e-08,-1156800
9.912227607221e-08,-1156700
9.91221221193089e-08,-1156600
9.9122052279596e-08,-1156500
9.9122066259064e-08,-1156400
9.91221637468739e-08,-1156300
9.91223444154611e-08,-1156200
9.91226079206193e-08,-1156100
9.9122953901615e-08,-1156000
9.91233819812794e-08,-1155900
9.91238917661217e-08,-1155800
9.91244828464277e-08,-1155700
9.91251547963821e-08,-1155600
9.91259071741735e-08,-1155500
9.91267395221111e-08,-1155400
9.91276513667477e-08,-1155300
9.91286422189955e-08,-1155200
9.9129711574253e-08,-1155100
9.913085891253e-08,-1155000
9.91320836985761e-08,-1154900
9.91333853820092e-08,-1154800
9.91347633974567e-08,-1154700
9.91362171646814e-08,-1154600
9.91377460887274e-08,-1154500
9.91393495600576e-08,-1154400
9.9141026954697e-08,-1154300
9.91427776343833e-08,-1154200
9.91446009467083e-08,-1154100
9.91464962252731e-08,-1154000
9.91484627898364e-08,-1153900
9.91504999464789e-08,-1153800
9.91526069877513e-08,-1153700
9.91547831928402e-08,-1153600
9.91570278277305e-08,-1153500
9.91593401453694e-08,-1153400
9.91617193858313e-08,-1153300
9.91641647764904e-08,-1153200
9.91666755321984e-08,-1153100
9.91692508554448e-08,-1153000
9.91718899365475e-08,-1152900
9.91745919538246e-08,-1152800
9.91773560737795e-08,-1152700
9.91801814512804e-08,-1152600
9.91830672297513e-08,-1152500
9.91860125413566e-08,-1152400
9.91890165071978e-08,-1152300
9.91920782374992e-08,-1152200
9.9195196831806e-08,-1152100
9.91983713791834e-08,-1152000
9.92016009584174e-08,-1151900
9.92048846382129e-08,-1151800
9.92082214774039e-08,-1151700
9.92116105251546e-08,-1151600
9.92150508211707e-08,-1151500
9.92185413959127e-08,-1151400
9.92220812708069e-08,-1151300
9.92256694584607e-08,-1151200
9.92293049628836e-08,-1151100
9.9232986779703e-08,-1151000
9.92367138963895e-08,-1150900
9.9240485292482e-08,-1150800
9.92442999398093e-08,-1150700
9.92481568027255e-08,-1150600
9.92520548383356e-08,-1150500
9.92559929967317e-08,-1150400
9.92599702212252e-08,-1150300
9.92639854485856e-08,-1150200
9.92680376092792e-08,-1150100
9.92721256277111e-08,-1150000
9.92762484224662e-08,-1149900
9.92804049065541e-08,-1149800
9.92845939876594e-08,-1149700
9.9288814568386e-08,-1149600
9.92930655465139e-08,-1149500
9.92973458152432e-08,-1149400
9.93016542634589e-08,-1149300
9.93059897759772e-08,-1149200
9.931035123381e-08,-1149100
9.93147375144211e-08,-1149000
9.93191474919945e-08,-1148900
9.93235800376822e-08,-1148800
9.93280340198856e-08,-1148700
9.93325083045167e-08,-1148600
9.93370017552569e-08,-1148500
9.93415132338384e-08,-1148400
9.93460416003082e-08,-1148300
9.93505857133014e-08,-1148200
9.93551444303166e-08,-1148100
9.93597166079888e-08,-1148000
9.93643011023632e-08,-1147900
9.93688967691772e-08,-1147800
9.93735024641355e-08,-1147700
9.93781170431891e-08,-1147600
9.93827393628211e-08,-1147500
9.93873682803193e-08,-1147400
9.93920026540664e-08,-1147300
9.93966413438155e-08,-1147200
9.94012832109849e-08,-1147100
9.94059271189304e-08,-1147000
9.94105719332419e-08,-1146900
9.94152165220186e-08,-1146800
9.94198597561629e-08,-1146700
9.9424500509669e-08,-1146600
9.94291376599003e-08,-1146500
9.94337700878838e-08,-1146400
9.9438396678599e-08,-1146300
9.94430163212657e-08,-1146200
9.94476279096229e-08,-1146100
9.94522303422312e-08,-1146000
9.94568225227471e-08,-1145900
9.9461403360219e-08,-1145800
9.94659717693726e-08,-1145700
9.94705266708983e-08,-1145600
9.94750669917342e-08,-1145500
9.94795916653567e-08,-1145400
9.94840996320631e-08,-1145300
9.94885898392573e-08,-1145200
9.9493061241734e-08,-1145100
9.94975128019596e-08,-1145000
9.95019434903589e-08,-1144900
9.95063522855891e-08,-1144800
9.95107381748266e-08,-1144700
9.95151001540399e-08,-1144600
9.95194372282687e-08,-1144500
9.9523748411901e-08,-1144400
9.95280327289419e-08,-1144300
9.95322892132949e-08,-1144200
9.95365169090247e-08,-1144100
9.95407148706238e-08,-1144000
9.95448821632877e-08,-1143900
9.95490178631752e-08,-1143800
9.95531210576667e-08,-1143700
9.95571908456291e-08,-1143600
9.95612263376741e-08,-1143500
9.95652266564084e-08,-1143400
9.95691909366874e-08,-1143300
9.95731183258689e-08,-1143200
9.95770079840551e-08,-1143100
9.95808590843354e-08,-1143000
9.95846708130357e-08,-1142900
9.95884423699428e-08,-1142800
9.95921729685514e-08,-1142700
9.95958618362857e-08,-1142600
9.95995082147314e-08,-1142500
9.96031113598565e-08,-1142400
9.96066705422338e-08,-1142300
9.96101850472581e-08,-1142200
9.96136541753517e-08,-1142100
9.96170772421816e-08,-1142000
9.96204535788542e-08,-1141900
9.96237825321269e-08,-1141800
9.96270634645911e-08,-1141700
9.96302957548673e-08,-1141600
9.9633478797798e-08,-1141500
9.96366120046195e-08,-1141400
9.96396948031459e-08,-1141300
9.96427266379374e-08,-1141200
9.96457069704692e-08,-1141100
9.96486352792928e-08,-1141000
9.96515110601911e-08,-1140900
9.96543338263365e-08,-1140800
9.96571031084281e-08,-1140700
9.96598184548393e-08,-1140600
9.96624794317485e-08,-1140500
9.96650856232726e-08,-1140400
9.96676366315892e-08,-1140300
9.96701320770528e-08,-1140200
9.96725715983141e-08,-1140100
9.96749548524144e-08,-1140000
9.96772815148962e-08,-1139900
9.96795512798932e-08,-1139800
9.96817638602198e-08,-1139700
9.96839189874498e-08,-1139600
9.96860164119943e-08,-1139500
9.96880559031691e-08,-1139400
9.96900372492586e-08,-1139300
9.969196025757e-08,-1139200
9.96938247544837e-08,-1139100
9.96956305854957e-08,-1139000
9.96973776152544e-08,-1138900
9.96990657275836e-08,-1138800
9.97006948255144e-08,-1138700
9.97022648312932e-08,-1138600
9.97037756863949e-08,-1138500
9.97052273515198e-08,-1138400
9.97066198065906e-08,-1138300
9.97079530507391e-08,-1138200
9.97092271022879e-08,-1138100
9.97104419987213e-08,-1138000
9.97115977966534e-08,-1137900
9.97126945717846e-08,-1137800
9.97137324188577e-08,-1137700
9.97147114515955e-08,-1137600
9.97156318026443e-08,-1137500
9.97164936235009e-08,-1137400
9.97172970844359e-08,-1137300
9.97180423744096e-08,-1137200
9.971872970098e-08,-1137100
9.9719359290204e-08,-1137000
9.97199313865289e-08,-1136900
9.97204462526866e-08,-1136800
9.97209041695599e-08,-1136700
9.97213054360689e-08,-1136600
9.9721650369024e-08,-1136500
9.97219393029932e-08,-1136400
9.97221725901456e-08,-1136300
9.97223506000971e-08,-1136200
9.97224737197515e-08,-1136100
9.97225423531234e-08,-1136000
9.97225569211622e-08,-1135900
9.97225178615711e-08,-1135800
9.97224256286129e-08,-1135700
9.972228069291e-08,-1135600
9.97220835412475e-08,-1135500
9.9721834676348e-08,-1135400
9.97215346166665e-08,-1135300
9.97211838961576e-08,-1135200
9.97207830640475e-08,-1135100
9.97203326845943e-08,-1135000
9.97198333368421e-08,-1134900
9.97192856143767e-08,-1134800
9.9718690125062e-08,-1134700
9.971804749078e-08,-1134600
9.9717358347163e-08,-1134500
9.97166233433143e-08,-1134400
9.97158431415339e-08,-1134300
9.97150184170285e-08,-1134200
9.97141498576172e-08,-1134100
9.97132381634398e-08,-1134000
9.97122840466491e-08,-1133900
9.97112882311053e-08,-1133800
9.97102514520608e-08,-1133700
9.97091744558421e-08,-1133600
9.97080579995308e-08,-1133500
9.97069028506277e-08,-1133400
9.9705709786727e-08,-1133300
9.97044795951766e-08,-1133200
9.9703213072735e-08,-1133100
9.97019110252283e-08,-1133000
9.97005742671985e-08,-1132900
9.96992036215514e-08,-1132800
9.96977999191962e-08,-1132700
9.96963639986873e-08,-1132600
9.96948967058565e-08,-1132500
9.96933988934488e-08,-1132400
9.96918714207488e-08,-1132300
9.9690315153204e-08,-1132200
9.96887309620544e-08,-1132100
9.96871197239452e-08,-1132000
9.96854823205519e-08,-1131900
9.96838196381903e-08,-1131800
9.9682132567431e-08,-1131700
9.96804220027118e-08,-1131600
9.96786888419486e-08,-1131500
9.96769339861362e-08,-1131400
9.96751583389645e-08,-1131300
9.96733628064195e-08,-1131200
9.96715482963821e-08,-1131100
9.96697157182383e-08,-1131000
9.96678659824795e-08,-1130900
9.96660000003043e-08,-1130800
9.96641186832165e-08,-1130700
9.96622229426342e-08,-1130600
9.966031368948e-08,-1130500
9.96583918337965e-08,-1130400
9.96564582843352e-08,-1130300
9.9654513948166e-08,-1130200
9.96525597302787e-08,-1130100
9.96505965331902e-08,-1130000
9.96486252565446e-08,-1129900
9.96466467967237e-08,-1129800
9.96446620464539e-08,-1129700
9.96426718944169e-08,-1129600
9.96406772248627e-08,-1129500
9.96386789172215e-08,-1129400
9.96366778457237e-08,-1129300
9.96346748790125e-08,-1129200
9.96326708797725e-08,-1129100
9.96306667043498e-08,-1129000
9.96286632023804e-08,-1128900
9.96266612164256e-08,-1128800
9.96246615815971e-08,-1128700
9.9622665125201e-08,-1128600
9.96206726663807e-08,-1128500
9.96186850157581e-08,-1128400
9.96167029750854e-08,-1128300
9.96147273369015e-08,-1128200
9.96127588841857e-08,-1128100
9.96107983900261e-08,-1128000
9.96088466172833e-08,-1127900
9.96069043182676e-08,-1127800
9.96049722344129e-08,-1127700
9.96030510959651e-08,-1127600
9.96011416216706e-08,-1127500
9.95992445184685e-08,-1127400
9.95973604811931e-08,-1127300
9.95954901922799e-08,-1127200
9.95936343214823e-08,-1127100
9.95917935255841e-08,-1127000
9.95899684481323e-08,-1126900
9.95881597191654e-08,-1126800
9.9586367954952e-08,-1126700
9.95845937577424e-08,-1126600
9.95828377155126e-08,-1126500
9.95811004017313e-08,-1126400
9.95793823751289e-08,-1126300
9.95776841794614e-08,-1126200
9.95760063433066e-08,-1126100
9.95743493798456e-08,-1126000
9.95727137866623e-08,-1125900
9.95711000455497e-08,-1125800
9.9569508622322e-08,-1125700
9.9567939966641e-08,-1125600
9.9566394511839e-08,-1125500
9.95648726747592e-08,-1125400
9.95633748556083e-08,-1125300
9.95619014378007e-08,-1125200
9.95604527878327e-08,-1125100
9.95590292551432e-08,-1125000
9.95576311720073e-08,-1124900
9.95562588534128e-08,-1124800
9.95549125969706e-08,-1124700
9.95535926828093e-08,-1124600
9.9552299373502e-08,-1124500
9.95510329139838e-08,-1124400
9.95497935314958e-08,-1124300
9.95485814355089e-08,-1124200
9.95473968177015e-08,-1124100
9.95462398518955e-08,-1124000
9.95451106940497e-08,-1123900
9.95440094822183e-08,-1123800
9.95429363365547e-08,-1123700
9.95418913593043e-08,-1123600
9.95408746348094e-08,-1123500
9.95398862295286e-08,-1123400
9.95389261920635e-08,-1123300
9.95379945531855e-08,-1123200
9.95370913258914e-08,-1123100
9.95362165054466e-08,-1123000
9.95353700694537e-08,-1122900
9.95345519779177e-08,-1122800
9.95337621733331e-08,-1122700
9.95330005807696e-08,-1122600
9.9532267107968e-08,-1122500
9.95315616454546e-08,-1122400
9.95308840666492e-08,-1122300
9.95302342279986e-08,-1122200
9.95296119691019e-08,-1122100
9.952901711286e-08,-1122000
9.95284494656233e-08,-1121900
9.95279088173508e-08,-1121800
9.95273949417838e-08,-1121700
9.95269075966135e-08,-1121600
9.95264465236765e-08,-1121500
9.95260114491373e-08,-1121400
9.95256020836992e-08,-1121300
9.95252181228069e-08,-1121200
9.95248592468672e-08,-1121100
9.95245251214719e-08,-1121000
9.95242153976342e-08,-1120900
9.95239297120225e-08,-1120800
9.95236676872151e-08,-1120700
9.95234289319501e-08,-1120600
9.9523213041391e-08,-1120500
9.9523019597392e-08,-1120400
9.95228481687796e-08,-1120300
9.95226983116319e-08,-1120200
9.95225695695635e-08,-1120100
9.9522461474033e-08,-1120000
9.95223735446346e-08,-1119900
9.95223052894094e-08,-1119800
9.95222562051631e-08,-1119700
9.95222257777821e-08,-1119600
9.95222134825609e-08,-1119500
9.95222187845317e-08,-1119400
9.95222411388021e-08,-1119300
9.95222799908988e-08,-1119200
9.95223347771089e-08,-1119100
9.95224049248343e-08,-1119000
9.95224898529477e-08,-1118900
9.95225889721536e-08,-1118800
9.95227016853461e-08,-1118700
9.95228273879871e-08,-1118600
9.95229654684706e-08,-1118500
9.95231153085009e-08,-1118400
9.95232762834725e-08,-1118300
9.95234477628515e-08,-1118200
9.95236291105587e-08,-1118100
9.95238196853613e-08,-1118000
9.952401884126e-08,-1117900
9.95242259278827e-08,-1117800
9.95244402908827e-08,-1117700
9.952466127233e-08,-1117600
9.95248882111123e-08,-1117500
9.95251204433359e-08,-1117400
9.95253573027277e-08,-1117300
9.9525598121035e-08,-1117200
9.95258422284291e-08,-1117100
9.95260889539122e-08,-1117000
9.95263376257168e-08,-1116900
9.95265875717163e-08,-1116800
9.95268381198242e-08,-1116700
9.95270885983999e-08,-1116600
9.95273383366527e-08,-1116500
9.95275866650476e-08,-1116400
9.95278329157e-08,-1116300
9.95280764227863e-08,-1116200
9.9528316522937e-08,-1116100
9.95285525556364e-08,-1116000
9.95287838636222e-08,-1115900
9.95290097932735e-08,-1115800
9.95292296950112e-08,-1115700
9.95294429236805e-08,-1115600
9.95296488389428e-08,-1115500
9.95298468056586e-08,-1115400
9.95300361942714e-08,-1115300
9.95302163811794e-08,-1115200
9.95303867491203e-08,-1115100
9.95305466875318e-08,-1115000
9.95306955929288e-08,-1114900
9.95308328692582e-08,-1114800
9.95309579282654e-08,-1114700
9.95310701898425e-08,-1114600
9.95311690823837e-08,-1114500
9.95312540431269e-08,-1114400
9.95313245184968e-08,-1114300
9.95313799644372e-08,-1114200
9.95314198467461e-08,-1114100
9.95314436413896e-08,-1114000
9.95314508348337e-08,-1113900
9.95314409243467e-08,-1113800
9.953141341831e-08,-1113700
9.95313678365205e-08,-1113600
9.9531303710479e-08,-1113500
9.95312205836827e-08,-1113400
9.95311180119055e-08,-1113300
9.95309955634698e-08,-1113200
9.9530852819517e-08,-1113100
9.953068937426e-08,-1113000
9.95305048352501e-08,-1112900
9.95302988236061e-08,-1112800
9.95300709742649e-08,-1112700
9.95298209362019e-08,-1112600
9.95295483726634e-08,-1112500
9.95292529613708e-08,-1112400
9.95289343947342e-08,-1112300
9.9528592380051e-08,-1112200
9.95282266396907e-08,-1112100
9.9527836911281e-08,-1112000
9.95274229478806e-08,-1111900
9.95269845181461e-08,-1111800
9.95265214064823e-08,-1111700
9.9526033413195e-08,-1111600
9.95255203546309e-08,-1111500
9.95249820633055e-08,-1111400
9.95244183880238e-08,-1111300
9.95238291939923e-08,-1111200
9.95232143629247e-08,-1111100
9.95225737931359e-08,-1111000
9.95219073996249e-08,-1110900
9.95212151141544e-08,-1110800
9.95204968853116e-08,-1110700
9.95197526785734e-08,-1110600
9.95189824763496e-08,-1110500
9.95181862780222e-08,-1110400
9.951736409998e-08,-1110300
9.95165159756304e-08,-1110200
9.95156419554199e-08,-1110100
9.95147421068299e-08,-1110000
9.95138165143716e-08,-1109900
9.95128652795689e-08,-1109800
9.95118885209324e-08,-1109700
9.95108863739224e-08,-1109600
9.95098589909082e-08,-1109500
9.95088065411115e-08,-1109400
9.95077292105435e-08,-1109300
9.9506627201933e-08,-1109200
9.95055007346468e-08,-1109100
9.9504350044595e-08,-1109000
9.95031753841393e-08,-1108900
9.95019770219779e-08,-1108800
9.95007552430292e-08,-1108700
9.94995103483109e-08,-1108600
9.94982426547983e-08,-1108500
9.94969524952865e-08,-1108400
9.94956402182366e-08,-1108300
9.94943061876123e-08,-1108200
9.94929507827143e-08,-1108100
9.94915743980059e-08,-1108000
9.94901774429172e-08,-1107900
9.94887603416652e-08,-1107800
9.94873235330392e-08,-1107700
9.94858674702008e-08,-1107600
9.94843926204599e-08,-1107500
9.94828994650556e-08,-1107400
9.94813884989193e-08,-1107300
9.94798602304353e-08,-1107200
9.94783151811953e-08,-1107100
9.94767538857403e-08,-1107000
9.94751768913045e-08,-1106900
9.94735847575441e-08,-1106800
9.94719780562605e-08,-1106700
9.94703573711188e-08,-1106600
9.94687232973645e-08,-1106500
9.94670764415218e-08,-1106400
9.94654174211018e-08,-1106300
9.94637468642869e-08,-1106200
9.94620654096243e-08,-1106100
9.94603737057045e-08,-1106000
9.9458672410842e-08,-1105900
9.94569621927452e-08,-1105800
9.94552437281797e-08,-1105700
9.94535177026321e-08,-1105600
9.9451784809968e-08,-1105500
9.94500457520823e-08,-1105400
9.94483012385418e-08,-1105300
9.94465519862408e-08,-1105200
9.94447987190274e-08,-1105100
9.94430421673504e-08,-1105000
9.94412830678799e-08,-1104900
9.94395221631456e-08,-1104800
9.94377602011571e-08,-1104700
9.94359979350269e-08,-1104600
9.94342361225913e-08,-1104500
9.94324755260268e-08,-1104400
9.94307169114606e-08,-1104300
9.94289610485882e-08,-1104200
9.94272087102813e-08,-1104100
9.94254606721946e-08,-1104000
9.94237177123751e-08,-1103900
9.94219806108661e-08,-1103800
9.94202501493086e-08,-1103700
9.94185271105486e-08,-1103600
9.94168122782386e-08,-1103500
9.94151064364357e-08,-1103400
9.94134103692071e-08,-1103300
9.94117248602261e-08,-1103200
9.94100506923793e-08,-1103100
9.94083886473614e-08,-1103000
9.94067395052834e-08,-1102900
9.94051040442683e-08,-1102800
9.94034830400598e-08,-1102700
9.94018772656227e-08,-1102600
9.940028749075e-08,-1102500
9.93987144816677e-08,-1102400
9.93971590006484e-08,-1102300
9.93956218056146e-08,-1102200
9.93941036497551e-08,-1102100
9.939260528114e-08,-1102000
9.93911274423352e-08,-1101900
9.93896708700234e-08,-1101800
9.93882362946273e-08,-1101700
9.93868244399302e-08,-1101600
9.93854360227134e-08,-1101500
9.93840717523783e-08,-1101400
9.93827323305868e-08,-1101300
9.93814184509016e-08,-1101200
9.93801307984277e-08,-1101100
9.93788700494541e-08,-1101000
9.9377636871118e-08,-1100900
9.93764319210452e-08,-1100800
9.93752558470237e-08,-1100700
9.93741092866591e-08,-1100600
9.93729928670492e-08,-1100500
9.93719072044588e-08,-1100400
9.93708529040009e-08,-1100300
9.93698305593167e-08,-1100200
9.93688407522754e-08,-1100100
9.93678840526633e-08,-1100000
9.93669610178915e-08,-1099900
9.93660721927029e-08,-1099800
9.93652181088845e-08,-1099700
9.93643992849932e-08,-1099600
9.93636162260792e-08,-1099500
9.93628694234231e-08,-1099400
9.9362159354272e-08,-1099300
9.93614864815887e-08,-1099200
9.93608512538073e-08,-1099100
9.93602541045959e-08,-1099000
9.93596954526149e-08,-1098900
9.93591757013059e-08,-1098800
9.93586952386631e-08,-1098700
9.93582544370293e-08,-1098600
9.93578536528886e-08,-1098500
9.93574932266779e-08,-1098400
9.93571734825923e-08,-1098300
9.93568947284104e-08,-1098200
9.93566572553194e-08,-1098100
9.93564613377517e-08,-1098000
9.93563072332318e-08,-1097900
9.93561951822209e-08,-1097800
9.93561254079837e-08,-1097700
9.93560981164572e-08,-1097600
9.93561134961163e-08,-1097500
9.93561717178719e-08,-1097400
9.93562729349552e-08,-1097300
9.93564172828202e-08,-1097200
9.93566048790547e-08,-1097100
9.93568358232945e-08,-1097000
9.93571101971549e-08,-1096900
9.93574280641579e-08,-1096800
9.93577894696836e-08,-1096700
9.93581944409127e-08,-1096600
9.93586429867946e-08,-1096500
9.93591350980094e-08,-1096400
9.93596707469473e-08,-1096300
9.93602498876922e-08,-1096200
9.93608724560194e-08,-1096100
9.93615383693923e-08,-1096000
9.93622475269769e-08,-1095900
9.93629998096565e-08,-1095800
9.93637950800657e-08,-1095700
9.93646331826183e-08,-1095600
9.93655139435556e-08,-1095500
9.93664371709999e-08,-1095400
9.93674026550123e-08,-1095300
9.93684101676603e-08,-1095200
9.9369459463097e-08,-1095100
9.9370550277648e-08,-1095000
9.93716823298993e-08,-1094900
9.93728553208025e-08,-1094800
9.9374068933782e-08,-1094700
9.93753228348518e-08,-1094600
9.93766166727402e-08,-1094500
9.93779500790239e-08,-1094400
9.93793226682643e-08,-1094300
9.93807340381594e-08,-1094200
9.93821837696947e-08,-1094100
9.93836714273106e-08,-1094000
9.93851965590667e-08,-1093900
9.93867586968246e-08,-1093800
9.93883573564255e-08,-1093700
9.93899920378873e-08,-1093600
9.93916622255983e-08,-1093500
9.9393367388528e-08,-1093400
9.93951069804304e-08,-1093300
9.93968804400704e-08,-1093200
9.93986871914432e-08,-1093100
9.94005266440068e-08,-1093000
9.94023981929213e-08,-1092900
9.94043012192909e-08,-1092800
9.9406235090412e-08,-1092700
9.94081991600324e-08,-1092600
9.94101927686097e-08,-1092500
9.9412215243579e-08,-1092400
9.94142658996246e-08,-1092300
9.94163440389579e-08,-1092200
9.94184489516034e-08,-1092100
9.94205799156812e-08,-1092000
9.94227361977052e-08,-1091900
9.94249170528776e-08,-1091800
9.94271217253948e-08,-1091700
9.94293494487492e-08,-1091600
9.94315994460468e-08,-1091500
9.94338709303176e-08,-1091400
9.94361631048409e-08,-1091300
9.94384751634616e-08,-1091200
9.94408062909274e-08,-1091100
9.94431556632095e-08,-1091000
9.94455224478435e-08,-1090900
9.94479058042692e-08,-1090800
9.94503048841649e-08,-1090700
9.94527188317985e-08,-1090600
9.94551467843685e-08,-1090500
9.94575878723578e-08,-1090400
9.94600412198851e-08,-1090300
9.94625059450597e-08,-1090200
9.94649811603342e-08,-1090100
9.94674659728727e-08,-1090000
9.94699594849006e-08,-1089900
9.9472460794077e-08,-1089800
9.947496899385e-08,-1089700
9.94774831738313e-08,-1089600
9.94800024201547e-08,-1089500
9.94825258158504e-08,-1089400
9.94850524412105e-08,-1089300
9.94875813741578e-08,-1089200
9.94901116906215e-08,-1089100
9.9492642464902e-08,-1089000
9.9495172770045e-08,-1088900
9.94977016782145e-08,-1088800
9.95002282610576e-08,-1088700
9.9502751590085e-08,-1088600
9.9505270737031e-08,-1088500
9.95077847742374e-08,-1088400
9.95102927750069e-08,-1088300
9.95127938139887e-08,-1088200
9.95152869675329e-08,-1088100
9.95177713140661e-08,-1088000
9.9520245934454e-08,-1087900
9.95227099123625e-08,-1087800
9.95251623346293e-08,-1087700
9.95276022916201e-08,-1087600
9.95300288775824e-08,-1087500
9.95324411910127e-08,-1087400
9.95348383350076e-08,-1087300
9.95372194176149e-08,-1087200
9.95395835521886e-08,-1087100
9.95419298577333e-08,-1087000
9.95442574592518e-08,-1086900
9.95465654880885e-08,-1086800
9.95488530822677e-08,-1086700
9.95511193868333e-08,-1086600
9.95533635541766e-08,-1086500
9.95555847443751e-08,-1086400
9.9557782125512e-08,-1086300
9.95599548740052e-08,-1086200
9.9562102174922e-08,-1086100
9.95642232223017e-08,-1086000
9.95663172194627e-08,-1085900
9.95683833793093e-08,-1085800
9.95704209246421e-08,-1085700
9.95724290884539e-08,-1085600
9.95744071142242e-08,-1085500
9.95763542562141e-08,-1085400
9.95782697797462e-08,-1085300
9.95801529614957e-08,-1085200
9.95820030897614e-08,-1085100
9.95838194647382e-08,-1085000
9.9585601398786e-08,-1084900
9.95873482166915e-08,-1084800
9.95890592559275e-08,-1084700
9.95907338669033e-08,-1084600
9.95923714132095e-08,-1084500
9.95939712718633e-08,-1084400
9.95955328335428e-08,-1084300
9.95970555028167e-08,-1084200
9.95985386983715e-08,-1084100
9.95999818532278e-08,-1084000
9.96013844149581e-08,-1083900
9.96027458458907e-08,-1083800
9.96040656233129e-08,-1083700
9.96053432396679e-08,-1083600
9.96065782027435e-08,-1083500
9.96077700358578e-08,-1083400
9.96089182780357e-08,-1083300
9.96100224841821e-08,-1083200
9.96110822252441e-08,-1083100
9.96120970883788e-08,-1083000
9.96130666770942e-08,-1082900
9.96139906114069e-08,-1082800
9.96148685279769e-08,-1082700
9.96157000802438e-08,-1082600
9.96164849385542e-08,-1082500
9.96172227902802e-08,-1082400
9.96179133399405e-08,-1082300
9.96185563093024e-08,-1082200
9.96191514374885e-08,-1082100
9.96196984810658e-08,-1082000
9.96201972141407e-08,-1081900
9.9620647428441e-08,-1081800
9.96210489333837e-08,-1081700
9.96214015561533e-08,-1081600
9.96217051417565e-08,-1081500
9.96219595530857e-08,-1081400
9.96221646709607e-08,-1081300
9.96223203941762e-08,-1081200
9.96224266395345e-08,-1081100
9.96224833418765e-08,-1081000
9.9622490454103e-08,-1080900
9.96224479471944e-08,-1080800
9.96223558102128e-08,-1080700
9.96222140503139e-08,-1080600
9.96220226927349e-08,-1080500
9.96217817807913e-08,-1080400
9.96214913758558e-08,-1080300
9.96211515573349e-08,-1080200
9.96207624226414e-08,-1080100
9.96203240871597e-08,-1080000
9.96198366841958e-08,-1079900
9.9619300364937e-08,-1079800
9.96187152983909e-08,-1079700
9.96180816713268e-08,-1079600
9.96173996882045e-08,-1079500
9.96166695711026e-08,-1079400
9.96158915596372e-08,-1079300
9.9615065910875e-08,-1079200
9.96141928992404e-08,-1079100
9.96132728164171e-08,-1079000
9.96123059712432e-08,-1078900
9.96112926895983e-08,-1078800
9.96102333142898e-08,-1078700
9.96091282049261e-08,-1078600
9.96079777377933e-08,-1078500
9.96067823057145e-08,-1078400
9.9605542317914e-08,-1078300
9.9604258199873e-08,-1078200
9.96029303931694e-08,-1078100
9.96015593553317e-08,-1078000
9.96001455596693e-08,-1077900
9.95986894951099e-08,-1077800
9.9597191666017e-08,-1077700
9.95956525920233e-08,-1077600
9.959407280784e-08,-1077500
9.95924528630657e-08,-1077400
9.95907933220001e-08,-1077300
9.95890947634396e-08,-1077200
9.95873577804707e-08,-1077100
9.95855829802706e-08,-1077000
9.95837709838854e-08,-1076900
9.9581922426013e-08,-1076800
9.95800379547816e-08,-1076700
9.95781182315277e-08,-1076600
9.95761639305527e-08,-1076500
9.95741757388953e-08,-1076400
9.95721543560888e-08,-1076300
9.95701004939149e-08,-1076200
9.95680148761595e-08,-1076100
9.9565898238351e-08,-1076000
9.95637513275135e-08,-1075900
9.95615749018986e-08,-1075800
9.95593697307257e-08,-1075700
9.95571365939119e-08,-1075600
9.95548762817983e-08,-1075500
9.95525895948789e-08,-1075400
9.95502773435189e-08,-1075300
9.95479403476743e-08,-1075200
9.95455794366051e-08,-1075100
9.95431954485925e-08,-1075000
9.9540789230637e-08,-1074900
9.95383616381747e-08,-1074800
9.95359135347767e-08,-1074700
9.9533445791846e-08,-1074600
9.95309592883189e-08,-1074500
9.95284549103608e-08,-1074400
9.95259335510548e-08,-1074300
9.95233961100958e-08,-1074200
9.95208434934769e-08,-1074100
9.95182766131752e-08,-1074000
9.9515696386837e-08,-1073900
9.9513103737457e-08,-1073800
9.95104995930653e-08,-1073700
9.9507884886392e-08,-1073600
9.95052605545636e-08,-1073500
9.9502627538759e-08,-1073400
9.94999867838972e-08,-1073300
9.94973392383036e-08,-1073200
9.94946858533816e-08,-1073100
9.94920275832842e-08,-1073000
9.94893653845841e-08,-1072900
9.94867002159386e-08,-1072800
9.94840330377626e-08,-1072700
9.94813648118906e-08,-1072600
9.9478696501246e-08,-1072500
9.94760290695049e-08,-1072400
9.94733634807642e-08,-1072300
9.94707006992049e-08,-1072200
9.94680416887581e-08,-1072100
9.94653874127681e-08,-1072000
9.94627388336625e-08,-1071900
9.94600969126122e-08,-1071800
9.94574626092002e-08,-1071700
9.94548368810858e-08,-1071600
9.94522206836707e-08,-1071500
9.94496149697733e-08,-1071400
9.94470206892812e-08,-1071300
9.94444387888367e-08,-1071200
9.94418702114968e-08,-1071100
9.9439315896401e-08,-1071000
9.94367767784562e-08,-1070900
9.94342537879937e-08,-1070800
9.94317478504529e-08,-1070700
9.94292598860569e-08,-1070600
9.94267908094817e-08,-1070500
9.94243415295489e-08,-1070400
9.94219129488925e-08,-1070300
9.9419505963649e-08,-1070200
9.94171214631381e-08,-1070100
9.94147603295526e-08,-1070000
9.9412423437646e-08,-1069900
9.94101116544216e-08,-1069800
9.94078258388261e-08,-1069700
9.94055668414467e-08,-1069600
9.94033355042094e-08,-1069500
9.94011326600787e-08,-1069400
9.93989591327602e-08,-1069300
9.93968157364123e-08,-1069200
9.93947032753478e-08,-1069100
9.93926225437539e-08,-1069000
9.93905743254021e-08,-1068900
9.93885593933743e-08,-1068800
9.93865785097757e-08,-1068700
9.93846324254699e-08,-1068600
9.9382721879799e-08,-1068500
9.93808476003249e-08,-1068400
9.9379010302562e-08,-1068300
9.93772106897151e-08,-1068200
9.93754494524305e-08,-1068100
9.93737272685362e-08,-1068000
9.93720448028024e-08,-1067900
9.93704027066908e-08,-1067800
9.936880161812e-08,-1067700
9.93672421612298e-08,-1067600
9.93657249461483e-08,-1067500
9.93642505687717e-08,-1067400
9.93628196105348e-08,-1067300
9.93614326382006e-08,-1067200
9.93600902036468e-08,-1067100
9.93587928436566e-08,-1067000
9.93575410797218e-08,-1066900
9.93563354178375e-08,-1066800
9.93551763483167e-08,-1066700
9.93540643456016e-08,-1066600
9.93529998680787e-08,-1066500
9.93519833579077e-08,-1066400
9.93510152408452e-08,-1066300
9.93500959260822e-08,-1066200
9.9349225806081e-08,-1066100
9.93484052564232e-08,-1066000
9.93476346356607e-08,-1065900
9.93469142851668e-08,-1065800
9.93462445290073e-08,-1065700
9.93456256737995e-08,-1065600
9.93450580085956e-08,-1065500
9.93445418047507e-08,-1065400
9.934407731582e-08,-1065300
9.93436647774463e-08,-1065200
9.93433044072534e-08,-1065100
9.93429964047582e-08,-1065000
9.93427409512734e-08,-1064900
9.93425382098294e-08,-1064800
9.93423883250939e-08,-1064700
9.93422914233024e-08,-1064600
9.93422476121922e-08,-1064500
9.9342256980945e-08,-1064400
9.93423196001326e-08,-1064300
9.93424355216776e-08,-1064200
9.93426047788059e-08,-1064100
9.93428273860211e-08,-1064000
9.93431033390753e-08,-1063900
9.93434326149506e-08,-1063800
9.93438151718443e-08,-1063700
9.93442509491688e-08,-1063600
9.93447398675425e-08,-1063500
9.93452818288068e-08,-1063400
9.93458767160341e-08,-1063300
9.93465243935468e-08,-1063200
9.93472247069505e-08,-1063100
9.93479774831639e-08,-1063000
9.93487825304592e-08,-1062900
9.93496396385129e-08,-1062800
9.93505485784528e-08,-1062700
9.93515091029263e-08,-1062600
9.93525209461648e-08,-1062500
9.9353583824056e-08,-1062400
9.93546974342293e-08,-1062300
9.93558614561383e-08,-1062200
9.93570755511568e-08,-1062100
9.93583393626845e-08,-1062000
9.93596525162468e-08,-1061900
9.93610146196116e-08,-1061800
9.93624252629157e-08,-1061700
9.93638840187839e-08,-1061600
9.93653904424653e-08,-1061500
9.93669440719818e-08,-1061400
9.93685444282607e-08,-1061300
9.93701910153013e-08,-1061200
9.93718833203258e-08,-1061100
9.93736208139522e-08,-1061000
9.93754029503623e-08,-1060900
9.93772291674802e-08,-1060800
9.9379098887163e-08,-1060700
9.9381011515385e-08,-1060600
9.93829664424407e-08,-1060500
9.93849630431488e-08,-1060400
9.93870006770532e-08,-1060300
9.93890786886497e-08,-1060200
9.93911964076004e-08,-1060100
9.93933531489653e-08,-1060000
9.93955482134327e-08,-1059900
9.93977808875566e-08,-1059800
9.94000504440087e-08,-1059700
9.94023561418175e-08,-1059600
9.94046972266345e-08,-1059500
9.94070729309865e-08,-1059400
9.94094824745491e-08,-1059300
9.94119250644134e-08,-1059200
9.94143998953644e-08,-1059100
9.94169061501619e-08,-1059000
9.94194429998322e-08,-1058900
9.94220096039472e-08,-1058800
9.94246051109389e-08,-1058700
9.94272286583832e-08,-1058600
9.94298793733181e-08,-1058500
9.94325563725457e-08,-1058400
9.94352587629513e-08,-1058300
9.94379856418216e-08,-1058200
9.94407360971649e-08,-1058100
9.94435092080427e-08,-1058000
9.94463040448945e-08,-1057900
9.94491196698809e-08,-1057800
9.94519551372107e-08,-1057700
9.94548094934949e-08,-1057600
9.94576817780831e-08,-1057500
9.9460571023419e-08,-1057400
9.94634762553839e-08,-1057300
9.94663964936624e-08,-1057200
9.9469330752091e-08,-1057100
9.94722780390229e-08,-1057000
9.94752373576934e-08,-1056900
9.94782077065799e-08,-1056800
9.94811880797783e-08,-1056700
9.94841774673645e-08,-1056600
9.94871748557763e-08,-1056500
9.94901792281783e-08,-1056400
9.94931895648502e-08,-1056300
9.94962048435524e-08,-1056200
9.94992240399157e-08,-1056100
9.95022461278159e-08,-1056000
9.95052700797626e-08,-1055900
9.95082948672753e-08,-1055800
9.95113194612713e-08,-1055700
9.95143428324554e-08,-1055600
9.95173639516955e-08,-1055500
9.95203817904221e-08,-1055400
9.95233953209991e-08,-1055300
9.95264035171266e-08,-1055200
9.9529405354216e-08,-1055100
9.95323998097837e-08,-1055000
9.95353858638334e-08,-1054900
9.95383624992447e-08,-1054800
9.95413287021566e-08,-1054700
9.95442834623534e-08,-1054600
9.95472257736465e-08,-1054500
9.95501546342618e-08,-1054400
9.95530690472128e-08,-1054300
9.95559680206898e-08,-1054200
9.95588505684303e-08,-1054100
9.95617157101008e-08,-1054000
9.95645624716668e-08,-1053900
9.95673898857735e-08,-1053800
9.95701969921071e-08,-1053700
9.95729828377691e-08,-1053600
9.95757464776372e-08,-1053500
9.95784869747346e-08,-1053400
9.95812034005811e-08,-1053300
9.95838948355602e-08,-1053200
9.95865603692634e-08,-1053100
9.95891991008506e-08,-1053000
9.95918101393887e-08,-1052900
9.95943926041986e-08,-1052800
9.95969456251941e-08,-1052700
9.95994683432229e-08,-1052600
9.96019599103895e-08,-1052500
9.9604419490387e-08,-1052400
9.96068462588242e-08,-1052300
9.96092394035387e-08,-1052200
9.96115981249121e-08,-1052100
9.96139216361794e-08,-1052000
9.96162091637373e-08,-1051900
9.96184599474357e-08,-1051800
9.96206732408796e-08,-1051700
9.96228483117112e-08,-1051600
9.96249844418976e-08,-1051500
9.96270809280058e-08,-1051400
9.96291370814768e-08,-1051300
9.96311522288869e-08,-1051200
9.96331257122149e-08,-1051100
9.96350568890891e-08,-1051000
9.96369451330382e-08,-1050900
9.96387898337302e-08,-1050800
9.96405903972123e-08,-1050700
9.96423462461322e-08,-1050600
9.96440568199626e-08,-1050500
9.96457215752184e-08,-1050400
9.96473399856574e-08,-1050300
9.96489115424892e-08,-1050200
9.9650435754563e-08,-1050100
9.96519121485566e-08,-1050000
9.9653340269153e-08,-1049900
9.96547196792155e-08,-1049800
9.96560499599463e-08,-1049700
9.96573307110504e-08,-1049600
9.96585615508781e-08,-1049500
9.96597421165683e-08,-1049400
9.96608720641834e-08,-1049300
9.96619510688325e-08,-1049200
9.966297882479e-08,-1049100
9.9663955045603e-08,-1049000
9.96648794641983e-08,-1048900
9.96657518329697e-08,-1048800
9.96665719238633e-08,-1048700
9.96673395284612e-08,-1048600
9.9668054458042e-08,-1048500
9.96687165436448e-08,-1048400
9.96693256361197e-08,-1048300
9.96698816061752e-08,-1048200
9.96703843444067e-08,-1048100
9.96708337613317e-08,-1048000
9.96712297873987e-08,-1047900
9.96715723730018e-08,-1047800
9.96718614884841e-08,-1047700
9.96720971241262e-08,-1047600
9.967227929013e-08,-1047500
9.96724080165995e-08,-1047400
9.96724833535016e-08,-1047300
9.96725053706278e-08,-1047200
9.96724741575451e-08,-1047100
9.9672389823536e-08,-1047000
9.96722524975309e-08,-1046900
9.96720623280349e-08,-1046800
9.96718194830401e-08,-1046700
9.96715241499379e-08,-1046600
9.96711765354165e-08,-1046500
9.9670776865352e-08,-1046400
9.96703253846854e-08,-1046300
9.96698223573094e-08,-1046200
9.96692680659245e-08,-1046100
9.9668662811897e-08,-1046000
9.96680069151159e-08,-1045900
9.96673007138299e-08,-1045800
9.9666544564482e-08,-1045700
9.96657388415349e-08,-1045600
9.96648839372908e-08,-1045500
9.9663980261703e-08,-1045400
9.96630282421711e-08,-1045300
9.96620283233484e-08,-1045200
9.96609809669204e-08,-1045100
9.96598866513858e-08,-1045000
9.96587458718348e-08,-1044900
9.96575591397074e-08,-1044800
9.965632698256e-08,-1044700
9.96550499438099e-08,-1044600
9.9653728582485e-08,-1044500
9.96523634729595e-08,-1044400
9.96509552046829e-08,-1044300
9.9649504381912e-08,-1044200
9.96480116234209e-08,-1044100
9.96464775622178e-08,-1044000
9.96449028452478e-08,-1043900
9.96432881330989e-08,-1043800
9.96416340996881e-08,-1043700
9.96399414319529e-08,-1043600
9.96382108295366e-08,-1043500
9.96364430044603e-08,-1043400
9.96346386807985e-08,-1043300
9.96327985943428e-08,-1043200
9.96309234922669e-08,-1043100
9.962901413278e-08,-1043000
9.96270712847838e-08,-1042900
9.96250957275091e-08,-1042800
9.96230882501745e-08,-1042700
9.96210496516129e-08,-1042600
9.96189807399121e-08,-1042500
9.9616882332042e-08,-1042400
9.96147552534885e-08,-1042300
9.96126003378705e-08,-1042200
9.96104184265616e-08,-1042100
9.96082103683124e-08,-1042000
9.96059770188601e-08,-1041900
9.96037192405407e-08,-1041800
9.96014379018973e-08,-1041700
9.95991338772901e-08,-1041600
9.95968080464977e-08,-1041500
9.95944612943197e-08,-1041400
9.95920945101766e-08,-1041300
9.958970858771e-08,-1041200
9.95873044243772e-08,-1041100
9.95848829210515e-08,-1041000
9.9582444981613e-08,-1040900
9.95799915125412e-08,-1040800
9.9577523422514e-08,-1040700
9.95750416219946e-08,-1040600
9.9572547022827e-08,-1040500
9.95700405378269e-08,-1040400
9.95675230803735e-08,-1040300
9.95649955640049e-08,-1040200
9.95624589020037e-08,-1040100
9.95599140070021e-08,-1040000
9.95573617905645e-08,-1039900
9.95548031627897e-08,-1039800
9.95522390319092e-08,-1039700
9.95496703038758e-08,-1039600
9.95470978819755e-08,-1039500
9.95445226664189e-08,-1039400
9.95419455539522e-08,-1039300
9.95393674374581e-08,-1039200
9.95367892055637e-08,-1039100
9.95342117422574e-08,-1039000
9.95316359264927e-08,-1038900
9.9529062631811e-08,-1038800
9.95264927259625e-08,-1038700
9.95239270705206e-08,-1038600
9.95213665205208e-08,-1038500
9.95188119240746e-08,-1038400
9.95162641220186e-08,-1038300
9.95137239475443e-08,-1038200
9.95111922258385e-08,-1038100
9.9508669773736e-08,-1038000
9.95061573993654e-08,-1037900
9.9503655901806e-08,-1037800
9.9501166070747e-08,-1037700
9.94986886861569e-08,-1037600
9.94962245179511e-08,-1037500
9.94937743256653e-08,-1037400
9.9491338858142e-08,-1037300
9.94889188532158e-08,-1037200
9.94865150374051e-08,-1037100
9.94841281256102e-08,-1037000
9.94817588208236e-08,-1036900
9.94794078138303e-08,-1036800
9.94770757829398e-08,-1036700
9.94747633936965e-08,-1036600
9.94724712986169e-08,-1036500
9.94702001369301e-08,-1036400
9.94679505343115e-08,-1036300
9.94657231026451e-08,-1036200
9.94635184397739e-08,-1036100
9.94613371292702e-08,-1036000
9.94591797402062e-08,-1035900
9.94570468269338e-08,-1035800
9.94549389288713e-08,-1035700
9.94528565703052e-08,-1035600
9.94508002601827e-08,-1035500
9.94487704919324e-08,-1035400
9.94467677432759e-08,-1035300
9.94447924760585e-08,-1035200
9.94428451360839e-08,-1035100
9.94409261529527e-08,-1035000
9.94390359399214e-08,-1034900
9.94371748937524e-08,-1034800
9.94353433945879e-08,-1034700
9.94335418058214e-08,-1034600
9.94317704739903e-08,-1034500
9.94300297286553e-08,-1034400
9.94283198823146e-08,-1034300
9.94266412303059e-08,-1034200
9.94249940507273e-08,-1034100
9.94233786043635e-08,-1034000
9.94217951346226e-08,-1033900
9.94202438674802e-08,-1033800
9.94187250114301e-08,-1033700
9.9417238757448e-08,-1033600
9.94157852789616e-08,-1033500
9.9414364731827e-08,-1033400
9.9412977254321e-08,-1033300
9.94116229671301e-08,-1033200
9.94103019733656e-08,-1033100
9.9409014358565e-08,-1033000
9.94077601907235e-08,-1032900
9.94065395203204e-08,-1032800
9.94053523803634e-08,-1032700
9.94041987864247e-08,-1032600
9.94030787367113e-08,-1032500
9.94019922121213e-08,-1032400
9.94009391763175e-08,-1032300
9.93999195758147e-08,-1032200
9.93989333400605e-08,-1032100
9.93979803815429e-08,-1032000
9.93970605958857e-08,-1031900
9.93961738619753e-08,-1031800
9.93953200420744e-08,-1031700
9.93944989819517e-08,-1031600
9.93937105110263e-08,-1031500
9.93929544425097e-08,-1031400
9.93922305735595e-08,-1031300
9.93915386854408e-08,-1031200
9.93908785436974e-08,-1031100
9.9390249898324e-08,-1031000
9.93896524839543e-08,-1030900
9.93890860200493e-08,-1030800
9.93885502110953e-08,-1030700
9.93880447468072e-08,-1030600
9.93875693023464e-08,-1030500
9.938712353853e-08,-1030400
9.93867071020665e-08,-1030300
9.93863196257799e-08,-1030200
9.93859607288482e-08,-1030100
9.93856300170529e-08,-1030000
9.93853270830253e-08,-1029900
9.93850515065029e-08,-1029800
9.93848028545945e-08,-1029700
9.93845806820452e-08,-1029600
9.93843845315108e-08,-1029500
9.93842139338388e-08,-1029400
9.93840684083494e-08,-1029300
9.93839474631266e-08,-1029200
9.93838505953136e-08,-1029100
9.93837772914059e-08,-1029000
9.93837270275643e-08,-1028900
9.93836992699134e-08,-1028800
9.9383693474862e-08,-1028700
9.93837090894135e-08,-1028600
9.93837455514892e-08,-1028500
9.93838022902525e-08,-1028400
9.93838787264358e-08,-1028300
9.9383974272672e-08,-1028200
9.93840883338299e-08,-1028100
9.93842203073475e-08,-1028000
9.93843695835844e-08,-1027900
9.93845355461472e-08,-1027800
9.93847175722504e-08,-1027700
9.93849150330566e-08,-1027600
9.93851272940319e-08,-1027500
9.93853537152918e-08,-1027400
9.93855936519636e-08,-1027300
9.93858464545347e-08,-1027200
9.93861114692165e-08,-1027100
9.93863880382961e-08,-1027000
9.93866755005029e-08,-1026900
9.93869731913642e-08,-1026800
9.93872804435726e-08,-1026700
9.93875965873374e-08,-1026600
9.93879209507578e-08,-1026500
9.93882528601841e-08,-1026400
9.93885916405706e-08,-1026300
9.93889366158502e-08,-1026200
9.9389287109289e-08,-1026100
9.93896424438509e-08,-1026000
9.93900019425541e-08,-1025900
9.93903649288397e-08,-1025800
9.93907307269221e-08,-1025700
9.93910986621494e-08,-1025600
9.93914680613608e-08,-1025500
9.93918382532399e-08,-1025400
9.93922085686685e-08,-1025300
9.9392578341078e-08,-1025200
9.93929469067942e-08,-1025100
9.93933136053894e-08,-1025000
9.93936777800238e-08,-1024900
9.93940387777874e-08,-1024800
9.93943959500365e-08,-1024700
9.93947486527339e-08,-1024600
9.93950962467786e-08,-1024500
9.93954380983351e-08,-1024400
9.93957735791631e-08,-1024300
9.93961020669369e-08,-1024200
9.93964229455628e-08,-1024100
9.93967356054971e-08,-1024000
9.93970394440612e-08,-1023900
9.93973338657361e-08,-1023800
9.93976182824784e-08,-1023700
9.93978921140127e-08,-1023600
9.93981547881222e-08,-1023500
9.93984057409472e-08,-1023400
9.93986444172586e-08,-1023300
9.93988702707459e-08,-1023200
9.93990827642863e-08,-1023100
9.93992813702163e-08,-1023000
9.9399465570597e-08,-1022900
9.93996348574684e-08,-1022800
9.93997887331087e-08,-1022700
9.93999267102733e-08,-1022600
9.94000483124481e-08,-1022500
9.94001530740734e-08,-1022400
9.94002405407822e-08,-1022300
9.94003102696228e-08,-1022200
9.94003618292756e-08,-1022100
9.94003948002646e-08,-1022000
9.94004087751668e-08,-1021900
9.94004033588057e-08,-1021800
9.94003781684497e-08,-1021700
9.94003328339953e-08,-1021600
9.94002669981494e-08,-1021500
9.94001803166018e-08,-1021400
9.9400072458192e-08,-1021300
9.93999431050665e-08,-1021200
9.93997919528403e-08,-1021100
9.93996187107346e-08,-1021000
9.93994231017174e-08,-1020900
9.9399204862644e-08,-1020800
9.93989637443736e-08,-1020700
9.93986995118958e-08,-1020600
9.93984119444331e-08,-1020500
9.93981008355589e-08,-1020400
9.93977659932817e-08,-1020300
9.93974072401452e-08,-1020200
9.93970244133091e-08,-1020100
9.93966173646231e-08,-1020000
9.93961859607e-08,-1019900
9.93957300829789e-08,-1019800
9.93952496277743e-08,-1019700
9.93947445063319e-08,-1019600
9.93942146448644e-08,-1019500
9.93936599845877e-08,-1019400
9.93930804817466e-08,-1019300
9.93924761076384e-08,-1019200
9.93918468486212e-08,-1019100
9.93911927061172e-08,-1019000
9.93905136966244e-08,-1018900
9.93898098516937e-08,-1018800
9.93890812179215e-08,-1018700
9.93883278569293e-08,-1018600
9.93875498453288e-08,-1018500
9.93867472746924e-08,-1018400
9.93859202515065e-08,-1018300
9.93850688971289e-08,-1018200
9.93841933477234e-08,-1018100
9.93832937542091e-08,-1018000
9.93823702821812e-08,-1017900
9.93814231118463e-08,-1017800
9.93804524379299e-08,-1017700
9.93794584696004e-08,-1017600
9.93784414303659e-08,-1017500
9.93774015579741e-08,-1017400
9.9376339104318e-08,-1017300
9.93752543353069e-08,-1017200
9.93741475307593e-08,-1017100
9.93730189842774e-08,-1017000
9.9371869003112e-08,-1016900
9.93706979080341e-08,-1016800
9.93695060331914e-08,-1016700
9.9368293725956e-08,-1016600
9.93670613467829e-08,-1016500
9.93658092690453e-08,-1016400
9.93645378788731e-08,-1016300
9.9363247574991e-08,-1016200
9.93619387685361e-08,-1016100
9.93606118828911e-08,-1016000
9.93592673534966e-08,-1015900
9.93579056276637e-08,-1015800
9.93565271643861e-08,-1015700
9.93551324341431e-08,-1015600
9.93537219186958e-08,-1015500
9.93522961108922e-08,-1015400
9.93508555144486e-08,-1015300
9.93494006437434e-08,-1015200
9.93479320235983e-08,-1015100
9.93464501890644e-08,-1015000
9.93449556851873e-08,-1014900
9.93434490667921e-08,-1014800
9.9341930898246e-08,-1014700
9.93404017532272e-08,-1014600
9.93388622144881e-08,-1014500
9.93373128736159e-08,-1014400
9.93357543307897e-08,-1014300
9.93341871945356e-08,-1014200
9.93326120814775e-08,-1014100
9.93310296160901e-08,-1014000
9.93294404304431e-08,-1013900
9.9327845163949e-08,-1013800
9.93262444631021e-08,-1013700
9.93246389812258e-08,-1013600
9.93230293782056e-08,-1013500
9.93214163202292e-08,-1013400
9.9319800479523e-08,-1013300
9.9318182534087e-08,-1013200
9.93165631674256e-08,-1013100
9.93149430682816e-08,-1013000
9.93133229303666e-08,-1012900
9.93117034520901e-08,-1012800
9.93100853362886e-08,-1012700
9.93084692899546e-08,-1012600
9.93068560239634e-08,-1012500
9.93052462528023e-08,-1012400
9.93036406942956e-08,-1012300
9.93020400693299e-08,-1012200
9.93004451015856e-08,-1012100
9.92988565172578e-08,-1012000
9.92972750447868e-08,-1011900
9.92957014145841e-08,-1011800
9.9294136358758e-08,-1011700
9.92925806108432e-08,-1011600
9.92910349055308e-08,-1011500
9.92894999783921e-08,-1011400
9.92879765656112e-08,-1011300
9.92864654037212e-08,-1011200
9.92849672293231e-08,-1011100
9.92834827788337e-08,-1011000
9.92820127882075e-08,-1010900
9.92805579926791e-08,-1010800
9.92791191264957e-08,-1010700
9.92776969226618e-08,-1010600
9.92762921126716e-08,-1010500
9.9274905426255e-08,-1010400
9.92735375911197e-08,-1010300
9.92721893326998e-08,-1010200
9.92708613738968e-08,-1010100
9.92695544348368e-08,-1010000
9.92682692326146e-08,-1009900
9.92670064810519e-08,-1009800
9.92657668904563e-08,-1009700
9.92645511673714e-08,-1009600
9.92633600143442e-08,-1009500
9.92621941296903e-08,-1009400
9.92610542072534e-08,-1009300
9.92599409361799e-08,-1009200
9.92588550006888e-08,-1009100
9.92577970798435e-08,-1009000
9.92567678473371e-08,-1008900
9.9255767971261e-08,-1008800
9.92547981139013e-08,-1008700
9.92538589315141e-08,-1008600
9.92529510741219e-08,-1008500
9.92520751853036e-08,-1008400
9.92512319019933e-08,-1008300
9.92504218542777e-08,-1008200
9.92496456651947e-08,-1008100
9.92489039505471e-08,-1008000
9.9248197318707e-08,-1007900
9.92475263704323e-08,-1007800
9.92468916986779e-08,-1007700
9.92462938884229e-08,-1007600
9.92457335164833e-08,-1007500
9.92452111513521e-08,-1007400
9.92447273530209e-08,-1007300
9.92442826728172e-08,-1007200
9.92438776532433e-08,-1007100
9.92435128278156e-08,-1007000
9.92431887209128e-08,-1006900
9.92429058476241e-08,-1006800
9.92426647136014e-08,-1006700
9.92424658149155e-08,-1006600
9.92423096379231e-08,-1006500
9.924219665912e-08,-1006400
9.92421273450176e-08,-1006300
9.92421021520155e-08,-1006200
9.92421215262686e-08,-1006100
9.92421859035772e-08,-1006000
9.92422957092643e-08,-1005900
9.92424513580655e-08,-1005800
9.92426532540161e-08,-1005700
9.92429017903537e-08,-1005600
9.92431973494075e-08,-1005500
9.92435403025086e-08,-1005400
9.9243931009895e-08,-1005300
9.9244369820613e-08,-1005200
9.92448570724466e-08,-1005100
9.92453930918237e-08,-1005000
9.92459781937381e-08,-1004900
9.92466126816818e-08,-1004800
9.92472968475663e-08,-1004700
9.92480309716592e-08,-1004600
9.924881532252e-08,-1004500
9.92496501569393e-08,-1004400
9.92505357198822e-08,-1004300
9.92514722444363e-08,-1004200
9.92524599517622e-08,-1004100
9.92534990510462e-08,-1004000
9.92545897394605e-08,-1003900
9.92557322021242e-08,-1003800
9.92569266120658e-08,-1003700
9.92581731301938e-08,-1003600
9.92594719052675e-08,-1003500
9.92608230738708e-08,-1003400
9.92622267603937e-08,-1003300
9.92636830770097e-08,-1003200
9.92651921236653e-08,-1003100
9.92667539880635e-08,-1003000
9.92683687456569e-08,-1002900
9.92700364596465e-08,-1002800
9.9271757180971e-08,-1002700
9.92735309483131e-08,-1002600
9.92753577881037e-08,-1002500
9.9277237714526e-08,-1002400
9.92791707295258e-08,-1002300
9.92811568228261e-08,-1002200
9.92831959719369e-08,-1002100
9.92852881421839e-08,-1002000
9.92874332867194e-08,-1001900
9.92896313465512e-08,-1001800
9.92918822505701e-08,-1001700
9.92941859155758e-08,-1001600
9.92965422463119e-08,-1001500
9.92989511354985e-08,-1001400
9.93014124638703e-08,-1001300
9.93039261002179e-08,-1001200
9.93064919014261e-08,-1001100
9.93091097125218e-08,-1001000
9.93117793667218e-08,-1000900
9.93145006854755e-08,-1000800
9.93172734785258e-08,-1000700
9.93200975439541e-08,-1000600
9.93229726682472e-08,-1000500
9.93258986263429e-08,-1000400
9.9328875181701e-08,-1000300
9.93319020863595e-08,-1000200
9.93349790810028e-08,-1000100
9.93381058950267e-08,-1000000
9.93412822466084e-08,-999900
9.93445078427743e-08,-999800
9.93477823794775e-08,-999700
9.93511055416657e-08,-999600
9.93544770033659e-08,-999500
9.93578964277535e-08,-999400
9.93613634672393e-08,-999300
9.93648777635461e-08,-999200
9.9368438947794e-08,-999100
9.93720466405892e-08,-999000
9.93757004521017e-08,-998900
9.93793999821641e-08,-998800
9.93831448203511e-08,-998700
9.93869345460802e-08,-998600
9.93907687286954e-08,-998500
9.93946469275707e-08,-998400
9.93985686921981e-08,-998300
9.94025335622892e-08,-998200
9.94065410678748e-08,-998100
9.9410590729399e-08,-998000
9.94146820578243e-08,-997900
9.94188145547365e-08,-997800
9.94229877124438e-08,-997700
9.9427201014085e-08,-997600
9.94314539337336e-08,-997500
9.9435745936509e-08,-997400
9.94400764786785e-08,-997300
9.94444450077755e-08,-997200
9.94488509627064e-08,-997100
9.94532937738596e-08,-997000
9.9457772863224e-08,-996900
9.94622876445019e-08,-996800
9.94668375232217e-08,-996700
9.9471421896858e-08,-996600
9.9476040154948e-08,-996500
9.94806916792081e-08,-996400
9.94853758436538e-08,-996300
9.94900920147247e-08,-996200
9.94948395513983e-08,-996100
9.94996178053166e-08,-996000
9.95044261209129e-08,-995900
9.9509263835528e-08,-995800
9.95141302795414e-08,-995700
9.95190247764931e-08,-995600
9.95239466432161e-08,-995500
9.9528895189958e-08,-995400
9.95338697205153e-08,-995300
9.95388695323555e-08,-995200
9.95438939167549e-08,-995100
9.95489421589265e-08,-995000
9.95540135381516e-08,-994900
9.95591073279123e-08,-994800
9.95642227960279e-08,-994700
9.95693592047843e-08,-994600
9.95745158110731e-08,-994500
9.95796918665287e-08,-994400
9.95848866176576e-08,-994300
9.95900993059857e-08,-994200
9.95953291681899e-08,-994100
9.96005754362386e-08,-994000
9.96058373375302e-08,-993900
9.9611114095038e-08,-993800
9.96164049274471e-08,-993700
9.96217090492952e-08,-993600
9.96270256711217e-08,-993500
9.96323539996025e-08,-993400
9.96376932377004e-08,-993300
9.96430425848078e-08,-993200
9.96484012368907e-08,-993100
9.96537683866364e-08,-993000
9.96591432236018e-08,-992900
9.96645249343546e-08,-992800
9.96699127026298e-08,-992700
9.96753057094722e-08,-992600
9.96807031333863e-08,-992500
9.96861041504925e-08,-992400
9.9691507934667e-08,-992300
9.96969136577038e-08,-992200
9.97023204894595e-08,-992100
9.97077275980095e-08,-992000
9.97131341497973e-08,-991900
9.97185393097954e-08,-991800
9.97239422416495e-08,-991700
9.97293421078415e-08,-991600
9.97347380698438e-08,-991500
9.97401292882676e-08,-991400
9.97455149230305e-08,-991300
9.9750894133507e-08,-991200
9.97562660786853e-08,-991100
9.97616299173296e-08,-991000
9.97669848081349e-08,-990900
9.97723299098866e-08,-990800
9.97776643816218e-08,-990700
9.97829873827877e-08,-990600
9.97882980734008e-08,-990500
9.97935956142107e-08,-990400
9.97988791668564e-08,-990300
9.98041478940332e-08,-990200
9.98094009596499e-08,-990100
9.98146375289947e-08,-990000
9.98198567688949e-08,-989900
9.98250578478774e-08,-989800
9.9830239936342e-08,-989700
9.98354022067084e-08,-989600
9.98405438335949e-08,-989500
9.98456639939738e-08,-989400
9.98507618673352e-08,-989300
9.98558366358574e-08,-989200
9.98608874845607e-08,-989100
9.98659136014833e-08,-989000
9.98709141778349e-08,-988900
9.98758884081668e-08,-988800
9.98808354905356e-08,-988700
9.98857546266679e-08,-988600
9.98906450221226e-08,-988500
9.98955058864568e-08,-988400
9.99003364333864e-08,-988300
9.99051358809547e-08,-988200
9.99099034516973e-08,-988100
9.99146383727953e-08,-988000
9.99193398762507e-08,-987900
9.99240071990439e-08,-987800
9.99286395832939e-08,-987700
9.99332362764282e-08,-987600
9.99377965313334e-08,-987500
9.99423196065281e-08,-987400
9.99468047663172e-08,-987300
9.99512512809542e-08,-987200
9.99556584267991e-08,-987100
9.99600254864839e-08,-987000
9.99643517490585e-08,-986900
9.99686365101679e-08,-986800
9.99728790721894e-08,-986700
9.99770787444026e-08,-986600
9.99812348431357e-08,-986500
9.99853466919318e-08,-986400
9.9989413621691e-08,-986300
9.99934349708288e-08,-986200
9.99974100854292e-08,-986100
1.00001338319394e-07,-986000
1.00005219034587e-07,-985900
1.00009051600996e-07,-985800
1.00012835396864e-07,-985700
1.00016569808851e-07,-985600
1.00020254232166e-07,-985500
1.00023888070718e-07,-985400
1.00027470737253e-07,-985300
1.00031001653503e-07,-985200
1.00034480250316e-07,-985100
1.00037905967799e-07,-985000
1.00041278255449e-07,-984900
1.00044596572298e-07,-984800
1.00047860387032e-07,-984700
1.00051069178134e-07,-984600
1.00054222434005e-07,-984500
1.00057319653092e-07,-984400
1.00060360344022e-07,-984300
1.00063344025716e-07,-984200
1.00066270227514e-07,-984100
1.00069138489294e-07,-984000
1.0007194836159e-07,-983900
1.00074699405708e-07,-983800
1.00077391193838e-07,-983700
1.00080023309162e-07,-983600
1.00082595345971e-07,-983500
1.0008510690976e-07,-983400
1.00087557617342e-07,-983300
1.00089947096941e-07,-983200
1.00092274988296e-07,-983100
1.00094540942759e-07,-983000
1.00096744623381e-07,-982900
1.00098885705009e-07,-982800
1.00100963874376e-07,-982700
1.00102978830183e-07,-982600
1.00104930283181e-07,-982500
1.00106817956255e-07,-982400
1.00108641584501e-07,-982300
1.00110400915296e-07,-982200
1.00112095708376e-07,-982100
1.00113725735901e-07,-982000
1.00115290782517e-07,-981900
1.00116790645426e-07,-981800
1.00118225134442e-07,-981700
1.00119594072046e-07,-981600
1.0012089729344e-07,-981500
1.001221346466e-07,-981400
1.00123305992318e-07,-981300
1.00124411204247e-07,-981200
1.00125450168948e-07,-981100
1.00126422785913e-07,-981000
1.00127328967609e-07,-980900
1.00128168639512e-07,-980800
1.0012894174012e-07,-980700
1.0012964822099e-07,-980600
1.00130288046747e-07,-980500
1.0013086119511e-07,-980400
1.001313676569e-07,-980300
1.00131807436049e-07,-980200
1.00132180549609e-07,-980100
1.00132487027753e-07,-980000
1.00132726913772e-07,-979900
1.00132900264076e-07,-979800
1.0013300714818e-07,-979700
1.00133047648692e-07,-979600
1.00133021861304e-07,-979500
1.00132929894767e-07,-979400
1.00132771870872e-07,-979300
1.00132547924421e-07,-979200
1.00132258203197e-07,-979100
1.00131902867935e-07,-979000
1.00131482092281e-07,-978900
1.0013099606275e-07,-978800
1.00130444978685e-07,-978700
1.00129829052211e-07,-978600
1.00129148508174e-07,-978500
1.001284035841e-07,-978400
1.00127594530125e-07,-978300
1.00126721608934e-07,-978200
1.001257850957e-07,-978100
1.00124785278011e-07,-978000
1.00123722455803e-07,-977900
1.0012259694127e-07,-977800
1.00121409058801e-07,-977700
1.00120159144884e-07,-977600
1.00118847548024e-07,-977500
1.00117474628655e-07,-977400
1.00116040759042e-07,-977300
1.00114546323184e-07,-977200
1.00112991716718e-07,-977100
1.00111377346813e-07,-977000
1.00109703632059e-07,-976900
1.00107971002365e-07,-976800
1.00106179898837e-07,-976700
1.00104330773671e-07,-976600
1.00102424090022e-07,-976500
1.00100460321892e-07,-976400
1.00098439953995e-07,-976300
1.00096363481636e-07,-976200
1.00094231410577e-07,-976100
1.00092044256894e-07,-976000
1.00089802546855e-07,-975900
1.00087506816765e-07,-975800
1.00085157612833e-07,-975700
1.00082755491019e-07,-975600
1.00080301016891e-07,-975500
1.00077794765474e-07,-975400
1.00075237321087e-07,-975300
1.00072629277201e-07,-975200
1.00069971236269e-07,-975100
1.0006726380957e-07,-975000
1.00064507617049e-07,-974900
1.00061703287142e-07,-974800
1.00058851456618e-07,-974700
1.00055952770403e-07,-974600
1.00053007881415e-07,-974500
1.00050017450378e-07,-974400
1.00046982145661e-07,-974300
1.00043902643089e-07,-974200
1.0004077962577e-07,-974100
1.00037613783911e-07,-974000
1.00034405814634e-07,-973900
1.000311564218e-07,-973800
1.00027866315809e-07,-973700
1.00024536213425e-07,-973600
1.00021166837583e-07,-973500
1.00017758917198e-07,-973400
1.00014313186974e-07,-973300
1.00010830387215e-07,-973200
1.00007311263628e-07,-973100
1.00003756567132e-07,-973000
1.00000167053658e-07,-972900
9.99965434839589e-08,-972800
9.99928866234072e-08,-972700
9.99891972418023e-08,-972600
9.99854761131685e-08,-972500
9.9981724015561e-08,-972400
9.99779417308616e-08,-972300
9.99741300445825e-08,-972200
9.99702897456671e-08,-972100
9.99664216262877e-08,-972000
9.99625264816482e-08,-971900
9.99586051097821e-08,-971800
9.9954658311354e-08,-971700
9.99506868894574e-08,-971600
9.99466916494176e-08,-971500
9.99426733985913e-08,-971400
9.99386329461649e-08,-971300
9.99345711029625e-08,-971200
9.99304886812371e-08,-971100
9.99263864944851e-08,-971000
9.99222653572394e-08,-970900
9.99181260848776e-08,-970800
9.99139694934254e-08,-970700
9.99097963993636e-08,-970600
9.99056076194313e-08,-970500
9.99014039704331e-08,-970400
9.98971862690529e-08,-970300
9.98929553316556e-08,-970200
9.98887119741034e-08,-970100
9.98844570115649e-08,-970000
9.98801912583282e-08,-969900
9.98759155276183e-08,-969800
9.98716306314099e-08,-969700
9.98673373802472e-08,-969600
9.98630365830623e-08,-969500
9.98587290469967e-08,-969400
9.98544155772208e-08,-969300
9.98500969767673e-08,-969200
9.98457740463447e-08,-969100
9.98414475841755e-08,-969000
9.9837118385823e-08,-968900
9.98327872440211e-08,-968800
9.98284549485141e-08,-968700
9.98241222858866e-08,-968600
9.98197900394089e-08,-968500
9.98154589888692e-08,-968400
9.98111299104279e-08,-968300
9.98068035764499e-08,-968200
9.98024807553637e-08,-968100
9.97981622115047e-08,-968000
9.97938487049702e-08,-967900
9.97895409914754e-08,-967800
9.97852398222063e-08,-967700
9.97809459436877e-08,-967600
9.97766600976388e-08,-967500
9.97723830208391e-08,-967400
9.97681154450056e-08,-967300
9.9763858096649e-08,-967200
9.97596116969579e-08,-967100
9.97553769616733e-08,-967000
9.97511546009664e-08,-966900
9.97469453193139e-08,-966800
9.97427498153987e-08,-966700
9.97385687819815e-08,-966600
9.97344029057978e-08,-966500
9.97302528674532e-08,-966400
9.97261193413165e-08,-966300
9.97220029954187e-08,-966200
9.97179044913573e-08,-966100
9.97138244841982e-08,-966000
9.97097636223882e-08,-965900
9.97057225476595e-08,-965800
9.97017018949503e-08,-965700
9.96977022923184e-08,-965600
9.96937243608581e-08,-965500
9.96897687146301e-08,-965400
9.96858359605836e-08,-965300
9.96819266984802e-08,-965200
9.96780415208333e-08,-965100
9.96741810128418e-08,-965000
9.96703457523226e-08,-964900
9.96665363096555e-08,-964800
9.96627532477257e-08,-964700
9.96589971218675e-08,-964600
9.96552684798231e-08,-964500
9.96515678616806e-08,-964400
9.96478957998414e-08,-964300
9.96442528189724e-08,-964200
9.96406394359667e-08,-964100
9.96370561599094e-08,-964000
9.9633503492045e-08,-963900
9.96299819257421e-08,-963800
9.96264919464686e-08,-963700
9.96230340317673e-08,-963600
9.96196086512337e-08,-963500
9.9616216266489e-08,-963400
9.96128573311728e-08,-963300
9.96095322909232e-08,-963200
9.9606241583363e-08,-963100
9.96029856380953e-08,-963000
9.9599764876691e-08,-962900
9.95965797126899e-08,-962800
9.95934305515927e-08,-962700
9.95903177908647e-08,-962600
9.95872418199377e-08,-962500
9.95842030202149e-08,-962400
9.9581201765076e-08,-962300
9.95782384198912e-08,-962200
9.95753133420277e-08,-962100
9.95724268808658e-08,-962000
9.95695793778148e-08,-961900
9.95667711663301e-08,-961800
9.95640025719319e-08,-961700
9.95612739122302e-08,-961600
9.95585854969447e-08,-961500
9.95559376279342e-08,-961400
9.95533305992175e-08,-961300
9.95507646970104e-08,-961200
9.9548240199751e-08,-961100
9.95457573781332e-08,-961000
9.95433164951421e-08,-960900
9.95409178060883e-08,-960800
9.95385615586449e-08,-960700
9.95362479928856e-08,-960600
9.9533977341327e-08,-960500
9.95317498289652e-08,-960400
9.95295656733236e-08,-960300
9.95274250844952e-08,-960200
9.95253282651798e-08,-960100
9.95232754107461e-08,-960000
9.95212667092613e-08,-959900
9.95193023415535e-08,-959800
9.95173824812491e-08,-959700
9.95155072948323e-08,-959600
9.95136769416887e-08,-959500
9.95118915741655e-08,-959400
9.95101513376119e-08,-959300
9.9508456370446e-08,-959200
9.95068068041949e-08,-959100
9.95052027635619e-08,-959000
9.95036443664712e-08,-958900
9.9502131724129e-08,-958800
9.95006649410789e-08,-958700
9.94992441152564e-08,-958600
9.94978693380483e-08,-958500
9.94965406943436e-08,-958400
9.94952582625987e-08,-958300
9.94940221148915e-08,-958200
9.94928323169763e-08,-958100
9.94916889283442e-08,-958000
9.94905920022806e-08,-957900
9.94895415859235e-08,-957800
9.94885377203194e-08,-957700
9.94875804404831e-08,-957600
9.9486669775454e-08,-957500
9.94858057483534e-08,-957400
9.94849883764431e-08,-957300
9.94842176711809e-08,-957200
9.94834936382756e-08,-957100
9.94828162777507e-08,-957000
9.94821855839931e-08,-956900
9.94816015458073e-08,-956800
9.94810641464804e-08,-956700
9.94805733638289e-08,-956600
9.94801291702525e-08,-956500
9.94797315327957e-08,-956400
9.94793804131916e-08,-956300
9.94790757679211e-08,-956200
9.94788175482616e-08,-956100
9.94786057003401e-08,-956000
9.94784401651824e-08,-955900
9.94783208787675e-08,-955800
9.94782477720698e-08,-955700
9.94782207711118e-08,-955600
9.9478239797016e-08,-955500
9.94783047660444e-08,-955400
9.94784155896484e-08,-955300
9.94785721745124e-08,-955200
9.94787744226037e-08,-955100
9.94790222312105e-08,-955000
9.94793154929872e-08,-954900
9.94796540959947e-08,-954800
9.94800379237471e-08,-954700
9.94804668552418e-08,-954600
9.94809407650104e-08,-954500
9.94814595231481e-08,-954400
9.94820229953567e-08,-954300
9.94826310429744e-08,-954200
9.94832835230221e-08,-954100
9.94839802882286e-08,-954000
9.94847211870667e-08,-953900
9.94855060637896e-08,-953800
9.9486334758456e-08,-953700
9.94872071069676e-08,-953600
9.94881229410967e-08,-953500
9.94890820885104e-08,-953400
9.94900843728067e-08,-953300
9.94911296135365e-08,-953200
9.94922176262288e-08,-953100
9.94933482224213e-08,-953000
9.94945212096773e-08,-952900
9.94957363916153e-08,-952800
9.94969935679281e-08,-952700
9.94982925344065e-08,-952600
9.94996330829561e-08,-952500
9.95010150016232e-08,-952400
9.95024380746075e-08,-952300
9.95039020822855e-08,-952200
9.95054068012243e-08,-952100
9.95069520041996e-08,-952000
9.9508537460212e-08,-951900
9.95101629345e-08,-951800
9.95118281885561e-08,-951700
9.95135329801399e-08,-951600
9.95152770632921e-08,-951500
9.95170601883429e-08,-951400
9.95188821019295e-08,-951300
9.9520742546999e-08,-951200
9.95226412628306e-08,-951100
9.95245779850298e-08,-951000
9.9526552445551e-08,-950900
9.95285643727007e-08,-950800
9.95306134911449e-08,-950700
9.95326995219183e-08,-950600
9.95348221824306e-08,-950500
9.95369811864748e-08,-950400
9.95391762442329e-08,-950300
9.95414070622795e-08,-950200
9.95436733435947e-08,-950100
9.95459747875591e-08,-950000
9.9548311089968e-08,-949900
9.95506819430308e-08,-949800
9.95530870353828e-08,-949700
9.95555260520787e-08,-949600
9.95579986746056e-08,-949500
9.95605045808896e-08,-949400
9.95630434452864e-08,-949300
9.95656149386024e-08,-949200
9.95682187280887e-08,-949100
9.9570854477445e-08,-949000
9.95735218468312e-08,-948900
9.95762204928653e-08,-948800
9.95789500686265e-08,-948700
9.95817102236682e-08,-948600
9.95845006040146e-08,-948500
9.95873208521695e-08,-948400
9.95901706071207e-08,-948300
9.95930495043459e-08,-948200
9.9595957175819e-08,-948100
9.95988932500142e-08,-948000
9.96018573519145e-08,-947900
9.96048491030187e-08,-947800
9.96078681213488e-08,-947700
9.96109140214544e-08,-947600
9.96139864144284e-08,-947500
9.96170849079092e-08,-947400
9.96202091060903e-08,-947300
9.96233586097378e-08,-947200
9.96265330161918e-08,-947100
9.96297319193826e-08,-947000
9.96329549098415e-08,-946900
9.96362015747157e-08,-946800
9.96394714977755e-08,-946700
9.96427642594368e-08,-946600
9.96460794367697e-08,-946500
9.96494166035194e-08,-946400
9.96527753301133e-08,-946300
9.96561551836916e-08,-946200
9.96595557281154e-08,-946100
9.96629765239879e-08,-946000
9.96664171286795e-08,-945900
9.96698770963426e-08,-945800
9.96733559779366e-08,-945700
9.96768533212491e-08,-945600
9.96803686709241e-08,-945500
9.96839015684821e-08,-945400
9.96874515523455e-08,-945300
9.96910181578727e-08,-945200
9.96946009173801e-08,-945100
9.96981993601705e-08,-945000
9.97018130125677e-08,-944900
9.97054413979471e-08,-944800
9.97090840367626e-08,-944700
9.97127404465921e-08,-944600
9.97164101421571e-08,-944500
9.97200926353723e-08,-944400
9.97237874353745e-08,-944300
9.97274940485646e-08,-944200
9.97312119786448e-08,-944100
9.9734940726662e-08,-944000
9.97386797910462e-08,-943900
9.97424286676589e-08,-943800
9.97461868498316e-08,-943700
9.97499538284147e-08,-943600
9.97537290918232e-08,-943500
9.97575121260862e-08,-943400
9.97613024148946e-08,-943300
9.97650994396513e-08,-943200
9.97689026795235e-08,-943100
9.97727116114964e-08,-943000
9.97765257104257e-08,-942900
9.97803444490946e-08,-942800
9.9784167298268e-08,-942700
9.97879937267523e-08,-942600
9.97918232014534e-08,-942500
9.979565518744e-08,-942400
9.97994891479967e-08,-942300
9.98033245446952e-08,-942200
9.98071608374551e-08,-942100
9.98109974846066e-08,-942000
9.98148339429597e-08,-941900
9.98186696678686e-08,-941800
9.98225041133017e-08,-941700
9.9826336731912e-08,-941600
9.98301669751034e-08,-941500
9.98339942931087e-08,-941400
9.98378181350545e-08,-941300
9.98416379490444e-08,-941200
9.98454531822248e-08,-941100
9.98492632808647e-08,-941000
9.9853067690435e-08,-940900
9.98568658556814e-08,-940800
9.9860657220707e-08,-940700
9.98644412290523e-08,-940600
9.98682173237734e-08,-940500
9.98719849475241e-08,-940400
9.98757435426403e-08,-940300
9.98794925512246e-08,-940200
9.98832314152249e-08,-940100
9.9886959576527e-08,-940000
9.98906764770371e-08,-939900
9.98943815587642e-08,-939800
9.98980742639205e-08,-939700
9.99017540349945e-08,-939600
9.99054203148522e-08,-939500
9.9909072546818e-08,-939400
9.99127101747742e-08,-939300
9.99163326432445e-08,-939200
9.99199393974888e-08,-939100
9.99235298835967e-08,-939000
9.99271035485811e-08,-938900
9.99306598404676e-08,-938800
9.99341982083914e-08,-938700
9.99377181026961e-08,-938600
9.99412189750219e-08,-938500
9.99447002784041e-08,-938400
9.994816146737e-08,-938300
9.99516019980355e-08,-938200
9.99550213281991e-08,-938100
9.99584189174428e-08,-938000
9.99617942272284e-08,-937900
9.99651467209946e-08,-937800
9.99684758642543e-08,-937700
9.99717811246962e-08,-937600
9.99750619722803e-08,-937500
9.9978317879339e-08,-937400
9.9981548320673e-08,-937300
9.99847527736535e-08,-937200
9.99879307183199e-08,-937100
9.99910816374801e-08,-937000
9.99942050168082e-08,-936900
9.99973003449439e-08,-936800
1.00000367113596e-07,-936700
1.00003404817636e-07,-936600
1.000064129552e-07,-936500
1.00009391027789e-07,-936400
1.00012338540367e-07,-936300
1.00015255001459e-07,-936200
1.00018139923252e-07,-936100
1.0002099282169e-07,-936000
1.00023813216578e-07,-935900
1.00026600631677e-07,-935800
1.000293545948e-07,-935700
1.00032074637914e-07,-935600
1.00034760297235e-07,-935500
1.00037411113324e-07,-935400
1.00040026631189e-07,-935300
1.00042606400372e-07,-935200
1.00045149975056e-07,-935100
1.00047656914149e-07,-935000
1.00050126781391e-07,-934900
1.0005255914544e-07,-934800
1.0005495357997e-07,-934700
1.0005730966376e-07,-934600
1.00059626980796e-07,-934500
1.00061905120353e-07,-934400
1.00064143677096e-07,-934300
1.00066342251162e-07,-934200
1.00068500448263e-07,-934100
1.00070617879763e-07,-934000
1.00072694162777e-07,-933900
1.00074728920253e-07,-933800
1.00076721781067e-07,-933700
1.00078672380104e-07,-933600
1.00080580358347e-07,-933500
1.00082445362963e-07,-933400
1.0008426704739e-07,-933300
1.00086045071415e-07,-933200
1.00087779101263e-07,-933100
1.0008946880968e-07,-933000
1.00091113876009e-07,-932900
1.00092713986278e-07,-932800
1.00094268833275e-07,-932700
1.00095778116626e-07,-932600
1.0009724154288e-07,-932500
1.00098658825579e-07,-932400
1.00100029685338e-07,-932300
1.00101353849917e-07,-932200
1.00102631054302e-07,-932100
1.00103861040771e-07,-932000
1.0010504355897e-07,-931900
1.00106178365983e-07,-931800
1.00107265226403e-07,-931700
1.00108303912402e-07,-931600
1.00109294203796e-07,-931500
1.00110235888116e-07,-931400
1.00111128760671e-07,-931300
1.00111972624614e-07,-931200
1.00112767291004e-07,-931100
1.00113512578874e-07,-931000
1.00114208315285e-07,-930900
1.00114854335391e-07,-930800
1.00115450482497e-07,-930700
1.00115996608116e-07,-930600
1.00116492572027e-07,-930500
1.0011693824233e-07,-930400
1.00117333495501e-07,-930300
1.00117678216445e-07,-930200
1.00117972298541e-07,-930100
1.00118215643708e-07,-930000
1.00118408162436e-07,-929900
1.00118549773849e-07,-929800
1.00118640405745e-07,-929700
1.00118679994638e-07,-929600
1.00118668485809e-07,-929500
1.00118605833345e-07,-929400
1.00118492000182e-07,-929300
1.00118326958143e-07,-929200
1.00118110687978e-07,-929100
1.00117843179402e-07,-929000
1.0011752443113e-07,-928900
1.00117154450911e-07,-928800
1.00116733255561e-07,-928700
1.00116260870999e-07,-928600
1.0011573733227e-07,-928500
1.00115162683578e-07,-928400
1.00114536978317e-07,-928300
1.00113860279088e-07,-928200
1.0011313265773e-07,-928100
1.00112354195343e-07,-928000
1.00111524982308e-07,-927900
1.00110645118301e-07,-927800
1.00109714712324e-07,-927700
1.00108733882713e-07,-927600
1.00107702757155e-07,-927500
1.001066214727e-07,-927400
1.00105490175779e-07,-927300
1.00104309022208e-07,-927200
1.00103078177203e-07,-927100
1.00101797815382e-07,-927000
1.00100468120776e-07,-926900
1.00099089286825e-07,-926800
1.00097661516392e-07,-926700
1.00096185021754e-07,-926600
1.00094660024608e-07,-926500
1.00093086756062e-07,-926400
1.00091465456639e-07,-926300
1.0008979637626e-07,-926200
1.0008807977425e-07,-926100
1.00086315919315e-07,-926000
1.00084505089542e-07,-925900
1.00082647572381e-07,-925800
1.00080743664631e-07,-925700
1.00078793672418e-07,-925600
1.00076797911193e-07,-925500
1.00074756705692e-07,-925400
1.00072670389927e-07,-925300
1.00070539307159e-07,-925200
1.00068363809874e-07,-925100
1.00066144259753e-07,-925000
1.0006388102764e-07,-924900
1.0006157449352e-07,-924800
1.00059225046476e-07,-924700
1.00056833084662e-07,-924600
1.00054399015262e-07,-924500
1.00051923254452e-07,-924400
1.00049406227356e-07,-924300
1.00046848368013e-07,-924200
1.00044250119317e-07,-924100
1.00041611932988e-07,-924000
1.00038934269508e-07,-923900
1.00036217598079e-07,-923800
1.00033462396569e-07,-923700
1.00030669151454e-07,-923600
1.00027838357764e-07,-923500
1.00024970519025e-07,-923400
1.00022066147196e-07,-923300
1.00019125762606e-07,-923200
1.0001614989389e-07,-923100
1.00013139077922e-07,-923000
1.00010093859746e-07,-922900
1.00007014792504e-07,-922800
1.00003902437358e-07,-922700
1.00000757363424e-07,-922600
9.9997580147691e-08,-922500
9.99943713749308e-08,-922400
9.99911316376329e-08,-922300
9.99878615359081e-08,-922200
9.99845616774062e-08,-922100
9.99812326772292e-08,-922000
9.99778751578356e-08,-921900
9.99744897489542e-08,-921800
9.99710770874822e-08,-921700
9.9967637817395e-08,-921600
9.9964172589642e-08,-921500
9.99606820620436e-08,-921400
9.99571668991959e-08,-921300
9.9953627772354e-08,-921200
9.99500653593322e-08,-921100
9.99464803443903e-08,-921000
9.99428734181196e-08,-920900
9.99392452773318e-08,-920800
9.99355966249415e-08,-920700
9.99319281698448e-08,-920600
9.99282406267998e-08,-920500
9.99245347163042e-08,-920400
9.99208111644683e-08,-920300
9.99170707028876e-08,-920200
9.99133140685158e-08,-920100
9.99095420035283e-08,-920000
9.99057552551911e-08,-919900
9.99019545757247e-08,-919800
9.98981407221667e-08,-919700
9.9894314456228e-08,-919600
9.98904765441563e-08,-919500
9.9886627756585e-08,-919400
9.98827688683928e-08,-919300
9.98789006585526e-08,-919200
9.98750239099785e-08,-919100
9.987113940938e-08,-919000
9.98672479471028e-08,-918900
9.98633503169726e-08,-918800
9.9859447316139e-08,-918700
9.98555397449145e-08,-918600
9.98516284066107e-08,-918500
9.98477141073796e-08,-918400
9.98437976560418e-08,-918300
9.98398798639244e-08,-918200
9.98359615446892e-08,-918100
9.983204351416e-08,-918000
9.98281265901533e-08,-917900
9.98242115923056e-08,-917800
9.98202993418922e-08,-917700
9.98163906616545e-08,-917600
9.9812486375616e-08,-917500
9.98085873089086e-08,-917400
9.9804694287584e-08,-917300
9.98008081384361e-08,-917200
9.97969296888096e-08,-917100
9.97930597664208e-08,-917000
9.97891991991648e-08,-916900
9.97853488149286e-08,-916800
9.97815094414035e-08,-916700
9.97776819058861e-08,-916600
9.97738670350969e-08,-916500
9.97700656549791e-08,-916400
9.97662785905058e-08,-916300
9.97625066654855e-08,-916200
9.97587507023661e-08,-916100
9.97550115220365e-08,-916000
9.97512899436291e-08,-915900
9.97475867843192e-08,-915800
9.97439028591285e-08,-915700
9.97402389807236e-08,-915600
9.9736595959215e-08,-915500
9.97329746019539e-08,-915400
9.97293757133337e-08,-915300
9.97258000945865e-08,-915200
9.97222485435788e-08,-915100
9.97187218546103e-08,-915000
9.97152208182128e-08,-914900
9.97117462209408e-08,-914800
9.9708298845175e-08,-914700
9.9704879468914e-08,-914600
9.97014888655743e-08,-914500
9.96981278037806e-08,-914400
9.96947970471747e-08,-914300
9.96914973541997e-08,-914200
9.96882294779058e-08,-914100
9.9684994165744e-08,-914000
9.96817921593677e-08,-913900
9.96786241944293e-08,-913800
9.96754910003767e-08,-913700
9.96723933002604e-08,-913600
9.9669331810528e-08,-913500
9.96663072408306e-08,-913400
9.96633202938227e-08,-913300
9.96603716649637e-08,-913200
9.96574620423287e-08,-913100
9.96545921064067e-08,-913000
9.96517625299139e-08,-912900
9.96489739775967e-08,-912800
9.96462271060457e-08,-912700
9.96435225635041e-08,-912600
9.9640860989679e-08,-912500
9.96382430155579e-08,-912400
9.96356692632247e-08,-912300
9.96331403456743e-08,-912200
9.96306568666318e-08,-912100
9.96282194203789e-08,-912000
9.96258285915699e-08,-911900
9.96234849550609e-08,-911800
9.96211890757358e-08,-911700
9.9618941508338e-08,-911600
9.96167427972971e-08,-911500
9.96145934765685e-08,-911400
9.96124940694635e-08,-911300
9.96104450884957e-08,-911200
9.96084470352156e-08,-911100
9.96065004000621e-08,-911000
9.96046056621977e-08,-910900
9.96027632893723e-08,-910800
9.96009737377645e-08,-910700
9.95992374518422e-08,-910600
9.95975548642199e-08,-910500
9.95959263955214e-08,-910400
9.95943524542394e-08,-910300
9.95928334366104e-08,-910200
9.95913697264802e-08,-910100
9.95899616951797e-08,-910000
9.95886097014071e-08,-909900
9.95873140910985e-08,-909800
9.95860751973246e-08,-909700
9.95848933401708e-08,-909600
9.95837688266335e-08,-909500
9.95827019505115e-08,-909400
9.95816929923121e-08,-909300
9.95807422191462e-08,-909200
9.95798498846403e-08,-909100
9.95790162288473e-08,-909000
9.95782414781609e-08,-908900
9.95775258452331e-08,-908800
9.95768695288979e-08,-908700
9.95762727140992e-08,-908600
9.95757355718237e-08,-908500
9.95752582590333e-08,-908400
9.9574840918604e-08,-908300
9.95744836792737e-08,-908200
9.95741866555909e-08,-908100
9.95739499478607e-08,-908000
9.95737736421114e-08,-907900
9.9573657810048e-08,-907800
9.95736025090232e-08,-907700
9.95736077820044e-08,-907600
9.95736736575534e-08,-907500
9.95738001498005e-08,-907400
9.95739872584313e-08,-907300
9.95742349686786e-08,-907200
9.9574543251309e-08,-907100
9.95749120626271e-08,-907000
9.95753413444729e-08,-906900
9.9575831024236e-08,-906800
9.95763810148556e-08,-906700
9.95769912148546e-08,-906600
9.95776615083462e-08,-906500
9.95783917650638e-08,-906400
9.95791818403938e-08,-906300
9.95800315754128e-08,-906200
9.95809407969208e-08,-906100
9.95819093174938e-08,-906000
9.95829369355268e-08,-905900
9.95840234352927e-08,-905800
9.95851685869998e-08,-905700
9.95863721468549e-08,-905600
9.95876338571285e-08,-905500
9.95889534462332e-08,-905400
9.95903306287982e-08,-905300
9.95917651057493e-08,-905200
9.95932565643999e-08,-905100
9.95948046785376e-08,-905000
9.95964091085255e-08,-904900
9.95980695013918e-08,-904800
9.95997854909476e-08,-904700
9.96015566978872e-08,-904600
9.96033827298995e-08,-904500
9.96052631817942e-08,-904400
9.96071976356175e-08,-904300
9.96091856607787e-08,-904200
9.96112268141823e-08,-904100
9.96133206403616e-08,-904000
9.96154666716169e-08,-903900
9.9617664428159e-08,-903800
9.96199134182538e-08,-903700
9.9622213138379e-08,-903600
9.96245630733693e-08,-903500
9.96269626965838e-08,-903400
9.96294114700589e-08,-903300
9.96319088446854e-08,-903200
9.96344542603672e-08,-903100
9.96370471462016e-08,-903000
9.96396869206507e-08,-902900
9.96423729917271e-08,-902800
9.9645104757171e-08,-902700
9.96478816046418e-08,-902600
9.9650702911906e-08,-902500
9.96535680470297e-08,-902400
9.96564763685771e-08,-902300
9.9659427225804e-08,-902200
9.96624199588683e-08,-902100
9.96654538990276e-08,-902000
9.96685283688479e-08,-901900
9.96716426824186e-08,-901800
9.96747961455592e-08,-901700
9.9677988056038e-08,-901600
9.96812177037901e-08,-901500
9.96844843711323e-08,-901400
9.96877873329936e-08,-901300
9.9691125857132e-08,-901200
9.96944992043629e-08,-901100
9.96979066287917e-08,-901000
9.97013473780359e-08,-900900
9.97048206934634e-08,-900800
9.97083258104219e-08,-900700
9.97118619584784e-08,-900600
9.97154283616487e-08,-900500
9.97190242386414e-08,-900400
9.97226488030956e-08,-900300
9.97263012638171e-08,-900200
9.97299808250239e-08,-900100
9.97336866865858e-08,-900000
9.97374180442701e-08,-899900
9.9741174089983e-08,-899800
9.97449540120112e-08,-899700
9.97487569952758e-08,-899600
9.9752582221568e-08,-899500
9.9756428869799e-08,-899400
9.97602961162452e-08,-899300
9.97641831347966e-08,-899200
9.97680890972003e-08,-899100
9.9772013173303e-08,-899000
9.97759545313051e-08,-898900
9.97799123380029e-08,-898800
9.97838857590281e-08,-898700
9.97878739591013e-08,-898600
9.97918761022707e-08,-898500
9.97958913521563e-08,-898400
9.97999188721954e-08,-898300
9.98039578258803e-08,-898200
9.98080073770028e-08,-898100
9.9812066689893e-08,-898000
9.98161349296563e-08,-897900
9.98202112624124e-08,-897800
9.98242948555344e-08,-897700
9.98283848778767e-08,-897600
9.98324805000129e-08,-897500
9.98365808944693e-08,-897400
9.98406852359471e-08,-897300
9.98447927015611e-08,-897200
9.98489024710579e-08,-897100
9.98530137270412e-08,-897000
9.98571256551988e-08,-896900
9.98612374445182e-08,-896800
9.98653482875051e-08,-896700
9.98694573804041e-08,-896600
9.98735639234026e-08,-896500
9.98776671208517e-08,-896400
9.98817661814689e-08,-896300
9.9885860318544e-08,-896200
9.98899487501473e-08,-896100
9.98940306993232e-08,-896000
9.98981053942925e-08,-895900
9.99021720686461e-08,-895800
9.99062299615379e-08,-895700
9.99102783178727e-08,-895600
9.99143163884921e-08,-895500
9.99183434303574e-08,-895400
9.99223587067326e-08,-895300
9.99263614873543e-08,-895200
9.99303510486112e-08,-895100
9.99343266737145e-08,-895000
9.99382876528574e-08,-894900
9.99422332833866e-08,-894800
9.99461628699576e-08,-894700
9.99500757246927e-08,-894600
9.99539711673334e-08,-894500
9.99578485253885e-08,-894400
9.99617071342853e-08,-894300
9.99655463375036e-08,-894200
9.99693654867208e-08,-894100
9.99731639419431e-08,-894000
9.99769410716401e-08,-893900
9.99806962528672e-08,-893800
9.99844288713957e-08,-893700
9.99881383218261e-08,-893600
9.9991824007709e-08,-893500
9.9995485341656e-08,-893400
9.99991217454472e-08,-893300
1.00002732650138e-07,-893200
1.00006317496158e-07,-893100
1.00009875733411e-07,-893000
1.00013406821364e-07,-892900
1.00016910229139e-07,-892800
1.00020385435599e-07,-892700
1.00023831929433e-07,-892600
1.00027249209223e-07,-892500
1.00030636783531e-07,-892400
1.0003399417096e-07,-892300
1.0003732090023e-07,-892200
1.00040616510227e-07,-892100
1.00043880550075e-07,-892000
1.00047112579185e-07,-891900
1.00050312167308e-07,-891800
1.00053478894581e-07,-891700
1.00056612351573e-07,-891600
1.00059712139325e-07,-891500
1.00062777869388e-07,-891400
1.00065809163852e-07,-891300
1.00068805655381e-07,-891200
1.00071766987233e-07,-891100
1.00074692813292e-07,-891000
1.00077582798076e-07,-890900
1.00080436616761e-07,-890800
1.00083253955187e-07,-890700
1.00086034509874e-07,-890600
1.00088777988019e-07,-890500
1.00091484107508e-07,-890400
1.00094152596909e-07,-890300
1.00096783195467e-07,-890200
1.00099375653099e-07,-890100
1.00101929730387e-07,-890000
1.00104445198558e-07,-889900
1.00106921839477e-07,-889800
1.00109359445613e-07,-889700
1.00111757820036e-07,-889600
1.00114116776377e-07,-889500
1.00116436138806e-07,-889400
1.00118715742004e-07,-889300
1.00120955431126e-07,-889200
1.00123155061767e-07,-889100
1.00125314499927e-07,-889000
1.00127433621965e-07,-888900
1.00129512314561e-07,-888800
1.00131550474669e-07,-888700
1.00133548009469e-07,-888600
1.00135504836317e-07,-888500
1.00137420882696e-07,-888400
1.0013929608616e-07,-888300
1.0014113039428e-07,-888200
1.00142923764583e-07,-888100
1.00144676164493e-07,-888000
1.00146387571275e-07,-887900
1.00148057971963e-07,-887800
1.00149687363304e-07,-887700
1.00151275751684e-07,-887600
1.00152823153063e-07,-887500
1.00154329592909e-07,-887400
1.0015579510612e-07,-887300
1.00157219736958e-07,-887200
1.00158603538968e-07,-887100
1.00159946574915e-07,-887000
1.00161248916695e-07,-886900
1.00162510645267e-07,-886800
1.0016373185057e-07,-886700
1.00164912631446e-07,-886600
1.00166053095558e-07,-886500
1.00167153359317e-07,-886400
1.00168213547786e-07,-886300
1.00169233794612e-07,-886200
1.00170214241933e-07,-886100
1.00171155040299e-07,-886000
1.00172056348591e-07,-885900
1.00172918333925e-07,-885800
1.00173741171582e-07,-885700
1.00174525044911e-07,-885600
1.00175270145249e-07,-885500
1.00175976671833e-07,-885400
1.0017664483171e-07,-885300
1.00177274839662e-07,-885200
1.00177866918109e-07,-885100
1.00178421297024e-07,-885000
1.0017893821385e-07,-884900
1.00179417913411e-07,-884800
1.00179860647827e-07,-884700
1.00180266676427e-07,-884600
1.00180636265661e-07,-884500
1.00180969689017e-07,-884400
1.00181267226934e-07,-884300
1.00181529166718e-07,-884200
1.00181755802455e-07,-884100
1.00181947434925e-07,-884000
1.00182104371522e-07,-883900
1.00182226926165e-07,-883800
1.0018231541922e-07,-883700
1.00182370177414e-07,-883600
1.00182391533753e-07,-883500
1.00182379827437e-07,-883400
1.00182335403784e-07,-883300
1.00182258614147e-07,-883200
1.00182149815833e-07,-883100
1.00182009372025e-07,-883000
1.001818376517e-07,-882900
1.00181635029557e-07,-882800
1.00181401885931e-07,-882700
1.00181138606724e-07,-882600
1.00180845583325e-07,-882500
1.00180523212534e-07,-882400
1.00180171896489e-07,-882300
1.00179792042592e-07,-882200
1.00179384063434e-07,-882100
1.00178948376727e-07,-882000
1.00178485405223e-07,-881900
1.00177995576655e-07,-881800
1.00177479323657e-07,-881700
1.001769370837e-07,-881600
1.00176369299019e-07,-881500
1.0017577641655e-07,-881400
1.00175158887855e-07,-881300
1.00174517169066e-07,-881200
1.00173851720808e-07,-881100
1.00173163008143e-07,-881000
1.00172451500497e-07,-880900
1.00171717671602e-07,-880800
1.00170961999432e-07,-880700
1.00170184966136e-07,-880600
1.0016938705798e-07,-880500
1.00168568765285e-07,-880400
1.00167730582366e-07,-880300
1.00166873007466e-07,-880200
1.00165996542708e-07,-880100
1.00165101694023e-07,-880000
1.00164188971098e-07,-879900
1.00163258887317e-07,-879800
1.00162311959698e-07,-879700
1.00161348708842e-07,-879600
1.00160369658874e-07,-879500
1.00159375337378e-07,-879400
1.00158366275352e-07,-879300
1.00157343007143e-07,-879200
1.00156306070394e-07,-879100
1.00155256005987e-07,-879000
1.00154193357989e-07,-878900
1.00153118673588e-07,-878800
1.00152032503048e-07,-878700
1.00150935399649e-07,-878600
1.00149827919626e-07,-878500
1.0014871062212e-07,-878400
1.00147584069119e-07,-878300
1.00146448825402e-07,-878200
1.00145305458481e-07,-878100
1.00144154538549e-07,-878000
1.00142996638419e-07,-877900
1.00141832333466e-07,-877800
1.00140662201577e-07,-877700
1.00139486823084e-07,-877600
1.00138306780712e-07,-877500
1.00137122659517e-07,-877400
1.00135935046829e-07,-877300
1.00134744532191e-07,-877200
1.00133551707301e-07,-877100
1.00132357165949e-07,-877000
1.00131161503954e-07,-876900
1.00129965319105e-07,-876800
1.001287692111e-07,-876700
1.00127573781474e-07,-876600
1.00126379633543e-07,-876500
1.00125187372336e-07,-876400
1.00123997604526e-07,-876300
1.00122810938367e-07,-876200
1.00121627983623e-07,-876100
1.00120449351501e-07,-876000
1.00119275654579e-07,-875900
1.00118107506735e-07,-875800
1.00116945523075e-07,-875700
1.00115790319865e-07,-875600
1.00114642514444e-07,-875500
1.00113502725161e-07,-875400
1.00112371571292e-07,-875300
1.0011124967296e-07,-875200
1.00110137651059e-07,-875100
1.00109036127175e-07,-875000
1.00107945723498e-07,-874900
1.00106867062743e-07,-874800
1.00105800768065e-07,-874700
1.00104747462968e-07,-874600
1.00103707771227e-07,-874500
1.00102682316788e-07,-874400
1.00101671723684e-07,-874300
1.00100676615942e-07,-874200
1.0009969761749e-07,-874100
1.0009873535206e-07,-874000
1.00097790443093e-07,-873900
1.00096863513642e-07,-873800
1.0009595518627e-07,-873700
1.00095066082951e-07,-873600
1.00094196824969e-07,-873500
1.00093348032809e-07,-873400
1.00092520326056e-07,-873300
1.00091714323286e-07,-873200
1.00090930641957e-07,-873100
1.00090169898303e-07,-873000
1.00089432707213e-07,-872900
1.00088719682128e-07,-872800
1.00088031434921e-07,-872700
1.00087368575781e-07,-872600
1.00086731713097e-07,-872500
1.00086121453336e-07,-872400
1.00085538400926e-07,-872300
1.00084983158131e-07,-872200
1.00084456324929e-07,-872100
1.00083958498887e-07,-872000
1.00083490275032e-07,-871900
1.00083052245729e-07,-871800
1.00082645000545e-07,-871700
1.00082269126128e-07,-871600
1.00081925206061e-07,-871500
1.00081613820748e-07,-871400
1.0008133554726e-07,-871300
1.00081090959216e-07,-871200
1.00080880626639e-07,-871100
1.0008070511582e-07,-871000
1.00080564989176e-07,-870900
1.00080460805118e-07,-870800
1.00080393117902e-07,-870700
1.00080362477495e-07,-870600
1.00080369429426e-07,-870500
1.00080414514648e-07,-870400
1.0008049826939e-07,-870300
1.00080621225014e-07,-870200
1.00080783907871e-07,-870100
1.00080986839151e-07,-870000
1.0008123053474e-07,-869900
1.00081515505067e-07,-869800
1.00081842254967e-07,-869700
1.0008221128352e-07,-869600
1.00082623083907e-07,-869500
1.00083078143268e-07,-869400
1.00083576942544e-07,-869300
1.00084119956327e-07,-869200
1.00084707652721e-07,-869100
1.00085340493179e-07,-869000
1.00086018932363e-07,-868900
1.0008674341799e-07,-868800
1.00087514390685e-07,-868700
1.00088332283829e-07,-868600
1.00089197523413e-07,-868500
1.00090110527887e-07,-868400
1.00091071708012e-07,-868300
1.00092081466716e-07,-868200
1.00093140198941e-07,-868100
1.000942482915e-07,-868000
1.00095406122931e-07,-867900
1.00096614063351e-07,-867800
1.00097872474312e-07,-867700
1.00099181708657e-07,-867600
1.00100542110379e-07,-867500
1.00101954014479e-07,-867400
1.00103417746825e-07,-867300
1.00104933624015e-07,-867200
1.00106501953236e-07,-867100
1.00108123032129e-07,-867000
1.00109797148659e-07,-866900
1.00111524580972e-07,-866800
1.00113305597269e-07,-866700
1.00115140455679e-07,-866600
1.00117029404121e-07,-866500
1.00118972680184e-07,-866400
1.00120970511005e-07,-866300
1.00123023113136e-07,-866200
1.00125130692429e-07,-866100
1.00127293443921e-07,-866000
1.00129511551709e-07,-865900
1.0013178518884e-07,-865800
1.00134114517201e-07,-865700
1.00136499687401e-07,-865600
1.00138940838675e-07,-865500
1.00141438098767e-07,-865400
1.00143991583834e-07,-865300
1.00146601398348e-07,-865200
1.00149267634994e-07,-865100
1.00151990374577e-07,-865000
1.00154769685933e-07,-864900
1.00157605625832e-07,-864800
1.00160498238907e-07,-864700
1.00163447557554e-07,-864600
1.00166453601864e-07,-864500
1.0016951637954e-07,-864400
1.00172635885827e-07,-864300
1.00175812103439e-07,-864200
1.00179045002492e-07,-864100
1.00182334540442e-07,-864000
1.00185680662023e-07,-863900
1.00189083299184e-07,-863800
1.00192542371049e-07,-863700
1.00196057783849e-07,-863600
1.00199629430894e-07,-863500
1.00203257192509e-07,-863400
1.00206940936012e-07,-863300
1.00210680515669e-07,-863200
1.00214475772661e-07,-863100
1.0021832653506e-07,-863000
1.00222232617796e-07,-862900
1.00226193822647e-07,-862800
1.00230209938209e-07,-862700
1.0023428073989e-07,-862600
1.00238405989898e-07,-862500
1.00242585437232e-07,-862400
1.00246818817685e-07,-862300
1.00251105853839e-07,-862200
1.00255446255076e-07,-862100
1.00259839717584e-07,-862000
1.00264285924369e-07,-861900
1.00268784545275e-07,-861800
1.00273335237005e-07,-861700
1.00277937643144e-07,-861600
1.00282591394182e-07,-861500
1.00287296107562e-07,-861400
1.002920513877e-07,-861300
1.00296856826035e-07,-861200
1.00301712001073e-07,-861100
1.00306616478429e-07,-861000
1.00311569810885e-07,-860900
1.00316571538444e-07,-860800
1.00321621188392e-07,-860700
1.00326718275355e-07,-860600
1.00331862301374e-07,-860500
1.00337052755974e-07,-860400
1.00342289116236e-07,-860300
1.0034757084688e-07,-860200
1.00352897400341e-07,-860100
1.00358268216865e-07,-860000
1.00363682724592e-07,-859900
1.00369140339649e-07,-859800
1.00374640466254e-07,-859700
1.00380182496803e-07,-859600
1.0038576581199e-07,-859500
1.00391389780904e-07,-859400
1.00397053761145e-07,-859300
1.00402757098934e-07,-859200
1.00408499129238e-07,-859100
1.00414279175881e-07,-859000
1.0042009655168e-07,-858900
1.00425950558559e-07,-858800
1.00431840487693e-07,-858700
1.00437765619635e-07,-858600
1.0044372522445e-07,-858500
1.00449718561861e-07,-858400
1.00455744881389e-07,-858300
1.00461803422499e-07,-858200
1.00467893414747e-07,-858100
1.00474014077931e-07,-858000
1.00480164622249e-07,-857900
1.00486344248449e-07,-857800
1.00492552147993e-07,-857700
1.00498787503216e-07,-857600
1.00505049487494e-07,-857500
1.005113372654e-07,-857400
1.00517649992888e-07,-857300
1.00523986817446e-07,-857200
1.00530346878284e-07,-857100
1.00536729306502e-07,-857000
1.00543133225265e-07,-856900
1.0054955774999e-07,-856800
1.00556001988516e-07,-856700
1.00562465041294e-07,-856600
1.0056894600157e-07,-856500
1.00575443955568e-07,-856400
1.00581957982681e-07,-856300
1.00588487155657e-07,-856200
1.0059503054079e-07,-856100
1.00601587198112e-07,-856000
1.00608156181588e-07,-855900
1.00614736539303e-07,-855800
1.00621327313667e-07,-855700
1.00627927541599e-07,-855600
1.00634536254738e-07,-855500
1.00641152479631e-07,-855400
1.0064777523793e-07,-855300
1.00654403546602e-07,-855200
1.00661036418118e-07,-855100
1.0066767286066e-07,-855000
1.00674311878322e-07,-854900
1.00680952471305e-07,-854800
1.00687593636126e-07,-854700
1.0069423436582e-07,-854600
1.00700873650132e-07,-854500
1.00707510475736e-07,-854400
1.0071414382642e-07,-854300
1.00720772683301e-07,-854200
1.00727396025019e-07,-854100
1.00734012827948e-07,-854000
1.00740622066386e-07,-853900
1.00747222712767e-07,-853800
1.00753813737855e-07,-853700
1.00760394110949e-07,-853600
1.00766962800078e-07,-853500
1.0077351877221e-07,-853400
1.00780060993438e-07,-853300
1.00786588429187e-07,-853200
1.00793100044409e-07,-853100
1.00799594803781e-07,-853000
1.00806071671896e-07,-852900
1.00812529613462e-07,-852800
1.00818967593495e-07,-852700
1.00825384577509e-07,-852600
1.00831779531713e-07,-852500
1.00838151423193e-07,-852400
1.00844499220108e-07,-852300
1.00850821891875e-07,-852200
1.00857118409357e-07,-852100
1.00863387745044e-07,-852000
1.00869628873243e-07,-851900
1.00875840770255e-07,-851800
1.00882022414558e-07,-851700
1.00888172786986e-07,-851600
1.00894290870908e-07,-851500
1.00900375652398e-07,-851400
1.00906426120419e-07,-851300
1.00912441266987e-07,-851200
1.00918420087348e-07,-851100
1.00924361580141e-07,-851000
1.00930264747571e-07,-850900
1.00936128595575e-07,-850800
1.00941952133979e-07,-850700
1.00947734376667e-07,-850600
1.00953474341737e-07,-850500
1.00959171051662e-07,-850400
1.00964823533442e-07,-850300
1.00970430818765e-07,-850200
1.0097599194415e-07,-850100
1.00981505951105e-07,-850000
1.00986971886274e-07,-849900
1.00992388801581e-07,-849800
1.00997755754374e-07,-849700
1.01003071807573e-07,-849600
1.01008336029799e-07,-849500
1.01013547495527e-07,-849400
1.01018705285209e-07,-849300
1.01023808485417e-07,-849200
1.01028856188971e-07,-849100
1.01033847495068e-07,-849000
1.01038781509416e-07,-848900
1.01043657344351e-07,-848800
1.01048474118972e-07,-848700
1.01053230959252e-07,-848600
1.01057926998166e-07,-848500
1.01062561375806e-07,-848400
1.01067133239495e-07,-848300
1.01071641743907e-07,-848200
1.01076086051173e-07,-848100
1.01080465330992e-07,-848000
1.01084778760742e-07,-847900
1.01089025525584e-07,-847800
1.01093204818568e-07,-847700
1.01097315840736e-07,-847600
1.01101357801217e-07,-847500
1.01105329917334e-07,-847400
1.01109231414691e-07,-847300
1.0111306152728e-07,-847200
1.01116819497565e-07,-847100
1.01120504576578e-07,-847000
1.01124116024004e-07,-846900
1.01127653108278e-07,-846800
1.01131115106662e-07,-846700
1.01134501305333e-07,-846600
1.01137810999472e-07,-846500
1.01141043493335e-07,-846400
1.01144198100343e-07,-846300
1.01147274143151e-07,-846200
1.01150270953736e-07,-846100
1.01153187873458e-07,-846000
1.01156024253151e-07,-845900
1.01158779453182e-07,-845800
1.01161452843527e-07,-845700
1.01164043803843e-07,-845600
1.0116655172353e-07,-845500
1.01168976001808e-07,-845400
1.01171316047775e-07,-845300
1.0117357128047e-07,-845200
1.01175741128949e-07,-845100
1.0117782503233e-07,-845000
1.01179822439868e-07,-844900
1.01181732811009e-07,-844800
1.01183555615449e-07,-844700
1.01185290333192e-07,-844600
1.0118693645461e-07,-844500
1.01188493480496e-07,-844400
1.01189960922116e-07,-844300
1.01191338301268e-07,-844200
1.01192625150338e-07,-844100
1.01193821012339e-07,-844000
1.01194925440977e-07,-843900
1.01195938000694e-07,-843800
1.01196858266716e-07,-843700
1.01197685825109e-07,-843600
1.01198420272819e-07,-843500
1.01199061217727e-07,-843400
1.0119960827869e-07,-843300
1.01200061085589e-07,-843200
1.01200419279374e-07,-843100
1.01200682512111e-07,-843000
1.01200850447023e-07,-842900
1.01200922758534e-07,-842800
1.01200899132314e-07,-842700
1.01200779265319e-07,-842600
1.01200562865836e-07,-842500
1.01200249653516e-07,-842400
1.01199839359429e-07,-842300
1.01199331726088e-07,-842200
1.01198726507503e-07,-842100
1.0119802346921e-07,-842000
1.01197222388311e-07,-841900
1.01196323053522e-07,-841800
1.01195325265197e-07,-841700
1.01194228835376e-07,-841600
1.01193033587812e-07,-841500
1.01191739358022e-07,-841400
1.01190345993303e-07,-841300
1.01188853352789e-07,-841200
1.01187261307466e-07,-841100
1.01185569740223e-07,-841000
1.01183778545875e-07,-840900
1.01181887631201e-07,-840800
1.01179896914981e-07,-840700
1.01177806328018e-07,-840600
1.01175615813184e-07,-840500
1.01173325325437e-07,-840400
1.01170934831866e-07,-840300
1.01168444311712e-07,-840200
1.01165853756403e-07,-840100
1.0116316316958e-07,-840000
1.0116037256713e-07,-839900
1.01157481977213e-07,-839800
1.01154491440288e-07,-839700
1.01151401009142e-07,-839600
1.01148210748917e-07,-839500
1.01144920737135e-07,-839400
1.01141531063725e-07,-839300
1.01138041831042e-07,-839200
1.011344531539e-07,-839100
1.01130765159585e-07,-839000
1.01126977987888e-07,-838900
1.01123091791114e-07,-838800
1.01119106734116e-07,-838700
1.01115022994303e-07,-838600
1.01110840761668e-07,-838500
1.01106560238799e-07,-838400
1.01102181640898e-07,-838300
1.01097705195801e-07,-838200
1.0109313114399e-07,-838100
1.01088459738601e-07,-838000
1.01083691245447e-07,-837900
1.01078825943025e-07,-837800
1.01073864122524e-07,-837700
1.01068806087835e-07,-837600
1.01063652155566e-07,-837500
1.01058402655035e-07,-837400
1.01053057928288e-07,-837300
1.01047618330099e-07,-837200
1.01042084227968e-07,-837100
1.01036456002126e-07,-837000
1.01030734045536e-07,-836900
1.01024918763886e-07,-836800
1.01019010575592e-07,-836700
1.01013009911785e-07,-836600
1.01006917216308e-07,-836500
1.01000732945711e-07,-836400
1.00994457569234e-07,-836300
1.00988091568799e-07,-836200
1.00981635438993e-07,-836100
1.00975089687056e-07,-836000
1.00968454832858e-07,-835900
1.00961731408885e-07,-835800
1.00954919960214e-07,-835700
1.00948021044485e-07,-835600
1.00941035231884e-07,-835500
1.00933963105109e-07,-835400
1.00926805259341e-07,-835300
1.0091956230221e-07,-835200
1.00912234853761e-07,-835100
1.00904823546423e-07,-835000
1.00897329024959e-07,-834900
1.0088975194643e-07,-834800
1.00882092980155e-07,-834700
1.00874352807651e-07,-834600
1.00866532122605e-07,-834500
1.00858631630798e-07,-834400
1.00850652050073e-07,-834300
1.00842594110263e-07,-834200
1.00834458553138e-07,-834100
1.00826246132346e-07,-834000
1.0081795761334e-07,-833900
1.00809593773318e-07,-833800
1.00801155401152e-07,-833700
1.00792643297314e-07,-833600
1.00784058273797e-07,-833500
1.00775401154044e-07,-833400
1.00766672772864e-07,-833300
1.00757873976344e-07,-833200
1.00749005621769e-07,-833100
1.00740068577527e-07,-833000
1.00731063723021e-07,-832900
1.00721991948569e-07,-832800
1.00712854155311e-07,-832700
1.00703651255105e-07,-832600
1.00694384170417e-07,-832500
1.00685053834229e-07,-832400
1.00675661189915e-07,-832300
1.00666207191133e-07,-832200
1.00656692801709e-07,-832100
1.00647118995522e-07,-832000
1.00637486756377e-07,-831900
1.00627797077879e-07,-831800
1.00618050963313e-07,-831700
1.00608249425506e-07,-831600
1.00598393486699e-07,-831500
1.00588484178407e-07,-831400
1.00578522541279e-07,-831300
1.00568509624963e-07,-831200
1.0055844648795e-07,-831100
1.00548334197435e-07,-831000
1.00538173829162e-07,-830900
1.00527966467274e-07,-830800
1.00517713204152e-07,-830700
1.00507415140259e-07,-830600
1.00497073383977e-07,-830500
1.00486689051448e-07,-830400
1.00476263266395e-07,-830300
1.00465797159962e-07,-830200
1.00455291870541e-07,-830100
1.00444748543591e-07,-830000
1.00434168331469e-07,-829900
1.0042355239324e-07,-829800
1.00412901894505e-07,-829700
1.00402218007208e-07,-829600
1.00391501909454e-07,-829500
1.00380754785316e-07,-829400
1.00369977824646e-07,-829300
1.00359172222878e-07,-829200
1.00348339180837e-07,-829100
1.00337479904535e-07,-829000
1.00326595604973e-07,-828900
1.00315687497942e-07,-828800
1.00304756803814e-07,-828700
1.00293804747339e-07,-828600
1.00282832557433e-07,-828500
1.00271841466979e-07,-828400
1.00260832712601e-07,-828300
1.00249807534463e-07,-828200
1.00238767176049e-07,-828100
1.00227712883951e-07,-828000
1.00216645907645e-07,-827900
1.00205567499281e-07,-827800
1.0019447891346e-07,-827700
1.00183381407009e-07,-827600
1.00172276238764e-07,-827500
1.00161164669347e-07,-827400
1.00150047960938e-07,-827300
1.00138927377054e-07,-827200
1.00127804182323e-07,-827100
1.00116679642255e-07,-827000
1.0010555502302e-07,-826900
1.00094431591214e-07,-826800
1.00083310613638e-07,-826700
1.00072193357065e-07,-826600
1.00061081088012e-07,-826500
1.00049975072515e-07,-826400
1.00038876575896e-07,-826300
1.00027786862536e-07,-826200
1.00016707195648e-07,-826100
1.00005638837041e-07,-826000
9.99945830469024e-08,-825900
9.99835410835641e-08,-825800
9.99725142032721e-08,-825700
9.99615036599661e-08,-825600
9.99505107050481e-08,-825500
9.99395365871585e-08,-825400
9.99285825519482e-08,-825300
9.99176498418599e-08,-825200
9.99067396958988e-08,-825100
9.98958533494168e-08,-825000
9.98849920338824e-08,-824900
9.987415697667e-08,-824800
9.98633494008332e-08,-824700
9.98525705248966e-08,-824600
9.98418215626286e-08,-824500
9.98311037228393e-08,-824400
9.98204182091534e-08,-824300
9.9809766219815e-08,-824200
9.97991489474648e-08,-824100
9.97885675789418e-08,-824000
9.97780232950737e-08,-823900
9.97675172704713e-08,-823800
9.97570506733332e-08,-823700
9.97466246652418e-08,-823600
9.97362404009674e-08,-823500
9.97258990282707e-08,-823400
9.971560168772e-08,-823300
9.97053495124918e-08,-823200
9.9695143628183e-08,-823100
9.96849851526351e-08,-823000
9.96748751957419e-08,-822900
9.96648148592779e-08,-822800
9.9654805236716e-08,-822700
9.96448474130594e-08,-822600
9.96349424646648e-08,-822500
9.96250914590781e-08,-822400
9.96152954548684e-08,-822300
9.96055555014669e-08,-822200
9.95958726390084e-08,-822100
9.95862478981716e-08,-822000
9.95766823000327e-08,-821900
9.95671768559167e-08,-821800
9.95577325672404e-08,-821700
9.95483504253846e-08,-821600
9.95390314115492e-08,-821500
9.95297764966118e-08,-821400
9.95205866410031e-08,-821300
9.95114627945778e-08,-821200
9.95024058964849e-08,-821100
9.9493416875049e-08,-821000
9.9484496647652e-08,-820900
9.94756461206192e-08,-820800
9.94668661891045e-08,-820700
9.94581577369903e-08,-820600
9.94495216367769e-08,-820500
9.94409587494893e-08,-820400
9.94324699245712e-08,-820300
9.94240559998059e-08,-820200
9.94157178012162e-08,-820100
9.94074561429843e-08,-820000
9.93992718273681e-08,-819900
9.93911656446277e-08,-819800
9.93831383729458e-08,-819700
9.93751907783637e-08,-819600
9.93673236147074e-08,-819500
9.93595376235316e-08,-819400
9.9351833534056e-08,-819300
9.93442120631124e-08,-819200
9.93366739150905e-08,-819100
9.93292197818902e-08,-819000
9.93218503428821e-08,-818900
9.93145662648552e-08,-818800
9.93073682019911e-08,-818700
9.93002567958233e-08,-818600
9.92932326752085e-08,-818500
9.92862964562989e-08,-818400
9.92794487425208e-08,-818300
9.92726901245502e-08,-818200
9.92660211803035e-08,-818100
9.92594424749141e-08,-818000
9.92529545607299e-08,-817900
9.92465579773049e-08,-817800
9.92402532513927e-08,-817700
9.9234040896949e-08,-817600
9.9227921415131e-08,-817500
9.92218952943073e-08,-817400
9.92159630100624e-08,-817300
9.92101250252099e-08,-817200
9.92043817898085e-08,-817100
9.91987337411751e-08,-817000
9.91931813039103e-08,-816900
9.91877248899138e-08,-816800
9.91823648984198e-08,-816700
9.91771017160162e-08,-816600
9.91719357166765e-08,-816500
9.91668672617993e-08,-816400
9.91618967002353e-08,-816300
9.91570243683299e-08,-816200
9.91522505899625e-08,-816100
9.91475756765858e-08,-816000
9.91429999272751e-08,-815900
9.91385236287711e-08,-815800
9.91341470555252e-08,-815700
9.91298704697596e-08,-815600
9.91256941215077e-08,-815500
9.91216182486766e-08,-815400
9.91176430770994e-08,-815300
9.91137688205864e-08,-815200
9.91099956809968e-08,-815100
9.91063238482875e-08,-815000
9.91027535005759e-08,-814900
9.90992848042127e-08,-814800
9.90959179138274e-08,-814700
9.90926529724119e-08,-814600
9.90894901113769e-08,-814500
9.90864294506215e-08,-814400
9.90834710985974e-08,-814300
9.90806151523844e-08,-814200
9.90778616977573e-08,-814100
9.90752108092526e-08,-814000
9.90726625502458e-08,-813900
9.90702169730185e-08,-813800
9.90678741188321e-08,-813700
9.90656340179993e-08,-813600
9.90634966899594e-08,-813500
9.90614621433474e-08,-813400
9.90595303760694e-08,-813300
9.90577013753788e-08,-813200
9.90559751179424e-08,-813100
9.90543515699213e-08,-813000
9.90528306870396e-08,-812900
9.90514124146594e-08,-812800
9.90500966878527e-08,-812700
9.90488834314763e-08,-812600
9.90477725602408e-08,-812500
9.90467639787831e-08,-812400
9.90458575817448e-08,-812300
9.90450532538304e-08,-812200
9.90443508698887e-08,-812100
9.90437502949801e-08,-812000
9.90432513844408e-08,-811900
9.9042853983958e-08,-811800
9.90425579296336e-08,-811700
9.90423630480526e-08,-811600
9.90422691563476e-08,-811500
9.90422760622664e-08,-811400
9.90423835642336e-08,-811300
9.90425914514178e-08,-811200
9.9042899503788e-08,-811100
9.9043307492182e-08,-811000
9.904381517836e-08,-810900
9.90444223150655e-08,-810800
9.90451286460893e-08,-810700
9.90459339063165e-08,-810600
9.90468378217897e-08,-810500
9.90478401097584e-08,-810400
9.90489404787375e-08,-810300
9.90501386285546e-08,-810200
9.90514342504038e-08,-810100
9.90528270268924e-08,-810000
9.90543166320945e-08,-809900
9.90559027315901e-08,-809800
9.90575849825187e-08,-809700
9.90593630336192e-08,-809600
9.9061236525274e-08,-809500
9.90632050895523e-08,-809400
9.90652683502485e-08,-809300
9.90674259229269e-08,-809200
9.90696774149497e-08,-809100
9.9072022425526e-08,-809000
9.90744605457399e-08,-808900
9.90769913585884e-08,-808800
9.90796144390107e-08,-808700
9.90823293539288e-08,-808600
9.9085135662269e-08,-808500
9.90880329149984e-08,-808400
9.90910206551501e-08,-808300
9.90940984178576e-08,-808200
9.90972657303706e-08,-808100
9.91005221120951e-08,-808000
9.91038670746053e-08,-807900
9.91073001216757e-08,-807800
9.91108207493003e-08,-807700
9.91144284457226e-08,-807600
9.91181226914453e-08,-807500
9.91219029592643e-08,-807400
9.91257687142762e-08,-807300
9.91297194139114e-08,-807200
9.91337545079428e-08,-807100
9.91378734385107e-08,-807000
9.91420756401377e-08,-806900
9.91463605397486e-08,-806800
9.91507275566889e-08,-806700
9.91551761027374e-08,-806600
9.91597055821325e-08,-806500
9.91643153915778e-08,-806400
9.91690049202702e-08,-806300
9.91737735499076e-08,-806200
9.91786206547141e-08,-806100
9.91835456014508e-08,-806000
9.9188547749436e-08,-805900
9.91936264505662e-08,-805800
9.91987810493274e-08,-805700
9.92040108828195e-08,-805600
9.92093152807719e-08,-805500
9.9214693565565e-08,-805400
9.92201450522529e-08,-805300
9.92256690485797e-08,-805200
9.92312648550018e-08,-805100
9.92369317647159e-08,-805000
9.92426690636764e-08,-804900
9.92484760306277e-08,-804800
9.92543519371235e-08,-804700
9.92602960475554e-08,-804600
9.92663076191862e-08,-804500
9.92723859021742e-08,-804400
9.92785301396041e-08,-804300
9.92847395675291e-08,-804200
9.92910134149925e-08,-804100
9.92973509040742e-08,-804000
9.93037512499233e-08,-803900
9.93102136607999e-08,-803800
9.93167373381153e-08,-803700
9.93233214764793e-08,-803600
9.9329965263742e-08,-803500
9.93366678810414e-08,-803400
9.93434285028598e-08,-803300
9.93502462970699e-08,-803200
9.93571204249897e-08,-803100
9.93640500414451e-08,-803000
9.93710342948248e-08,-802900
9.93780723271438e-08,-802800
9.93851632741098e-08,-802700
9.93923062651883e-08,-802600
9.93995004236766e-08,-802500
9.94067448667716e-08,-802400
9.94140387056513e-08,-802300
9.94213810455512e-08,-802200
9.94287709858461e-08,-802100
9.94362076201355e-08,-802000
9.94436900363332e-08,-801900
9.94512173167545e-08,-801800
9.94587885382142e-08,-801700
9.94664027721241e-08,-801600
9.94740590845929e-08,-801500
9.9481756536528e-08,-801400
9.94894941837499e-08,-801300
9.94972710770946e-08,-801200
9.95050862625327e-08,-801100
9.95129387812885e-08,-801000
9.95208276699555e-08,-800900
9.9528751960628e-08,-800800
9.95367106810224e-08,-800700
9.95447028546168e-08,-800600
9.9552727500776e-08,-800500
9.95607836349017e-08,-800400
9.95688702685632e-08,-800300
9.95769864096546e-08,-800200
9.95851310625349e-08,-800100
9.95933032281857e-08,-800000
9.96015019043678e-08,-799900
9.9609726085779e-08,-799800
9.96179747642209e-08,-799700
9.96262469287602e-08,-799600
9.9634541565908e-08,-799500
9.96428576597854e-08,-799400
9.9651194192305e-08,-799300
9.96595501433564e-08,-799200
9.96679244909793e-08,-799100
9.96763162115629e-08,-799000
9.96847242800291e-08,-798900
9.96931476700315e-08,-798800
9.97015853541518e-08,-798700
9.97100363040984e-08,-798600
9.97184994909119e-08,-798500
9.97269738851797e-08,-798400
9.9735458457227e-08,-798300
9.97439521773523e-08,-798200
9.97524540160297e-08,-798100
9.97609629441292e-08,-798000
9.97694779331465e-08,-797900
9.97779979554131e-08,-797800
9.97865219843392e-08,-797700
9.97950489946323e-08,-797600
9.98035779625325e-08,-797500
9.98121078660487e-08,-797400
9.98206376851925e-08,-797300
9.98291664022198e-08,-797200
9.98376930018689e-08,-797100
9.98462164716073e-08,-797000
9.98547358018702e-08,-796900
9.9863249986317e-08,-796800
9.98717580220722e-08,-796700
9.98802589099756e-08,-796600
9.98887516548374e-08,-796500
9.98972352656905e-08,-796400
9.99057087560414e-08,-796300
9.99141711441293e-08,-796200
9.99226214531791e-08,-796100
9.99310587116622e-08,-796000
9.993948195355e-08,-795900
9.99478902185769e-08,-795800
9.99562825524948e-08,-795700
9.99646580073351e-08,-795600
9.99730156416718e-08,-795500
9.99813545208693e-08,-795400
9.99896737173577e-08,-795300
9.9997972310881e-08,-795200
1.00006249388759e-07,-795100
1.00014504046147e-07,-795000
1.00022735386296e-07,-794900
1.00030942520803e-07,-794800
1.00039124569874e-07,-794700
1.00047280662575e-07,-794600
1.00055409937091e-07,-794500
1.00063511540972e-07,-794400
1.00071584631387e-07,-794300
1.00079628375378e-07,-794200
1.00087641950102e-07,-794100
1.00095624543075e-07,-794000
1.00103575352423e-07,-793900
1.00111493587119e-07,-793800
1.00119378467218e-07,-793700
1.00127229224101e-07,-793600
1.00135045100703e-07,-793500
1.00142825351749e-07,-793400
1.0015056924397e-07,-793300
1.00158276056345e-07,-793200
1.00165945080304e-07,-793100
1.0017357561996e-07,-793000
1.00181166992312e-07,-792900
1.00188718527463e-07,-792800
1.00196229568823e-07,-792700
1.00203699473308e-07,-792600
1.00211127611543e-07,-792500
1.00218513368054e-07,-792400
1.00225856141452e-07,-792300
1.00233155344624e-07,-792200
1.00240410404909e-07,-792100
1.00247620764272e-07,-792000
1.00254785879476e-07,-791900
1.00261905222239e-07,-791800
1.00268978279403e-07,-791700
1.00276004553081e-07,-791600
1.002829835608e-07,-791500
1.00289914835656e-07,-791400
1.00296797926436e-07,-791300
1.00303632397758e-07,-791200
1.00310417830189e-07,-791100
1.00317153820364e-07,-791000
1.00323839981098e-07,-790900
1.00330475941491e-07,-790800
1.00337061347025e-07,-790700
1.00343595859657e-07,-790600
1.00350079157902e-07,-790500
1.00356510936912e-07,-790400
1.0036289090855e-07,-790300
1.00369218801444e-07,-790200
1.00375494361058e-07,-790100
1.00381717349732e-07,-790000
1.00387887546724e-07,-789900
1.00394004748252e-07,-789800
1.00400068767513e-07,-789700
1.00406079434712e-07,-789600
1.00412036597067e-07,-789500
1.00417940118817e-07,-789400
1.00423789881218e-07,-789300
1.00429585782537e-07,-789200
1.00435327738028e-07,-789100
1.00441015679907e-07,-789000
1.00446649557322e-07,-788900
1.00452229336306e-07,-788800
1.00457754999735e-07,-788700
1.00463226547257e-07,-788600
1.00468643995243e-07,-788500
1.00474007376701e-07,-788400
1.00479316741204e-07,-788300
1.00484572154789e-07,-788200
1.00489773699872e-07,-788100
1.00494921475136e-07,-788000
1.00500015595419e-07,-787900
1.00505056191593e-07,-787800
1.00510043410434e-07,-787700
1.00514977414491e-07,-787600
1.00519858381933e-07,-787500
1.00524686506402e-07,-787400
1.00529461996848e-07,-787300
1.00534185077371e-07,-787200
1.00538855987033e-07,-787100
1.00543474979682e-07,-787000
1.0054804232376e-07,-786900
1.00552558302108e-07,-786800
1.00557023211751e-07,-786700
1.00561437363698e-07,-786600
1.00565801082711e-07,-786500
1.00570114707084e-07,-786400
1.00574378588405e-07,-786300
1.00578593091318e-07,-786200
1.00582758593273e-07,-786100
1.00586875484272e-07,-786000
1.00590944166605e-07,-785900
1.00594965054584e-07,-785800
1.0059893857427e-07,-785700
1.00602865163188e-07,-785600
1.00606745270044e-07,-785500
1.00610579354431e-07,-785400
1.00614367886528e-07,-785300
1.00618111346796e-07,-785200
1.00621810225671e-07,-785100
1.00625465023243e-07,-785000
1.00629076248941e-07,-784900
1.00632644421202e-07,-784800
1.0063617006714e-07,-784700
1.00639653722214e-07,-784600
1.00643095929884e-07,-784500
1.00646497241267e-07,-784400
1.00649858214786e-07,-784300
1.00653179415816e-07,-784200
1.00656461416335e-07,-784100
1.00659704794549e-07,-784000
1.00662910134539e-07,-783900
1.00666078025883e-07,-783800
1.00669209063293e-07,-783700
1.00672303846239e-07,-783600
1.00675362978565e-07,-783500
1.00678387068119e-07,-783400
1.00681376726362e-07,-783300
1.00684332567993e-07,-783200
1.00687255210552e-07,-783100
1.00690145274042e-07,-783000
1.00693003380536e-07,-782900
1.0069583015378e-07,-782800
1.00698626218813e-07,-782700
1.00701392201561e-07,-782600
1.00704128728457e-07,-782500
1.00706836426035e-07,-782400
1.00709515920545e-07,-782300
1.00712167837553e-07,-782200
1.00714792801547e-07,-782100
1.00717391435552e-07,-782000
1.00719964360724e-07,-781900
1.0072251219597e-07,-781800
1.00725035557549e-07,-781700
1.00727535058689e-07,-781600
1.00730011309195e-07,-781500
1.00732464915062e-07,-781400
1.00734896478097e-07,-781300
1.00737306595533e-07,-781200
1.00739695859646e-07,-781100
1.00742064857391e-07,-781000
1.00744414170014e-07,-780900
1.00746744372692e-07,-780800
1.00749056034159e-07,-780700
1.00751349716348e-07,-780600
1.00753625974031e-07,-780500
1.00755885354458e-07,-780400
1.00758128397011e-07,-780300
1.00760355632858e-07,-780200
1.00762567584604e-07,-780100
1.00764764765966e-07,-780000
1.00766947681425e-07,-779900
1.00769116825913e-07,-779800
1.00771272684485e-07,-779700
1.00773415732005e-07,-779600
1.00775546432833e-07,-779500
1.0077766524053e-07,-779400
1.0077977259755e-07,-779300
1.00781868934959e-07,-779200
1.00783954672142e-07,-779100
1.00786030216532e-07,-779000
1.00788095963337e-07,-778900
1.00790152295276e-07,-778800
1.00792199582331e-07,-778700
1.00794238181485e-07,-778600
1.00796268436493e-07,-778500
1.00798290677645e-07,-778400
1.00800305221541e-07,-778300
1.00802312370878e-07,-778200
1.00804312414235e-07,-778100
1.00806305625882e-07,-778000
1.00808292265578e-07,-777900
1.00810272578404e-07,-777800
1.00812246794576e-07,-777700
1.00814215129281e-07,-777600
1.0081617778253e-07,-777500
1.00818134939008e-07,-777400
1.00820086767931e-07,-777300
1.00822033422928e-07,-777200
1.00823975041918e-07,-777100
1.00825911746994e-07,-777000
1.00827843644342e-07,-776900
1.00829770824138e-07,-776800
1.00831693360469e-07,-776700
1.00833611311272e-07,-776600
1.00835524718264e-07,-776500
1.00837433606906e-07,-776400
1.00839337986347e-07,-776300
1.0084123784941e-07,-776200
1.00843133172563e-07,-776100
1.00845023915916e-07,-776000
1.00846910023216e-07,-775900
1.00848791421869e-07,-775800
1.00850668022951e-07,-775700
1.00852539721243e-07,-775600
1.00854406395279e-07,-775500
1.0085626790739e-07,-775400
1.00858124103778e-07,-775300
1.00859974814574e-07,-775200
1.00861819853938e-07,-775100
1.00863659020139e-07,-775000
1.00865492095668e-07,-774900
1.00867318847342e-07,-774800
1.00869139026444e-07,-774700
1.00870952368839e-07,-774600
1.00872758595129e-07,-774500
1.00874557410805e-07,-774400
1.00876348506407e-07,-774300
1.00878131557706e-07,-774200
1.00879906225874e-07,-774100
1.00881672157692e-07,-774000
1.00883428985739e-07,-773900
1.00885176328614e-07,-773800
1.0088691379115e-07,-773700
1.00888640964651e-07,-773600
1.00890357427124e-07,-773500
1.00892062743534e-07,-773400
1.00893756466056e-07,-773300
1.00895438134348e-07,-773200
1.00897107275815e-07,-773100
1.00898763405906e-07,-773000
1.00900406028391e-07,-772900
1.00902034635673e-07,-772800
1.00903648709086e-07,-772700
1.00905247719219e-07,-772600
1.00906831126227e-07,-772500
1.00908398380178e-07,-772400
1.00909948921376e-07,-772300
1.00911482180719e-07,-772200
1.00912997580038e-07,-772100
1.00914494532464e-07,-772000
1.00915972442794e-07,-771900
1.0091743070786e-07,-771800
1.00918868716906e-07,-771700
1.00920285851977e-07,-771600
1.00921681488305e-07,-771500
1.00923054994702e-07,-771400
1.00924405733969e-07,-771300
1.00925733063296e-07,-771200
1.00927036334669e-07,-771100
1.00928314895299e-07,-771000
1.00929568088028e-07,-770900
1.0093079525176e-07,-770800
1.00931995721889e-07,-770700
1.0093316883073e-07,-770600
1.00934313907957e-07,-770500
1.00935430281036e-07,-770400
1.00936517275677e-07,-770300
1.00937574216267e-07,-770200
1.00938600426327e-07,-770100
1.00939595228957e-07,-770000
1.00940557947288e-07,-769900
1.0094148790494e-07,-769800
1.00942384426469e-07,-769700
1.00943246837831e-07,-769600
1.00944074466835e-07,-769500
1.00944866643606e-07,-769400
1.00945622701038e-07,-769300
1.00946341975258e-07,-769200
1.00947023806083e-07,-769100
1.0094766753748e-07,-769000
1.00948272518023e-07,-768900
1.00948838101354e-07,-768800
1.00949363646634e-07,-768700
1.00949848519009e-07,-768600
1.0095029209005e-07,-768500
1.00950693738219e-07,-768400
1.00951052849309e-07,-768300
1.00951368816899e-07,-768200
1.00951641042797e-07,-768100
1.00951868937482e-07,-768000
1.00952051920543e-07,-767900
1.00952189421118e-07,-767800
1.00952280878326e-07,-767700
1.00952325741699e-07,-767600
1.00952323471601e-07,-767500
1.00952273539653e-07,-767400
1.00952175429152e-07,-767300
1.00952028635475e-07,-767200
1.00951832666495e-07,-767100
1.00951587042978e-07,-767000
1.00951291298976e-07,-766900
1.00950944982227e-07,-766800
1.00950547654528e-07,-766700
1.00950098892126e-07,-766600
1.00949598286081e-07,-766500
1.00949045442635e-07,-766400
1.00948439983574e-07,-766300
1.00947781546572e-07,-766200
1.00947069785551e-07,-766100
1.00946304371001e-07,-766000
1.00945484990325e-07,-765900
1.00944611348153e-07,-765800
1.00943683166659e-07,-765700
1.00942700185871e-07,-765600
1.00941662163963e-07,-765500
1.00940568877551e-07,-765400
1.00939420121972e-07,-765300
1.00938215711555e-07,-765200
1.00936955479887e-07,-765100
1.0093563928007e-07,-765000
1.00934266984957e-07,-764900
1.00932838487402e-07,-764800
1.00931353700476e-07,-764700
1.00929812557685e-07,-764600
1.00928215013182e-07,-764500
1.00926561041964e-07,-764400
1.00924850640053e-07,-764300
1.00923083824677e-07,-764200
1.00921260634445e-07,-764100
1.00919381129484e-07,-764000
1.00917445391608e-07,-763900
1.00915453524437e-07,-763800
1.00913405653531e-07,-763700
1.009113019265e-07,-763600
1.0090914251311e-07,-763500
1.00906927605378e-07,-763400
1.00904657417645e-07,-763300
1.00902332186659e-07,-763200
1.0089995217163e-07,-763100
1.00897517654273e-07,-763000
1.00895028938857e-07,-762900
1.00892486352225e-07,-762800
1.00889890243811e-07,-762700
1.00887240985645e-07,-762600
1.0088453897235e-07,-762500
1.00881784621114e-07,-762400
1.00878978371674e-07,-762300
1.00876120686268e-07,-762200
1.00873212049585e-07,-762100
1.00870252968706e-07,-762000
1.00867243973025e-07,-761900
1.00864185614169e-07,-761800
1.00861078465902e-07,-761700
1.00857923124015e-07,-761600
1.00854720206213e-07,-761500
1.0085147035198e-07,-761400
1.00848174222449e-07,-761300
1.00844832500241e-07,-761200
1.00841445889314e-07,-761100
1.0083801511478e-07,-761000
1.00834540922736e-07,-760900
1.00831024080061e-07,-760800
1.00827465374214e-07,-760700
1.00823865613026e-07,-760600
1.00820225624471e-07,-760500
1.00816546256432e-07,-760400
1.0081282837646e-07,-760300
1.00809072871518e-07,-760200
1.00805280647717e-07,-760100
1.00801452630042e-07,-760000
1.00797589762073e-07,-759900
1.00793693005687e-07,-759800
1.00789763340758e-07,-759700
1.00785801764854e-07,-759600
1.00781809292901e-07,-759500
1.0077778695687e-07,-759400
1.00773735805433e-07,-759300
1.00769656903614e-07,-759200
1.0076555133244e-07,-759100
1.00761420188579e-07,-759000
1.00757264583967e-07,-758900
1.00753085645429e-07,-758800
1.00748884514296e-07,-758700
1.00744662346009e-07,-758600
1.0074042030972e-07,-758500
1.00736159587888e-07,-758400
1.00731881375854e-07,-758300
1.0072758688143e-07,-758200
1.00723277324467e-07,-758100
1.00718953936421e-07,-758000
1.00714617959913e-07,-757900
1.00710270648283e-07,-757800
1.00705913265137e-07,-757700
1.00701547083895e-07,-757600
1.0069717338732e-07,-757500
1.00692793467058e-07,-757400
1.00688408623163e-07,-757300
1.00684020163617e-07,-757200
1.00679629403858e-07,-757100
1.00675237666284e-07,-757000
1.00670846279768e-07,-756900
1.00666456579168e-07,-756800
1.00662069904827e-07,-756700
1.00657687602074e-07,-756600
1.00653311020724e-07,-756500
1.0064894151457e-07,-756400
1.00644580440875e-07,-756300
1.00640229159865e-07,-756200
1.00635889034214e-07,-756100
1.00631561428532e-07,-756000
1.00627247708847e-07,-755900
1.00622949242092e-07,-755800
1.00618667395585e-07,-755700
1.00614403536509e-07,-755600
1.00610159031398e-07,-755500
1.0060593524561e-07,-755400
1.00601733542811e-07,-755300
1.00597555284457e-07,-755200
1.00593401829275e-07,-755100
1.00589274532739e-07,-755000
1.00585174746555e-07,-754900
1.00581103818147e-07,-754800
1.00577063090138e-07,-754700
1.00573053899838e-07,-754600
1.00569077578727e-07,-754500
1.00565135451952e-07,-754400
1.00561228837812e-07,-754300
1.00557359047259e-07,-754200
1.00553527383387e-07,-754100
1.00549735140942e-07,-754000
1.00545983605811e-07,-753900
1.00542274054541e-07,-753800
1.00538607753844e-07,-753700
1.00534985960108e-07,-753600
1.00531409918919e-07,-753500
1.00527880864579e-07,-753400
1.00524400019633e-07,-753300
1.005209685944e-07,-753200
1.00517587786509e-07,-753100
1.00514258780437e-07,-753000
1.00510982747057e-07,-752900
1.00507760843185e-07,-752800
1.00504594211143e-07,-752700
1.00501483978316e-07,-752600
1.00498431256716e-07,-752500
1.00495437142568e-07,-752400
1.0049250271588e-07,-752300
1.00489629040035e-07,-752200
1.00486817161382e-07,-752100
1.00484068108838e-07,-752000
1.00481382893493e-07,-751900
1.00478762508227e-07,-751800
1.00476207927331e-07,-751700
1.00473720106134e-07,-751600
1.00471299980643e-07,-751500
1.00468948467183e-07,-751400
1.00466666462054e-07,-751300
1.00464454841186e-07,-751200
1.00462314459812e-07,-751100
1.00460246152141e-07,-751000
1.00458250731047e-07,-750900
1.00456328987756e-07,-750800
1.00454481691553e-07,-750700
1.00452709589492e-07,-750600
1.00451013406115e-07,-750500
1.00449393843179e-07,-750400
1.00447851579394e-07,-750300
1.00446387270172e-07,-750200
1.00445001547378e-07,-750100
1.00443695019102e-07,-750000
1.00442468269425e-07,-749900
1.00441321858211e-07,-749800
1.00440256320891e-07,-749700
1.00439272168275e-07,-749600
1.00438369886361e-07,-749500
1.00437549936153e-07,-749400
1.00436812753502e-07,-749300
1.00436158748938e-07,-749200
1.00435588307528e-07,-749100
1.00435101788738e-07,-749000
1.00434699526297e-07,-748900
1.00434381828087e-07,-748800
1.00434148976026e-07,-748700
1.00434001225981e-07,-748600
1.00433938807665e-07,-748500
1.00433961924569e-07,-748400
1.00434070753888e-07,-748300
1.00434265446465e-07,-748200
1.00434546126739e-07,-748100
1.00434912892711e-07,-748000
1.00435365815911e-07,-747900
1.00435904941382e-07,-747800
1.00436530287668e-07,-747700
1.00437241846822e-07,-747600
1.0043803958441e-07,-747500
1.00438923439534e-07,-747400
1.00439893324868e-07,-747300
1.0044094912669e-07,-747200
1.00442090704939e-07,-747100
1.00443317893274e-07,-747000
1.00444630499143e-07,-746900
1.00446028303861e-07,-746800
1.00447511062703e-07,-746700
1.00449078505001e-07,-746600
1.00450730334248e-07,-746500
1.00452466228223e-07,-746400
1.0045428583911e-07,-746300
1.00456188793638e-07,-746200
1.00458174693227e-07,-746100
1.00460243114139e-07,-746000
1.00462393607643e-07,-745900
1.00464625700184e-07,-745800
1.00466938893567e-07,-745700
1.00469332665144e-07,-745600
1.00471806468014e-07,-745500
1.00474359731226e-07,-745400
1.00476991859995e-07,-745300
1.00479702235926e-07,-745200
1.00482490217243e-07,-745100
1.00485355139031e-07,-745000
1.00488296313478e-07,-744900
1.00491313030133e-07,-744800
1.00494404556167e-07,-744700
1.00497570136643e-07,-744600
1.00500808994793e-07,-744500
1.00504120332303e-07,-744400
1.00507503329602e-07,-744300
1.0051095714616e-07,-744200
1.00514480920802e-07,-744100
1.00518073772006e-07,-744000
1.0052173479823e-07,-743900
1.00525463078236e-07,-743800
1.00529257671419e-07,-743700
1.00533117618146e-07,-743600
1.00537041940097e-07,-743500
1.00541029640615e-07,-743400
1.0054507970506e-07,-743300
1.00549191101169e-07,-743200
1.00553362779425e-07,-743100
1.00557593673417e-07,-743000
1.00561882700229e-07,-742900
1.00566228760808e-07,-742800
1.00570630740357e-07,-742700
1.0057508750872e-07,-742600
1.00579597920777e-07,-742500
1.00584160816847e-07,-742400
1.00588775023076e-07,-742300
1.00593439351861e-07,-742200
1.00598152602243e-07,-742100
1.00602913560328e-07,-742000
1.00607720999706e-07,-741900
1.00612573681861e-07,-741800
1.00617470356603e-07,-741700
1.00622409762485e-07,-741600
1.00627390627237e-07,-741500
1.00632411668192e-07,-741400
1.00637471592722e-07,-741300
1.00642569098668e-07,-741200
1.0064770287478e-07,-741100
1.00652871601156e-07,-741000
1.00658073949681e-07,-740900
1.00663308584462e-07,-740800
1.00668574162287e-07,-740700
1.00673869333047e-07,-740600
1.00679192740198e-07,-740500
1.006845430212e-07,-740400
1.00689918807961e-07,-740300
1.00695318727288e-07,-740200
1.00700741401325e-07,-740100
1.00706185448013e-07,-740000
1.00711649481526e-07,-739900
1.00717132112717e-07,-739800
1.00722631949575e-07,-739700
1.00728147597654e-07,-739600
1.00733677660532e-07,-739500
1.00739220740247e-07,-739400
1.00744775437738e-07,-739300
1.00750340353293e-07,-739200
1.00755914086985e-07,-739100
1.00761495239108e-07,-739000
1.00767082410617e-07,-738900
1.00772674203566e-07,-738800
1.00778269221527e-07,-738700
1.0078386607004e-07,-738600
1.00789463357023e-07,-738500
1.00795059693214e-07,-738400
1.00800653692579e-07,-738300
1.00806243972744e-07,-738200
1.00811829155404e-07,-738100
1.00817407866745e-07,-738000
1.0082297873785e-07,-737900
1.00828540405109e-07,-737800
1.00834091510621e-07,-737700
1.00839630702601e-07,-737600
1.00845156635769e-07,-737500
1.0085066797175e-07,-737400
1.00856163379457e-07,-737300
1.00861641535486e-07,-737200
1.00867101124486e-07,-737100
1.00872540839543e-07,-737000
1.00877959382546e-07,-736900
1.00883355464566e-07,-736800
1.00888727806206e-07,-736700
1.00894075137965e-07,-736600
1.00899396200589e-07,-736500
1.00904689745428e-07,-736400
1.00909954534765e-07,-736300
1.00915189342165e-07,-736200
1.00920392952801e-07,-736100
1.00925564163786e-07,-736000
1.00930701784491e-07,-735900
1.00935804636862e-07,-735800
1.00940871555732e-07,-735700
1.00945901389123e-07,-735600
1.00950892998546e-07,-735500
1.00955845259292e-07,-735400
1.00960757060723e-07,-735300
1.00965627306548e-07,-735200
1.009704549151e-07,-735100
1.00975238819599e-07,-735000
1.00979977968426e-07,-734900
1.00984671325363e-07,-734800
1.00989317869855e-07,-734700
1.00993916597241e-07,-734600
1.00998466519003e-07,-734500
1.01002966662981e-07,-734400
1.01007416073609e-07,-734300
1.01011813812121e-07,-734200
1.01016158956766e-07,-734100
1.01020450603003e-07,-734000
1.01024687863713e-07,-733900
1.01028869869364e-07,-733800
1.01032995768209e-07,-733700
1.01037064726461e-07,-733600
1.0104107592845e-07,-733500
1.01045028576796e-07,-733400
1.0104892189255e-07,-733300
1.01052755115354e-07,-733200
1.01056527503568e-07,-733100
1.01060238334413e-07,-733000
1.01063886904086e-07,-732900
1.01067472527889e-07,-732800
1.0107099454033e-07,-732700
1.01074452295234e-07,-732600
1.01077845165837e-07,-732500
1.01081172544876e-07,-732400
1.01084433844666e-07,-732300
1.01087628497189e-07,-732200
1.01090755954145e-07,-732100
1.0109381568703e-07,-732000
1.01096807187171e-07,-731900
1.01099729965793e-07,-731800
1.01102583554045e-07,-731700
1.01105367503034e-07,-731600
1.01108081383857e-07,-731500
1.01110724787614e-07,-731400
1.01113297325423e-07,-731300
1.01115798628421e-07,-731200
1.01118228347764e-07,-731100
1.01120586154619e-07,-731000
1.01122871740147e-07,-730900
1.01125084815476e-07,-730800
1.01127225111679e-07,-730700
1.01129292379735e-07,-730600
1.01131286390479e-07,-730500
1.01133206934563e-07,-730400
1.01135053822393e-07,-730300
1.01136826884069e-07,-730200
1.01138525969316e-07,-730100
1.01140150947403e-07,-730000
1.0114170170707e-07,-729900
1.0114317815643e-07,-729800
1.01144580222883e-07,-729700
1.01145907853011e-07,-729600
1.01147161012471e-07,-729500
1.01148339685881e-07,-729400
1.01149443876705e-07,-729300
1.01150473607124e-07,-729200
1.01151428917911e-07,-729100
1.01152309868288e-07,-729000
1.01153116535789e-07,-728900
1.01153849016109e-07,-728800
1.01154507422954e-07,-728700
1.01155091887881e-07,-728600
1.01155602560133e-07,-728500
1.01156039606474e-07,-728400
1.0115640321101e-07,-728300
1.01156693575011e-07,-728200
1.01156910916731e-07,-728100
1.01157055471213e-07,-728000
1.01157127490098e-07,-727900
1.01157127241427e-07,-727800
1.01157055009435e-07,-727700
1.01156911094346e-07,-727600
1.01156695812161e-07,-727500
1.01156409494441e-07,-727400
1.01156052488085e-07,-727300
1.01155625155106e-07,-727200
1.01155127872405e-07,-727100
1.01154561031536e-07,-727000
1.01153925038468e-07,-726900
1.01153220313351e-07,-726800
1.01152447290265e-07,-726700
1.0115160641698e-07,-726600
1.01150698154701e-07,-726500
1.01149722977816e-07,-726400
1.0114868137364e-07,-726300
1.01147573842157e-07,-726200
1.01146400895753e-07,-726100
1.0114516305895e-07,-726000
1.01143860868151e-07,-725900
1.0114249487135e-07,-725800
1.01141065627874e-07,-725700
1.01139573708103e-07,-725600
1.01138019693191e-07,-725500
1.01136404174786e-07,-725400
1.01134727754755e-07,-725300
1.01132991044895e-07,-725200
1.01131194666647e-07,-725100
1.01129339250815e-07,-725000
1.0112742543727e-07,-724900
1.01125453874669e-07,-724800
1.01123425220162e-07,-724700
1.01121340139093e-07,-724600
1.01119199304717e-07,-724500
1.01117003397901e-07,-724400
1.01114753106829e-07,-724300
1.01112449126713e-07,-724200
1.01110092159485e-07,-724100
1.01107682913515e-07,-724000
1.01105222103302e-07,-723900
1.01102710449189e-07,-723800
1.01100148677056e-07,-723700
1.01097537518029e-07,-723600
1.0109487770818e-07,-723500
1.01092169988238e-07,-723400
1.01089415103281e-07,-723300
1.01086613802451e-07,-723200
1.01083766838656e-07,-723100
1.01080874968272e-07,-723000
1.01077938950855e-07,-722900
1.01074959548848e-07,-722800
1.01071937527285e-07,-722700
1.01068873653505e-07,-722600
1.01065768696865e-07,-722500
1.01062623428445e-07,-722400
1.01059438620771e-07,-722300
1.01056215047525e-07,-722200
1.0105295348326e-07,-722100
1.01049654703128e-07,-722000
1.01046319482591e-07,-721900
1.01042948597152e-07,-721800
1.01039542822073e-07,-721700
1.01036102932108e-07,-721600
1.01032629701227e-07,-721500
1.01029123902354e-07,-721400
1.01025586307099e-07,-721300
1.0102201768549e-07,-721200
1.0101841880572e-07,-721100
1.01014790433887e-07,-721000
1.01011133333736e-07,-720900
1.0100744826641e-07,-720800
1.01003735990203e-07,-720700
1.00999997260308e-07,-720600
1.00996232828579e-07,-720500
1.00992443443295e-07,-720400
1.00988629848916e-07,-720300
1.00984792785856e-07,-720200
1.00980932990249e-07,-720100
1.00977051193733e-07,-720000
1.00973148123215e-07,-719900
1.00969224500667e-07,-719800
1.00965281042897e-07,-719700
1.0096131846135e-07,-719600
1.00957337461897e-07,-719500
1.00953338744628e-07,-719400
1.00949323003665e-07,-719300
1.00945290926952e-07,-719200
1.00941243196079e-07,-719100
1.00937180486087e-07,-719000
1.00933103465287e-07,-718900
1.00929012795085e-07,-718800
1.00924909129808e-07,-718700
1.00920793116531e-07,-718600
1.00916665394922e-07,-718500
1.00912526597069e-07,-718400
1.00908377347335e-07,-718300
1.009042182622e-07,-718200
1.00900049950124e-07,-718100
1.00895873011392e-07,-718000
1.00891688037988e-07,-717900
1.00887495613458e-07,-717800
1.00883296312781e-07,-717700
1.00879090702251e-07,-717600
1.00874879339353e-07,-717500
1.00870662772653e-07,-717400
1.00866441541691e-07,-717300
1.00862216176869e-07,-717200
1.00857987199365e-07,-717100
1.00853755121027e-07,-717000
1.0084952044429e-07,-716900
1.0084528366209e-07,-716800
1.00841045257785e-07,-716700
1.00836805705079e-07,-716600
1.00832565467956e-07,-716500
1.00828325000607e-07,-716400
1.00824084747378e-07,-716300
1.00819845142714e-07,-716200
1.00815606611101e-07,-716100
1.00811369567032e-07,-716000
1.00807134414956e-07,-715900
1.00802901549249e-07,-715800
1.00798671354178e-07,-715700
1.00794444203881e-07,-715600
1.00790220462338e-07,-715500
1.00786000483359e-07,-715400
1.0078178461057e-07,-715300
1.00777573177409e-07,-715200
1.00773366507116e-07,-715100
1.00769164912744e-07,-715000
1.00764968697161e-07,-714900
1.00760778153058e-07,-714800
1.00756593562969e-07,-714700
1.00752415199291e-07,-714600
1.00748243324307e-07,-714500
1.00744078190215e-07,-714400
1.00739920039163e-07,-714300
1.00735769103283e-07,-714200
1.00731625604737e-07,-714100
1.00727489755762e-07,-714000
1.0072336175872e-07,-713900
1.00719241806149e-07,-713800
1.00715130080828e-07,-713700
1.00711026755835e-07,-713600
1.00706931994616e-07,-713500
1.00702845951053e-07,-713400
1.00698768769539e-07,-713300
1.00694700585058e-07,-713200
1.00690641523263e-07,-713100
1.00686591700566e-07,-713000
1.00682551224222e-07,-712900
1.00678520192425e-07,-712800
1.00674498694403e-07,-712700
1.00670486810517e-07,-712600
1.00666484612364e-07,-712500
1.00662492162882e-07,-712400
1.00658509516459e-07,-712300
1.00654536719046e-07,-712200
1.00650573808274e-07,-712100
1.00646620813567e-07,-712000
1.00642677756265e-07,-711900
1.00638744649752e-07,-711800
1.00634821499578e-07,-711700
1.00630908303587e-07,-711600
1.0062700505205e-07,-711500
1.00623111727802e-07,-711400
1.00619228306377e-07,-711300
1.00615354756141e-07,-711200
1.00611491038439e-07,-711100
1.00607637107742e-07,-711000
1.0060379291178e-07,-710900
1.00599958391699e-07,-710800
1.00596133482207e-07,-710700
1.00592318111723e-07,-710600
1.00588512202534e-07,-710500
1.00584715670943e-07,-710400
1.00580928427429e-07,-710300
1.00577150376804e-07,-710200
1.00573381418368e-07,-710100
1.00569621446075e-07,-710000
1.00565870348684e-07,-709900
1.0056212800993e-07,-709800
1.00558394308686e-07,-709700
1.00554669119123e-07,-709600
1.00550952310873e-07,-709500
1.00547243749202e-07,-709400
1.00543543295172e-07,-709300
1.00539850805806e-07,-709200
1.0053616613426e-07,-709100
1.00532489129983e-07,-709000
1.00528819638895e-07,-708900
1.00525157503547e-07,-708800
1.00521502563292e-07,-708700
1.00517854654454e-07,-708600
1.00514213610498e-07,-708500
1.00510579262193e-07,-708400
1.00506951437786e-07,-708300
1.00503329963166e-07,-708200
1.00499714662033e-07,-708100
1.00496105356065e-07,-708000
1.00492501865081e-07,-707900
1.00488904007215e-07,-707800
1.00485311599075e-07,-707700
1.00481724455908e-07,-707600
1.00478142391765e-07,-707500
1.00474565219664e-07,-707400
1.00470992751749e-07,-707300
1.00467424799458e-07,-707200
1.00463861173674e-07,-707100
1.00460301684888e-07,-707000
1.00456746143356e-07,-706900
1.00453194359256e-07,-706800
1.00449646142839e-07,-706700
1.00446101304583e-07,-706600
1.0044255965535e-07,-706500
1.00439021006527e-07,-706400
1.00435485170181e-07,-706300
1.00431951959204e-07,-706200
1.00428421187456e-07,-706100
1.00424892669908e-07,-706000
1.00421366222785e-07,-705900
1.00417841663707e-07,-705800
1.00414318811819e-07,-705700
1.00410797487933e-07,-705600
1.00407277514657e-07,-705500
1.00403758716526e-07,-705400
1.00400240920135e-07,-705300
1.00396723954257e-07,-705200
1.00393207649975e-07,-705100
1.00389691840798e-07,-705000
1.00386176362786e-07,-704900
1.00382661054658e-07,-704800
1.00379145757916e-07,-704700
1.00375630316951e-07,-704600
1.0037211457915e-07,-704500
1.0036859839501e-07,-704400
1.00365081618236e-07,-704300
1.00361564105848e-07,-704200
1.00358045718268e-07,-704100
1.00354526319432e-07,-704000
1.0035100577687e-07,-703900
1.00347483961801e-07,-703800
1.00343960749227e-07,-703700
1.00340436018004e-07,-703600
1.00336909650936e-07,-703500
1.00333381534849e-07,-703400
1.00329851560666e-07,-703300
1.00326319623485e-07,-703200
1.00322785622644e-07,-703100
1.00319249461793e-07,-703000
1.00315711048955e-07,-702900
1.00312170296587e-07,-702800
1.00308627121646e-07,-702700
1.00305081445635e-07,-702600
1.0030153319466e-07,-702500
1.0029798229948e-07,-702400
1.00294428695558e-07,-702300
1.00290872323091e-07,-702200
1.00287313127066e-07,-702100
1.00283751057292e-07,-702000
1.0028018606843e-07,-701900
1.00276618120032e-07,-701800
1.00273047176567e-07,-701700
1.00269473207448e-07,-701600
1.00265896187051e-07,-701500
1.00262316094741e-07,-701400
1.00258732914883e-07,-701300
1.00255146636863e-07,-701200
1.00251557255093e-07,-701100
1.00247964769023e-07,-701000
1.00244369183145e-07,-700900
1.00240770506997e-07,-700800
1.00237168755163e-07,-700700
1.00233563947267e-07,-700600
1.00229956107972e-07,-700500
1.00226345266967e-07,-700400
1.00222731458959e-07,-700300
1.0021911472366e-07,-700200
1.00215495105764e-07,-700100
1.00211872654936e-07,-700000
1.00208247425783e-07,-699900
1.00204619477834e-07,-699800
1.00200988875515e-07,-699700
1.00197355688109e-07,-699600
1.00193719989738e-07,-699500
1.00190081859314e-07,-699400
1.00186441380516e-07,-699300
1.00182798641739e-07,-699200
1.00179153736059e-07,-699100
1.00175506761184e-07,-699000
1.00171857819414e-07,-698900
1.00168207017585e-07,-698800
1.00164554467022e-07,-698700
1.00160900283484e-07,-698600
1.00157244587113e-07,-698500
1.00153587502373e-07,-698400
1.00149929157985e-07,-698300
1.00146269686878e-07,-698200
1.00142609226114e-07,-698100
1.00138947916828e-07,-698000
1.00135285904166e-07,-697900
1.00131623337198e-07,-697800
1.00127960368867e-07,-697700
1.00124297155905e-07,-697600
1.00120633858759e-07,-697500
1.0011697064152e-07,-697400
1.00113307671841e-07,-697300
1.00109645120854e-07,-697200
1.001059831631e-07,-697100
1.00102321976433e-07,-697000
1.00098661741946e-07,-696900
1.00095002643882e-07,-696800
1.00091344869544e-07,-696700
1.00087688609213e-07,-696600
1.00084034056056e-07,-696500
1.0008038140603e-07,-696400
1.000767308578e-07,-696300
1.00073082612637e-07,-696200
1.0006943687433e-07,-696100
1.00065793849088e-07,-696000
1.00062153745442e-07,-695900
1.00058516774151e-07,-695800
1.00054883148105e-07,-695700
1.00051253082219e-07,-695600
1.00047626793344e-07,-695500
1.00044004500153e-07,-695400
1.00040386423053e-07,-695300
1.00036772784074e-07,-695200
1.00033163806769e-07,-695100
1.00029559716111e-07,-695000
1.0002596073839e-07,-694900
1.00022367101103e-07,-694800
1.00018779032859e-07,-694700
1.00015196763264e-07,-694600
1.00011620522817e-07,-694500
1.00008050542814e-07,-694400
1.00004487055225e-07,-694300
1.00000930292599e-07,-694200
9.99973804879516e-08,-694100
9.99938378746625e-08,-694000
9.99903026863638e-08,-693900
9.99867751568329e-08,-693800
9.99832555198865e-08,-693700
9.99797440092733e-08,-693600
9.99762408585639e-08,-693500
9.99727463010427e-08,-693400
9.99692605696063e-08,-693300
9.99657838966498e-08,-693200
9.99623165139599e-08,-693100
9.99588586526105e-08,-693000
9.99554105428531e-08,-692900
9.99519724140141e-08,-692800
9.99485444943805e-08,-692700
9.99451270111013e-08,-692600
9.99417201900787e-08,-692500
9.99383242558611e-08,-692400
9.99349394315422e-08,-692300
9.99315659386508e-08,-692200
9.9928203997048e-08,-692100
9.99248538248275e-08,-692000
9.99215156382079e-08,-691900
9.99181896514312e-08,-691800
9.99148760766606e-08,-691700
9.99115751238779e-08,-691600
9.9908287000786e-08,-691500
9.99050119127032e-08,-691400
9.99017500624683e-08,-691300
9.98985016503396e-08,-691200
9.98952668738957e-08,-691100
9.98920459279396e-08,-691000
9.98888390044007e-08,-690900
9.988564629224e-08,-690800
9.98824679773553e-08,-690700
9.98793042424837e-08,-690600
9.98761552671116e-08,-690500
9.98730212273819e-08,-690400
9.98699022959999e-08,-690300
9.98667986421445e-08,-690200
9.98637104313798e-08,-690100
9.98606378255604e-08,-690000
9.98575809827508e-08,-689900
9.98545400571355e-08,-689800
9.98515151989296e-08,-689700
9.98485065543015e-08,-689600
9.98455142652836e-08,-689500
9.98425384696874e-08,-689400
9.9839579301033e-08,-689300
9.98366368884553e-08,-689200
9.98337113566322e-08,-689100
9.98308028257066e-08,-689000
9.98279114112043e-08,-688900
9.98250372239651e-08,-688800
9.98221803700633e-08,-688700
9.9819340950734e-08,-688600
9.98165190623049e-08,-688500
9.98137147961208e-08,-688400
9.98109282384768e-08,-688300
9.98081594705501e-08,-688200
9.98054085683295e-08,-688100
9.98026756025542e-08,-688000
9.97999606386429e-08,-687900
9.9797263736641e-08,-687800
9.97945849511458e-08,-687700
9.97919243312546e-08,-687600
9.97892819205071e-08,-687500
9.97866577568165e-08,-687400
9.97840518724276e-08,-687300
9.97814642938503e-08,-687200
9.97788950418131e-08,-687100
9.97763441312086e-08,-687000
9.97738115710401e-08,-686900
9.97712973643781e-08,-686800
9.97688015083088e-08,-686700
9.97663239938883e-08,-686600
9.97638648060987e-08,-686500
9.97614239238054e-08,-686400
9.97590013197151e-08,-686300
9.97565969603338e-08,-686200
9.97542108059334e-08,-686100
9.97518428105076e-08,-686000
9.97494929217428e-08,-685900
9.97471610809832e-08,-685800
9.97448472231958e-08,-685700
9.97425512769426e-08,-685600
9.97402731643514e-08,-685500
9.97380128010885e-08,-685400
9.97357700963337e-08,-685300
9.97335449527567e-08,-685200
9.97313372664936e-08,-685100
9.97291469271284e-08,-685000
9.97269738176725e-08,-684900
9.97248178145513e-08,-684800
9.97226787875886e-08,-684700
9.97205565999898e-08,-684600
9.97184511083305e-08,-684500
9.97163621625557e-08,-684400
9.97142896059608e-08,-684300
9.97122332751921e-08,-684200
9.97101930002425e-08,-684100
9.97081686044462e-08,-684000
9.97061599044838e-08,-683900
9.97041667103784e-08,-683800
9.97021888255022e-08,-683700
9.97002260465833e-08,-683600
9.96982781637112e-08,-683500
9.96963449603447e-08,-683400
9.96944262133289e-08,-683300
9.96925216929048e-08,-683200
9.96906311627254e-08,-683100
9.96887543798724e-08,-683000
9.9686891094881e-08,-682900
9.96850410517536e-08,-682800
9.96832039879937e-08,-682700
9.96813796346214e-08,-682600
9.96795677162086e-08,-682500
9.96777679509105e-08,-682400
9.96759800504909e-08,-682300
9.96742037203619e-08,-682200
9.96724386596221e-08,-682100
9.9670684561092e-08,-682000
9.96689411113586e-08,-681900
9.96672079908149e-08,-681800
9.96654848737107e-08,-681700
9.96637714281974e-08,-681600
9.96620673163792e-08,-681500
9.96603721943666e-08,-681400
9.96586857123291e-08,-681300
9.96570075145562e-08,-681200
9.9655337239515e-08,-681100
9.96536745199116e-08,-681000
9.96520189827578e-08,-680900
9.96503702494371e-08,-680800
9.96487279357688e-08,-680700
9.96470916520919e-08,-680600
9.96454610033267e-08,-680500
9.96438355890575e-08,-680400
9.96422150036119e-08,-680300
9.96405988361385e-08,-680200
9.96389866706936e-08,-680100
9.96373780863315e-08,-680000
9.96357726571824e-08,-679900
9.96341699525522e-08,-679800
9.96325695370197e-08,-679700
9.96309709705205e-08,-679600
9.96293738084573e-08,-679500
9.96277776017967e-08,-679400
9.96261818971729e-08,-679300
9.9624586236995e-08,-679200
9.96229901595552e-08,-679100
9.96213931991429e-08,-679000
9.9619794886153e-08,-678900
9.96181947472098e-08,-678800
9.96165923052818e-08,-678700
9.96149870798028e-08,-678600
9.96133785867956e-08,-678500
9.96117663390029e-08,-678400
9.96101498460144e-08,-678300
9.96085286143956e-08,-678200
9.96069021478256e-08,-678100
9.9605269947232e-08,-678000
9.96036315109315e-08,-677900
9.96019863347711e-08,-677800
9.96003339122693e-08,-677700
9.95986737347683e-08,-677600
9.95970052915789e-08,-677500
9.95953280701329e-08,-677400
9.9593641556139e-08,-677300
9.95919452337359e-08,-677200
9.95902385856529e-08,-677100
9.95885210933711e-08,-677000
9.95867922372876e-08,-676900
9.95850514968783e-08,-676800
9.95832983508664e-08,-676700
9.95815322774008e-08,-676600
9.95797527542145e-08,-676500
9.95779592588112e-08,-676400
9.95761512686378e-08,-676300
9.95743282612624e-08,-676200
9.95724897145601e-08,-676100
9.95706351068895e-08,-676000
9.9568763917287e-08,-675900
9.95668756256478e-08,-675800
9.95649697129169e-08,-675700
9.95630456612793e-08,-675600
9.9561102954362e-08,-675500
9.95591410774156e-08,-675400
9.95571595175227e-08,-675300
9.95551577637908e-08,-675200
9.95531353075578e-08,-675100
9.95510916425897e-08,-675000
9.95490262652878e-08,-674900
9.95469386748944e-08,-674800
9.95448283736967e-08,-674700
9.95426948672408e-08,-674600
9.95405376645392e-08,-674500
9.95383562782832e-08,-674400
9.95361502250539e-08,-674300
9.95339190255382e-08,-674200
9.9531662204747e-08,-674100
9.95293792922252e-08,-674000
9.95270698222774e-08,-673900
9.95247333341824e-08,-673800
9.95223693724117e-08,-673700
9.95199774868533e-08,-673600
9.95175572330326e-08,-673500
9.95151081723342e-08,-673400
9.95126298722242e-08,-673300
9.95101219064758e-08,-673200
9.95075838553935e-08,-673100
9.95050153060359e-08,-673000
9.95024158524398e-08,-672900
9.94997850958523e-08,-672800
9.94971226449486e-08,-672700
9.94944281160632e-08,-672600
9.94917011334118e-08,-672500
9.94889413293223e-08,-672400
9.94861483444545e-08,-672300
9.94833218280336e-08,-672200
9.94804614380653e-08,-672100
9.94775668415728e-08,-672000
9.94746377148119e-08,-671900
9.94716737435018e-08,-671800
9.94686746230434e-08,-671700
9.94656400587459e-08,-671600
9.94625697660486e-08,-671500
9.94594634707401e-08,-671400
9.94563209091803e-08,-671300
9.94531418285194e-08,-671200
9.94499259869144e-08,-671100
9.94466731537529e-08,-671000
9.94433831098549e-08,-670900
9.94400556477007e-08,-670800
9.94366905716365e-08,-670700
9.9433287698086e-08,-670600
9.94298468557607e-08,-670500
9.9426367885864e-08,-670400
9.94228506423023e-08,-670300
9.94192949918854e-08,-670200
9.94157008145223e-08,-670100
9.9412068003429e-08,-670000
9.94083964653226e-08,-669900
9.94046861206098e-08,-669800
9.94009369035859e-08,-669700
9.93971487626185e-08,-669600
9.93933216603378e-08,-669500
9.93894555738146e-08,-669400
9.93855504947483e-08,-669300
9.9381606429636e-08,-669200
9.93776233999551e-08,-669100
9.93736014423225e-08,-669000
9.93695406086765e-08,-668900
9.9365440966433e-08,-668800
9.93613025986421e-08,-668700
9.93571256041545e-08,-668600
9.93529100977686e-08,-668500
9.93486562103817e-08,-668400
9.93443640891332e-08,-668300
9.93400338975502e-08,-668200
9.9335665815681e-08,-668100
9.9331260040227e-08,-668000
9.93268167846783e-08,-667900
9.93223362794286e-08,-667800
9.93178187719003e-08,-667700
9.93132645266607e-08,-667600
9.93086738255283e-08,-667500
9.93040469676789e-08,-667400
9.92993842697487e-08,-667300
9.92946860659285e-08,-667200
9.92899527080564e-08,-667100
9.92851845656968e-08,-667000
9.92803820262281e-08,-666900
9.92755454949146e-08,-666800
9.92706753949735e-08,-666700
9.9265772167644e-08,-666600
9.92608362722414e-08,-666500
9.92558681862101e-08,-666400
9.92508684051742e-08,-666300
9.92458374429765e-08,-666200
9.92407758317113e-08,-666100
9.92356841217606e-08,-666000
9.92305628818095e-08,-665900
9.92254126988694e-08,-665800
9.92202341782894e-08,-665700
9.92150279437558e-08,-665600
9.9209794637297e-08,-665500
9.92045349192754e-08,-665400
9.91992494683676e-08,-665300
9.91939389815539e-08,-665200
9.91886041740793e-08,-665100
9.91832457794357e-08,-665000
9.91778645493044e-08,-664900
9.91724612535288e-08,-664800
9.91670366800444e-08,-664700
9.91615916348263e-08,-664600
9.91561269418253e-08,-664500
9.91506434428917e-08,-664400
9.91451419976937e-08,-664300
9.91396234836343e-08,-664200
9.91340887957517e-08,-664100
9.91285388466269e-08,-664000
9.91229745662688e-08,-663900
9.91173969020042e-08,-663800
9.91118068183532e-08,-663700
9.91062052969053e-08,-663600
9.91005933361765e-08,-663500
9.90949719514769e-08,-663400
9.90893421747546e-08,-663300
9.90837050544383e-08,-663200
9.90780616552821e-08,-663100
9.90724130581865e-08,-663000
9.90667603600268e-08,-662900
9.90611046734638e-08,-662800
9.9055447126763e-08,-662700
9.9049788863581e-08,-662600
9.90441310427764e-08,-662500
9.90384748381854e-08,-662400
9.90328214384142e-08,-662300
9.90271720466021e-08,-662200
9.90215278801978e-08,-662100
9.90158901707184e-08,-662000
9.90102601635012e-08,-661900
9.90046391174528e-08,-661800
9.89990283047889e-08,-661700
9.89934290107703e-08,-661600
9.89878425334299e-08,-661500
9.89822701832925e-08,-661400
9.89767132830903e-08,-661300
9.89711731674727e-08,-661200
9.89656511827054e-08,-661100
9.89601486863675e-08,-661000
9.89546670470406e-08,-660900
9.89492076439968e-08,-660800
9.89437718668659e-08,-660700
9.89383611153139e-08,-660600
9.89329767987098e-08,-660500
9.89276203357793e-08,-660400
9.8922293154264e-08,-660300
9.8916996690563e-08,-660200
9.89117323893851e-08,-660100
9.89065017033772e-08,-660000
9.89013060927589e-08,-659900
9.88961470249523e-08,-659800
9.88910259741988e-08,-659700
9.88859444211744e-08,-659600
9.88809038526074e-08,-659500
9.88759057608823e-08,-659400
9.88709516436345e-08,-659300
9.88660430033598e-08,-659200
9.8861181346994e-08,-659100
9.88563681855126e-08,-659000
9.8851605033507e-08,-658900
9.88468934087686e-08,-658800
9.88422348318611e-08,-658700
9.8837630825695e-08,-658600
9.88330829150973e-08,-658500
9.88285926263703e-08,-658400
9.88241614868594e-08,-658300
9.88197910245049e-08,-658200
9.88154827674026e-08,-658100
9.88112382433508e-08,-658000
9.88070589793999e-08,-657900
9.8802946501398e-08,-657800
9.87989023335382e-08,-657700
9.87949279978929e-08,-657600
9.87910250139583e-08,-657500
9.87871948981863e-08,-657400
9.87834391635202e-08,-657300
9.87797593189291e-08,-657200
9.87761568689384e-08,-657100
9.87726333131545e-08,-657000
9.87691901458002e-08,-656900
9.8765828855235e-08,-656800
9.87625509234862e-08,-656700
9.87593578257696e-08,-656600
9.87562510300153e-08,-656500
9.87532319963915e-08,-656400
9.87503021768309e-08,-656300
9.87474630145459e-08,-656200
9.87447159435611e-08,-656100
9.87420623882294e-08,-656000
9.87395037627607e-08,-655900
9.87370414707435e-08,-655800
9.87346769046676e-08,-655700
9.8732411445459e-08,-655600
9.87302464619908e-08,-655500
9.87281833106287e-08,-655400
9.87262233347465e-08,-655300
9.87243678642642e-08,-655200
9.87226182151813e-08,-655100
9.87209756891072e-08,-655000
9.87194415727974e-08,-654900
9.87180171376972e-08,-654800
9.87167036394791e-08,-654700
9.87155023175887e-08,-654600
9.87144143947886e-08,-654500
9.87134410767137e-08,-654400
9.87125835514173e-08,-654300
9.87118429889304e-08,-654200
9.87112205408231e-08,-654100
9.8710717339764e-08,-654000
9.87103344990901e-08,-653900
9.87100731123782e-08,-653800
9.87099342530137e-08,-653700
9.87099189737825e-08,-653600
9.87100283064451e-08,-653500
9.87102632613245e-08,-653400
9.87106248269084e-08,-653300
9.87111139694436e-08,-653200
9.87117316325332e-08,-653100
9.87124787367591e-08,-653000
9.87133561792833e-08,-652900
9.87143648334769e-08,-652800
9.87155055485441e-08,-652700
9.8716779149151e-08,-652600
9.87181864350667e-08,-652500
9.8719728180809e-08,-652400
9.87214051352922e-08,-652300
9.87232180214863e-08,-652200
9.87251675360802e-08,-652100
9.87272543491518e-08,-652000
9.87294791038489e-08,-651900
9.87318424160735e-08,-651800
9.87343448741718e-08,-651700
9.87369870386342e-08,-651600
9.87397694418068e-08,-651500
9.87426925876018e-08,-651400
9.87457569512234e-08,-651300
9.87489629788953e-08,-651200
9.87523110876038e-08,-651100
9.875580166484e-08,-651000
9.87594350683583e-08,-650900
9.87632116259404e-08,-650800
9.87671316351651e-08,-650700
9.87711953631902e-08,-650600
9.87754030465411e-08,-650500
9.87797548909112e-08,-650400
9.87842510709678e-08,-650300
9.87888917301696e-08,-650200
9.87936769805866e-08,-650100
9.87986069027431e-08,-650000
9.88036815454572e-08,-649900
9.88089009256909e-08,-649800
9.88142650284205e-08,-649700
9.88197738065026e-08,-649600
9.88254271805555e-08,-649500
9.88312250388566e-08,-649400
9.88371672372371e-08,-649300
9.88432535989985e-08,-649200
9.88494839148274e-08,-649100
9.88558579427313e-08,-649000
9.88623754079798e-08,-648900
9.88690360030486e-08,-648800
9.88758393875898e-08,-648700
9.88827851883949e-08,-648600
9.88898729993772e-08,-648500
9.889710238157e-08,-648400
9.8904472863118e-08,-648300
9.89119839392936e-08,-648200
9.89196350725223e-08,-648100
9.89274256924081e-08,-648000
9.89353551957793e-08,-647900
9.89434229467404e-08,-647800
9.8951628276737e-08,-647700
9.8959970484627e-08,-647600
9.89684488367639e-08,-647500
9.89770625670913e-08,-647400
9.89858108772478e-08,-647300
9.89946929366825e-08,-647200
9.90037078827724e-08,-647100
9.90128548209686e-08,-647000
9.90221328249332e-08,-646900
9.90315409366957e-08,-646800
9.90410781668203e-08,-646700
9.90507434945802e-08,-646600
9.90605358681463e-08,-646500
9.90704542047754e-08,-646400
9.90804973910233e-08,-646300
9.90906642829582e-08,-646200
9.91009537063834e-08,-646100
9.91113644570748e-08,-646000
9.91218953010261e-08,-645900
9.91325449747025e-08,-645800
9.91433121853055e-08,-645700
9.91541956110444e-08,-645600
9.91651939014258e-08,-645500
9.91763056775363e-08,-645400
9.91875295323555e-08,-645300
9.91988640310593e-08,-645200
9.92103077113407e-08,-645100
9.92218590837467e-08,-645000
9.92335166320035e-08,-644900
9.92452788133758e-08,-644800
9.92571440590175e-08,-644700
9.92691107743352e-08,-644600
9.92811773393593e-08,-644500
9.92933421091332e-08,-644400
9.93056034140934e-08,-644300
9.93179595604737e-08,-644200
9.93304088307087e-08,-644100
9.93429494838461e-08,-644000
9.93555797559676e-08,-643900
9.93682978606225e-08,-643800
9.93811019892599e-08,-643700
9.93939903116737e-08,-643600
9.94069609764513e-08,-643500
9.94200121114378e-08,-643400
9.94331418241932e-08,-643300
9.94463482024689e-08,-643200
9.94596293146877e-08,-643100
9.94729832104206e-08,-643000
9.94864079208867e-08,-642900
9.94999014594471e-08,-642800
9.95134618221049e-08,-642700
9.95270869880186e-08,-642600
9.95407749200146e-08,-642500
9.95545235651083e-08,-642400
9.95683308550264e-08,-642300
9.95821947067423e-08,-642200
9.95961130230058e-08,-642100
9.96100836928886e-08,-642000
9.96241045923256e-08,-641900
9.96381735846632e-08,-641800
9.96522885212158e-08,-641700
9.96664472418222e-08,-641600
9.96806475754032e-08,-641500
9.96948873405321e-08,-641400
9.97091643459968e-08,-641300
9.97234763913779e-08,-641200
9.97378212676149e-08,-641100
9.97521967575949e-08,-641000
9.97666006367203e-08,-640900
9.97810306734998e-08,-640800
9.97954846301307e-08,-640700
9.98099602630856e-08,-640600
9.9824455323702e-08,-640500
9.98389675587694e-08,-640400
9.9853494711129e-08,-640300
9.98680345202574e-08,-640200
9.9882584722868e-08,-640100
9.98971430535036e-08,-640000
9.99117072451326e-08,-639900
9.99262750297426e-08,-639800
9.99408441389454e-08,-639700
9.99554123045613e-08,-639600
9.99699772592252e-08,-639500
9.99845367369811e-08,-639400
9.99990884738751e-08,-639300
1.00013630208551e-07,-639200
1.00028159682845e-07,-639100
1.00042674642378e-07,-639000
1.0005717283715e-07,-638900
1.00071652022122e-07,-638800
1.00086109957813e-07,-638700
1.00100544410881e-07,-638600
1.00114953154709e-07,-638500
1.00129333969984e-07,-638400
1.00143684645278e-07,-638300
1.00158002977624e-07,-638200
1.00172286773089e-07,-638100
1.00186533847343e-07,-638000
1.00200742026229e-07,-637900
1.00214909146324e-07,-637800
1.00229033055492e-07,-637700
1.00243111613454e-07,-637600
1.00257142692328e-07,-637500
1.00271124177173e-07,-637400
1.0028505396655e-07,-637300
1.00298929973035e-07,-637200
1.00312750123772e-07,-637100
1.00326512360992e-07,-637000
1.00340214642535e-07,-636900
1.00353854942371e-07,-636800
1.0036743125111e-07,-636700
1.00380941576508e-07,-636600
1.00394383943969e-07,-636500
1.00407756397034e-07,-636400
1.00421056997873e-07,-636300
1.00434283827766e-07,-636200
1.00447434987577e-07,-636100
1.00460508598222e-07,-636000
1.0047350280113e-07,-635900
1.00486415758697e-07,-635800
1.00499245654731e-07,-635700
1.00511990694898e-07,-635600
1.00524649107145e-07,-635500
1.00537219142132e-07,-635400
1.00549699073642e-07,-635300
1.00562087198998e-07,-635200
1.00574381839455e-07,-635100
1.00586581340595e-07,-635000
1.00598684072718e-07,-634900
1.00610688431207e-07,-634800
1.00622592836901e-07,-634700
1.00634395736453e-07,-634600
1.00646095602681e-07,-634500
1.00657690934906e-07,-634400
1.00669180259285e-07,-634300
1.00680562129133e-07,-634200
1.00691835125238e-07,-634100
1.00702997856166e-07,-634000
1.00714048958552e-07,-633900
1.00724987097386e-07,-633800
1.00735810966293e-07,-633700
1.00746519287799e-07,-633600
1.00757110813576e-07,-633500
1.00767584324704e-07,-633400
1.00777938631899e-07,-633300
1.0078817257574e-07,-633200
1.00798285026889e-07,-633100
1.00808274886296e-07,-633000
1.00818141085388e-07,-632900
1.00827882586272e-07,-632800
1.00837498381895e-07,-632700
1.00846987496219e-07,-632600
1.0085634898437e-07,-632500
1.00865581932789e-07,-632400
1.0087468545936e-07,-632300
1.00883658713544e-07,-632200
1.00892500876482e-07,-632100
1.00901211161105e-07,-632000
1.00909788812225e-07,-631900
1.00918233106617e-07,-631800
1.0092654335309e-07,-631700
1.00934718892551e-07,-631600
1.00942759098053e-07,-631500
1.00950663374837e-07,-631400
1.00958431160361e-07,-631300
1.00966061924316e-07,-631200
1.00973555168646e-07,-631100
1.00980910427531e-07,-631000
1.00988127267385e-07,-630900
1.00995205286832e-07,-630800
1.0100214411667e-07,-630700
1.01008943419831e-07,-630600
1.01015602891327e-07,-630500
1.01022122258183e-07,-630400
1.01028501279369e-07,-630300
1.01034739745708e-07,-630200
1.0104083747979e-07,-630100
1.01046794335862e-07,-630000
1.01052610199714e-07,-629900
1.01058284988561e-07,-629800
1.01063818650899e-07,-629700
1.01069211166369e-07,-629600
1.01074462545599e-07,-629500
1.01079572830047e-07,-629400
1.0108454209182e-07,-629300
1.01089370433496e-07,-629200
1.01094057987936e-07,-629100
1.01098604918075e-07,-629000
1.01103011416722e-07,-628900
1.01107277706331e-07,-628800
1.01111404038782e-07,-628700
1.01115390695139e-07,-628600
1.01119237985405e-07,-628500
1.01122946248269e-07,-628400
1.01126515850846e-07,-628300
1.01129947188401e-07,-628200
1.01133240684072e-07,-628100
1.01136396788586e-07,-628000
1.01139415979956e-07,-627900
1.01142298763189e-07,-627800
1.01145045669963e-07,-627700
1.01147657258318e-07,-627600
1.01150134112325e-07,-627500
1.01152476841755e-07,-627400
1.01154686081741e-07,-627300
1.01156762492424e-07,-627200
1.01158706758607e-07,-627100
1.01160519589388e-07,-627000
1.01162201717795e-07,-626900
1.01163753900416e-07,-626800
1.0116517691701e-07,-626700
1.01166471570135e-07,-626600
1.01167638684741e-07,-626500
1.01168679107784e-07,-626400
1.01169593707819e-07,-626300
1.01170383374591e-07,-626200
1.01171049018624e-07,-626100
1.011715915708e-07,-626000
1.01172011981936e-07,-625900
1.0117231122236e-07,-625800
1.01172490281476e-07,-625700
1.01172550167321e-07,-625600
1.01172491906143e-07,-625500
1.0117231654193e-07,-625400
1.01172025135988e-07,-625300
1.01171618766468e-07,-625200
1.01171098527926e-07,-625100
1.01170465530857e-07,-625000
1.01169720901234e-07,-624900
1.01168865780049e-07,-624800
1.01167901322839e-07,-624700
1.01166828699225e-07,-624600
1.01165649092434e-07,-624500
1.01164363698829e-07,-624400
1.01162973727438e-07,-624300
1.01161480399467e-07,-624200
1.01159884947834e-07,-624100
1.01158188616683e-07,-624000
1.01156392660904e-07,-623900
1.01154498345655e-07,-623800
1.01152506945876e-07,-623700
1.01150419745816e-07,-623600
1.01148238038538e-07,-623500
1.01145963125448e-07,-623400
1.01143596315804e-07,-623300
1.01141138926244e-07,-623200
1.01138592280296e-07,-623100
1.01135957707899e-07,-623000
1.0113323654493e-07,-622900
1.01130430132716e-07,-622800
1.01127539817569e-07,-622700
1.01124566950294e-07,-622600
1.0112151288573e-07,-622500
1.0111837898227e-07,-622400
1.01115166601395e-07,-622300
1.01111877107202e-07,-622200
1.01108511865943e-07,-622100
1.01105072245558e-07,-622000
1.01101559615217e-07,-621900
1.01097975344866e-07,-621800
1.0109432080477e-07,-621700
1.01090597365058e-07,-621600
1.01086806395283e-07,-621500
1.01082949263978e-07,-621400
1.01079027338211e-07,-621300
1.01075041983158e-07,-621200
1.0107099456166e-07,-621100
1.01066886433803e-07,-621000
1.01062718956498e-07,-620900
1.01058493483053e-07,-620800
1.01054211362773e-07,-620700
1.01049873940537e-07,-620600
1.01045482556406e-07,-620500
1.01041038545219e-07,-620400
1.01036543236202e-07,-620300
1.01031997952582e-07,-620200
1.01027404011202e-07,-620100
1.01022762722149e-07,-620000
1.01018075388382e-07,-619900
1.01013343305363e-07,-619800
1.01008567760713e-07,-619700
1.01003750033847e-07,-619600
1.00998891395636e-07,-619500
1.00993993108065e-07,-619400
1.00989056423904e-07,-619300
1.00984082586381e-07,-619200
1.00979072828864e-07,-619100
1.00974028374552e-07,-619000
1.00968950436167e-07,-618900
1.00963840215657e-07,-618800
1.00958698903911e-07,-618700
1.00953527680474e-07,-618600
1.00948327713266e-07,-618500
1.00943100158326e-07,-618400
1.00937846159542e-07,-618300
1.00932566848401e-07,-618200
1.0092726334375e-07,-618100
1.00921936751549e-07,-618000
1.00916588164654e-07,-617900
1.00911218662585e-07,-617800
1.00905829311317e-07,-617700
1.0090042116308e-07,-617600
1.00894995256152e-07,-617500
1.0088955261468e-07,-617400
1.00884094248491e-07,-617300
1.00878621152925e-07,-617200
1.00873134308668e-07,-617100
1.00867634681595e-07,-617000
1.00862123222625e-07,-616900
1.00856600867579e-07,-616800
1.00851068537052e-07,-616700
1.00845527136282e-07,-616600
1.00839977555045e-07,-616500
1.00834420667547e-07,-616400
1.00828857332317e-07,-616300
1.00823288392128e-07,-616200
1.00817714673908e-07,-616100
1.00812136988674e-07,-616000
1.00806556131459e-07,-615900
1.00800972881266e-07,-615800
1.00795388001007e-07,-615700
1.00789802237472e-07,-615600
1.00784216321294e-07,-615500
1.00778630966925e-07,-615400
1.00773046872622e-07,-615300
1.00767464720438e-07,-615200
1.00761885176222e-07,-615100
1.00756308889625e-07,-615000
1.00750736494124e-07,-614900
1.00745168607038e-07,-614800
1.00739605829566e-07,-614700
1.00734048746819e-07,-614600
1.00728497927876e-07,-614500
1.00722953925832e-07,-614400
1.00717417277865e-07,-614300
1.00711888505301e-07,-614200
1.00706368113699e-07,-614100
1.00700856592924e-07,-614000
1.0069535441725e-07,-613900
1.0068986204545e-07,-613800
1.00684379920906e-07,-613700
1.00678908471721e-07,-613600
1.00673448110838e-07,-613500
1.00667999236165e-07,-613400
1.00662562230707e-07,-613300
1.00657137462707e-07,-613200
1.00651725285792e-07,-613100
1.0064632603912e-07,-613000
1.00640940047541e-07,-612900
1.00635567621763e-07,-612800
1.00630209058514e-07,-612700
1.00624864640723e-07,-612600
1.00619534637703e-07,-612500
1.00614219305327e-07,-612400
1.00608918886233e-07,-612300
1.00603633610008e-07,-612200
1.00598363693401e-07,-612100
1.0059310934052e-07,-612000
1.0058787074305e-07,-611900
1.0058264808047e-07,-611800
1.00577441520264e-07,-611700
1.00572251218159e-07,-611600
1.00567077318345e-07,-611500
1.00561919953711e-07,-611400
1.00556779246083e-07,-611300
1.00551655306462e-07,-611200
1.00546548235274e-07,-611100
1.00541458122608e-07,-611000
1.00536385048477e-07,-610900
1.00531329083068e-07,-610800
1.00526290286995e-07,-610700
1.00521268711568e-07,-610600
1.00516264399045e-07,-610500
1.00511277382905e-07,-610400
1.00506307688108e-07,-610300
1.00501355331374e-07,-610200
1.00496420321439e-07,-610100
1.00491502659344e-07,-610000
1.004866023387e-07,-609900
1.00481719345967e-07,-609800
1.00476853660728e-07,-609700
1.0047200525597e-07,-609600
1.00467174098364e-07,-609500
1.00462360148543e-07,-609400
1.00457563361384e-07,-609300
1.00452783686286e-07,-609200
1.00448021067456e-07,-609100
1.00443275444185e-07,-609000
1.00438546751134e-07,-608900
1.00433834918613e-07,-608800
1.00429139872863e-07,-608700
1.0042446153633e-07,-608600
1.00419799827954e-07,-608500
1.00415154663442e-07,-608400
1.00410525955543e-07,-608300
1.00405913614331e-07,-608200
1.00401317547473e-07,-608100
1.00396737660509e-07,-608000
1.00392173857118e-07,-607900
1.00387626039388e-07,-607800
1.00383094108088e-07,-607700
1.00378577962932e-07,-607600
1.00374077502841e-07,-607500
1.00369592626203e-07,-607400
1.00365123231135e-07,-607300
1.00360669215737e-07,-607200
1.00356230478341e-07,-607100
1.00351806917767e-07,-607000
1.00347398433567e-07,-606900
1.00343004926266e-07,-606800
1.00338626297604e-07,-606700
1.00334262450772e-07,-606600
1.00329913290645e-07,-606500
1.0032557872401e-07,-606400
1.00321258659791e-07,-606300
1.0031695300927e-07,-606200
1.00312661686305e-07,-606100
1.00308384607536e-07,-606000
1.00304121692601e-07,-605900
1.00299872864338e-07,-605800
1.00295638048976e-07,-605700
1.00291417176341e-07,-605600
1.0028721018003e-07,-605500
1.00283016997614e-07,-605400
1.00278837570799e-07,-605300
1.00274671845612e-07,-605200
1.00270519772564e-07,-605100
1.00266381306815e-07,-605000
1.00262256408333e-07,-604900
1.00258145042047e-07,-604800
1.0025404717799e-07,-604700
1.00249962791445e-07,-604600
1.00245891863078e-07,-604500
1.00241834379071e-07,-604400
1.00237790331241e-07,-604300
1.00233759717165e-07,-604200
1.00229742540284e-07,-604100
1.00225738810017e-07,-604000
1.0022174854186e-07,-603900
1.00217771757473e-07,-603800
1.00213808484778e-07,-603700
1.00209858758032e-07,-603600
1.00205922617912e-07,-603500
1.00202000111575e-07,-603400
1.00198091292729e-07,-603300
1.00194196221682e-07,-603200
1.001903149654e-07,-603100
1.00186447597548e-07,-603000
1.00182594198526e-07,-602900
1.00178754855506e-07,-602800
1.00174929662449e-07,-602700
1.00171118720133e-07,-602600
1.0016732213616e-07,-602500
1.0016354002496e-07,-602400
1.00159772507798e-07,-602300
1.00156019712762e-07,-602200
1.00152281774752e-07,-602100
1.00148558835461e-07,-602000
1.00144851043347e-07,-601900
1.00141158553608e-07,-601800
1.00137481528136e-07,-601700
1.0013382013548e-07,-601600
1.0013017455079e-07,-601500
1.00126544955766e-07,-601400
1.00122931538591e-07,-601300
1.00119334493871e-07,-601200
1.00115754022549e-07,-601100
1.00112190331835e-07,-601000
1.00108643635114e-07,-600900
1.00105114151861e-07,-600800
1.00101602107536e-07,-600700
1.00098107733487e-07,-600600
1.00094631266838e-07,-600500
1.00091172950379e-07,-600400
1.00087733032441e-07,-600300
1.00084311766779e-07,-600200
1.00080909412435e-07,-600100
1.00077526233606e-07,-600000
1.00074162499508e-07,-599900
1.00070818484221e-07,-599800
1.00067494466552e-07,-599700
1.00064190729872e-07,-599600
1.00060907561958e-07,-599500
1.00057645254827e-07,-599400
1.00054404104581e-07,-599300
1.00051184411213e-07,-599200
1.00047986478453e-07,-599100
1.0004481061357e-07,-599000
1.00041657127194e-07,-598900
1.0003852633313e-07,-598800
1.00035418548161e-07,-598700
1.00032334091857e-07,-598600
1.00029273286369e-07,-598500
1.00026236456233e-07,-598400
1.0002322392816e-07,-598300
1.00020236030831e-07,-598200
1.00017273094678e-07,-598100
1.00014335451677e-07,-598000
1.00011423435128e-07,-597900
1.00008537379432e-07,-597800
1.00005677619874e-07,-597700
1.00002844492393e-07,-597600
1.00000038333358e-07,-597500
9.99972594793453e-08,-597400
9.99945082668926e-08,-597300
9.9991785032285e-08,-597200
9.99890901113095e-08,-597100
9.99864238390213e-08,-597000
9.99837865495178e-08,-596900
9.99811785756847e-08,-596800
9.99786002489701e-08,-596700
9.99760518991463e-08,-596600
9.9973533854062e-08,-596500
9.99710464394064e-08,-596400
9.99685899784736e-08,-596300
9.99661647919127e-08,-596200
9.99637711974985e-08,-596100
9.99614095098837e-08,-596000
9.995908004036e-08,-595900
9.99567830966218e-08,-595800
9.99545189825258e-08,-595700
9.99522879978529e-08,-595600
9.99500904380711e-08,-595500
9.99479265941023e-08,-595400
9.99457967520837e-08,-595300
9.99437011931372e-08,-595200
9.99416401931394e-08,-595100
9.99396140224864e-08,-595000
9.99376229458715e-08,-594900
9.99356672220577e-08,-594800
9.99337471036501e-08,-594700
9.99318628368805e-08,-594600
9.99300146613837e-08,-594500
9.99282028099843e-08,-594400
9.99264275084797e-08,-594300
9.99246889754319e-08,-594200
9.99229874219608e-08,-594100
9.99213230515354e-08,-594000
9.99196960597776e-08,-593900
9.99181066342571e-08,-593800
9.99165549543092e-08,-593700
9.99150411908321e-08,-593600
9.99135655061063e-08,-593500
9.99121280536121e-08,-593400
9.99107289778471e-08,-593300
9.99093684141608e-08,-593200
9.99080464885714e-08,-593100
9.99067633176111e-08,-593000
9.99055190081624e-08,-592900
9.99043136572998e-08,-592800
9.99031473521381e-08,-592700
9.99020201696924e-08,-592600
9.99009321767263e-08,-592500
9.98998834296249e-08,-592400
9.98988739742588e-08,-592300
9.98979038458616e-08,-592200
9.98969730689029e-08,-592100
9.98960816569869e-08,-592000
9.98952296127271e-08,-591900
9.98944169276544e-08,-591800
9.98936435821159e-08,-591700
9.98929095451848e-08,-591600
9.98922147745713e-08,-591500
9.98915592165452e-08,-591400
9.98909428058637e-08,-591300
9.98903654657014e-08,-591200
9.98898271075902e-08,-591100
9.98893276313657e-08,-591000
9.98888669251174e-08,-590900
9.98884448651459e-08,-590800
9.98880613159319e-08,-590700
9.98877161300988e-08,-590600
9.98874091483996e-08,-590500
9.98871401996969e-08,-590400
9.98869091009488e-08,-590300
9.98867156572165e-08,-590200
9.98865596616597e-08,-590100
9.98864408955541e-08,-590000
9.98863591283042e-08,-589900
9.98863141174701e-08,-589800
9.98863056087987e-08,-589700
9.98863333362625e-08,-589600
9.98863970221017e-08,-589500
9.98864963768784e-08,-589400
9.9886631099535e-08,-589300
9.98868008774581e-08,-589200
9.98870053865559e-08,-589100
9.98872442913279e-08,-589000
9.988751724496e-08,-588900
9.98878238894103e-08,-588800
9.98881638555118e-08,-588700
9.98885367630782e-08,-588600
9.9888942221016e-08,-588500
9.98893798274442e-08,-588400
9.98898491698197e-08,-588300
9.98903498250701e-08,-588200
9.98908813597341e-08,-588100
9.98914433301054e-08,-588000
9.98920352823844e-08,-587900
9.98926567528395e-08,-587800
9.98933072679669e-08,-587700
9.98939863446669e-08,-587600
9.98946934904176e-08,-587500
9.98954282034596e-08,-587400
9.9896189972984e-08,-587300
9.98969782793285e-08,-587200
9.98977925941792e-08,-587100
9.9898632380776e-08,-587000
9.98994970941283e-08,-586900
9.99003861812259e-08,-586800
9.99012990812729e-08,-586700
9.99022352259091e-08,-586600
9.99031940394496e-08,-586500
9.99041749391186e-08,-586400
9.99051773352989e-08,-586300
9.99062006317807e-08,-586200
9.99072442260198e-08,-586100
9.99083075093854e-08,-586000
9.99093898674381e-08,-585900
9.99104906801913e-08,-585800
9.99116093223834e-08,-585700
9.9912745163759e-08,-585600
9.9913897569346e-08,-585500
9.99150658997462e-08,-585400
9.99162495114183e-08,-585300
9.99174477569748e-08,-585200
9.99186599854807e-08,-585100
9.9919885542746e-08,-585000
9.99211237716336e-08,-584900
9.99223740123689e-08,-584800
9.99236356028418e-08,-584700
9.99249078789248e-08,-584600
9.99261901747843e-08,-584500
9.99274818231995e-08,-584400
9.99287821558797e-08,-584300
9.99300905037898e-08,-584200
9.9931406197474e-08,-584100
9.99327285673763e-08,-584000
9.99340569441735e-08,-583900
9.99353906591011e-08,-583800
9.99367290442845e-08,-583700
9.9938071433071e-08,-583600
9.9939417160359e-08,-583500
9.9940765562938e-08,-583400
9.99421159798161e-08,-583300
9.99434677525543e-08,-583200
9.99448202256058e-08,-583100
9.9946172746648e-08,-583000
9.99475246669174e-08,-582900
9.99488753415439e-08,-582800
9.99502241298835e-08,-582700
9.99515703958573e-08,-582600
9.99529135082735e-08,-582500
9.99542528411738e-08,-582400
9.99555877741482e-08,-582300
9.99569176926763e-08,-582200
9.99582419884489e-08,-582100
9.9959560059696e-08,-582000
9.99608713115069e-08,-581900
9.99621751561602e-08,-581800
9.99634710134344e-08,-581700
9.99647583109331e-08,-581600
9.99660364843958e-08,-581500
9.99673049780057e-08,-581400
9.99685632447071e-08,-581300
9.99698107465071e-08,-581200
9.99710469547758e-08,-581100
9.9972271350547e-08,-581000
9.99734834248167e-08,-580900
9.99746826788274e-08,-580800
9.9975868624363e-08,-580700
9.99770407840247e-08,-580600
9.99781986915147e-08,-580500
9.99793418919097e-08,-580400
9.99804699419285e-08,-580300
9.99815824101961e-08,-580200
9.99826788775064e-08,-580100
9.99837589370724e-08,-580000
9.99848221947782e-08,-579900
9.99858682694204e-08,-579800
9.99868967929464e-08,-579700
9.99879074106852e-08,-579600
9.99888997815758e-08,-579500
9.99898735783815e-08,-579400
9.99908284879114e-08,-579300
9.99917642112153e-08,-579200
9.99926804637972e-08,-579100
9.99935769757969e-08,-579000
9.99944534921877e-08,-578900
9.99953097729436e-08,-578800
9.99961455932229e-08,-578700
9.99969607435255e-08,-578600
9.9997755029855e-08,-578500
9.99985282738673e-08,-578400
9.99992803130143e-08,-578300
1.00000011000675e-07,-578200
1.00000720206288e-07,-578100
1.00001407815464e-07,-578000
1.00002073730105e-07,-577900
1.00002717868497e-07,-577800
1.00003340165413e-07,-577700
1.00003940572194e-07,-577600
1.00004519056826e-07,-577500
1.00005075604015e-07,-577400
1.00005610215239e-07,-577300
1.00006122908807e-07,-577200
1.00006613719895e-07,-577100
1.00007082700585e-07,-577000
1.00007529919891e-07,-576900
1.00007955463767e-07,-576800
1.00008359435122e-07,-576700
1.00008741953817e-07,-576600
1.00009103156647e-07,-576500
1.00009443197329e-07,-576400
1.00009762246465e-07,-576300
1.00010060491508e-07,-576200
1.00010338136714e-07,-576100
1.00010595403075e-07,-576000
1.00010832528266e-07,-575900
1.00011049766559e-07,-575800
1.00011247388736e-07,-575700
1.00011425682003e-07,-575600
1.00011584949874e-07,-575500
1.00011725512065e-07,-575400
1.00011847704367e-07,-575300
1.00011951878513e-07,-575200
1.00012038402037e-07,-575100
1.00012107658122e-07,-575000
1.00012160045439e-07,-574900
1.00012195977973e-07,-574800
1.00012215884852e-07,-574700
1.00012220210147e-07,-574600
1.00012209412683e-07,-574500
1.0001218396583e-07,-574400
1.00012144357279e-07,-574300
1.00012091088831e-07,-574200
1.00012024676149e-07,-574100
1.00011945648523e-07,-574000
1.00011854548611e-07,-573900
1.00011751932191e-07,-573800
1.00011638367872e-07,-573700
1.00011514436839e-07,-573600
1.00011380732545e-07,-573500
1.00011237860431e-07,-573400
1.00011086437615e-07,-573300
1.00010927092581e-07,-573200
1.00010760464868e-07,-573100
1.00010587204732e-07,-573000
1.0001040797281e-07,-572900
1.00010223439792e-07,-572800
1.0001003428605e-07,-572700
1.00009841201299e-07,-572600
1.00009644884215e-07,-572500
1.00009446042073e-07,-572400
1.00009245390366e-07,-572300
1.00009043652416e-07,-572200
1.00008841558982e-07,-572100
1.00008639847857e-07,-572000
1.0000843926347e-07,-571900
1.00008240556463e-07,-571800
1.00008044483282e-07,-571700
1.00007851805748e-07,-571600
1.00007663290623e-07,-571500
1.00007479709187e-07,-571400
1.00007301836783e-07,-571300
1.00007130452377e-07,-571200
1.00006966338108e-07,-571100
1.00006810278834e-07,-571000
1.00006663061663e-07,-570900
1.00006525475496e-07,-570800
1.00006398310559e-07,-570700
1.00006282357923e-07,-570600
1.00006178409034e-07,-570500
1.00006087255231e-07,-570400
1.0000600968726e-07,-570300
1.00005946494792e-07,-570200
1.00005898465932e-07,-570100
1.00005866386724e-07,-570000
1.00005851040664e-07,-569900
1.00005853208197e-07,-569800
1.00005873666221e-07,-569700
1.00005913187588e-07,-569600
1.000059725406e-07,-569500
1.00006052488511e-07,-569400
1.00006153789019e-07,-569300
1.00006277193766e-07,-569200
1.00006423447826e-07,-569100
1.00006593289212e-07,-569000
1.00006787448358e-07,-568900
1.00007006647625e-07,-568800
1.0000725160079e-07,-568700
1.00007523012546e-07,-568600
1.00007821578003e-07,-568500
1.0000814798218e-07,-568400
1.00008502899511e-07,-568300
1.00008886993345e-07,-568200
1.00009300915456e-07,-568100
1.00009745305539e-07,-568000
1.00010220790732e-07,-567900
1.00010727985121e-07,-567800
1.00011267489258e-07,-567700
1.00011839889683e-07,-567600
1.00012445758436e-07,-567500
1.00013085652595e-07,-567400
1.00013760113807e-07,-567300
1.0001446966781e-07,-567200
1.00015214823989e-07,-567100
1.00015996074907e-07,-567000
1.00016813895867e-07,-566900
1.00017668744456e-07,-566800
1.00018561060116e-07,-566700
1.00019491263701e-07,-566600
1.00020459757061e-07,-566500
1.00021466922611e-07,-566400
1.00022513122924e-07,-566300
1.00023598700323e-07,-566200
1.00024723976477e-07,-566100
1.00025889252017e-07,-566000
1.00027094806142e-07,-565900
1.00028340896249e-07,-565800
1.00029627757559e-07,-565700
1.00030955602764e-07,-565600
1.00032324621662e-07,-565500
1.00033734980834e-07,-565400
1.00035186823289e-07,-565300
1.00036680268151e-07,-565200
1.00038215410342e-07,-565100
1.00039792320275e-07,-565000
1.00041411043559e-07,-564900
1.00043071600711e-07,-564800
1.00044773986883e-07,-564700
1.00046518171593e-07,-564600
1.00048304098477e-07,-564500
1.0005013168504e-07,-564400
1.00052000822423e-07,-564300
1.00053911375186e-07,-564200
1.00055863181095e-07,-564100
1.00057856050918e-07,-564000
1.00059889768252e-07,-563900
1.00061964089336e-07,-563800
1.00064078742889e-07,-563700
1.00066233429964e-07,-563600
1.0006842782381e-07,-563500
1.00070661569739e-07,-563400
1.00072934285019e-07,-563300
1.00075245558768e-07,-563200
1.00077594951873e-07,-563100
1.00079981996909e-07,-563000
1.00082406198079e-07,-562900
1.00084867031164e-07,-562800
1.00087363943492e-07,-562700
1.00089896353911e-07,-562600
1.00092463652783e-07,-562500
1.00095065201988e-07,-562400
1.00097700334941e-07,-562300
1.00100368356629e-07,-562200
1.00103068543655e-07,-562100
1.00105800144291e-07,-562000
1.00108562378565e-07,-561900
1.00111354438337e-07,-561800
1.00114175487407e-07,-561700
1.00117024661626e-07,-561600
1.00119901069033e-07,-561500
1.0012280378999e-07,-561400
1.00125731877344e-07,-561300
1.00128684356601e-07,-561200
1.00131660226108e-07,-561100
1.00134658457254e-07,-561000
1.00137677994683e-07,-560900
1.00140717756526e-07,-560800
1.00143776634637e-07,-560700
1.00146853494854e-07,-560600
1.00149947177266e-07,-560500
1.00153056496498e-07,-560400
1.00156180242005e-07,-560300
1.0015931717839e-07,-560200
1.00162466045724e-07,-560100
1.00165625559881e-07,-560000
1.001687944129e-07,-559900
1.00171971273342e-07,-559800
1.00175154786673e-07,-559700
1.00178343575654e-07,-559600
1.00181536240746e-07,-559500
1.00184731360528e-07,-559400
1.00187927492132e-07,-559300
1.00191123171678e-07,-559200
1.00194316914743e-07,-559100
1.00197507216816e-07,-559000
1.00200692553791e-07,-558900
1.0020387138245e-07,-558800
1.00207042140977e-07,-558700
1.00210203249471e-07,-558600
1.00213353110471e-07,-558500
1.00216490109507e-07,-558400
1.00219612615638e-07,-558300
1.00222718982026e-07,-558200
1.00225807546502e-07,-558100
1.00228876632152e-07,-558000
1.00231924547916e-07,-557900
1.00234949589186e-07,-557800
1.00237950038422e-07,-557700
1.00240924165783e-07,-557600
1.00243870229754e-07,-557500
1.0024678647779e-07,-557400
1.00249671146971e-07,-557300
1.00252522464663e-07,-557200
1.00255338649189e-07,-557100
1.002581179105e-07,-557000
1.00260858450868e-07,-556900
1.00263558465581e-07,-556800
1.00266216143633e-07,-556700
1.00268829668449e-07,-556600
1.00271397218586e-07,-556500
1.0027391696846e-07,-556400
1.00276387089073e-07,-556300
1.00278805748754e-07,-556200
1.00281171113884e-07,-556100
1.00283481349655e-07,-556000
1.00285734620815e-07,-555900
1.00287929092419e-07,-555800
1.00290062930592e-07,-555700
1.00292134303294e-07,-555600
1.00294141381084e-07,-555500
1.00296082337892e-07,-555400
1.00297955351788e-07,-555300
1.00299758605765e-07,-555200
1.00301490288516e-07,-555100
1.00303148595209e-07,-555000
1.00304731728278e-07,-554900
1.00306237898201e-07,-554800
1.00307665324285e-07,-554700
1.00309012235454e-07,-554600
1.00310276871036e-07,-554500
1.00311457481543e-07,-554400
1.00312552329462e-07,-554300
1.00313559690037e-07,-554200
1.00314477852055e-07,-554100
1.00315305118623e-07,-554000
1.00316039807956e-07,-553900
1.00316680254148e-07,-553800
1.00317224807952e-07,-553700
1.00317671837546e-07,-553600
1.00318019729317e-07,-553500
1.00318266888609e-07,-553400
1.00318411740498e-07,-553300
1.00318452730541e-07,-553200
1.00318388325537e-07,-553100
1.00318217014265e-07,-553000
1.00317937308236e-07,-552900
1.00317547742426e-07,-552800
1.00317046875999e-07,-552700
1.00316433293045e-07,-552600
1.00315705603285e-07,-552500
1.00314862442792e-07,-552400
1.00313902474679e-07,-552300
1.0031282438981e-07,-552200
1.00311626907475e-07,-552100
1.00310308776071e-07,-552000
1.00308868773774e-07,-551900
1.00307305709196e-07,-551800
1.00305618422036e-07,-551700
1.0030380578372e-07,-551600
1.00301866698033e-07,-551500
1.00299800101738e-07,-551400
1.00297604965183e-07,-551300
1.00295280292904e-07,-551200
1.00292825124204e-07,-551100
1.00290238533739e-07,-551000
1.00287519632065e-07,-550900
1.00284667566208e-07,-550800
1.00281681520185e-07,-550700
1.00278560715536e-07,-550600
1.00275304411836e-07,-550500
1.00271911907194e-07,-550400
1.00268382538738e-07,-550300
1.00264715683079e-07,-550200
1.00260910756779e-07,-550100
1.00256967216785e-07,-550000
1.00252884560858e-07,-549900
1.00248662327987e-07,-549800
1.00244300098788e-07,-549700
1.00239797495879e-07,-549600
1.00235154184254e-07,-549500
1.00230369871631e-07,-549400
1.00225444308787e-07,-549300
1.00220377289871e-07,-549200
1.00215168652716e-07,-549100
1.00209818279117e-07,-549000
1.00204326095101e-07,-548900
1.0019869207118e-07,-548800
1.00192916222584e-07,-548700
1.00186998609481e-07,-548600
1.00180939337174e-07,-548500
1.00174738556287e-07,-548400
1.00168396462924e-07,-548300
1.00161913298822e-07,-548200
1.00155289351479e-07,-548100
1.00148524954262e-07,-548000
1.00141620486505e-07,-547900
1.0013457637358e-07,-547800
1.00127393086954e-07,-547700
1.00120071144232e-07,-547600
1.0011261110917e-07,-547500
1.00105013591684e-07,-547400
1.00097279247824e-07,-547300
1.0008940877975e-07,-547200
1.00081402935668e-07,-547100
1.00073262509763e-07,-547000
1.00064988342106e-07,-546900
1.00056581318545e-07,-546800
1.00048042370578e-07,-546700
1.00039372475201e-07,-546600
1.00030572654749e-07,-546500
1.0002164397671e-07,-546400
1.0001258755352e-07,-546300
1.00003404542345e-07,-546200
9.99940961448416e-08,-546100
9.99846636068962e-08,-546000
9.99751082183576e-08,-545900
9.99654313127338e-08,-545800
9.99556342668817e-08,-545700
9.99457185006856e-08,-545600
9.99356854766991e-08,-545500
9.99255366997857e-08,-545400
9.99152737167329e-08,-545300
9.99048981158548e-08,-545200
9.98944115265695e-08,-545100
9.98838156189698e-08,-545000
9.98731121033666e-08,-544900
9.98623027298236e-08,-544800
9.98513892876678e-08,-544700
9.98403736049921e-08,-544600
9.98292575481304e-08,-544500
9.98180430211317e-08,-544400
9.98067319652041e-08,-544300
9.97953263581471e-08,-544200
9.97838282137779e-08,-544100
9.9772239581325e-08,-544000
9.97605625448231e-08,-543900
9.97487992224848e-08,-543800
9.973695176606e-08,-543700
9.9725022360178e-08,-543600
9.97130132216844e-08,-543500
9.97009265989481e-08,-543400
9.96887647711753e-08,-543300
9.96765300476955e-08,-543200
9.9664224767235e-08,-543100
9.96518512971904e-08,-543000
9.9639412032873e-08,-542900
9.96269093967575e-08,-542800
9.96143458377027e-08,-542700
9.96017238301759e-08,-542600
9.95890458734562e-08,-542500
9.95763144908329e-08,-542400
9.95635322287875e-08,-542300
9.95507016561744e-08,-542200
9.95378253633825e-08,-542100
9.95249059614949e-08,-542000
9.95119460814364e-08,-541900
9.94989483731078e-08,-541800
9.94859155045257e-08,-541700
9.94728501609384e-08,-541600
9.94597550439452e-08,-541500
9.9446632870602e-08,-541400
9.94334863725241e-08,-541300
9.94203182949846e-08,-541200
9.9407131395999e-08,-541100
9.939392844541e-08,-541000
9.93807122239696e-08,-540900
9.93674855224076e-08,-540800
9.93542511405039e-08,-540700
9.93410118861517e-08,-540600
9.9327770574424e-08,-540500
9.93145300266227e-08,-540400
9.93012930693439e-08,-540300
9.92880625335221e-08,-540200
9.92748412534896e-08,-540100
9.9261632066018e-08,-540000
9.92484378093697e-08,-539900
9.92352613223476e-08,-539800
9.92221054433337e-08,-539700
9.92089730093465e-08,-539600
9.91958668550775e-08,-539500
9.91827898119485e-08,-539400
9.91697447071515e-08,-539300
9.9156734362706e-08,-539200
9.91437615945065e-08,-539100
9.91308292113851e-08,-539000
9.91179400141553e-08,-538900
9.91050967946878e-08,-538800
9.9092302334964e-08,-538700
9.90795594061514e-08,-538600
9.90668707676687e-08,-538500
9.90542391662705e-08,-538400
9.90416673351245e-08,-538300
9.90291579929013e-08,-538200
9.90167138428676e-08,-538100
9.90043375719867e-08,-538000
9.89920318500245e-08,-537900
9.89797993286616e-08,-537800
9.8967642640619e-08,-537700
9.89555643987782e-08,-537600
9.8943567195328e-08,-537500
9.89316536009002e-08,-537400
9.89198261637309e-08,-537300
9.8908087408817e-08,-537200
9.88964398370937e-08,-537100
9.88848859246124e-08,-537000
9.88734281217364e-08,-536900
9.88620688523425e-08,-536800
9.88508105130329e-08,-536700
9.88396554723609e-08,-536600
9.88286060700682e-08,-536500
9.88176646163291e-08,-536400
9.88068333910147e-08,-536300
9.8796114642957e-08,-536200
9.87855105892445e-08,-536100
9.87750234145076e-08,-536000
9.87646552702389e-08,-535900
9.87544082741093e-08,-535800
9.87442845093102e-08,-535700
9.87342860238998e-08,-535600
9.87244148301764e-08,-535500
9.87146729040496e-08,-535400
9.87050621844384e-08,-535300
9.86955845726801e-08,-535200
9.86862419319549e-08,-535100
9.86770360867226e-08,-535000
9.86679688221836e-08,-534900
9.86590418837416e-08,-534800
9.86502569764899e-08,-534700
9.86416157647245e-08,-534600
9.86331198714489e-08,-534500
9.86247708779175e-08,-534400
9.86165703231827e-08,-534300
9.86085197036663e-08,-534200
9.86006204727376e-08,-534100
9.85928740403238e-08,-534000
9.85852817725215e-08,-533900
9.85778449912343e-08,-533800
9.8570564973827e-08,-533700
9.85634429527963e-08,-533600
9.85564801154521e-08,-533500
9.85496776036351e-08,-533400
9.85430365134246e-08,-533300
9.85365578948915e-08,-533200
9.85302427518496e-08,-533100
9.85240920416329e-08,-533000
9.85181066748896e-08,-532900
9.85122875153936e-08,-532800
9.85066353798742e-08,-532700
9.8501151037862e-08,-532600
9.84958352115581e-08,-532500
9.84906885757057e-08,-532400
9.8485711757507e-08,-532300
9.84809053365311e-08,-532200
9.84762698446517e-08,-532100
9.84718057660038e-08,-532000
9.84675135369552e-08,-531900
9.84633935460948e-08,-531800
9.84594461342396e-08,-531700
9.84556715944634e-08,-531600
9.84520701721325e-08,-531500
9.84486420649748e-08,-531400
9.84453874231437e-08,-531300
9.84423063493288e-08,-531200
9.84393988988514e-08,-531100
9.84366650798046e-08,-531000
9.84341048531936e-08,-530900
9.84317181330958e-08,-530800
9.84295047868467e-08,-530700
9.84274646352272e-08,-530600
9.84255974526801e-08,-530500
9.84239029675352e-08,-530400
9.84223808622569e-08,-530300
9.84210307737014e-08,-530200
9.84198522933891e-08,-530100
9.84188449678015e-08,-530000
9.84180082986818e-08,-529900
9.84173417433618e-08,-529800
9.84168447150945e-08,-529700
9.84165165834053e-08,-529600
9.84163566744591e-08,-529500
9.84163642714386e-08,-529400
9.84165386149399e-08,-529300
9.84168789033788e-08,-529200
9.84173842934144e-08,-529100
9.84180539003808e-08,-529000
9.84188867987376e-08,-528900
9.84198820225291e-08,-528800
9.84210385658604e-08,-528700
9.84223553833808e-08,-528600
9.84238313907831e-08,-528500
9.84254654653128e-08,-528400
9.84272564462907e-08,-528300
9.84292031356451e-08,-528200
9.84313042984565e-08,-528100
9.84335586635116e-08,-528000
9.84359649238684e-08,-527900
9.84385217374337e-08,-527800
9.84412277275431e-08,-527700
9.84440814835659e-08,-527600
9.84470815614986e-08,-527500
9.84502264845845e-08,-527400
9.84535147439359e-08,-527300
9.84569447991614e-08,-527200
9.84605150790094e-08,-527100
9.84642239820087e-08,-527000
9.84680698771279e-08,-526900
9.84720511044365e-08,-526800
9.8476165975768e-08,-526700
9.84804127754011e-08,-526600
9.8484789760736e-08,-526500
9.84892951629857e-08,-526400
9.84939271878651e-08,-526300
9.84986840162929e-08,-526200
9.85035638050909e-08,-526100
9.85085646876946e-08,-526000
9.85136847748645e-08,-525900
9.85189221554057e-08,-525800
9.85242748968796e-08,-525700
9.85297410463407e-08,-525600
9.85353186310491e-08,-525500
9.85410056592131e-08,-525400
9.8546800120712e-08,-525300
9.85526999878358e-08,-525200
9.85587032160223e-08,-525100
9.8564807744588e-08,-525000
9.85710114974766e-08,-524900
9.8577312383993e-08,-524800
9.85837082995491e-08,-524700
9.85901971263989e-08,-524600
9.85967767343851e-08,-524500
9.86034449816821e-08,-524400
9.86101997155302e-08,-524300
9.86170387729803e-08,-524200
9.8623959981632e-08,-524100
9.86309611603722e-08,-524000
9.86380401201099e-08,-523900
9.86451946645092e-08,-523800
9.86524225907235e-08,-523700
9.8659721690125e-08,-523600
9.86670897490276e-08,-523500
9.86745245494162e-08,-523400
9.86820238696633e-08,-523300
9.86895854852467e-08,-523200
9.86972071694632e-08,-523100
9.87048866941383e-08,-523000
9.87126218303292e-08,-522900
9.87204103490279e-08,-522800
9.87282500218499e-08,-522700
9.87361386217362e-08,-522600
9.87440739236291e-08,-522500
9.87520537051554e-08,-522400
9.87600757473021e-08,-522300
9.87681378350823e-08,-522200
9.8776237758196e-08,-522100
9.87843733116921e-08,-522000
9.87925422966101e-08,-521900
9.88007425206315e-08,-521800
9.88089717987073e-08,-521700
9.88172279536925e-08,-521600
9.88255088169621e-08,-521500
9.88338122290309e-08,-521400
9.88421360401588e-08,-521300
9.88504781109432e-08,-521200
9.88588363129174e-08,-521100
9.88672085291305e-08,-521000
9.88755926547191e-08,-520900
9.88839865974755e-08,-520800
9.8892388278408e-08,-520700
9.89007956322821e-08,-520600
9.89092066081664e-08,-520500
9.891761916996e-08,-520400
9.8926031296919e-08,-520300
9.89344409841629e-08,-520200
9.894284624318e-08,-520100
9.89512451023263e-08,-520000
9.89596356073031e-08,-519900
9.89680158216367e-08,-519800
9.89763838271384e-08,-519700
9.89847377243654e-08,-519600
9.89930756330649e-08,-519500
9.90013956926086e-08,-519400
9.90096960624173e-08,-519300
9.90179749223806e-08,-519200
9.90262304732605e-08,-519100
9.90344609370842e-08,-519000
9.90426645575355e-08,-518900
9.90508396003234e-08,-518800
9.90589843535522e-08,-518700
9.90670971280731e-08,-518600
9.90751762578297e-08,-518500
9.908322010019e-08,-518400
9.90912270362752e-08,-518300
9.90991954712641e-08,-518200
9.91071238347068e-08,-518100
9.91150105808077e-08,-518000
9.91228541887124e-08,-517900
9.91306531627812e-08,-517800
9.91384060328428e-08,-517700
9.91461113544562e-08,-517600
9.91537677091427e-08,-517500
9.91613737046218e-08,-517400
9.9168927975027e-08,-517300
9.91764291811226e-08,-517200
9.91838760104935e-08,-517100
9.91912671777438e-08,-517000
9.91986014246778e-08,-516900
9.92058775204574e-08,-516800
9.92130942617759e-08,-516700
9.92202504729983e-08,-516600
9.92273450063084e-08,-516500
9.92343767418293e-08,-516400
9.92413445877573e-08,-516300
9.92482474804571e-08,-516200
9.92550843845751e-08,-516100
9.92618542931256e-08,-516000
9.92685562275737e-08,-515900
9.92751892379094e-08,-515800
9.92817524027073e-08,-515700
9.92882448291897e-08,-515600
9.92946656532584e-08,-515500
9.9301014039547e-08,-515400
9.93072891814329e-08,-515300
9.93134903010665e-08,-515200
9.93196166493803e-08,-515100
9.93256675060839e-08,-515000
9.93316421796631e-08,-514900
9.93375400073623e-08,-514800
9.93433603551623e-08,-514700
9.93491026177444e-08,-514600
9.93547662184555e-08,-514500
9.93603506092583e-08,-514400
9.93658552706757e-08,-514300
9.93712797117261e-08,-514200
9.93766234698571e-08,-514100
9.93818861108606e-08,-514000
9.93870672287953e-08,-513900
9.93921664458869e-08,-513800
9.93971834124325e-08,-513700
9.94021178066916e-08,-513600
9.94069693347753e-08,-513500
9.9411737730523e-08,-513400
9.94164227553773e-08,-513300
9.94210241982505e-08,-513200
9.94255418753847e-08,-513100
9.94299756302065e-08,-513000
9.94343253331766e-08,-512900
9.94385908816291e-08,-512800
9.94427721996062e-08,-512700
9.94468692377006e-08,-512600
9.94508819728656e-08,-512500
9.94548104082457e-08,-512400
9.94586545729839e-08,-512300
9.94624145220364e-08,-512200
9.94660903359792e-08,-512100
9.94696821207963e-08,-512000
9.94731900076871e-08,-511900
9.947661415285e-08,-511800
9.94799547372689e-08,-511700
9.94832119664958e-08,-511600
9.9486386070422e-08,-511500
9.94894773030627e-08,-511400
9.94924859423117e-08,-511300
9.94954122897162e-08,-511200
9.94982566702331e-08,-511100
9.95010194319907e-08,-511000
9.95037009460336e-08,-510900
9.95063016060835e-08,-510800
9.95088218282799e-08,-510700
9.9511262050924e-08,-510600
9.95136227342233e-08,-510500
9.95159043600247e-08,-510400
9.95181074315536e-08,-510300
9.95202324731389e-08,-510200
9.95222800299516e-08,-510100
9.95242506677243e-08,-510000
9.95261449724828e-08,-509900
9.95279635502558e-08,-509800
9.95297070268089e-08,-509700
9.95313760473517e-08,-509600
9.95329712762607e-08,-509500
9.95344933967861e-08,-509400
9.95359431107657e-08,-509300
9.95373211383394e-08,-509200
9.95386282176514e-08,-509100
9.95398651045595e-08,-509000
9.95410325723374e-08,-508900
9.95421314113845e-08,-508800
9.95431624289209e-08,-508700
9.95441264486936e-08,-508600
9.95450243106716e-08,-508500
9.95458568707499e-08,-508400
9.95466250004449e-08,-508300
9.95473295865885e-08,-508200
9.95479715310258e-08,-508100
9.95485517503139e-08,-508000
9.9549071175408e-08,-507900
9.95495307513639e-08,-507800
9.95499314370228e-08,-507700
9.95502742047093e-08,-507600
9.95505600399193e-08,-507500
9.95507899410167e-08,-507400
9.95509649189174e-08,-507300
9.95510859967844e-08,-507200
9.95511542097195e-08,-507100
9.95511706044493e-08,-507000
9.95511362390168e-08,-506900
9.95510521824735e-08,-506800
9.95509195145677e-08,-506700
9.95507393254313e-08,-506600
9.9550512715277e-08,-506500
9.95502407940801e-08,-506400
9.95499246812706e-08,-506300
9.95495655054308e-08,-506200
9.95491644039742e-08,-506100
9.95487225228444e-08,-506000
9.95482410161989e-08,-505900
9.95477210461124e-08,-505800
9.95471637822521e-08,-505700
9.95465704015808e-08,-505600
9.9545942088047e-08,-505500
9.95452800322729e-08,-505400
9.95445854312548e-08,-505300
9.9543859488051e-08,-505200
9.95431034114783e-08,-505100
9.95423184158043e-08,-505000
9.95415057204456e-08,-504900
9.95406665496633e-08,-504800
9.95398021322553e-08,-504700
9.95389137012583e-08,-504600
9.95380024936419e-08,-504500
9.95370697500095e-08,-504400
9.9536116714296e-08,-504300
9.95351446334674e-08,-504200
9.95341547572197e-08,-504100
9.95331483376837e-08,-504000
9.95321266291256e-08,-503900
9.95310908876473e-08,-503800
9.95300423708913e-08,-503700
9.95289823377492e-08,-503600
9.95279120480602e-08,-503500
9.95268327623188e-08,-503400
9.95257457413882e-08,-503300
9.95246522461971e-08,-503200
9.95235535374584e-08,-503100
9.95224508753736e-08,-503000
9.9521345519345e-08,-502900
9.95202387276852e-08,-502800
9.95191317573314e-08,-502700
9.95180258635599e-08,-502600
9.95169222996983e-08,-502500
9.95158223168412e-08,-502400
9.95147271635665e-08,-502300
9.95136380856566e-08,-502200
9.951255632581e-08,-502100
9.9511483123369e-08,-502000
9.95104197140327e-08,-501900
9.95093673295837e-08,-501800
9.95083271976104e-08,-501700
9.9507300541231e-08,-501600
9.95062885788157e-08,-501500
9.9505292523716e-08,-501400
9.95043135839959e-08,-501300
9.95033529621512e-08,-501200
9.95024118548498e-08,-501100
9.9501491452655e-08,-501000
9.95005929397619e-08,-500900
9.9499717493736e-08,-500800
9.94988662852353e-08,-500700
9.94980404777589e-08,-500600
9.94972412273823e-08,-500500
9.94964696824933e-08,-500400
9.94957269835354e-08,-500300
9.94950142627486e-08,-500200
9.94943326439165e-08,-500100
9.9493683242105e-08,-500000
9.94930671634163e-08,-499900
9.9492485504731e-08,-499800
9.94919393534651e-08,-499700
9.94914297873095e-08,-499600
9.94909578739987e-08,-499500
9.94905246710514e-08,-499400
9.9490131225536e-08,-499300
9.94897785738252e-08,-499200
9.94894677413564e-08,-499100
9.94891997423956e-08,-499000
9.9488975579794e-08,-498900
9.94887962447649e-08,-498800
9.94886627166401e-08,-498700
9.9488575962648e-08,-498600
9.94885369376785e-08,-498500
9.94885465840611e-08,-498400
9.94886058313344e-08,-498300
9.9488715596034e-08,-498200
9.94888767814606e-08,-498100
9.94890902774705e-08,-498000
9.9489356960254e-08,-497900
9.94896776921281e-08,-497800
9.94900533213193e-08,-497700
9.94904846817584e-08,-497600
9.9490972592874e-08,-497500
9.94915178593843e-08,-497400
9.94921212711052e-08,-497300
9.94927836027372e-08,-497200
9.94935056136871e-08,-497100
9.94942880478582e-08,-497000
9.94951316334677e-08,-496900
9.94960370828569e-08,-496800
9.9497005092308e-08,-496700
9.94980363418554e-08,-496600
9.94991314951152e-08,-496500
9.9500291199101e-08,-496400
9.95015160840542e-08,-496300
9.95028067632722e-08,-496200
9.9504163832941e-08,-496100
9.95055878719721e-08,-496000
9.95070794418393e-08,-495900
9.95086390864246e-08,-495800
9.95102673318593e-08,-495700
9.9511964686374e-08,-495600
9.95137316401559e-08,-495500
9.95155686651971e-08,-495400
9.95174762151603e-08,-495300
9.95194547252364e-08,-495200
9.95215046120156e-08,-495100
9.95236262733528e-08,-495000
9.95258200882467e-08,-494900
9.9528086416715e-08,-494800
9.95304255996768e-08,-494700
9.95328379588336e-08,-494600
9.95353237965674e-08,-494500
9.95378833958261e-08,-494400
9.95405170200259e-08,-494300
9.9543224912948e-08,-494200
9.95460072986507e-08,-494100
9.95488643813722e-08,-494000
9.95517963454507e-08,-493900
9.95548033552385e-08,-493800
9.95578855550265e-08,-493700
9.9561043068971e-08,-493600
9.95642760010273e-08,-493500
9.9567584434876e-08,-493400
9.95709684338801e-08,-493300
9.95744280410136e-08,-493200
9.95779632788214e-08,-493100
9.95815741493667e-08,-493000
9.95852606341962e-08,-492900
9.95890226942994e-08,-492800
9.95928602700766e-08,-492700
9.95967732813125e-08,-492600
9.96007616271565e-08,-492500
9.96048251861031e-08,-492400
9.96089638159769e-08,-492300
9.96131773539318e-08,-492200
9.9617465616442e-08,-492100
9.96218283993064e-08,-492000
9.96262654776571e-08,-491900
9.96307766059702e-08,-491800
9.96353615180866e-08,-491700
9.96400199272272e-08,-491600
9.96447515260288e-08,-491500
9.96495559865714e-08,-491400
9.96544329604175e-08,-491300
9.96593820786569e-08,-491200
9.96644029519499e-08,-491100
9.9669495170589e-08,-491000
9.96746583045465e-08,-490900
9.96798919035471e-08,-490800
9.96851954971342e-08,-490700
9.96905685947425e-08,-490600
9.96960106857806e-08,-490500
9.97015212397094e-08,-490400
9.97070997061404e-08,-490300
9.97127455149231e-08,-490200
9.97184580762533e-08,-490100
9.972423678077e-08,-490000
9.97300809996726e-08,-489900
9.97359900848343e-08,-489800
9.97419633689245e-08,-489700
9.97480001655348e-08,-489600
9.97540997693102e-08,-489500
9.97602614560858e-08,-489400
9.97664844830313e-08,-489300
9.97727680887944e-08,-489200
9.97791114936578e-08,-489100
9.9785513899693e-08,-489000
9.97919744909231e-08,-488900
9.97984924334934e-08,-488800
9.98050668758408e-08,-488700
9.98116969488742e-08,-488600
9.98183817661539e-08,-488500
9.9825120424083e-08,-488400
9.98319120020981e-08,-488300
9.98387555628674e-08,-488200
9.98456501524928e-08,-488100
9.98525948007163e-08,-488000
9.98595885211339e-08,-487900
9.98666303114113e-08,-487800
9.9873719153504e-08,-487700
9.98808540138861e-08,-487600
9.98880338437779e-08,-487500
9.98952575793858e-08,-487400
9.99025241421356e-08,-487300
9.99098324389208e-08,-487200
9.99171813623514e-08,-487100
9.99245697910066e-08,-487000
9.99319965896901e-08,-486900
9.99394606096914e-08,-486800
9.99469606890545e-08,-486700
9.99544956528446e-08,-486600
9.9962064313423e-08,-486500
9.99696654707271e-08,-486400
9.99772979125463e-08,-486300
9.99849604148106e-08,-486200
9.99926517418855e-08,-486100
1.0000037064685e-07,-486000
1.00008115871812e-07,-485900
1.00015886148192e-07,-485800
1.00023680197037e-07,-485700
1.00031496729322e-07,-485600
1.00039334446264e-07,-485500
1.00047192039631e-07,-485400
1.00055068192065e-07,-485300
1.00062961577391e-07,-485200
1.00070870860956e-07,-485100
1.00078794699936e-07,-485000
1.00086731743683e-07,-484900
1.00094680634039e-07,-484800
1.00102640005681e-07,-484700
1.00110608486453e-07,-484600
1.00118584697709e-07,-484500
1.00126567254645e-07,-484400
1.00134554766655e-07,-484300
1.00142545837666e-07,-484200
1.00150539066493e-07,-484100
1.00158533047182e-07,-484000
1.0016652636937e-07,-483900
1.00174517618631e-07,-483800
1.00182505376836e-07,-483700
1.00190488222508e-07,-483600
1.0019846473118e-07,-483500
1.00206433475754e-07,-483400
1.00214393026867e-07,-483300
1.00222341953248e-07,-483200
1.00230278822083e-07,-483100
1.00238202199381e-07,-483000
1.00246110650337e-07,-482900
1.002540027397e-07,-482800
1.00261877032141e-07,-482700
1.00269732092617e-07,-482600
1.00277566486743e-07,-482500
1.00285378781158e-07,-482400
1.00293167543892e-07,-482300
1.00300931344746e-07,-482200
1.00308668755641e-07,-482100
1.00316378351007e-07,-482000
1.00324058708143e-07,-481900
1.00331708407583e-07,-481800
1.00339326033473e-07,-481700
1.00346910173932e-07,-481600
1.0035445942142e-07,-481500
1.00361972373111e-07,-481400
1.00369447631251e-07,-481300
1.0037688380353e-07,-481200
1.00384279503443e-07,-481100
1.00391633350656e-07,-481000
1.00398943971363e-07,-480900
1.00406209998653e-07,-480800
1.00413430072867e-07,-480700
1.0042060284196e-07,-480600
1.00427726961846e-07,-480500
1.00434801096769e-07,-480400
1.00441823919646e-07,-480300
1.0044879411242e-07,-480200
1.00455710366412e-07,-480100
1.00462571382668e-07,-480000
1.00469375872302e-07,-479900
1.00476122556838e-07,-479800
1.00482810168559e-07,-479700
1.00489437450835e-07,-479600
1.00496003158464e-07,-479500
1.00502506058007e-07,-479400
1.00508944928112e-07,-479300
1.00515318559847e-07,-479200
1.00521625757025e-07,-479100
1.0052786533652e-07,-479000
1.00534036128591e-07,-478900
1.00540136977196e-07,-478800
1.00546166740305e-07,-478700
1.00552124290202e-07,-478600
1.00558008513803e-07,-478500
1.00563818312945e-07,-478400
1.00569552604692e-07,-478300
1.00575210321623e-07,-478200
1.00580790412134e-07,-478100
1.0058629184071e-07,-478000
1.00591713588217e-07,-477900
1.00597054652179e-07,-477800
1.00602314047051e-07,-477700
1.00607490804492e-07,-477600
1.00612583973626e-07,-477500
1.00617592621308e-07,-477400
1.00622515832382e-07,-477300
1.00627352709929e-07,-477200
1.0063210237552e-07,-477100
1.00636763969456e-07,-477000
1.00641336651005e-07,-476900
1.00645819598642e-07,-476800
1.00650212010272e-07,-476700
1.00654513103458e-07,-476600
1.00658722115639e-07,-476500
1.0066283830434e-07,-476400
1.00666860947384e-07,-476300
1.00670789343101e-07,-476200
1.00674622810511e-07,-476100
1.00678360689536e-07,-476000
1.00682002341167e-07,-475900
1.00685547147668e-07,-475800
1.00688994512732e-07,-475700
1.00692343861665e-07,-475600
1.00695594641545e-07,-475500
1.00698746321386e-07,-475400
1.00701798392285e-07,-475300
1.0070475036758e-07,-475200
1.00707601782983e-07,-475100
1.00710352196718e-07,-475000
1.00713001189657e-07,-474900
1.00715548365435e-07,-474800
1.00717993350579e-07,-474700
1.00720335794609e-07,-474600
1.00722575370152e-07,-474500
1.00724711773041e-07,-474400
1.00726744722405e-07,-474300
1.00728673960759e-07,-474200
1.00730499254084e-07,-474100
1.00732220391904e-07,-474000
1.0073383718735e-07,-473900
1.00735349477231e-07,-473800
1.00736757122077e-07,-473700
1.00738060006198e-07,-473600
1.00739258037727e-07,-473500
1.00740351148648e-07,-473400
1.00741339294834e-07,-473300
1.00742222456067e-07,-473200
1.00743000636055e-07,-473100
1.0074367386244e-07,-473000
1.00744242186806e-07,-472900
1.00744705684675e-07,-472800
1.00745064455491e-07,-472700
1.00745318622611e-07,-472600
1.00745468333281e-07,-472500
1.007455137586e-07,-472400
1.00745455093494e-07,-472300
1.00745292556662e-07,-472200
1.00745026390533e-07,-472100
1.0074465686121e-07,-472000
1.007441842584e-07,-471900
1.00743608895351e-07,-471800
1.00742931108773e-07,-471700
1.00742151258756e-07,-471600
1.00741269728675e-07,-471500
1.007402869251e-07,-471400
1.00739203277687e-07,-471300
1.00738019239072e-07,-471200
1.00736735284753e-07,-471100
1.00735351912963e-07,-471000
1.00733869644546e-07,-470900
1.00732289022817e-07,-470800
1.00730610613417e-07,-470700
1.00728835004166e-07,-470600
1.00726962804906e-07,-470500
1.00724994647337e-07,-470400
1.00722931184847e-07,-470300
1.00720773092337e-07,-470200
1.00718521066041e-07,-470100
1.00716175823328e-07,-470000
1.00713738102518e-07,-469900
1.00711208662674e-07,-469800
1.00708588283392e-07,-469700
1.00705877764591e-07,-469600
1.0070307792629e-07,-469500
1.00700189608383e-07,-469400
1.00697213670401e-07,-469300
1.00694150991279e-07,-469200
1.00691002469105e-07,-469100
1.00687769020872e-07,-469000
1.00684451582221e-07,-468900
1.00681051107171e-07,-468800
1.00677568567862e-07,-468700
1.00674004954266e-07,-468600
1.00670361273916e-07,-468500
1.00666638551615e-07,-468400
1.00662837829142e-07,-468300
1.00658960164961e-07,-468200
1.00655006633911e-07,-468100
1.00650978326895e-07,-468000
1.00646876350576e-07,-467900
1.00642701827046e-07,-467800
1.00638455893509e-07,-467700
1.00634139701946e-07,-467600
1.0062975441878e-07,-467500
1.00625301224539e-07,-467400
1.00620781313511e-07,-467300
1.00616195893388e-07,-467200
1.00611546184916e-07,-467100
1.00606833421535e-07,-467000
1.00602058849012e-07,-466900
1.00597223725078e-07,-466800
1.00592329319047e-07,-466700
1.00587376911447e-07,-466600
1.00582367793631e-07,-466500
1.00577303267395e-07,-466400
1.00572184644587e-07,-466300
1.00567013246717e-07,-466200
1.0056179040455e-07,-466100
1.00556517457716e-07,-466000
1.00551195754296e-07,-465900
1.0054582665042e-07,-465800
1.0054041150985e-07,-465700
1.00534951703566e-07,-465600
1.00529448609356e-07,-465500
1.00523903611381e-07,-465400
1.00518318099755e-07,-465300
1.00512693470127e-07,-465200
1.00507031123241e-07,-465100
1.00501332464507e-07,-465000
1.00495598903565e-07,-464900
1.00489831853852e-07,-464800
1.00484032732158e-07,-464700
1.00478202958184e-07,-464600
1.00472343954107e-07,-464500
1.00466457144122e-07,-464400
1.00460543954011e-07,-464300
1.00454605810678e-07,-464200
1.0044864414171e-07,-464100
1.00442660374928e-07,-464000
1.00436655937924e-07,-463900
1.00430632257621e-07,-463800
1.0042459075981e-07,-463700
1.004185328687e-07,-463600
1.00412460006461e-07,-463500
1.0040637359277e-07,-463400
1.0040027504436e-07,-463300
1.0039416577455e-07,-463200
1.00388047192809e-07,-463100
1.00381920704287e-07,-463000
1.00375787709365e-07,-462900
1.00369649603199e-07,-462800
1.00363507775272e-07,-462700
1.00357363608929e-07,-462600
1.0035121848094e-07,-462500
1.00345073761041e-07,-462400
1.00338930811486e-07,-462300
1.00332790986596e-07,-462200
1.00326655632326e-07,-462100
1.00320526085801e-07,-462000
1.0031440367489e-07,-461900
1.00308289717759e-07,-461800
1.00302185522434e-07,-461700
1.00296092386365e-07,-461600
1.00290011595993e-07,-461500
1.00283944426323e-07,-461400
1.00277892140495e-07,-461300
1.00271855989359e-07,-461200
1.00265837211052e-07,-461100
1.00259837030588e-07,-461000
1.00253856659441e-07,-460900
1.00247897295132e-07,-460800
1.00241960120824e-07,-460700
1.00236046304925e-07,-460600
1.00230157000684e-07,-460500
1.00224293345803e-07,-460400
1.00218456462043e-07,-460300
1.00212647454847e-07,-460200
1.00206867412952e-07,-460100
1.00201117408025e-07,-460000
1.00195398494285e-07,-459900
1.00189711708146e-07,-459800
1.00184058067855e-07,-459700
1.00178438573143e-07,-459600
1.00172854204877e-07,-459500
1.00167305924718e-07,-459400
1.0016179467479e-07,-459300
1.00156321377349e-07,-459200
1.00150886934462e-07,-459100
1.00145492227695e-07,-459000
1.00140138117799e-07,-458900
1.00134825444415e-07,-458800
1.00129555025772e-07,-458700
1.00124327658407e-07,-458600
1.00119144116883e-07,-458500
1.00114005153511e-07,-458400
1.00108911498094e-07,-458300
1.0010386385766e-07,-458200
1.00098862916221e-07,-458100
1.00093909334524e-07,-458000
1.00089003749826e-07,-457900
1.00084146775659e-07,-457800
1.0007933900162e-07,-457700
1.00074580993158e-07,-457600
1.00069873291379e-07,-457500
1.00065216412847e-07,-457400
1.00060610849411e-07,-457300
1.00056057068022e-07,-457200
1.00051555510572e-07,-457100
1.00047106593741e-07,-457000
1.00042710708845e-07,-456900
1.00038368221701e-07,-456800
1.00034079472504e-07,-456700
1.00029844775698e-07,-456600
1.00025664419876e-07,-456500
1.00021538667675e-07,-456400
1.0001746775569e-07,-456300
1.00013451894393e-07,-456200
1.00009491268061e-07,-456100
1.00005586034718e-07,-456000
1.00001736326084e-07,-455900
9.99979422475295e-08,-455800
9.99942038780585e-08,-455700
9.9990521270272e-08,-455600
9.99868944503696e-08,-455500
9.99833234181484e-08,-455400
9.99798081470033e-08,-455300
9.99763485839615e-08,-455200
9.99729446497075e-08,-455100
9.9969596238619e-08,-455000
9.99663032188268e-08,-454900
9.99630654322763e-08,-454800
9.99598826947935e-08,-454700
9.99567547961735e-08,-454600
9.99536815002707e-08,-454500
9.99506625451036e-08,-454400
9.99476976429705e-08,-454300
9.99447864805683e-08,-454200
9.99419287191351e-08,-454100
9.9939123994586e-08,-454000
9.99363719176781e-08,-453900
9.99336720741683e-08,-453800
9.99310240249941e-08,-453700
9.99284273064542e-08,-453600
9.99258814304127e-08,-453500
9.99233858844979e-08,-453400
9.99209401323227e-08,-453300
9.99185436137128e-08,-453200
9.99161957449364e-08,-453100
9.99138959189572e-08,-453000
9.99116435056888e-08,-452900
9.99094378522575e-08,-452800
9.99072782832819e-08,-452700
9.99051641011569e-08,-452600
9.99030945863478e-08,-452500
9.99010689976927e-08,-452400
9.98990865727193e-08,-452300
9.98971465279658e-08,-452200
9.98952480593121e-08,-452100
9.98933903423211e-08,-452000
9.98915725325878e-08,-451900
9.98897937661e-08,-451800
9.98880531595998e-08,-451700
9.98863498109645e-08,-451600
9.98846827995865e-08,-451500
9.98830511867694e-08,-451400
9.98814540161232e-08,-451300
9.98798903139776e-08,-451200
9.98783590897917e-08,-451100
9.9876859336583e-08,-451000
9.98753900313566e-08,-450900
9.98739501355394e-08,-450800
9.9872538595433e-08,-450700
9.98711543426599e-08,-450600
9.98697962946251e-08,-450500
9.98684633549825e-08,-450400
9.98671544141041e-08,-450300
9.98658683495629e-08,-450200
9.98646040266151e-08,-450100
9.98633602986892e-08,-450000
9.98621360078835e-08,-449900
9.98609299854689e-08,-449800
9.98597410523953e-08,-449700
9.98585680198022e-08,-449600
9.9857409689535e-08,-449500
9.9856264854671e-08,-449400
9.98551323000388e-08,-449300
9.98540108027571e-08,-449200
9.9852899132757e-08,-449100
9.98517960533333e-08,-449000
9.98507003216783e-08,-448900
9.98496106894261e-08,-448800
9.9848525903205e-08,-448700
9.9847444705185e-08,-448600
9.98463658336359e-08,-448500
9.9845288023477e-08,-448400
9.98442100068428e-08,-448300
9.98431305136335e-08,-448200
9.98420482720884e-08,-448100
9.98409620093413e-08,-448000
9.98398704519887e-08,-447900
9.98387723266538e-08,-447800
9.98376663605544e-08,-447700
9.98365512820687e-08,-447600
9.98354258213028e-08,-447500
9.98342887106585e-08,-447400
9.98331386854018e-08,-447300
9.98319744842255e-08,-447200
9.98307948498184e-08,-447100
9.98295985294275e-08,-447000
9.98283842754288e-08,-446900
9.98271508458777e-08,-446800
9.98258970050786e-08,-446700
9.9824621524143e-08,-446600
9.98233231815404e-08,-446500
9.98220007636615e-08,-446400
9.98206530653548e-08,-446300
9.9819278890494e-08,-446200
9.98178770525052e-08,-446100
9.98164463749224e-08,-446000
9.98149856919166e-08,-445900
9.98134938488358e-08,-445800
9.98119697027323e-08,-445700
9.98104121228894e-08,-445600
9.98088199913386e-08,-445500
9.9807192203389e-08,-445400
9.98055276681203e-08,-445300
9.98038253089015e-08,-445200
9.98020840638889e-08,-445100
9.98003028865193e-08,-445000
9.97984807460015e-08,-444900
9.97966166277927e-08,-444800
9.97947095340844e-08,-444700
9.97927584842643e-08,-444600
9.97907625153825e-08,-444500
9.9788720682608e-08,-444400
9.97866320596759e-08,-444300
9.97844957393298e-08,-444200
9.9782310833753e-08,-444100
9.9780076474999e-08,-444000
9.9777791815405e-08,-443900
9.97754560280053e-08,-443800
9.97730683069312e-08,-443700
9.97706278677986e-08,-443600
9.97681339481025e-08,-443500
9.97655858075855e-08,-443400
9.97629827286012e-08,-443300
9.97603240164829e-08,-443200
9.97576089998755e-08,-443100
9.97548370310857e-08,-443000
9.97520074864065e-08,-442900
9.97491197664352e-08,-442800
9.97461732963791e-08,-442700
9.97431675263623e-08,-442600
9.9740101931706e-08,-442500
9.97369760132113e-08,-442400
9.97337892974223e-08,-442300
9.97305413368903e-08,-442200
9.97272317104106e-08,-442100
9.97238600232665e-08,-442000
9.97204259074493e-08,-441900
9.97169290218711e-08,-441800
9.97133690525705e-08,-441700
9.9709745712905e-08,-441600
9.9706058743723e-08,-441500
9.97023079135444e-08,-441400
9.96984930187074e-08,-441300
9.96946138835217e-08,-441200
9.96906703604008e-08,-441100
9.96866623299816e-08,-441000
9.96825897012407e-08,-440900
9.96784524115932e-08,-440800
9.96742504269779e-08,-440700
9.96699837419373e-08,-440600
9.96656523796776e-08,-440500
9.96612563921286e-08,-440400
9.96567958599782e-08,-440300
9.96522708927049e-08,-440200
9.96476816285974e-08,-440100
9.96430282347552e-08,-440000
9.96383109070869e-08,-439900
9.96335298702942e-08,-439800
9.9628685377836e-08,-439700
9.9623777711896e-08,-439600
9.96188071833243e-08,-439500
9.96137741315743e-08,-439400
9.96086789246287e-08,-439300
9.9603521958911e-08,-439200
9.95983036591892e-08,-439100
9.95930244784621e-08,-439000
9.95876848978386e-08,-438900
9.95822854264111e-08,-438800
9.9576826601103e-08,-438700
9.95713089865199e-08,-438600
9.95657331747805e-08,-438500
9.95600997853434e-08,-438400
9.95544094648146e-08,-438300
9.95486628867567e-08,-438200
9.95428607514696e-08,-438100
9.95370037857789e-08,-438000
9.95310927428078e-08,-437900
9.95251284017269e-08,-437800
9.95191115675159e-08,-437700
9.95130430706944e-08,-437600
9.95069237670579e-08,-437500
9.95007545373923e-08,-437400
9.94945362871899e-08,-437300
9.94882699463486e-08,-437200
9.94819564688626e-08,-437100
9.94755968325041e-08,-437000
9.94691920385024e-08,-436900
9.94627431112006e-08,-436800
9.94562510977205e-08,-436700
9.94497170676042e-08,-436600
9.94431421124558e-08,-436500
9.94365273455692e-08,-436400
9.94298739015621e-08,-436300
9.94231829359765e-08,-436200
9.94164556248965e-08,-436100
9.94096931645472e-08,-436000
9.94028967708855e-08,-435900
9.93960676791911e-08,-435800
9.93892071436373e-08,-435700
9.9382316436875e-08,-435600
9.93753968495911e-08,-435500
9.93684496900696e-08,-435400
9.93614762837492e-08,-435300
9.93544779727684e-08,-435200
9.93474561155106e-08,-435100
9.93404120861389e-08,-435000
9.93333472741299e-08,-434900
9.93262630838011e-08,-434800
9.93191609338325e-08,-434700
9.93120422567856e-08,-434600
9.9304908498615e-08,-434500
9.92977611181795e-08,-434400
9.92906015867468e-08,-434300
9.92834313874974e-08,-434200
9.92762520150208e-08,-434100
9.92690649748122e-08,-434000
9.92618717827629e-08,-433900
9.92546739646521e-08,-433800
9.92474730556329e-08,-433700
9.92402705997184e-08,-433600
9.92330681492601e-08,-433500
9.92258672644329e-08,-433400
9.92186695127118e-08,-433300
9.92114764683495e-08,-433200
9.92042897118545e-08,-433100
9.91971108294639e-08,-433000
9.91899414126188e-08,-432900
9.91827830574401e-08,-432800
9.91756373641966e-08,-432700
9.91685059367846e-08,-432600
9.91613903821999e-08,-432500
9.91542923100059e-08,-432400
9.91472133318171e-08,-432300
9.91401550607681e-08,-432200
9.91331191109852e-08,-432100
9.91261070970757e-08,-432000
9.91191206335936e-08,-431900
9.91121613345277e-08,-431800
9.91052308127763e-08,-431700
9.90983306796381e-08,-431600
9.90914625442911e-08,-431500
9.90846280132835e-08,-431400
9.90778286900206e-08,-431300
9.90710661742644e-08,-431200
9.90643420616212e-08,-431100
9.90576579430458e-08,-431000
9.90510154043422e-08,-430900
9.90444160256672e-08,-430800
9.90378613810381e-08,-430700
9.90313530378533e-08,-430600
9.90248925563956e-08,-430500
9.9018481489367e-08,-430400
9.90121213814013e-08,-430300
9.90058137685997e-08,-430200
9.89995601780631e-08,-430100
9.89933621274303e-08,-430000
9.89872211244187e-08,-429900
9.89811386663767e-08,-429800
9.89751162398334e-08,-429700
9.89691553200575e-08,-429600
9.89632573706216e-08,-429500
9.8957423842971e-08,-429400
9.89516561759966e-08,-429300
9.89459557956197e-08,-429200
9.8940324114374e-08,-429100
9.89347625310011e-08,-429000
9.89292724300436e-08,-428900
9.89238551814557e-08,-428800
9.89185121402104e-08,-428700
9.89132446459183e-08,-428600
9.89080540224481e-08,-428500
9.89029415775596e-08,-428400
9.88979086025405e-08,-428300
9.88929563718458e-08,-428200
9.8888086142752e-08,-428100
9.88832991550145e-08,-428000
9.88785966305267e-08,-427900
9.88739797729964e-08,-427800
9.8869449767619e-08,-427700
9.88650077807662e-08,-427600
9.88606549596749e-08,-427500
9.88563924321493e-08,-427400
9.88522213062667e-08,-427300
9.88481426700911e-08,-427200
9.88441575913917e-08,-427100
9.88402671173775e-08,-427000
9.88364722744289e-08,-426900
9.88327740678395e-08,-426800
9.88291734815729e-08,-426700
9.88256714780136e-08,-426600
9.88222689977389e-08,-426500
9.88189669592896e-08,-426400
9.88157662589476e-08,-426300
9.88126677705295e-08,-426200
9.88096723451804e-08,-426100
9.88067808111727e-08,-426000
9.88039939737237e-08,-425900
9.88013126148084e-08,-425800
9.87987374929871e-08,-425700
9.87962693432394e-08,-425600
9.87939088767992e-08,-425500
9.87916567810111e-08,-425400
9.878951371918e-08,-425300
9.87874803304318e-08,-425200
9.87855572295904e-08,-425100
9.87837450070449e-08,-425000
9.87820442286462e-08,-424900
9.87804554355864e-08,-424800
9.87789791443086e-08,-424700
9.87776158464012e-08,-424600
9.87763660085235e-08,-424500
9.87752300723153e-08,-424400
9.87742084543314e-08,-424300
9.87733015459694e-08,-424200
9.87725097134133e-08,-424100
9.87718332975877e-08,-424000
9.87712726141002e-08,-423900
9.87708279532115e-08,-423800
9.8770499579797e-08,-423700
9.87702877333305e-08,-423600
9.87701926278563e-08,-423500
9.87702144519803e-08,-423400
9.87703533688633e-08,-423300
9.87706095162247e-08,-423200
9.8770983006342e-08,-423100
9.8771473926069e-08,-423000
9.87720823368549e-08,-422900
9.87728082747634e-08,-422800
9.87736517505127e-08,-422700
9.87746127495041e-08,-422600
9.87756912318673e-08,-422500
9.87768871325115e-08,-422400
9.87782003611735e-08,-422300
9.87796308024846e-08,-422200
9.87811783160296e-08,-422100
9.87828427364224e-08,-422000
9.87846238733761e-08,-421900
9.8786521511791e-08,-421800
9.87885354118355e-08,-421700
9.87906653090412e-08,-421600
9.87929109143986e-08,-421500
9.87952719144559e-08,-421400
9.87977479714321e-08,-421300
9.88003387233246e-08,-421200
9.88030437840197e-08,-421100
9.88058627434252e-08,-421000
9.88087951675884e-08,-420900
9.88118405988266e-08,-420800
9.88149985558629e-08,-420700
9.88182685339625e-08,-420600
9.88216500050806e-08,-420500
9.88251424180094e-08,-420400
9.882874519852e-08,-420300
9.88324577495307e-08,-420200
9.88362794512601e-08,-420100
9.88402096613922e-08,-420000
9.8844247715241e-08,-419900
9.88483929259283e-08,-419800
9.8852644584552e-08,-419700
9.8857001960367e-08,-419600
9.88614643009714e-08,-419500
9.88660308324851e-08,-419400
9.88707007597468e-08,-419300
9.88754732665009e-08,-419200
9.88803475155966e-08,-419100
9.88853226491881e-08,-419000
9.8890397788935e-08,-418900
9.88955720362113e-08,-418800
9.8900844472311e-08,-418700
9.89062141586641e-08,-418600
9.89116801370471e-08,-418500
9.89172414298117e-08,-418400
9.89228970400907e-08,-418300
9.89286459520355e-08,-418200
9.89344871310372e-08,-418100
9.89404195239558e-08,-418000
9.89464420593588e-08,-417900
9.89525536477478e-08,-417800
9.89587531818055e-08,-417700
9.89650395366304e-08,-417600
9.89714115699822e-08,-417500
9.89778681225295e-08,-417400
9.89844080180959e-08,-417300
9.89910300639136e-08,-417200
9.89977330508738e-08,-417100
9.90045157537853e-08,-417000
9.90113769316315e-08,-416900
9.90183153278372e-08,-416800
9.90253296705196e-08,-416700
9.90324186727668e-08,-416600
9.90395810328992e-08,-416500
9.90468154347391e-08,-416400
9.90541205478871e-08,-416300
9.90614950279961e-08,-416200
9.90689375170453e-08,-416100
9.90764466436233e-08,-416000
9.90840210232086e-08,-415900
9.90916592584506e-08,-415800
9.90993599394604e-08,-415700
9.91071216440965e-08,-415600
9.91149429382532e-08,-415500
9.91228223761563e-08,-415400
9.91307585006564e-08,-415300
9.91387498435244e-08,-415200
9.91467949257535e-08,-415100
9.91548922578547e-08,-415000
9.91630403401644e-08,-414900
9.91712376631481e-08,-414800
9.91794827077065e-08,-414700
9.9187773945485e-08,-414600
9.91961098391862e-08,-414500
9.92044888428822e-08,-414400
9.92129094023258e-08,-414300
9.92213699552754e-08,-414200
9.9229868931808e-08,-414100
9.92384047546442e-08,-414000
9.92469758394659e-08,-413900
9.92555805952481e-08,-413800
9.92642174245829e-08,-413700
9.92728847240062e-08,-413600
9.92815808843315e-08,-413500
9.92903042909811e-08,-413400
9.92990533243272e-08,-413300
9.9307826360014e-08,-413200
9.93166217693112e-08,-413100
9.93254379194454e-08,-413000
9.93342731739469e-08,-412900
9.93431258929928e-08,-412800
9.93519944337499e-08,-412700
9.93608771507233e-08,-412600
9.93697723961077e-08,-412500
9.93786785201414e-08,-412400
9.9387593871451e-08,-412300
9.93965167974111e-08,-412200
9.94054456444994e-08,-412100
9.94143787586554e-08,-412000
9.94233144856427e-08,-411900
9.94322511714003e-08,-411800
9.94411871624164e-08,-411700
9.94501208060853e-08,-411600
9.94590504510771e-08,-411500
9.94679744477047e-08,-411400
9.94768911482875e-08,-411300
9.94857989075262e-08,-411200
9.94946960828727e-08,-411100
9.95035810349042e-08,-411000
9.95124521276917e-08,-410900
9.95213077291828e-08,-410800
9.95301462115701e-08,-410700
9.95389659516725e-08,-410600
9.9547765331315e-08,-410500
9.95565427377043e-08,-410400
9.95652965638104e-08,-410300
9.95740252087488e-08,-410200
9.95827270781596e-08,-410100
9.9591400584594e-08,-410000
9.96000441478937e-08,-409900
9.96086561955769e-08,-409800
9.9617235163223e-08,-409700
9.96257794948549e-08,-409600
9.96342876433291e-08,-409500
9.96427580707151e-08,-409400
9.96511892486848e-08,-409300
9.96595796588993e-08,-409200
9.96679277933913e-08,-409100
9.9676232154956e-08,-409000
9.96844912575304e-08,-408900
9.96927036265837e-08,-408800
9.97008677995018e-08,-408700
9.97089823259694e-08,-408600
9.97170457683604e-08,-408500
9.97250567021111e-08,-408400
9.9733013716117e-08,-408300
9.97409154130995e-08,-408200
9.97487604100007e-08,-408100
9.97565473383547e-08,-408000
9.9764274844672e-08,-407900
9.977194159081e-08,-407800
9.97795462543626e-08,-407700
9.97870875290142e-08,-407600
9.97945641249363e-08,-407500
9.98019747691405e-08,-407400
9.98093182058542e-08,-407300
9.98165931968942e-08,-407200
9.9823798522022e-08,-407100
9.98309329793102e-08,-407000
9.9837995385505e-08,-406900
9.98449845763859e-08,-406800
9.98518994071131e-08,-406700
9.98587387525894e-08,-406600
9.98655015078002e-08,-406500
9.98721865881696e-08,-406400
9.9878792929897e-08,-406300
9.98853194902983e-08,-406200
9.98917652481398e-08,-406100
9.98981292039816e-08,-406000
9.99044103804867e-08,-405900
9.99106078227667e-08,-405800
9.99167205986867e-08,-405700
9.9922747799189e-08,-405600
9.99286885386056e-08,-405500
9.99345419549593e-08,-405400
9.99403072102733e-08,-405300
9.99459834908639e-08,-405200
9.99515700076374e-08,-405100
9.99570659963699e-08,-405000
9.99624707179996e-08,-404900
9.99677834588958e-08,-404800
9.99730035311329e-08,-404700
9.99781302727532e-08,-404600
9.99831630480298e-08,-404500
9.99881012477176e-08,-404400
9.99929442892963e-08,-404300
9.99976916172183e-08,-404200
1.00002342703138e-07,-404100
1.00006897046138e-07,-404000
1.0001135417295e-07,-403900
1.00015713638173e-07,-403800
1.00019975024472e-07,-403700
1.00024137942779e-07,-403600
1.00028202032492e-07,-403500
1.00032166961644e-07,-403400
1.00036032427092e-07,-403300
1.00039798154679e-07,-403200
1.00043463899398e-07,-403100
1.00047029445537e-07,-403000
1.00050494606834e-07,-402900
1.00053859226599e-07,-402800
1.00057123177856e-07,-402700
1.00060286363444e-07,-402600
1.00063348716143e-07,-402500
1.00066310198762e-07,-402400
1.0006917080424e-07,-402300
1.00071930555722e-07,-402200
1.00074589506634e-07,-402100
1.00077147740746e-07,-402000
1.00079605372232e-07,-401900
1.00081962545706e-07,-401800
1.00084219436263e-07,-401700
1.00086376249504e-07,-401600
1.00088433221546e-07,-401500
1.00090390619039e-07,-401400
1.0009224873915e-07,-401300
1.00094007909552e-07,-401200
1.00095668488406e-07,-401100
1.00097230864315e-07,-401000
1.00098695456286e-07,-400900
1.00100062713673e-07,-400800
1.00101333116109e-07,-400700
1.00102507173433e-07,-400600
1.00103585425598e-07,-400500
1.00104568442576e-07,-400400
1.00105456824252e-07,-400300
1.00106251200298e-07,-400200
1.0010695223005e-07,-400100
1.00107560602361e-07,-400000
1.00108077035458e-07,-399900
1.00108502276771e-07,-399800
1.00108837102764e-07,-399700
1.00109082318754e-07,-399600
1.00109238758707e-07,-399500
1.00109307285045e-07,-399400
1.00109288788421e-07,-399300
1.00109184187491e-07,-399200
1.00108994428685e-07,-399100
1.00108720485949e-07,-399000
1.00108363360488e-07,-398900
1.001079240805e-07,-398800
1.00107403700889e-07,-398700
1.0010680330298e-07,-398600
1.00106123994212e-07,-398500
1.00105366907826e-07,-398400
1.00104533202544e-07,-398300
1.00103624062235e-07,-398200
1.00102640695572e-07,-398100
1.00101584335674e-07,-398000
1.00100456239746e-07,-397900
1.00099257688709e-07,-397800
1.00097989986801e-07,-397700
1.000966544612e-07,-397600
1.00095252461609e-07,-397500
1.00093785359848e-07,-397400
1.00092254549428e-07,-397300
1.00090661445119e-07,-397200
1.0008900748251e-07,-397100
1.00087294117559e-07,-397000
1.00085522826125e-07,-396900
1.00083695103509e-07,-396800
1.00081812463971e-07,-396700
1.00079876440247e-07,-396600
1.0007788858305e-07,-396500
1.0007585046057e-07,-396400
1.00073763657962e-07,-396300
1.00071629776828e-07,-396200
1.0006945043469e-07,-396100
1.00067227264455e-07,-396000
1.00064961913872e-07,-395900
1.00062656044986e-07,-395800
1.00060311333581e-07,-395700
1.00057929468618e-07,-395600
1.00055512151662e-07,-395500
1.00053061096309e-07,-395400
1.0005057802761e-07,-395300
1.0004806468147e-07,-395200
1.00045522804067e-07,-395100
1.00042954151244e-07,-395000
1.00040360487913e-07,-394900
1.00037743587439e-07,-394800
1.00035105231028e-07,-394700
1.0003244720711e-07,-394600
1.00029771310712e-07,-394500
1.00027079342836e-07,-394400
1.00024373109823e-07,-394300
1.00021654422724e-07,-394200
1.00018925096657e-07,-394100
1.00016186950168e-07,-394000
1.00013441804591e-07,-393900
1.00010691483394e-07,-393800
1.00007937811538e-07,-393700
1.00005182614825e-07,-393600
1.00002427719243e-07,-393500
9.99996749503129e-08,-393400
9.99969261324372e-08,-393300
9.99941830882398e-08,-393200
9.99914476379156e-08,-393100
9.99887215985646e-08,-393000
9.99860067835451e-08,-392900
9.99833050018127e-08,-392800
9.99806180572626e-08,-392700
9.99779477480774e-08,-392600
9.99752958660698e-08,-392500
9.99726641960358e-08,-392400
9.99700545150955e-08,-392300
9.99674685920513e-08,-392200
9.99649081867327e-08,-392100
9.99623750493589e-08,-392000
9.99598709198946e-08,-391900
9.99573975274111e-08,-391800
9.99549565894488e-08,-391700
9.99525498113873e-08,-391600
9.99501788858146e-08,-391500
9.99478454919122e-08,-391400
9.99455512948222e-08,-391300
9.99432979450431e-08,-391200
9.99410870778118e-08,-391100
9.99389203125098e-08,-391000
9.99367992520529e-08,-390900
9.99347254823033e-08,-390800
9.99327005714837e-08,-390700
9.99307260695955e-08,-390600
9.99288035078392e-08,-390500
9.9926934398055e-08,-390400
9.99251202321585e-08,-390300
9.99233624815852e-08,-390200
9.9921662596753e-08,-390100
9.99200220065125e-08,-390000
9.99184421176312e-08,-389900
9.9916924314259e-08,-389800
9.99154699574258e-08,-389700
9.99140803845318e-08,-389600
9.99127569088543e-08,-389500
9.99115008190605e-08,-389400
9.99103133787355e-08,-389300
9.99091958259089e-08,-389200
9.9908149372603e-08,-389100
9.99071752043873e-08,-389000
9.9906274479935e-08,-388900
9.99054483306031e-08,-388800
9.99046978600144e-08,-388700
9.99040241436549e-08,-388600
9.99034282284771e-08,-388500
9.99029111325209e-08,-388400
9.99024738445398e-08,-388300
9.99021173236418e-08,-388200
9.99018424989435e-08,-388100
9.99016502692297e-08,-388000
9.99015415026351e-08,-387900
9.99015170363265e-08,-387800
9.99015776762082e-08,-387700
9.99017241966267e-08,-387600
9.99019573401059e-08,-387500
9.99022778170756e-08,-387400
9.9902686305628e-08,-387300
9.99031834512766e-08,-387200
9.99037698667343e-08,-387100
9.99044461316995e-08,-387000
9.99052127926635e-08,-386900
9.99060703627199e-08,-386800
9.99070193213966e-08,-386700
9.99080601144929e-08,-386600
9.99091931539421e-08,-386500
9.99104188176709e-08,-386400
9.99117374494881e-08,-386300
9.99131493589748e-08,-386200
9.99146548213948e-08,-386100
9.99162540776202e-08,-386000
9.99179473340599e-08,-385900
9.99197347626168e-08,-385800
9.99216165006413e-08,-385700
9.99235926509175e-08,-385600
9.99256632816437e-08,-385500
9.9927828426445e-08,-385400
9.99300880843806e-08,-385300
9.99324422199814e-08,-385200
9.99348907632884e-08,-385100
9.99374336099122e-08,-385000
9.99400706211054e-08,-384900
9.99428016238406e-08,-384800
9.99456264109125e-08,-384700
9.9948544741042e-08,-384600
9.99515563390058e-08,-384500
9.99546608957686e-08,-384400
9.995785806863e-08,-384300
9.99611474813874e-08,-384200
9.99645287245143e-08,-384100
9.99680013553406e-08,-384000
9.9971564898255e-08,-383900
9.99752188449169e-08,-383800
9.99789626544764e-08,-383700
9.99827957538166e-08,-383600
9.99867175377952e-08,-383500
9.99907273695066e-08,-383400
9.9994824580552e-08,-383300
9.99990084713238e-08,-383200
1.00003278311299e-07,-383100
1.00007633339341e-07,-383000
1.0001207276402e-07,-382900
1.00016595763937e-07,-382800
1.00021201488065e-07,-382700
1.00025889056093e-07,-382600
1.00030657558784e-07,-382500
1.00035506058348e-07,-382400
1.00040433588815e-07,-382300
1.00045439156426e-07,-382200
1.0005052174003e-07,-382100
1.00055680291488e-07,-382000
1.00060913736093e-07,-381900
1.00066220972991e-07,-381800
1.00071600875616e-07,-381700
1.00077052292129e-07,-381600
1.00082574045868e-07,-381500
1.00088164935811e-07,-381400
1.00093823737032e-07,-381300
1.00099549201182e-07,-381200
1.00105340056961e-07,-381100
1.00111195010614e-07,-381000
1.00117112746415e-07,-380900
1.00123091927174e-07,-380800
1.00129131194739e-07,-380700
1.00135229170507e-07,-380600
1.00141384455952e-07,-380500
1.00147595633131e-07,-380400
1.00153861265232e-07,-380300
1.00160179897087e-07,-380200
1.00166550055731e-07,-380100
1.00172970250925e-07,-380000
1.00179438975719e-07,-379900
1.00185954706991e-07,-379800
1.00192515906007e-07,-379700
1.00199121018977e-07,-379600
1.00205768477616e-07,-379500
1.00212456699705e-07,-379400
1.00219184089664e-07,-379300
1.00225949039111e-07,-379200
1.0023274992744e-07,-379100
1.00239585122388e-07,-379000
1.00246452980614e-07,-378900
1.00253351848269e-07,-378800
1.00260280061574e-07,-378700
1.00267235947397e-07,-378600
1.00274217823834e-07,-378500
1.00281224000775e-07,-378400
1.00288252780493e-07,-378300
1.00295302458218e-07,-378200
1.00302371322713e-07,-378100
1.00309457656845e-07,-378000
1.0031655973817e-07,-377900
1.00323675839495e-07,-377800
1.0033080422946e-07,-377700
1.003379431731e-07,-377600
1.00345090932424e-07,-377500
1.00352245766964e-07,-377400
1.00359405934355e-07,-377300
1.00366569690888e-07,-377200
1.00373735292071e-07,-377100
1.00380900993175e-07,-377000
1.00388065049799e-07,-376900
1.00395225718407e-07,-376800
1.00402381256876e-07,-376700
1.00409529925037e-07,-376600
1.00416669985207e-07,-376500
1.00423799702723e-07,-376400
1.00430917346467e-07,-376300
1.00438021189392e-07,-376200
1.0044510950903e-07,-376100
1.00452180588012e-07,-376000
1.00459232714571e-07,-375900
1.00466264183041e-07,-375800
1.00473273294356e-07,-375700
1.00480258356533e-07,-375600
1.00487217685162e-07,-375500
1.00494149603874e-07,-375400
1.00501052444822e-07,-375300
1.00507924549136e-07,-375200
1.00514764267379e-07,-375100
1.0052156996001e-07,-375000
1.00528339997811e-07,-374900
1.00535072762334e-07,-374800
1.00541766646324e-07,-374700
1.00548420054147e-07,-374600
1.00555031402197e-07,-374500
1.00561599119307e-07,-374400
1.00568121647149e-07,-374300
1.00574597440617e-07,-374200
1.00581024968224e-07,-374100
1.00587402712463e-07,-374000
1.00593729170185e-07,-373900
1.00600002852951e-07,-373800
1.0060622228739e-07,-373700
1.00612386015534e-07,-373600
1.00618492595156e-07,-373500
1.00624540600098e-07,-373400
1.00630528620584e-07,-373300
1.00636455263534e-07,-373200
1.0064231915286e-07,-373100
1.00648118929759e-07,-373000
1.00653853252998e-07,-372900
1.00659520799186e-07,-372800
1.00665120263044e-07,-372700
1.00670650357657e-07,-372600
1.00676109814723e-07,-372500
1.00681497384801e-07,-372400
1.00686811837531e-07,-372300
1.00692051961861e-07,-372200
1.00697216566264e-07,-372100
1.00702304478935e-07,-372000
1.00707314547997e-07,-371900
1.00712245641679e-07,-371800
1.00717096648504e-07,-371700
1.00721866477449e-07,-371600
1.00726554058115e-07,-371500
1.0073115834088e-07,-371400
1.00735678297035e-07,-371300
1.00740112918931e-07,-371200
1.007444612201e-07,-371100
1.00748722235377e-07,-371000
1.00752895021009e-07,-370900
1.0075697865476e-07,-370800
1.00760972236003e-07,-370700
1.00764874885809e-07,-370600
1.00768685747028e-07,-370500
1.00772403984347e-07,-370400
1.00776028784372e-07,-370300
1.00779559355669e-07,-370200
1.0078299492881e-07,-370100
1.0078633475642e-07,-370000
1.00789578113208e-07,-369900
1.00792724295987e-07,-369800
1.00795772623693e-07,-369700
1.00798722437396e-07,-369600
1.00801573100303e-07,-369500
1.0080432399775e-07,-369400
1.00806974537195e-07,-369300
1.00809524148199e-07,-369200
1.00811972282397e-07,-369100
1.00814318413475e-07,-369000
1.00816562037123e-07,-368900
1.00818702670998e-07,-368800
1.00820739854668e-07,-368700
1.00822673149559e-07,-368600
1.00824502138893e-07,-368500
1.00826226427614e-07,-368400
1.00827845642319e-07,-368300
1.00829359431179e-07,-368200
1.00830767463851e-07,-368100
1.00832069431384e-07,-368000
1.00833265046135e-07,-367900
1.00834354041649e-07,-367800
1.00835336172571e-07,-367700
1.00836211214531e-07,-367600
1.00836978964018e-07,-367500
1.0083763923827e-07,-367400
1.00838191875151e-07,-367300
1.00838636733016e-07,-367200
1.00838973690577e-07,-367100
1.00839202646772e-07,-367000
1.00839323520624e-07,-366900
1.0083933625109e-07,-366800
1.00839240796919e-07,-366700
1.00839037136492e-07,-366600
1.00838725267678e-07,-366500
1.0083830520767e-07,-366400
1.0083777699282e-07,-366300
1.0083714067848e-07,-366200
1.00836396338831e-07,-366100
1.00835544066715e-07,-366000
1.00834583973462e-07,-365900
1.00833516188715e-07,-365800
1.0083234086025e-07,-365700
1.00831058153798e-07,-365600
1.00829668252866e-07,-365500
1.00828171358549e-07,-365400
1.00826567689345e-07,-365300
1.00824857480968e-07,-365200
1.00823040986161e-07,-365100
1.00821118474505e-07,-365000
1.00819090232217e-07,-364900
1.00816956561979e-07,-364800
1.00814717782717e-07,-364700
1.00812374229424e-07,-364600
1.00809926252959e-07,-364500
1.00807374219845e-07,-364400
1.00804718512073e-07,-364300
1.00801959526907e-07,-364200
1.00799097676682e-07,-364100
1.00796133388597e-07,-364000
1.00793067104529e-07,-363900
1.00789899280818e-07,-363800
1.00786630388078e-07,-363700
1.00783260910983e-07,-363600
1.0077979134808e-07,-363500
1.00776222211575e-07,-363400
1.00772554027141e-07,-363300
1.00768787333713e-07,-363200
1.00764922683285e-07,-363100
1.0076096064072e-07,-363000
1.00756901783533e-07,-362900
1.00752746701706e-07,-362800
1.00748495997484e-07,-362700
1.00744150285175e-07,-362600
1.00739710190952e-07,-362500
1.00735176352658e-07,-362400
1.00730549419605e-07,-362300
1.00725830052387e-07,-362200
1.00721018922673e-07,-362100
1.00716116713022e-07,-362000
1.00711124116684e-07,-361900
1.0070604183741e-07,-361800
1.00700870589263e-07,-361700
1.00695611096418e-07,-361600
1.00690264092984e-07,-361500
1.00684830322812e-07,-361400
1.006793105393e-07,-361300
1.00673705505213e-07,-361200
1.00668015992503e-07,-361100
1.00662242782112e-07,-361000
1.00656386663799e-07,-360900
1.00650448435954e-07,-360800
1.00644428905415e-07,-360700
1.00638328887298e-07,-360600
1.00632149204804e-07,-360500
1.00625890689056e-07,-360400
1.0061955417891e-07,-360300
1.00613140520793e-07,-360200
1.00606650568517e-07,-360100
1.00600085183114e-07,-360000
1.00593445232664e-07,-359900
1.00586731592119e-07,-359800
1.00579945143145e-07,-359700
1.00573086773939e-07,-359600
1.00566157379076e-07,-359500
1.00559157859333e-07,-359400
1.00552089121535e-07,-359300
1.00544952078376e-07,-359200
1.00537747648272e-07,-359100
1.00530476755191e-07,-359000
1.00523140328493e-07,-358900
1.00515739302775e-07,-358800
1.00508274617705e-07,-358700
1.00500747217872e-07,-358600
1.00493158052624e-07,-358500
1.00485508075915e-07,-358400
1.00477798246147e-07,-358300
1.00470029526023e-07,-358200
1.00462202882382e-07,-358100
1.00454319286057e-07,-358000
1.0044637971172e-07,-357900
1.00438385137727e-07,-357800
1.00430336545974e-07,-357700
1.00422234921743e-07,-357600
1.00414081253552e-07,-357500
1.00405876533013e-07,-357400
1.00397621754675e-07,-357300
1.00389317915884e-07,-357200
1.00380966016632e-07,-357100
1.00372567059411e-07,-357000
1.00364122049068e-07,-356900
1.00355631992661e-07,-356800
1.0034709789931e-07,-356700
1.00338520780052e-07,-356600
1.00329901647698e-07,-356500
1.00321241516695e-07,-356400
1.00312541402968e-07,-356300
1.00303802323787e-07,-356200
1.00295025297618e-07,-356100
1.00286211343984e-07,-356000
1.00277361483316e-07,-355900
1.00268476736813e-07,-355800
1.00259558126302e-07,-355700
1.00250606674083e-07,-355600
1.002416234028e-07,-355500
1.00232609335292e-07,-355400
1.00223565494444e-07,-355300
1.00214492903054e-07,-355200
1.00205392583677e-07,-355100
1.00196265558502e-07,-355000
1.00187112849183e-07,-354900
1.00177935476715e-07,-354800
1.00168734461283e-07,-354700
1.00159510822115e-07,-354600
1.00150265577345e-07,-354500
1.00140999743865e-07,-354400
1.00131714337178e-07,-354300
1.0012241037126e-07,-354200
1.00113088858407e-07,-354100
1.00103750809102e-07,-354000
1.00094397231855e-07,-353900
1.0008502913307e-07,-353800
1.00075647516895e-07,-353700
1.00066253385073e-07,-353600
1.00056847736805e-07,-353500
1.00047431568592e-07,-353400
1.00038005874098e-07,-353300
1.00028571644004e-07,-353200
1.00019129865856e-07,-353100
1.00009681523918e-07,-353000
1.00000227599035e-07,-352900
9.999076906847e-08,-352800
9.9981306905777e-08,-352700
9.9971842080636e-08,-352600
9.99623755587135e-08,-352500
9.99529083015198e-08,-352400
9.9943441266255e-08,-352300
9.99339754056646e-08,-352200
9.99245116678904e-08,-352100
9.99150509963286e-08,-352000
9.99055943294814e-08,-351900
9.98961426008041e-08,-351800
9.98866967385673e-08,-351700
9.98772576657081e-08,-351600
9.98678262996808e-08,-351500
9.98584035523157e-08,-351400
9.9848990329672e-08,-351300
9.9839587531893e-08,-351200
9.98301960530607e-08,-351100
9.98208167810559e-08,-351000
9.98114505974074e-08,-350900
9.98020983771606e-08,-350800
9.97927609887216e-08,-350700
9.9783439293731e-08,-350600
9.97741341469069e-08,-350500
9.9764846395919e-08,-350400
9.97555768812423e-08,-350300
9.97463264360205e-08,-350200
9.97370958859285e-08,-350100
9.97278860490382e-08,-350000
9.97186977356829e-08,-349900
9.97095317483205e-08,-349800
9.97003888814052e-08,-349700
9.96912699212528e-08,-349600
9.9682175645914e-08,-349500
9.96731068250434e-08,-349400
9.96640642197714e-08,-349300
9.96550485825841e-08,-349200
9.96460606571917e-08,-349100
9.96371011784152e-08,-349000
9.96281708720547e-08,-348900
9.96192704547845e-08,-348800
9.9610400634023e-08,-348700
9.96015621078272e-08,-348600
9.95927555647785e-08,-348500
9.95839816838645e-08,-348400
9.95752411343807e-08,-348300
9.95665345758218e-08,-348200
9.95578626577704e-08,-348100
9.95492260198068e-08,-348000
9.95406252913997e-08,-347900
9.95320610918174e-08,-347800
9.95235340300287e-08,-347700
9.95150447046142e-08,-347600
9.9506593703678e-08,-347500
9.94981816047606e-08,-347400
9.94898089747546e-08,-347300
9.94814763698314e-08,-347200
9.9473184335353e-08,-347100
9.94649334058099e-08,-347000
9.94567241047426e-08,-346900
9.94485569446794e-08,-346800
9.94404324270639e-08,-346700
9.94323510422062e-08,-346600
9.9424313269212e-08,-346500
9.94163195759397e-08,-346400
9.94083704189422e-08,-346300
9.94004662434241e-08,-346200
9.93926074831978e-08,-346100
9.93847945606409e-08,-346000
9.93770278866618e-08,-345900
9.9369307860669e-08,-345800
9.93616348705408e-08,-345700
9.93540092925986e-08,-345600
9.93464314915927e-08,-345500
9.93389018206809e-08,-345400
9.93314206214137e-08,-345300
9.93239882237291e-08,-345200
9.93166049459489e-08,-345100
9.93092710947762e-08,-345000
9.93019869653006e-08,-344900
9.92947528410026e-08,-344800
9.92875689937697e-08,-344700
9.92804356839131e-08,-344600
9.9273353160183e-08,-344500
9.92663216597997e-08,-344400
9.9259341408478e-08,-344300
9.92524126204692e-08,-344200
9.92455354985882e-08,-344100
9.92387102342592e-08,-344000
9.92319370075692e-08,-343900
9.92252159873125e-08,-343800
9.92185473310486e-08,-343700
9.92119311851588e-08,-343600
9.92053676849181e-08,-343500
9.9198856954556e-08,-343400
9.91923991073375e-08,-343300
9.91859942456324e-08,-343200
9.91796424610066e-08,-343100
9.91733438342973e-08,-343000
9.91670984357186e-08,-342900
9.9160906324945e-08,-342800
9.9154767551213e-08,-342700
9.91486821534299e-08,-342600
9.91426501602778e-08,-342500
9.91366715903299e-08,-342400
9.91307464521626e-08,-342300
9.91248747444804e-08,-342200
9.9119056456238e-08,-342100
9.91132915667745e-08,-342000
9.91075800459422e-08,-341900
9.91019218542454e-08,-341800
9.90963169429837e-08,-341700
9.90907652543967e-08,-341600
9.90852667218134e-08,-341500
9.90798212698042e-08,-341400
9.90744288143412e-08,-341300
9.90690892629568e-08,-341200
9.90638025149094e-08,-341100
9.90585684613495e-08,-341000
9.9053386985497e-08,-340900
9.90482579628116e-08,-340800
9.90431812611703e-08,-340700
9.90381567410584e-08,-340600
9.9033184255742e-08,-340500
9.90282636514693e-08,-340400
9.90233947676548e-08,-340300
9.90185774370766e-08,-340200
9.90138114860708e-08,-340100
9.90090967347395e-08,-340000
9.90044329971479e-08,-339900
9.89998200815316e-08,-339800
9.89952577905083e-08,-339700
9.89907459212831e-08,-339600
9.89862842658695e-08,-339500
9.89818726113009e-08,-339400
9.89775107398482e-08,-339300
9.89731984292423e-08,-339200
9.89689354528946e-08,-339100
9.89647215801227e-08,-339000
9.89605565763756e-08,-338900
9.89564402034608e-08,-338800
9.89523722197721e-08,-338700
9.89483523805238e-08,-338600
9.89443804379788e-08,-338500
9.8940456141686e-08,-338400
9.89365792387085e-08,-338300
9.89327494738621e-08,-338200
9.89289665899549e-08,-338100
9.89252303280159e-08,-338000
9.89215404275397e-08,-337900
9.89178966267172e-08,-337800
9.89142986626862e-08,-337700
9.89107462717515e-08,-337600
9.89072391896409e-08,-337500
9.89037771517319e-08,-337400
9.89003598932975e-08,-337300
9.88969871497383e-08,-337200
9.88936586568264e-08,-337100
9.88903741509374e-08,-337000
9.888713336929e-08,-336900
9.88839360501799e-08,-336800
9.88807819332176e-08,-336700
9.88776707595585e-08,-336600
9.88746022721375e-08,-336500
9.88715762159023e-08,-336400
9.88685923380391e-08,-336300
9.88656503882048e-08,-336200
9.88627501187521e-08,-336100
9.88598912849574e-08,-336000
9.88570736452359e-08,-335900
9.88542969613745e-08,-335800
9.88515609987388e-08,-335700
9.88488655264994e-08,-335600
9.88462103178374e-08,-335500
9.88435951501672e-08,-335400
9.88410198053312e-08,-335300
9.8838484069819e-08,-335200
9.88359877349614e-08,-335100
9.88335305971365e-08,-335000
9.88311124579648e-08,-334900
9.88287331245017e-08,-334800
9.88263924094284e-08,-334700
9.88240901312412e-08,-334600
9.88218261144329e-08,-334500
9.88196001896726e-08,-334400
9.88174121939803e-08,-334300
9.88152619709038e-08,-334200
9.88131493706773e-08,-334100
9.88110742503983e-08,-334000
9.88090364741725e-08,-333900
9.88070359132813e-08,-333800
9.88050724463248e-08,-333700
9.88031459593728e-08,-333600
9.88012563461016e-08,-333500
9.8799403507937e-08,-333400
9.87975873541798e-08,-333300
9.87958078021394e-08,-333200
9.8794064777252e-08,-333100
9.87923582131972e-08,-333000
9.87906880520142e-08,-332900
9.87890542442059e-08,-332800
9.8787456748838e-08,-332700
9.87858955336445e-08,-332600
9.87843705751061e-08,-332500
9.87828818585451e-08,-332400
9.87814293782009e-08,-332300
9.87800131373042e-08,-332200
9.87786331481513e-08,-332100
9.8777289432158e-08,-332000
9.87759820199208e-08,-331900
9.87747109512711e-08,-331800
9.87734762753181e-08,-331700
9.8772278050486e-08,-331600
9.87711163445501e-08,-331500
9.87699912346663e-08,-331400
9.87689028073874e-08,-331300
9.87678511586851e-08,-331200
9.87668363939537e-08,-331100
9.87658586280167e-08,-331000
9.87649179851223e-08,-330900
9.87640145989363e-08,-330800
9.87631486125276e-08,-330700
9.8762320178341e-08,-330600
9.87615294581788e-08,-330500
9.87607766231629e-08,-330400
9.87600618536925e-08,-330300
9.87593853393986e-08,-330200
9.87587472791018e-08,-330100
9.87581478807395e-08,-330000
9.87575873613092e-08,-329900
9.87570659467995e-08,-329800
9.87565838721086e-08,-329700
9.87561413809658e-08,-329600
9.87557387258375e-08,-329500
9.87553761678407e-08,-329400
9.87550539766299e-08,-329300
9.87547724303037e-08,-329200
9.87545318152811e-08,-329100
9.87543324261877e-08,-329000
9.8754174565732e-08,-328900
9.87540585445688e-08,-328800
9.87539846811743e-08,-328700
9.87539533016885e-08,-328600
9.87539647397818e-08,-328500
9.87540193364941e-08,-328400
9.87541174400763e-08,-328300
9.87542594058285e-08,-328200
9.87544455959302e-08,-328100
9.87546763792602e-08,-328000
9.87549521312233e-08,-327900
9.87552732335587e-08,-327800
9.87556400741536e-08,-327700
9.87560530468424e-08,-327600
9.87565125512112e-08,-327500
9.87570189923885e-08,-327400
9.87575727808353e-08,-327300
9.87581743321328e-08,-327200
9.87588240667557e-08,-327100
9.8759522409856e-08,-327000
9.87602697910283e-08,-326900
9.87610666440763e-08,-326800
9.87619134067832e-08,-326700
9.87628105206603e-08,-326600
9.87637584307078e-08,-326500
9.87647575851624e-08,-326400
9.87658084352446e-08,-326300
9.87669114349034e-08,-326200
9.87680670405549e-08,-326100
9.8769275710818e-08,-326000
9.8770537906246e-08,-325900
9.87718540890584e-08,-325800
9.87732247228679e-08,-325700
9.87746502723996e-08,-325600
9.87761312032155e-08,-325500
9.87776679814332e-08,-325400
9.87792610734372e-08,-325300
9.87809109455946e-08,-325200
9.87826180639656e-08,-325100
9.87843828940086e-08,-325000
9.87862059002963e-08,-324900
9.87880875462061e-08,-324800
9.87900282936329e-08,-324700
9.87920286026848e-08,-324600
9.87940889313883e-08,-324500
9.879620973538e-08,-324400
9.87983914676067e-08,-324300
9.88006345780227e-08,-324200
9.88029395132822e-08,-324100
9.880530671643e-08,-324000
9.88077366266048e-08,-323900
9.8810229678723e-08,-323800
9.88127863031746e-08,-323700
9.88154069255135e-08,-323600
9.88180919661565e-08,-323500
9.88208418400647e-08,-323400
9.88236569564466e-08,-323300
9.88265377184426e-08,-323200
9.88294845228228e-08,-323100
9.88324977596812e-08,-323000
9.88355778121291e-08,-322900
9.88387250559892e-08,-322800
9.88419398594953e-08,-322700
9.88452225829915e-08,-322600
9.88485735786242e-08,-322500
9.88519931900536e-08,-322400
9.8855481752148e-08,-322300
9.88590395906896e-08,-322200
9.88626670220871e-08,-322100
9.88663643530736e-08,-322000
9.88701318804263e-08,-321900
9.88739698906771e-08,-321800
9.88778786598235e-08,-321700
9.88818584530535e-08,-321600
9.8885909524463e-08,-321500
9.88900321167789e-08,-321400
9.88942264610892e-08,-321300
9.88984927765711e-08,-321200
9.89028312702242e-08,-321100
9.89072421366085e-08,-321000
9.89117255575854e-08,-320900
9.891628170206e-08,-320800
9.89209107257312e-08,-320700
9.89256127708432e-08,-320600
9.89303879659423e-08,-320500
9.89352364256367e-08,-320400
9.89401582503602e-08,-320300
9.89451535261457e-08,-320200
9.89502223243937e-08,-320100
9.8955364701654e-08,-320000
9.89605806994112e-08,-319900
9.89658703438676e-08,-319800
9.89712336457433e-08,-319700
9.89766706000687e-08,-319600
9.89821811859915e-08,-319500
9.89877653665888e-08,-319400
9.89934230886762e-08,-319300
9.89991542826334e-08,-319200
9.90049588622226e-08,-319100
9.90108367244344e-08,-319000
9.90167877493087e-08,-318900
9.90228117997944e-08,-318800
9.90289087215848e-08,-318700
9.90350783429854e-08,-318600
9.9041320474771e-08,-318500
9.90476349100521e-08,-318400
9.90540214241556e-08,-318300
9.90604797745017e-08,-318200
9.90670097004945e-08,-318100
9.90736109234136e-08,-318000
9.90802831463227e-08,-317900
9.90870260539673e-08,-317800
9.90938393127024e-08,-317700
9.91007225703992e-08,-317600
9.91076754563917e-08,-317500
9.91146975813993e-08,-317400
9.91217885374707e-08,-317300
9.91289478979466e-08,-317200
9.91361752174018e-08,-317100
9.91434700316183e-08,-317000
9.91508318575574e-08,-316900
9.91582601933363e-08,-316800
9.91657545182165e-08,-316700
9.91733142925966e-08,-316600
9.91809389580143e-08,-316500
9.918862793716e-08,-316400
9.91963806338843e-08,-316300
9.92041964332288e-08,-316200
9.92120747014572e-08,-316100
9.92200147860935e-08,-316000
9.92280160159683e-08,-315900
9.92360777012719e-08,-315800
9.92441991336228e-08,-315700
9.92523795861274e-08,-315600
9.92606183134667e-08,-315500
9.92689145519747e-08,-315400
9.92772675197323e-08,-315300
9.92856764166732e-08,-315200
9.92941404246812e-08,-315100
9.93026587077145e-08,-315000
9.93112304119232e-08,-314900
9.9319854665784e-08,-314800
9.93285305802334e-08,-314700
9.933725724882e-08,-314600
9.93460337478475e-08,-314500
9.9354859136546e-08,-314400
9.93637324572344e-08,-314300
9.93726527354934e-08,-314200
9.93816189803558e-08,-314100
9.93906301844877e-08,-314000
9.93996853243936e-08,-313900
9.94087833606157e-08,-313800
9.94179232379481e-08,-313700
9.94271038856563e-08,-313600
9.9436324217701e-08,-313500
9.94455831329706e-08,-313400
9.94548795155257e-08,-313300
9.94642122348408e-08,-313200
9.94735801460635e-08,-313100
9.94829820902699e-08,-313000
9.949241689473e-08,-312900
9.95018833731929e-08,-312800
9.9511380326153e-08,-312700
9.95209065411461e-08,-312600
9.95304607930403e-08,-312500
9.95400418443337e-08,-312400
9.95496484454613e-08,-312300
9.95592793351072e-08,-312200
9.95689332405222e-08,-312100
9.95786088778467e-08,-312000
9.95883049524431e-08,-311900
9.95980201592258e-08,-311800
9.96077531830078e-08,-311700
9.9617502698844e-08,-311600
9.96272673723833e-08,-311500
9.96370458602259e-08,-311400
9.96468368102872e-08,-311300
9.96566388621617e-08,-311200
9.96664506474999e-08,-311100
9.96762707903795e-08,-311000
9.96860979076939e-08,-310900
9.96959306095353e-08,-310800
9.97057674995833e-08,-310700
9.97156071755038e-08,-310600
9.97254482293495e-08,-310500
9.97352892479567e-08,-310400
9.97451288133584e-08,-310300
9.97549655031941e-08,-310200
9.97647978911269e-08,-310100
9.97746245472549e-08,-310000
9.97844440385398e-08,-309900
9.9794254929229e-08,-309800
9.98040557812819e-08,-309700
9.9813845154806e-08,-309600
9.98236216084817e-08,-309500
9.98333837000089e-08,-309400
9.98431299865378e-08,-309300
9.98528590251131e-08,-309200
9.98625693731166e-08,-309100
9.98722595887121e-08,-309000
9.98819282312906e-08,-308900
9.98915738619254e-08,-308800
9.99011950438128e-08,-308700
9.99107903427295e-08,-308600
9.99203583274851e-08,-308500
9.99298975703738e-08,-308400
9.9939406647628e-08,-308300
9.99488841398768e-08,-308200
9.99583286325997e-08,-308100
9.99677387165809e-08,-308000
9.99771129883673e-08,-307900
9.99864500507263e-08,-307800
9.99957485130978e-08,-307700
1.00005006992052e-07,-307600
1.00014224111744e-07,-307500
1.0002339850437e-07,-307400
1.00032528810615e-07,-307300
1.00041613680113e-07,-307200
1.00050651771891e-07,-307100
1.00059641754826e-07,-307000
1.00068582308085e-07,-306900
1.00077472121578e-07,-306800
1.00086309896397e-07,-306700
1.00095094345267e-07,-306600
1.00103824192974e-07,-306500
1.00112498176813e-07,-306400
1.00121115047014e-07,-306300
1.00129673567189e-07,-306200
1.00138172514739e-07,-306100
1.00146610681299e-07,-306000
1.00154986873153e-07,-305900
1.00163299911652e-07,-305800
1.00171548633632e-07,-305700
1.00179731891823e-07,-305600
1.00187848555263e-07,-305500
1.00195897509689e-07,-305400
1.00203877657948e-07,-305300
1.00211787920385e-07,-305200
1.00219627235234e-07,-305100
1.00227394559003e-07,-305000
1.00235088866852e-07,-304900
1.00242709152973e-07,-304800
1.00250254430944e-07,-304700
1.00257723734119e-07,-304600
1.00265116115956e-07,-304500
1.00272430650388e-07,-304400
1.00279666432163e-07,-304300
1.00286822577183e-07,-304200
1.00293898222841e-07,-304100
1.00300892528342e-07,-304000
1.00307804675024e-07,-303900
1.00314633866681e-07,-303800
1.00321379329851e-07,-303700
1.00328040314135e-07,-303600
1.00334616092472e-07,-303500
1.00341105961438e-07,-303400
1.00347509241509e-07,-303300
1.00353825277344e-07,-303200
1.00360053438033e-07,-303100
1.00366193117365e-07,-303000
1.00372243734061e-07,-302900
1.00378204732017e-07,-302800
1.00384075580534e-07,-302700
1.00389855774534e-07,-302600
1.00395544834776e-07,-302500
1.0040114230806e-07,-302400
1.00406647767419e-07,-302300
1.00412060812301e-07,-302200
1.00417381068756e-07,-302100
1.00422608189592e-07,-302000
1.00427741854542e-07,-301900
1.00432781770406e-07,-301800
1.00437727671196e-07,-301700
1.00442579318265e-07,-301600
1.00447336500424e-07,-301500
1.00451999034055e-07,-301400
1.00456566763213e-07,-301300
1.00461039559715e-07,-301200
1.00465417323222e-07,-301100
1.00469699981313e-07,-301000
1.0047388748954e-07,-300900
1.00477979831484e-07,-300800
1.00481977018796e-07,-300700
1.00485879091226e-07,-300600
1.00489686116639e-07,-300500
1.00493398191035e-07,-300400
1.00497015438541e-07,-300300
1.00500538011402e-07,-300200
1.00503966089963e-07,-300100
1.00507299882631e-07,-300000
1.00510539625839e-07,-299900
1.00513685583989e-07,-299800
1.00516738049392e-07,-299700
1.00519697342193e-07,-299600
1.00522563810284e-07,-299500
1.00525337829215e-07,-299400
1.0052801980208e-07,-299300
1.00530610159411e-07,-299200
1.00533109359043e-07,-299100
1.00535517885981e-07,-299000
1.00537836252249e-07,-298900
1.00540064996736e-07,-298800
1.00542204685025e-07,-298700
1.00544255909214e-07,-298600
1.00546219287722e-07,-298500
1.005480954651e-07,-298400
1.00549885111807e-07,-298300
1.00551588923998e-07,-298200
1.00553207623293e-07,-298100
1.00554741956531e-07,-298000
1.00556192695523e-07,-297900
1.00557560636786e-07,-297800
1.00558846601279e-07,-297700
1.00560051434112e-07,-297600
1.00561176004266e-07,-297500
1.0056222120428e-07,-297400
1.00563187949952e-07,-297300
1.00564077180009e-07,-297200
1.00564889855785e-07,-297100
1.00565626960876e-07,-297000
1.00566289500797e-07,-296900
1.00566878502621e-07,-296800
1.00567395014613e-07,-296700
1.00567840105853e-07,-296600
1.0056821486586e-07,-296500
1.00568520404183e-07,-296400
1.00568757850019e-07,-296300
1.00568928351786e-07,-296200
1.00569033076716e-07,-296100
1.00569073210424e-07,-296000
1.00569049956475e-07,-295900
1.00568964535938e-07,-295800
1.00568818186943e-07,-295700
1.0056861216422e-07,-295600
1.00568347738631e-07,-295500
1.00568026196705e-07,-295400
1.00567648840157e-07,-295300
1.00567216985393e-07,-295200
1.00566731963035e-07,-295100
1.00566195117407e-07,-295000
1.00565607806038e-07,-294900
1.00564971399146e-07,-294800
1.00564287279126e-07,-294700
1.00563556840021e-07,-294600
1.00562781486997e-07,-294500
1.00561962635813e-07,-294400
1.00561101712272e-07,-294300
1.0056020015169e-07,-294200
1.00559259398333e-07,-294100
1.0055828090488e-07,-294000
1.00557266131853e-07,-293900
1.00556216547063e-07,-293800
1.0055513362504e-07,-293700
1.00554018846468e-07,-293600
1.00552873697614e-07,-293500
1.00551699669749e-07,-293400
1.00550498258571e-07,-293300
1.00549270963624e-07,-293200
1.00548019287717e-07,-293100
1.00546744736341e-07,-293000
1.0054544881707e-07,-292900
1.00544133038987e-07,-292800
1.00542798912081e-07,-292700
1.00541447946662e-07,-292600
1.00540081652767e-07,-292500
1.00538701539566e-07,-292400
1.00537309114765e-07,-292300
1.00535905884015e-07,-292200
1.00534493350318e-07,-292100
1.00533073013432e-07,-292000
1.00531646369273e-07,-291900
1.00530214909329e-07,-291800
1.00528780120062e-07,-291700
1.00527343482324e-07,-291600
1.00525906470758e-07,-291500
1.0052447055322e-07,-291400
1.00523037190188e-07,-291300
1.00521607834176e-07,-291200
1.00520183929165e-07,-291100
1.00518766910009e-07,-291000
1.00517358201872e-07,-290900
1.00515959219651e-07,-290800
1.00514571367405e-07,-290700
1.00513196037798e-07,-290600
1.00511834611529e-07,-290500
1.00510488456783e-07,-290400
1.00509158928674e-07,-290300
1.00507847368702e-07,-290200
1.00506555104202e-07,-290100
1.0050528344782e-07,-290000
1.00504033696968e-07,-289900
1.00502807133305e-07,-289800
1.00501605022216e-07,-289700
1.00500428612295e-07,-289600
1.0049927913484e-07,-289500
1.0049815780335e-07,-289400
1.0049706581303e-07,-289300
1.00496004340307e-07,-289200
1.00494974542342e-07,-289100
1.00493977556568e-07,-289000
1.00493014500216e-07,-288900
1.00492086469858e-07,-288800
1.00491194540966e-07,-288700
1.00490339767463e-07,-288600
1.00489523181289e-07,-288500
1.00488745791987e-07,-288400
1.00488008586279e-07,-288300
1.00487312527664e-07,-288200
1.00486658556019e-07,-288100
1.00486047587217e-07,-288000
1.0048548051274e-07,-287900
1.00484958199324e-07,-287800
1.00484481488588e-07,-287700
1.00484051196697e-07,-287600
1.00483668114017e-07,-287500
1.00483333004789e-07,-287400
1.0048304660682e-07,-287300
1.00482809631168e-07,-287200
1.00482622761849e-07,-287100
1.00482486655557e-07,-287000
1.0048240194139e-07,-286900
1.00482369220587e-07,-286800
1.00482389066278e-07,-286700
1.00482462023244e-07,-286600
1.00482588607696e-07,-286500
1.00482769307056e-07,-286400
1.00483004579749e-07,-286300
1.00483294855021e-07,-286200
1.00483640532753e-07,-286100
1.00484041983296e-07,-286000
1.00484499547314e-07,-285900
1.00485013535646e-07,-285800
1.00485584229169e-07,-285700
1.00486211878685e-07,-285600
1.00486896704813e-07,-285500
1.00487638897899e-07,-285400
1.00488438617929e-07,-285300
1.00489295994466e-07,-285200
1.00490211126598e-07,-285100
1.00491184082884e-07,-285000
1.00492214901339e-07,-284900
1.00493303589404e-07,-284800
1.00494450123949e-07,-284700
1.00495654451278e-07,-284600
1.00496916487151e-07,-284500
1.00498236116819e-07,-284400
1.00499613195068e-07,-284300
1.00501047546279e-07,-284200
1.00502538964499e-07,-284100
1.00504087213531e-07,-284000
1.00505692027022e-07,-283900
1.00507353108577e-07,-283800
1.00509070131887e-07,-283700
1.00510842740851e-07,-283600
1.00512670549737e-07,-283500
1.0051455314333e-07,-283400
1.0051649007711e-07,-283300
1.00518480877433e-07,-283200
1.0052052504173e-07,-283100
1.00522622038714e-07,-283000
1.00524771308598e-07,-282900
1.00526972263328e-07,-282800
1.00529224286828e-07,-282700
1.00531526735256e-07,-282600
1.00533878937268e-07,-282500
1.00536280194295e-07,-282400
1.00538729780839e-07,-282300
1.0054122694477e-07,-282200
1.00543770907633e-07,-282100
1.00546360864979e-07,-282000
1.00548995986695e-07,-281900
1.00551675417346e-07,-281800
1.00554398276529e-07,-281700
1.00557163659244e-07,-281600
1.00559970636262e-07,-281500
1.00562818254511e-07,-281400
1.00565705537473e-07,-281300
1.00568631485588e-07,-281200
1.00571595076665e-07,-281100
1.00574595266304e-07,-281000
1.00577630988334e-07,-280900
1.00580701155247e-07,-280800
1.00583804658649e-07,-280700
1.00586940369721e-07,-280600
1.00590107139681e-07,-280500
1.00593303800261e-07,-280400
1.00596529164183e-07,-280300
1.00599782025659e-07,-280200
1.00603061160878e-07,-280100
1.00606365328515e-07,-280000
1.00609693270239e-07,-279900
1.00613043711235e-07,-279800
1.00616415360722e-07,-279700
1.0061980691249e-07,-279600
1.00623217045429e-07,-279500
1.00626644424082e-07,-279400
1.00630087699179e-07,-279300
1.006335455082e-07,-279200
1.0063701647593e-07,-279100
1.00640499215021e-07,-279000
1.00643992326562e-07,-278900
1.00647494400645e-07,-278800
1.00651004016947e-07,-278700
1.00654519745305e-07,-278600
1.00658040146303e-07,-278500
1.00661563771854e-07,-278400
1.00665089165793e-07,-278300
1.00668614864465e-07,-278200
1.00672139397322e-07,-278100
1.00675661287523e-07,-278000
1.00679179052524e-07,-277900
1.00682691204689e-07,-277800
1.00686196251883e-07,-277700
1.00689692698077e-07,-277600
1.00693179043963e-07,-277500
1.00696653787535e-07,-277400
1.00700115424723e-07,-277300
1.00703562449975e-07,-277200
1.00706993356873e-07,-277100
1.00710406638737e-07,-277000
1.00713800789228e-07,-276900
1.0071717430295e-07,-276800
1.00720525676055e-07,-276700
1.0072385340684e-07,-276600
1.00727155996353e-07,-276500
1.00730431948982e-07,-276400
1.00733679773052e-07,-276300
1.00736897981426e-07,-276200
1.00740085092081e-07,-276100
1.00743239628709e-07,-276000
1.00746360121291e-07,-275900
1.00749445106682e-07,-275800
1.0075249312919e-07,-275700
1.00755502741143e-07,-275600
1.00758472503464e-07,-275500
1.00761400986233e-07,-275400
1.00764286769248e-07,-275300
1.00767128442581e-07,-275200
1.00769924607129e-07,-275100
1.00772673875154e-07,-275000
1.00775374870834e-07,-274900
1.00778026230785e-07,-274800
1.00780626604598e-07,-274700
1.00783174655358e-07,-274600
1.00785669060158e-07,-274500
1.00788108510616e-07,-274400
1.00790491713372e-07,-274300
1.0079281739058e-07,-274200
1.00795084280413e-07,-274100
1.00797291137525e-07,-274000
1.00799436733544e-07,-273900
1.00801519857523e-07,-273800
1.00803539316411e-07,-273700
1.00805493935501e-07,-273600
1.00807382558871e-07,-273500
1.00809204049819e-07,-273400
1.00810957291296e-07,-273300
1.00812641186317e-07,-273200
1.00814254658374e-07,-273100
1.00815796651836e-07,-273000
1.0081726613234e-07,-272900
1.00818662087178e-07,-272800
1.00819983525666e-07,-272700
1.0082122947951e-07,-272600
1.00822399003158e-07,-272500
1.00823491174151e-07,-272400
1.00824505093452e-07,-272300
1.00825439885781e-07,-272200
1.00826294699919e-07,-272100
1.00827068709025e-07,-272000
1.00827761110924e-07,-271900
1.00828371128401e-07,-271800
1.00828898009467e-07,-271700
1.00829341027631e-07,-271600
1.00829699482157e-07,-271500
1.00829972698303e-07,-271400
1.00830160027555e-07,-271300
1.00830260847862e-07,-271200
1.0083027456383e-07,-271100
1.00830200606946e-07,-271000
1.00830038435753e-07,-270900
1.00829787536041e-07,-270800
1.00829447421014e-07,-270700
1.00829017631452e-07,-270600
1.00828497735859e-07,-270500
1.008278873306e-07,-270400
1.00827186040034e-07,-270300
1.00826393516625e-07,-270200
1.00825509441053e-07,-270100
1.00824533522307e-07,-270000
1.00823465497772e-07,-269900
1.00822305133302e-07,-269800
1.00821052223281e-07,-269700
1.00819706590683e-07,-269600
1.00818268087106e-07,-269500
1.00816736592808e-07,-269400
1.00815112016731e-07,-269300
1.00813394296503e-07,-269200
1.0081158339845e-07,-269100
1.00809679317574e-07,-269000
1.0080768207754e-07,-268900
1.00805591730641e-07,-268800
1.00803408357765e-07,-268700
1.00801132068328e-07,-268600
1.00798763000232e-07,-268500
1.00796301319778e-07,-268400
1.00793747221592e-07,-268300
1.00791100928536e-07,-268200
1.00788362691601e-07,-268100
1.00785532789801e-07,-268000
1.00782611530052e-07,-267900
1.00779599247043e-07,-267800
1.00776496303096e-07,-267700
1.00773303088017e-07,-267600
1.00770020018942e-07,-267500
1.00766647540171e-07,-267400
1.00763186122988e-07,-267300
1.00759636265483e-07,-267200
1.00755998492353e-07,-267100
1.00752273354709e-07,-267000
1.00748461429859e-07,-266900
1.00744563321092e-07,-266800
1.00740579657458e-07,-266700
1.00736511093523e-07,-266600
1.00732358309138e-07,-266500
1.00728122009179e-07,-266400
1.00723802923301e-07,-266300
1.00719401805662e-07,-266200
1.0071491943466e-07,-266100
1.00710356612645e-07,-266000
1.00705714165642e-07,-265900
1.00700992943047e-07,-265800
1.00696193817342e-07,-265700
1.00691317683767e-07,-265600
1.00686365460029e-07,-265500
1.00681338085969e-07,-265400
1.00676236523239e-07,-265300
1.00671061754976e-07,-265200
1.00665814785454e-07,-265100
1.00660496639752e-07,-265000
1.006551083634e-07,-264900
1.0064965102203e-07,-264800
1.00644125701003e-07,-264700
1.00638533505065e-07,-264600
1.00632875557965e-07,-264500
1.00627153002084e-07,-264400
1.00621366998058e-07,-264300
1.00615518724397e-07,-264200
1.00609609377095e-07,-264100
1.00603640169238e-07,-264000
1.00597612330618e-07,-263900
1.00591527107324e-07,-263800
1.00585385761348e-07,-263700
1.00579189570173e-07,-263600
1.00572939826372e-07,-263500
1.00566637837186e-07,-263400
1.00560284924123e-07,-263300
1.00553882422527e-07,-263200
1.00547431681167e-07,-263100
1.00540934061809e-07,-263000
1.005343909388e-07,-262900
1.00527803698626e-07,-262800
1.00521173739499e-07,-262700
1.00514502470916e-07,-262600
1.00507791313229e-07,-262500
1.00501041697213e-07,-262400
1.00494255063631e-07,-262300
1.00487432862791e-07,-262200
1.00480576554117e-07,-262100
1.00473687605703e-07,-262000
1.00466767493878e-07,-261900
1.00459817702766e-07,-261800
1.0045283972384e-07,-261700
1.00445835055489e-07,-261600
1.00438805202567e-07,-261500
1.0043175167596e-07,-261400
1.00424675992143e-07,-261300
1.00417579672732e-07,-261200
1.00410464244049e-07,-261100
1.00403331236684e-07,-261000
1.00396182185047e-07,-260900
1.00389018626934e-07,-260800
1.00381842103088e-07,-260700
1.00374654156755e-07,-260600
1.00367456333257e-07,-260500
1.00360250179553e-07,-260400
1.00353037243796e-07,-260300
1.00345819074915e-07,-260200
1.00338597222166e-07,-260100
1.00331373234722e-07,-260000
1.00324148661224e-07,-259900
1.00316925049371e-07,-259800
1.00309703945487e-07,-259700
1.00302486894097e-07,-259600
1.00295275437511e-07,-259500
1.00288071115404e-07,-259400
1.00280875464397e-07,-259300
1.0027369001765e-07,-259200
1.0026651630444e-07,-259100
1.00259355849763e-07,-259000
1.00252210173919e-07,-258900
1.00245080792116e-07,-258800
1.00237969214061e-07,-258700
1.00230876943569e-07,-258600
1.00223805478166e-07,-258500
1.00216756308693e-07,-258400
1.00209730918922e-07,-258300
1.00202730785169e-07,-258200
1.00195757375907e-07,-258100
1.00188812151398e-07,-258000
1.001818965633e-07,-257900
1.0017501205431e-07,-257800
1.00168160057788e-07,-257700
1.00161341997389e-07,-257600
1.00154559286705e-07,-257500
1.0014781332891e-07,-257400
1.00141105516394e-07,-257300
1.00134437230423e-07,-257200
1.00127809840788e-07,-257100
1.00121224705459e-07,-257000
1.00114683170251e-07,-256900
1.00108186568482e-07,-256800
1.00101736220646e-07,-256700
1.00095333434087e-07,-256600
1.0008897950267e-07,-256500
1.00082675706467e-07,-256400
1.00076423311433e-07,-256300
1.0007022356911e-07,-256200
1.00064077716306e-07,-256100
1.00057986974799e-07,-256000
1.00051952551036e-07,-255900
1.00045975635842e-07,-255800
1.00040057404127e-07,-255700
1.00034199014601e-07,-255600
1.00028401609498e-07,-255500
1.00022666314293e-07,-255400
1.00016994237432e-07,-255300
1.00011386470064e-07,-255200
1.0000584408578e-07,-255100
1.00000368140352e-07,-255000
9.99949596714826e-08,-254900
9.99896196985457e-08,-254800
9.99843492223559e-08,-254700
9.99791492249138e-08,-254600
9.99740206691816e-08,-254500
9.99689644988449e-08,-254400
9.99639816380895e-08,-254300
9.99590729913771e-08,-254200
9.99542394432315e-08,-254100
9.99494818580226e-08,-254000
9.99448010797642e-08,-253900
9.99401979319005e-08,-253800
9.99356732171211e-08,-253700
9.99312277171583e-08,-253600
9.99268621926012e-08,-253500
9.99225773827129e-08,-253400
9.99183740052518e-08,-253300
9.99142527562924e-08,-253200
9.99102143100646e-08,-253100
9.99062593187825e-08,-253000
9.99023884124861e-08,-252900
9.98986021988869e-08,-252800
9.98949012632236e-08,-252700
9.98912861681061e-08,-252600
9.98877574533848e-08,-252500
9.98843156360126e-08,-252400
9.98809612099186e-08,-252300
9.98776946458723e-08,-252200
9.98745163913763e-08,-252100
9.98714268705461e-08,-252000
9.98684264839971e-08,-251900
9.98655156087466e-08,-251800
9.98626945981074e-08,-251700
9.98599637815965e-08,-251600
9.9857323464845e-08,-251500
9.98547739295157e-08,-251400
9.98523154332182e-08,-251300
9.984994820944e-08,-251200
9.9847672467474e-08,-251100
9.98454883923576e-08,-251000
9.98433961448094e-08,-250900
9.98413958611853e-08,-250800
9.98394876534175e-08,-250700
9.98376716089806e-08,-250600
9.98359477908487e-08,-250500
9.98343162374699e-08,-250400
9.98327769627297e-08,-250300
9.98313299559388e-08,-250200
9.98299751818097e-08,-250100
9.98287125804472e-08,-250000
9.98275420673455e-08,-249900
9.98264635333856e-08,-249800
9.98254768448396e-08,-249700
9.98245818433859e-08,-249600
9.98237783461178e-08,-249500
9.98230661455738e-08,-249400
9.98224450097556e-08,-249300
9.98219146821681e-08,-249200
9.98214748818559e-08,-249100
9.98211253034424e-08,-249000
9.98208656171854e-08,-248900
9.98206954690283e-08,-248800
9.98206144806605e-08,-248700
9.98206222495869e-08,-248600
9.98207183491951e-08,-248500
9.98209023288378e-08,-248400
9.98211737139111e-08,-248300
9.98215320059464e-08,-248200
9.98219766827068e-08,-248100
9.98225071982827e-08,-248000
9.98231229832026e-08,-247900
9.98238234445422e-08,-247800
9.98246079660412e-08,-247700
9.98254759082329e-08,-247600
9.98264266085683e-08,-247500
9.982745938155e-08,-247400
9.98285735188809e-08,-247300
9.98297682896032e-08,-247200
9.98310429402553e-08,-247100
9.98323966950306e-08,-247000
9.98338287559418e-08,-246900
9.98353383029899e-08,-246800
9.98369244943454e-08,-246700
9.98385864665239e-08,-246600
9.98403233345818e-08,-246500
9.98421341923051e-08,-246400
9.98440181124131e-08,-246300
9.98459741467622e-08,-246200
9.98480013265605e-08,-246100
9.9850098662585e-08,-246000
9.98522651454058e-08,-245900
9.98544997456149e-08,-245800
9.98568014140644e-08,-245700
9.98591690821072e-08,-245600
9.98616016618444e-08,-245500
9.98640980463804e-08,-245400
9.98666571100811e-08,-245300
9.98692777088412e-08,-245200
9.98719586803548e-08,-245100
9.9874698844391e-08,-245000
9.98774970030801e-08,-244900
9.98803519412007e-08,-244800
9.98832624264748e-08,-244700
9.9886227209866e-08,-244600
9.98892450258908e-08,-244500
9.98923145929291e-08,-244400
9.98954346135361e-08,-244300
9.98986037747724e-08,-244200
9.99018207485308e-08,-244100
9.99050841918678e-08,-244000
9.99083927473514e-08,-243900
9.99117450433953e-08,-243800
9.99151396946195e-08,-243700
9.99185753022031e-08,-243600
9.99220504542447e-08,-243500
9.99255637261305e-08,-243400
9.9929113680907e-08,-243300
9.9932698869657e-08,-243200
9.99363178318852e-08,-243100
9.99399690959015e-08,-243000
9.99436511792174e-08,-242900
9.99473625889397e-08,-242800
9.99511018221763e-08,-242700
9.99548673664402e-08,-242600
9.99586577000646e-08,-242500
9.99624712926174e-08,-242400
9.9966306605321e-08,-242300
9.99701620914812e-08,-242200
9.99740361969126e-08,-242100
9.99779273603755e-08,-242000
9.99818340140148e-08,-241900
9.99857545838009e-08,-241800
9.99896874899723e-08,-241700
9.99936311474949e-08,-241600
9.99975839665082e-08,-241500
1.00001544352786e-07,-241400
1.00005510708196e-07,-241300
1.00009481431166e-07,-241200
1.00013454917152e-07,-241100
1.0001742955911e-07,-241000
1.00021403747965e-07,-240900
1.00025375873097e-07,-240800
1.00029344322812e-07,-240700
1.00033307484836e-07,-240600
1.00037263746787e-07,-240500
1.00041211496673e-07,-240400
1.00045149123379e-07,-240300
1.00049075017158e-07,-240200
1.00052987570129e-07,-240100
1.00056885176767e-07,-240000
1.00060766234409e-07,-239900
1.00064629143748e-07,-239800
1.00068472309337e-07,-239700
1.00072294140087e-07,-239600
1.00076093049776e-07,-239500
1.0007986745755e-07,-239400
1.00083615788431e-07,-239300
1.00087336473819e-07,-239200
1.00091027952001e-07,-239100
1.00094688668659e-07,-239000
1.00098317077373e-07,-238900
1.00101911640129e-07,-238800
1.0010547082783e-07,-238700
1.00108993120798e-07,-238600
1.00112477009276e-07,-238500
1.00115920993945e-07,-238400
1.00119323586414e-07,-238300
1.00122683309734e-07,-238200
1.00125998698892e-07,-238100
1.00129268301315e-07,-238000
1.00132490677371e-07,-237900
1.00135664400859e-07,-237800
1.00138788059514e-07,-237700
1.00141860255483e-07,-237600
1.00144879605838e-07,-237500
1.00147844743041e-07,-237400
1.00150754315445e-07,-237300
1.00153606987768e-07,-237200
1.00156401441573e-07,-237100
1.00159136375746e-07,-237000
1.00161810506966e-07,-236900
1.00164422570173e-07,-236800
1.00166971319031e-07,-236700
1.00169455526393e-07,-236600
1.00171873984749e-07,-236500
1.00174225506689e-07,-236400
1.00176508925335e-07,-236300
1.00178723094794e-07,-236200
1.00180866890593e-07,-236100
1.00182939210102e-07,-236000
1.00184938972975e-07,-235900
1.00186865121556e-07,-235800
1.00188716621301e-07,-235700
1.00190492461185e-07,-235600
1.00192191654103e-07,-235500
1.00193813237269e-07,-235400
1.00195356272603e-07,-235300
1.00196819847112e-07,-235200
1.00198203073271e-07,-235100
1.00199505089383e-07,-235000
1.00200725059949e-07,-234900
1.00201862176016e-07,-234800
1.00202915655528e-07,-234700
1.00203884743657e-07,-234600
1.00204768713139e-07,-234500
1.00205566864595e-07,-234400
1.00206278526845e-07,-234300
1.00206903057209e-07,-234200
1.00207439841812e-07,-234100
1.00207888295861e-07,-234000
1.00208247863935e-07,-233900
1.00208518020245e-07,-233800
1.00208698268902e-07,-233700
1.00208788144161e-07,-233600
1.00208787210672e-07,-233500
1.00208695063698e-07,-233400
1.0020851132935e-07,-233300
1.00208235664792e-07,-233200
1.00207867758445e-07,-233100
1.00207407330179e-07,-233000
1.00206854131489e-07,-232900
1.00206207945674e-07,-232800
1.00205468587991e-07,-232700
1.00204635905807e-07,-232600
1.0020370977874e-07,-232500
1.00202690118778e-07,-232400
1.00201576870406e-07,-232300
1.00200370010705e-07,-232200
1.0019906954945e-07,-232100
1.00197675529192e-07,-232000
1.00196188025328e-07,-231900
1.00194607146162e-07,-231800
1.00192933032958e-07,-231700
1.00191165859972e-07,-231600
1.00189305834477e-07,-231500
1.00187353196783e-07,-231400
1.00185308220233e-07,-231300
1.00183171211197e-07,-231200
1.00180942509048e-07,-231100
1.0017862248613e-07,-231000
1.00176211547711e-07,-230900
1.00173710131931e-07,-230800
1.00171118709723e-07,-230700
1.00168437784742e-07,-230600
1.00165667893264e-07,-230500
1.00162809604085e-07,-230400
1.00159863518403e-07,-230300
1.00156830269685e-07,-230200
1.00153710523533e-07,-230100
1.00150504977523e-07,-230000
1.00147214361044e-07,-229900
1.00143839435119e-07,-229800
1.00140380992219e-07,-229700
1.00136839856057e-07,-229600
1.00133216881376e-07,-229500
1.00129512953728e-07,-229400
1.00125728989237e-07,-229300
1.00121865934345e-07,-229200
1.00117924765557e-07,-229100
1.0011390648917e-07,-229000
1.00109812140991e-07,-228900
1.00105642786034e-07,-228800
1.00101399518228e-07,-228700
1.00097083460088e-07,-228600
1.00092695762397e-07,-228500
1.00088237603856e-07,-228400
1.00083710190746e-07,-228300
1.00079114756555e-07,-228200
1.00074452561619e-07,-228100
1.00069724892729e-07,-228000
1.00064933062744e-07,-227900
1.00060078410186e-07,-227800
1.00055162298831e-07,-227700
1.00050186117277e-07,-227600
1.0004515127852e-07,-227500
1.00040059219506e-07,-227400
1.00034911400679e-07,-227300
1.00029709305519e-07,-227200
1.00024454440074e-07,-227100
1.00019148332472e-07,-227000
1.00013792532441e-07,-226900
1.00008388610802e-07,-226800
1.0000293815897e-07,-226700
9.99974427884306e-08,-226600
9.99919041302238e-08,-226500
9.99863238344075e-08,-226400
9.99807035695227e-08,-226300
9.99750450220418e-08,-226200
9.99693498958176e-08,-226100
9.99636199115206e-08,-226000
9.99578568060696e-08,-225900
9.99520623320576e-08,-225800
9.9946238257171e-08,-225700
9.99403863635972e-08,-225600
9.99345084474346e-08,-225500
9.99286063180889e-08,-225400
9.99226817976711e-08,-225300
9.99167367203823e-08,-225200
9.9910772931899e-08,-225100
9.99047922887521e-08,-225000
9.98987966577013e-08,-224900
9.98927879150995e-08,-224800
9.98867679462658e-08,-224700
9.98807386448422e-08,-224600
9.98747019121521e-08,-224500
9.98686596565534e-08,-224400
9.98626137927925e-08,-224300
9.98565662413481e-08,-224200
9.98505189277823e-08,-224100
9.98444737820762e-08,-224000
9.98384327379797e-08,-223900
9.98323977323438e-08,-223800
9.98263707044569e-08,-223700
9.98203535953926e-08,-223600
9.98143483473261e-08,-223500
9.98083569028869e-08,-223400
9.98023812044795e-08,-223300
9.97964231936237e-08,-223200
9.9790484810287e-08,-223100
9.97845679922139e-08,-223000
9.97786746742676e-08,-222900
9.97728067877573e-08,-222800
9.97669662597827e-08,-222700
9.97611550125643e-08,-222600
9.9755374962785e-08,-222500
9.97496280209329e-08,-222400
9.97439160906423e-08,-222300
9.97382410680406e-08,-222200
9.97326048410953e-08,-222100
9.97270092889669e-08,-222000
9.97214562813636e-08,-221900
9.97159476778939e-08,-221800
9.97104853274374e-08,-221700
9.97050710675042e-08,-221600
9.96997067236043e-08,-221500
9.96943941086261e-08,-221400
9.96891350222143e-08,-221300
9.96839312501481e-08,-221200
9.96787845637413e-08,-221100
9.96736967192294e-08,-221000
9.96686694571714e-08,-220900
9.96637045018587e-08,-220800
9.96588035607283e-08,-220700
9.96539683237758e-08,-220600
9.96492004629901e-08,-220500
9.9644501631781e-08,-220400
9.96398734644199e-08,-220300
9.96353175754887e-08,-220200
9.96308355593333e-08,-220100
9.96264289895245e-08,-220000
9.96220994183353e-08,-219900
9.96178483762119e-08,-219800
9.96136773712656e-08,-219700
9.96095878887683e-08,-219600
9.96055813906581e-08,-219500
9.96016593150475e-08,-219400
9.95978230757539e-08,-219300
9.95940740618281e-08,-219200
9.95904136370945e-08,-219100
9.95868431397072e-08,-219000
9.95833638817073e-08,-218900
9.95799771485975e-08,-218800
9.95766841989207e-08,-218700
9.95734862638539e-08,-218600
9.95703845468115e-08,-218500
9.95673802230588e-08,-218400
9.9564474439331e-08,-218300
9.9561668313477e-08,-218200
9.95589629340962e-08,-218100
9.95563593602058e-08,-218000
9.95538586208967e-08,-217900
9.9551461715028e-08,-217800
9.95491696109067e-08,-217700
9.95469832459953e-08,-217600
9.95449035266316e-08,-217500
9.95429313277445e-08,-217400
9.95410674926051e-08,-217300
9.95393128325682e-08,-217200
9.95376681268394e-08,-217100
9.95361341222507e-08,-217000
9.95347115330443e-08,-216900
9.95334010406767e-08,-216800
9.95322032936226e-08,-216700
9.95311189072129e-08,-216600
9.95301484634573e-08,-216500
9.95292925109009e-08,-216400
9.95285515644854e-08,-216300
9.95279261054219e-08,-216200
9.95274165810792e-08,-216100
9.95270234048812e-08,-216000
9.95267469562186e-08,-215900
9.95265875803788e-08,-215800
9.95265455884773e-08,-215700
9.95266212574105e-08,-215600
9.95268148298131e-08,-215500
9.95271265140425e-08,-215400
9.95275564841573e-08,-215300
9.95281048799218e-08,-215200
9.95287718068166e-08,-215100
9.95295573360671e-08,-215000
9.95304615046727e-08,-214900
9.9531484315467e-08,-214800
9.95326257371726e-08,-214700
9.95338857044751e-08,-214600
9.95352641181129e-08,-214500
9.95367608449765e-08,-214400
9.95383757182135e-08,-214300
9.95401085373568e-08,-214200
9.95419590684535e-08,-214100
9.95439270442151e-08,-214000
9.95460121641737e-08,-213900
9.95482140948523e-08,-213800
9.95505324699426e-08,-213700
9.95529668905016e-08,-213600
9.95555169251508e-08,-213500
9.9558182110292e-08,-213400
9.95609619503363e-08,-213300
9.95638559179327e-08,-213200
9.9566863454224e-08,-213100
9.95699839690996e-08,-213000
9.95732168414627e-08,-212900
9.95765614195132e-08,-212800
9.95800170210342e-08,-212700
9.95835829336898e-08,-212600
9.95872584153327e-08,-212500
9.95910426943316e-08,-212400
9.95949349698825e-08,-212300
9.95989344123636e-08,-212200
9.96030401636717e-08,-212100
9.96072513375802e-08,-212000
9.96115670201052e-08,-211900
9.96159862698735e-08,-211800
9.96205081185131e-08,-211700
9.96251315710365e-08,-211600
9.9629855606241e-08,-211500
9.96346791771152e-08,-211400
9.96396012112519e-08,-211300
9.96446206112739e-08,-211200
9.96497362552581e-08,-211100
9.965494699717e-08,-211000
9.96602516673162e-08,-210900
9.96656490727855e-08,-210800
9.96711379979084e-08,-210700
9.96767172047207e-08,-210600
9.96823854334301e-08,-210500
9.96881414028989e-08,-210400
9.96939838111117e-08,-210300
9.96999113356721e-08,-210200
9.97059226342936e-08,-210100
9.97120163452894e-08,-210000
9.97181910880839e-08,-209900
9.97244454637063e-08,-209800
9.97307780553163e-08,-209700
9.97371874287068e-08,-209600
9.97436721328304e-08,-209500
9.9750230700315e-08,-209400
9.97568616479992e-08,-209300
9.97635634774528e-08,-209200
9.97703346755178e-08,-209100
9.97771737148372e-08,-209000
9.97840790543982e-08,-208900
9.97910491400705e-08,-208800
9.97980824051513e-08,-208700
9.98051772709068e-08,-208600
9.98123321471244e-08,-208500
9.98195454326578e-08,-208400
9.98268155159771e-08,-208300
9.98341407757199e-08,-208200
9.98415195812438e-08,-208100
9.98489502931814e-08,-208000
9.98564312639876e-08,-207900
9.98639608384988e-08,-207800
9.98715373544845e-08,-207700
9.98791591431982e-08,-207600
9.98868245299368e-08,-207500
9.98945318345841e-08,-207400
9.99022793721727e-08,-207300
9.99100654534257e-08,-207200
9.9917888385311e-08,-207100
9.99257464715907e-08,-207000
9.99336380133655e-08,-206900
9.99415613096196e-08,-206800
9.99495146577617e-08,-206700
9.99574963541739e-08,-206600
9.99655046947377e-08,-206500
9.99735379753843e-08,-206400
9.99815944926118e-08,-206300
9.99896725440301e-08,-206200
9.99977704288795e-08,-206100
1.00005886448556e-07,-206000
1.00014018907135e-07,-205900
1.00022166111883e-07,-205800
1.00030326373775e-07,-205700
1.00038498008e-07,-205600
1.00046679334473e-07,-205500
1.00054868678322e-07,-205400
1.00063064370401e-07,-205300
1.00071264747766e-07,-205200
1.00079468154176e-07,-205100
1.00087672940562e-07,-205000
1.00095877465511e-07,-204900
1.0010408009574e-07,-204800
1.00112279206554e-07,-204700
1.00120473182314e-07,-204600
1.00128660416887e-07,-204500
1.00136839314101e-07,-204400
1.00145008288183e-07,-204300
1.00153165764199e-07,-204200
1.00161310178486e-07,-204100
1.00169439979076e-07,-204000
1.00177553626118e-07,-203900
1.00185649592282e-07,-203800
1.00193726363173e-07,-203700
1.00201782437727e-07,-203600
1.00209816328605e-07,-203500
1.00217826562574e-07,-203400
1.00225811680889e-07,-203300
1.00233770239664e-07,-203200
1.00241700810236e-07,-203100
1.0024960197952e-07,-203000
1.00257472350361e-07,-202900
1.00265310541875e-07,-202800
1.00273115189786e-07,-202700
1.00280884946748e-07,-202600
1.0028861848267e-07,-202500
1.00296314485025e-07,-202400
1.00303971659158e-07,-202300
1.00311588728574e-07,-202200
1.00319164435237e-07,-202100
1.00326697539846e-07,-202000
1.00334186822104e-07,-201900
1.0034163108099e-07,-201800
1.00349029135013e-07,-201700
1.0035637982246e-07,-201600
1.00363682001636e-07,-201500
1.003709345511e-07,-201400
1.00378136369889e-07,-201300
1.0038528637773e-07,-201200
1.00392383515253e-07,-201100
1.00399426744192e-07,-201000
1.00406415047574e-07,-200900
1.00413347429905e-07,-200800
1.00420222917342e-07,-200700
1.00427040557866e-07,-200600
1.00433799421436e-07,-200500
1.00440498600145e-07,-200400
1.0044713720836e-07,-200300
1.00453714382859e-07,-200200
1.00460229282954e-07,-200100
1.00466681090613e-07,-200000
1.00473069010571e-07,-199900
1.00479392270431e-07,-199800
1.00485650120755e-07,-199700
1.00491841835158e-07,-199600
1.00497966710379e-07,-199500
1.00504024066356e-07,-199400
1.0051001324629e-07,-199300
1.00515933616691e-07,-199200
1.00521784567433e-07,-199100
1.00527565511794e-07,-199000
1.00533275886479e-07,-198900
1.00538915151652e-07,-198800
1.00544482790944e-07,-198700
1.00549978311471e-07,-198600
1.00555401243826e-07,-198500
1.00560751142077e-07,-198400
1.0056602758375e-07,-198300
1.00571230169812e-07,-198200
1.00576358524636e-07,-198100
1.00581412295973e-07,-198000
1.00586391154897e-07,-197900
1.00591294795772e-07,-197800
1.00596122936176e-07,-197700
1.00600875316849e-07,-197600
1.0060555170162e-07,-197500
1.00610151877326e-07,-197400
1.00614675653727e-07,-197300
1.00619122863422e-07,-197200
1.00623493361742e-07,-197100
1.00627787026653e-07,-197000
1.0063200375864e-07,-196900
1.00636143480591e-07,-196800
1.0064020613768e-07,-196700
1.00644191697231e-07,-196600
1.00648100148583e-07,-196500
1.00651931502952e-07,-196400
1.00655685793283e-07,-196300
1.00659363074095e-07,-196200
1.00662963421327e-07,-196100
1.00666486932167e-07,-196000
1.0066993372489e-07,-195900
1.00673303938678e-07,-195800
1.00676597733441e-07,-195700
1.00679815289633e-07,-195600
1.00682956808058e-07,-195500
1.00686022509679e-07,-195400
1.00689012635414e-07,-195300
1.00691927445932e-07,-195200
1.00694767221443e-07,-195100
1.00697532261487e-07,-195000
1.00700222884705e-07,-194900
1.0070283942863e-07,-194800
1.00705382249444e-07,-194700
1.00707851721758e-07,-194600
1.0071024823837e-07,-194500
1.00712572210029e-07,-194400
1.00714824065183e-07,-194300
1.00717004249744e-07,-194200
1.00719113226825e-07,-194100
1.00721151476491e-07,-194000
1.007231194955e-07,-193900
1.0072501779704e-07,-193800
1.00726846910465e-07,-193700
1.00728607381024e-07,-193600
1.00730299769597e-07,-193500
1.00731924652411e-07,-193400
1.00733482620769e-07,-193300
1.00734974280768e-07,-193200
1.00736400253021e-07,-193100
1.00737761172362e-07,-193000
1.00739057687568e-07,-192900
1.00740290461067e-07,-192800
1.0074146016864e-07,-192700
1.00742567499133e-07,-192600
1.00743613154157e-07,-192500
1.00744597847794e-07,-192400
1.00745522306289e-07,-192300
1.00746387267757e-07,-192200
1.00747193481869e-07,-192100
1.00747941709561e-07,-192000
1.00748632722708e-07,-191900
1.00749267303833e-07,-191800
1.00749846245788e-07,-191700
1.00750370351447e-07,-191600
1.00750840433393e-07,-191500
1.00751257313602e-07,-191400
1.00751621823137e-07,-191300
1.00751934801825e-07,-191200
1.00752197097946e-07,-191100
1.00752409567916e-07,-191000
1.00752573075973e-07,-190900
1.0075268849385e-07,-190800
1.0075275670047e-07,-190700
1.00752778581624e-07,-190600
1.00752755029647e-07,-190500
1.00752686943107e-07,-190400
1.00752575226485e-07,-190300
1.00752420789853e-07,-190200
1.00752224548559e-07,-190100
1.00751987422913e-07,-190000
1.00751710337857e-07,-189900
1.00751394222662e-07,-189800
1.00751040010602e-07,-189700
1.00750648638642e-07,-189600
1.00750221047117e-07,-189500
1.00749758179422e-07,-189400
1.00749260981696e-07,-189300
1.00748730402505e-07,-189200
1.00748167392538e-07,-189100
1.00747572904283e-07,-189000
1.00746947891727e-07,-188900
1.00746293310038e-07,-188800
1.00745610115263e-07,-188700
1.00744899264019e-07,-188600
1.00744161713182e-07,-188500
1.00743398419591e-07,-188400
1.00742610339737e-07,-188300
1.00741798429467e-07,-188200
1.0074096364368e-07,-188100
1.00740106936032e-07,-188000
1.00739229258635e-07,-187900
1.00738331561765e-07,-187800
1.00737414793573e-07,-187700
1.00736479899784e-07,-187600
1.00735527823414e-07,-187500
1.00734559504485e-07,-187400
1.00733575879733e-07,-187300
1.0073257788233e-07,-187200
1.00731566441603e-07,-187100
1.00730542482753e-07,-187000
1.00729506926579e-07,-186900
1.00728460689208e-07,-186800
1.00727404681819e-07,-186700
1.00726339810374e-07,-186600
1.00725266975355e-07,-186500
1.00724187071499e-07,-186400
1.00723100987535e-07,-186300
1.00722009605923e-07,-186200
1.00720913802607e-07,-186100
1.00719814446752e-07,-186000
1.00718712400503e-07,-185900
1.00717608518725e-07,-185800
1.00716503648773e-07,-185700
1.00715398630241e-07,-185600
1.00714294294725e-07,-185500
1.00713191465593e-07,-185400
1.00712090957743e-07,-185300
1.00710993577385e-07,-185200
1.00709900121805e-07,-185100
1.0070881137915e-07,-185000
1.00707728128202e-07,-184900
1.00706651138169e-07,-184800
1.00705581168467e-07,-184700
1.00704518968509e-07,-184600
1.00703465277509e-07,-184500
1.00702420824268e-07,-184400
1.00701386326982e-07,-184300
1.00700362493045e-07,-184200
1.00699350018856e-07,-184100
1.00698349589634e-07,-184000
1.00697361879231e-07,-183900
1.0069638754995e-07,-183800
1.00695427252374e-07,-183700
1.00694481625186e-07,-183600
1.00693551295005e-07,-183500
1.00692636876216e-07,-183400
1.00691738970813e-07,-183300
1.00690858168236e-07,-183200
1.00689995045222e-07,-183100
1.00689150165654e-07,-183000
1.00688324080411e-07,-182900
1.00687517327234e-07,-182800
1.00686730430582e-07,-182700
1.00685963901498e-07,-182600
1.00685218237489e-07,-182500
1.00684493922381e-07,-182400
1.00683791426222e-07,-182300
1.00683111205148e-07,-182200
1.00682453701275e-07,-182100
1.0068181934259e-07,-182000
1.00681208542849e-07,-181900
1.00680621701475e-07,-181800
1.0068005920346e-07,-181700
1.00679521419278e-07,-181600
1.00679008704794e-07,-181500
1.00678521401186e-07,-181400
1.00678059834859e-07,-181300
1.00677624317379e-07,-181200
1.00677215145396e-07,-181100
1.00676832600588e-07,-181000
1.00676476949591e-07,-180900
1.00676148443949e-07,-180800
1.00675847320057e-07,-180700
1.0067557379912e-07,-180600
1.00675328087106e-07,-180500
1.00675110374706e-07,-180400
1.00674920837304e-07,-180300
1.00674759634949e-07,-180200
1.00674626912323e-07,-180100
1.00674522798731e-07,-180000
1.00674447408077e-07,-179900
1.00674400838854e-07,-179800
1.00674383174144e-07,-179700
1.00674394481607e-07,-179600
1.00674434813492e-07,-179500
1.00674504206637e-07,-179400
1.00674602682486e-07,-179300
1.00674730247104e-07,-179200
1.00674886891198e-07,-179100
1.00675072590138e-07,-179000
1.00675287303995e-07,-178900
1.00675530977573e-07,-178800
1.00675803540443e-07,-178700
1.00676104906992e-07,-178600
1.00676434976473e-07,-178500
1.00676793633054e-07,-178400
1.00677180745876e-07,-178300
1.00677596169114e-07,-178200
1.00678039742049e-07,-178100
1.00678511289133e-07,-178000
1.00679010620067e-07,-177900
1.00679537529881e-07,-177800
1.00680091799017e-07,-177700
1.00680673193423e-07,-177600
1.00681281464637e-07,-177500
1.00681916349896e-07,-177400
1.00682577572228e-07,-177300
1.00683264840566e-07,-177200
1.00683977849855e-07,-177100
1.00684716281168e-07,-177000
1.00685479801825e-07,-176900
1.00686268065522e-07,-176800
1.00687080712449e-07,-176700
1.00687917369432e-07,-176600
1.00688777650064e-07,-176500
1.00689661154847e-07,-176400
1.00690567471341e-07,-176300
1.00691496174304e-07,-176200
1.00692446825855e-07,-176100
1.00693418975623e-07,-176000
1.00694412160911e-07,-175900
1.00695425906865e-07,-175800
1.00696459726638e-07,-175700
1.00697513121564e-07,-175600
1.00698585581332e-07,-175500
1.00699676584175e-07,-175400
1.00700785597044e-07,-175300
1.00701912075806e-07,-175200
1.00703055465425e-07,-175100
1.00704215200165e-07,-175000
1.00705390703787e-07,-174900
1.00706581389751e-07,-174800
1.0070778666142e-07,-174700
1.00709005912272e-07,-174600
1.00710238526111e-07,-174500
1.00711483877285e-07,-174400
1.00712741330903e-07,-174300
1.00714010243055e-07,-174200
1.00715289961045e-07,-174100
1.00716579823611e-07,-174000
1.00717879161163e-07,-173900
1.00719187296015e-07,-173800
1.00720503542621e-07,-173700
1.00721827207815e-07,-173600
1.00723157591063e-07,-173500
1.00724493984692e-07,-173400
1.00725835674155e-07,-173300
1.00727181938268e-07,-173200
1.00728532049475e-07,-173100
1.00729885274095e-07,-173000
1.00731240872584e-07,-172900
1.00732598099796e-07,-172800
1.00733956205243e-07,-172700
1.00735314433361e-07,-172600
1.00736672023775e-07,-172500
1.00738028211571e-07,-172400
1.00739382227561e-07,-172300
1.00740733298561e-07,-172200
1.00742080647663e-07,-172100
1.00743423494507e-07,-172000
1.00744761055562e-07,-171900
1.00746092544401e-07,-171800
1.00747417171988e-07,-171700
1.00748734146949e-07,-171600
1.00750042675864e-07,-171500
1.00751341963542e-07,-171400
1.00752631213312e-07,-171300
1.00753909627304e-07,-171200
1.0075517640674e-07,-171100
1.00756430752212e-07,-171000
1.00757671863983e-07,-170900
1.0075889894226e-07,-170800
1.00760111187497e-07,-170700
1.00761307800674e-07,-170600
1.0076248798359e-07,-170500
1.00763650939147e-07,-170400
1.00764795871654e-07,-170300
1.00765921987098e-07,-170200
1.00767028493448e-07,-170100
1.00768114600935e-07,-170000
1.00769179522346e-07,-169900
1.0077022247331e-07,-169800
1.00771242672587e-07,-169700
1.00772239342354e-07,-169600
1.00773211708493e-07,-169500
1.00774159000878e-07,-169400
1.00775080453657e-07,-169300
1.00775975305536e-07,-169200
1.00776842800066e-07,-169100
1.00777682185921e-07,-169000
1.00778492717178e-07,-168900
1.00779273653599e-07,-168800
1.00780024260902e-07,-168700
1.00780743811048e-07,-168600
1.00781431582502e-07,-168500
1.00782086860517e-07,-168400
1.00782708937395e-07,-168300
1.00783297112763e-07,-168200
1.00783850693835e-07,-168100
1.00784368995673e-07,-168000
1.00784851341459e-07,-167900
1.00785297062744e-07,-167800
1.00785705499711e-07,-167700
1.00786076001425e-07,-167600
1.0078640792609e-07,-167500
1.00786700641294e-07,-167400
1.00786953524253e-07,-167300
1.00787165962062e-07,-167200
1.00787337351925e-07,-167100
1.00787467101397e-07,-167000
1.0078755462862e-07,-166900
1.00787599362546e-07,-166800
1.00787600743171e-07,-166700
1.00787558221751e-07,-166600
1.00787471261029e-07,-166500
1.00787339335446e-07,-166400
1.0078716193135e-07,-166300
1.00786938547213e-07,-166200
1.00786668693828e-07,-166100
1.00786351894512e-07,-166000
1.007859876853e-07,-165900
1.00785575615137e-07,-165800
1.0078511524607e-07,-165700
1.0078460615342e-07,-165600
1.00784047925974e-07,-165500
1.0078344016615e-07,-165400
1.0078278249017e-07,-165300
1.0078207452822e-07,-165200
1.00781315924614e-07,-165100
1.00780506337954e-07,-165000
1.00779645441264e-07,-164900
1.00778732922157e-07,-164800
1.00777768482954e-07,-164700
1.00776751840833e-07,-164600
1.00775682727953e-07,-164500
1.00774560891578e-07,-164400
1.00773386094203e-07,-164300
1.00772158113658e-07,-164200
1.00770876743224e-07,-164100
1.0076954179173e-07,-164000
1.00768153083658e-07,-163900
1.00766710459226e-07,-163800
1.00765213774483e-07,-163700
1.00763662901382e-07,-163600
1.00762057727861e-07,-163500
1.00760398157909e-07,-163400
1.00758684111627e-07,-163300
1.00756915525293e-07,-163200
1.00755092351407e-07,-163100
1.00753214558734e-07,-163000
1.00751282132356e-07,-162900
1.00749295073692e-07,-162800
1.00747253400538e-07,-162700
1.00745157147076e-07,-162600
1.00743006363901e-07,-162500
1.00740801118025e-07,-162400
1.00738541492882e-07,-162300
1.00736227588327e-07,-162200
1.00733859520618e-07,-162100
1.00731437422419e-07,-162000
1.00728961442762e-07,-161900
1.0072643174703e-07,-161800
1.00723848516919e-07,-161700
1.00721211950401e-07,-161600
1.00718522261677e-07,-161500
1.00715779681127e-07,-161400
1.00712984455251e-07,-161300
1.00710136846604e-07,-161200
1.00707237133728e-07,-161100
1.00704285611076e-07,-161000
1.00701282588928e-07,-160900
1.00698228393304e-07,-160800
1.00695123365864e-07,-160700
1.00691967863822e-07,-160600
1.00688762259819e-07,-160500
1.0068550694183e-07,-160400
1.00682202313033e-07,-160300
1.00678848791689e-07,-160200
1.0067544681101e-07,-160100
1.00671996819029e-07,-160000
1.00668499278449e-07,-159900
1.00664954666499e-07,-159800
1.00661363474785e-07,-159700
1.00657726209124e-07,-159600
1.00654043389384e-07,-159500
1.00650315549311e-07,-159400
1.00646543236355e-07,-159300
1.00642727011487e-07,-159200
1.00638867449015e-07,-159100
1.00634965136387e-07,-159000
1.00631020674e-07,-158900
1.00627034674995e-07,-158800
1.00623007765045e-07,-158700
1.00618940582147e-07,-158600
1.00614833776406e-07,-158500
1.00610688009806e-07,-158400
1.00606503955987e-07,-158300
1.00602282300014e-07,-158200
1.00598023738135e-07,-158100
1.00593728977544e-07,-158000
1.00589398736128e-07,-157900
1.0058503374223e-07,-157800
1.00580634734379e-07,-157700
1.0057620246104e-07,-157600
1.00571737680349e-07,-157500
1.00567241159844e-07,-157400
1.00562713676194e-07,-157300
1.00558156014929e-07,-157200
1.00553568970152e-07,-157100
1.00548953344264e-07,-157000
1.00544309947676e-07,-156900
1.00539639598516e-07,-156800
1.00534943122346e-07,-156700
1.00530221351853e-07,-156600
1.0052547512656e-07,-156500
1.00520705292517e-07,-156400
1.00515912702005e-07,-156300
1.00511098213217e-07,-156200
1.00506262689958e-07,-156100
1.00501407001326e-07,-156000
1.00496532021399e-07,-155900
1.00491638628918e-07,-155800
1.00486727706966e-07,-155700
1.00481800142649e-07,-155600
1.0047685682677e-07,-155500
1.00471898653502e-07,-155400
1.00466926520068e-07,-155300
1.00461941326408e-07,-155200
1.00456943974848e-07,-155100
1.00451935369774e-07,-155000
1.00446916417292e-07,-154900
1.00441888024905e-07,-154800
1.00436851101173e-07,-154700
1.0043180655538e-07,-154600
1.00426755297196e-07,-154500
1.00421698236348e-07,-154400
1.00416636282279e-07,-154300
1.00411570343814e-07,-154200
1.00406501328822e-07,-154100
1.00401430143883e-07,-154000
1.00396357693953e-07,-153900
1.00391284882022e-07,-153800
1.0038621260879e-07,-153700
1.00381141772325e-07,-153600
1.0037607326773e-07,-153500
1.00371007986818e-07,-153400
1.00365946817774e-07,-153300
1.00360890644825e-07,-153200
1.00355840347916e-07,-153100
1.00350796802381e-07,-153000
1.00345760878614e-07,-152900
1.00340733441754e-07,-152800
1.00335715351352e-07,-152700
1.00330707461062e-07,-152600
1.00325710618318e-07,-152500
1.00320725664019e-07,-152400
1.00315753432216e-07,-152300
1.00310794749806e-07,-152200
1.00305850436219e-07,-152100
1.00300921303119e-07,-152000
1.00296008154097e-07,-151900
1.00291111784376e-07,-151800
1.00286232980517e-07,-151700
1.00281372520121e-07,-151600
1.0027653117155e-07,-151500
1.00271709693634e-07,-151400
1.00266908835394e-07,-151300
1.00262129335762e-07,-151200
1.00257371923315e-07,-151100
1.00252637315997e-07,-151000
1.00247926220856e-07,-150900
1.00243239333792e-07,-150800
1.0023857733929e-07,-150700
1.00233940910173e-07,-150600
1.00229330707356e-07,-150500
1.00224747379605e-07,-150400
1.00220191563296e-07,-150300
1.00215663882183e-07,-150200
1.00211164947177e-07,-150100
1.00206695356118e-07,-150000
1.00202255693559e-07,-149900
1.00197846530556e-07,-149800
1.00193468424466e-07,-149700
1.00189121918739e-07,-149600
1.00184807542731e-07,-149500
1.00180525811509e-07,-149400
1.00176277225672e-07,-149300
1.00172062271174e-07,-149200
1.00167881419152e-07,-149100
1.00163735125762e-07,-149000
1.00159623832017e-07,-148900
1.00155547963639e-07,-148800
1.00151507930909e-07,-148700
1.00147504128533e-07,-148600
1.001435369355e-07,-148500
1.00139606714961e-07,-148400
1.00135713814106e-07,-148300
1.00131858564056e-07,-148200
1.00128041279744e-07,-148100
1.00124262259829e-07,-148000
1.00120521786591e-07,-147900
1.00116820125849e-07,-147800
1.00113157526879e-07,-147700
1.00109534222346e-07,-147600
1.00105950428229e-07,-147500
1.0010240634377e-07,-147400
1.00098902151416e-07,-147300
1.0009543801678e-07,-147200
1.00092014088595e-07,-147100
1.00088630498687e-07,-147000
1.0008528736195e-07,-146900
1.00081984776333e-07,-146800
1.00078722822822e-07,-146700
1.00075501565445e-07,-146600
1.0007232105127e-07,-146500
1.0006918131042e-07,-146400
1.00066082356092e-07,-146300
1.0006302418458e-07,-146200
1.00060006775309e-07,-146100
1.00057030090873e-07,-146000
1.00054094077087e-07,-145900
1.00051198663035e-07,-145800
1.0004834376113e-07,-145700
1.00045529267192e-07,-145600
1.00042755060512e-07,-145500
1.00040021003937e-07,-145400
1.0003732694396e-07,-145300
1.00034672710815e-07,-145200
1.00032058118583e-07,-145100
1.00029482965292e-07,-145000
1.00026947033044e-07,-144900
1.00024450088129e-07,-144800
1.00021991881161e-07,-144700
1.00019572147208e-07,-144600
1.00017190605941e-07,-144500
1.00014846961776e-07,-144400
1.00012540904035e-07,-144300
1.00010272107107e-07,-144200
1.00008040230613e-07,-144100
1.0000584491958e-07,-144000
1.00003685804627e-07,-143900
1.00001562502148e-07,-143800
9.99994746145002e-08,-143700
9.99974217302126e-08,-143600
9.9995403424178e-08,-143500
9.99934192578735e-08,-143400
9.99914687795688e-08,-143300
9.99895515245507e-08,-143200
9.99876670153477e-08,-143100
9.99858147619629e-08,-143000
9.99839942621116e-08,-142900
9.99822050014611e-08,-142800
9.99804464538828e-08,-142700
9.99787180816947e-08,-142600
9.99770193359309e-08,-142500
9.99753496565905e-08,-142400
9.99737084729145e-08,-142300
9.99720952036494e-08,-142200
9.9970509257326e-08,-142100
9.9968950032537e-08,-142000
9.99674169182157e-08,-141900
9.99659092939346e-08,-141800
9.99644265301862e-08,-141700
9.99629679886804e-08,-141600
9.9961533022643e-08,-141500
9.99601209771219e-08,-141400
9.99587311892854e-08,-141300
9.99573629887318e-08,-141200
9.99560156978076e-08,-141100
9.99546886319108e-08,-141000
9.99533810998151e-08,-140900
9.99520924039927e-08,-140800
9.99508218409239e-08,-140700
9.99495687014343e-08,-140600
9.99483322710135e-08,-140500
9.99471118301501e-08,-140400
9.99459066546549e-08,-140300
9.99447160159992e-08,-140200
9.99435391816466e-08,-140100
9.99423754153862e-08,-140000
9.9941223977675e-08,-139900
9.99400841259698e-08,-139800
9.99389551150683e-08,-139700
9.99378361974498e-08,-139600
9.99367266236157e-08,-139500
9.99356256424276e-08,-139400
9.99345325014515e-08,-139300
9.99334464473003e-08,-139200
9.99323667259711e-08,-139100
9.99312925831906e-08,-139000
9.99302232647588e-08,-138900
9.99291580168819e-08,-138800
9.9928096086522e-08,-138700
9.99270367217315e-08,-138600
9.99259791719955e-08,-138500
9.99249226885667e-08,-138400
9.9923866524807e-08,-138300
9.9922809936517e-08,-138200
9.99217521822789e-08,-138100
9.99206925237812e-08,-138000
9.99196302261567e-08,-137900
9.99185645583056e-08,-137800
9.99174947932316e-08,-137700
9.99164202083551e-08,-137600
9.99153400858477e-08,-137500
9.99142537129461e-08,-137400
9.99131603822769e-08,-137300
9.99120593921606e-08,-137200
9.99109500469351e-08,-137100
9.99098316572618e-08,-137000
9.99087035404301e-08,-136900
9.99075650206627e-08,-136800
9.9906415429418e-08,-136700
9.99052541056791e-08,-136600
9.99040803962548e-08,-136500
9.99028936560644e-08,-136400
9.9901693248424e-08,-136300
9.99004785453274e-08,-136200
9.98992489277258e-08,-136100
9.98980037857986e-08,-136000
9.98967425192189e-08,-135900
9.98954645374229e-08,-135800
9.98941692598694e-08,-135700
9.98928561162924e-08,-135600
9.98915245469523e-08,-135500
9.98901740028782e-08,-135400
9.98888039461151e-08,-135300
9.98874138499532e-08,-135200
9.98860031991621e-08,-135100
9.98845714902109e-08,-135000
9.98831182314908e-08,-134900
9.98816429435338e-08,-134800
9.98801451592097e-08,-134700
9.98786244239402e-08,-134600
9.98770802958902e-08,-134500
9.9875512346161e-08,-134400
9.98739201589755e-08,-134300
9.98723033318611e-08,-134200
9.98706614758146e-08,-134100
9.98689942154838e-08,-134000
9.98673011893132e-08,-133900
9.98655820497145e-08,-133800
9.98638364632034e-08,-133700
9.98620641105523e-08,-133600
9.98602646869192e-08,-133500
9.98584379019846e-08,-133400
9.98565834800685e-08,-133300
9.98547011602549e-08,-133200
9.9852790696498e-08,-133100
9.98508518577251e-08,-133000
9.98488844279427e-08,-132900
9.98468882063164e-08,-132800
9.98448630072643e-08,-132700
9.98428086605323e-08,-132600
9.98407250112629e-08,-132500
9.9838611920065e-08,-132400
9.98364692630652e-08,-132300
9.9834296931965e-08,-132200
9.98320948340833e-08,-132100
9.98298628923942e-08,-132000
9.98276010455596e-08,-131900
9.98253092479487e-08,-131800
9.98229874696638e-08,-131700
9.98206356965458e-08,-131600
9.98182539301809e-08,-131500
9.98158421878969e-08,-131400
9.98134005027577e-08,-131300
9.98109289235445e-08,-131200
9.98084275147375e-08,-131100
9.98058963564828e-08,-131000
9.98033355445656e-08,-130900
9.98007451903577e-08,-130800
9.97981254207803e-08,-130700
9.97954763782452e-08,-130600
9.97927982205935e-08,-130500
9.97900911210317e-08,-130400
9.97873552680555e-08,-130300
9.97845908653746e-08,-130200
9.97817981318262e-08,-130100
9.97789773012789e-08,-130000
9.97761286225455e-08,-129900
9.97732523592707e-08,-129800
9.97703487898242e-08,-129700
9.976741820719e-08,-129600
9.97644609188424e-08,-129500
9.97614772466192e-08,-129400
9.97584675265917e-08,-129300
9.97554321089272e-08,-129200
9.97523713577469e-08,-129100
9.97492856509753e-08,-129000
9.97461753801923e-08,-128900
9.97430409504665e-08,-128800
9.97398827802024e-08,-128700
9.97367013009654e-08,-128600
9.97334969573059e-08,-128500
9.9730270206593e-08,-128400
9.97270215188186e-08,-128300
9.97237513764195e-08,-128200
9.97204602740826e-08,-128100
9.97171487185469e-08,-128000
9.97138172284106e-08,-127900
9.97104663339177e-08,-127800
9.97070965767573e-08,-127700
9.97037085098499e-08,-127600
9.97003026971244e-08,-127500
9.96968797133116e-08,-127400
9.96934401437118e-08,-127300
9.96899845839695e-08,-127200
9.96865136398459e-08,-127100
9.96830279269861e-08,-127000
9.96795280706814e-08,-126900
9.96760147056305e-08,-126800
9.96724884756976e-08,-126700
9.96689500336747e-08,-126600
9.96654000410183e-08,-126500
9.96618391676209e-08,-126400
9.96582680915424e-08,-126300
9.96546874987644e-08,-126200
9.96510980829316e-08,-126100
9.9647500545099e-08,-126000
9.96438955934611e-08,-125900
9.96402839431014e-08,-125800
9.96366663157279e-08,-125700
9.96330434394009e-08,-125600
9.96294160482755e-08,-125500
9.96257848823335e-08,-125400
9.96221506871151e-08,-125300
9.96185142134481e-08,-125200
9.96148762171779e-08,-125100
9.96112374589036e-08,-125000
9.96075987037027e-08,-124900
9.96039607208602e-08,-124800
9.96003242835965e-08,-124700
9.95966901688017e-08,-124600
9.95930591567579e-08,-124500
9.95894320308717e-08,-124400
9.95858095774005e-08,-124300
9.95821925851857e-08,-124200
9.95785818453787e-08,-124100
9.95749781511752e-08,-124000
9.95713822975419e-08,-123900
9.95677950809563e-08,-123800
9.95642172991295e-08,-123700
9.95606497507482e-08,-123600
9.95570932352082e-08,-123500
9.95535485523537e-08,-123400
9.95500165022053e-08,-123300
9.95464978847123e-08,-123200
9.95429934994908e-08,-123100
9.95395041455579e-08,-123000
9.95360306210903e-08,-122900
9.95325737231621e-08,-122800
9.95291342474988e-08,-122700
9.95257129882229e-08,-122600
9.95223107376141e-08,-122500
9.951892828586e-08,-122400
9.95155664208191e-08,-122300
9.95122259277772e-08,-122200
9.95089075892155e-08,-122100
9.95056121845719e-08,-122000
9.95023404900174e-08,-121900
9.94990932782182e-08,-121800
9.94958713181218e-08,-121700
9.94926753747284e-08,-121600
9.94895062088719e-08,-121500
9.94863645770109e-08,-121400
9.94832512310085e-08,-121300
9.94801669179275e-08,-121200
9.94771123798286e-08,-121100
9.94740883535636e-08,-121000
9.94710955705772e-08,-120900
9.94681347567163e-08,-120800
9.94652066320372e-08,-120700
9.94623119106176e-08,-120600
9.94594513003755e-08,-120500
9.94566255028877e-08,-120400
9.94538352132167e-08,-120300
9.94510811197345e-08,-120200
9.94483639039647e-08,-120100
9.94456842404066e-08,-120000
9.94430427963833e-08,-119900
9.9440440231889e-08,-119800
9.94378771994312e-08,-119700
9.94353543438858e-08,-119600
9.94328723023551e-08,-119500
9.94304317040313e-08,-119400
9.94280331700566e-08,-119300
9.94256773134005e-08,-119200
9.94233647387264e-08,-119100
9.94210960422763e-08,-119000
9.94188718117524e-08,-118900
9.94166926261972e-08,-118800
9.94145590558954e-08,-118700
9.94124716622638e-08,-118600
9.94104309977518e-08,-118500
9.94084376057473e-08,-118400
9.9406492020481e-08,-118300
9.94045947669474e-08,-118200
9.94027463608133e-08,-118100
9.94009473083469e-08,-118000
9.9399198106336e-08,-117900
9.93974992420265e-08,-117800
9.93958511930476e-08,-117700
9.93942544273568e-08,-117600
9.93927094031799e-08,-117500
9.93912165689601e-08,-117400
9.93897763633029e-08,-117300
9.93883892149383e-08,-117200
9.93870555426738e-08,-117100
9.93857757553644e-08,-117000
9.93845502518696e-08,-116900
9.93833794210318e-08,-116800
9.93822636416488e-08,-116700
9.93812032824531e-08,-116600
9.93801987020926e-08,-116500
9.93792502491187e-08,-116400
9.93783582619716e-08,-116300
9.93775230689808e-08,-116200
9.93767449883553e-08,-116100
9.93760243281881e-08,-116000
9.93753613864585e-08,-115900
9.93747564510386e-08,-115800
9.93742097997076e-08,-115700
9.93737217001591e-08,-115600
9.93732924100263e-08,-115500
9.9372922176894e-08,-115400
9.93726112383287e-08,-115300
9.93723598219008e-08,-115200
9.93721681452143e-08,-115100
9.93720364159382e-08,-115000
9.93719648318474e-08,-114900
9.93719535808494e-08,-114800
9.93720028410335e-08,-114700
9.93721127807091e-08,-114600
9.93722835584507e-08,-114500
9.93725153231493e-08,-114400
9.93728082140544e-08,-114300
9.93731623608354e-08,-114200
9.93735778836292e-08,-114100
9.9374054893098e-08,-114000
9.93745934904877e-08,-113900
9.93751937676876e-08,-113800
9.93758558072937e-08,-113700
9.93765796826694e-08,-113600
9.93773654580131e-08,-113500
9.93782131884248e-08,-113400
9.93791229199707e-08,-113300
9.93800946897594e-08,-113200
9.93811285260045e-08,-113100
9.93822244481041e-08,-113000
9.938338246671e-08,-112900
9.93846025838012e-08,-112800
9.93858847927616e-08,-112700
9.9387229078455e-08,-112600
9.93886354173015e-08,-112500
9.93901037773519e-08,-112400
9.93916341183731e-08,-112300
9.93932263919193e-08,-112200
9.9394880541417e-08,-112100
9.93965965022359e-08,-112000
9.93983742017787e-08,-111900
9.94002135595517e-08,-111800
9.94021144872536e-08,-111700
9.94040768888465e-08,-111600
9.94061006606413e-08,-111500
9.94081856913761e-08,-111400
9.94103318622942e-08,-111300
9.94125390472251e-08,-111200
9.94148071126645e-08,-111100
9.94171359178478e-08,-111000
9.94195253148325e-08,-110900
9.9421975148576e-08,-110800
9.94244852570058e-08,-110700
9.94270554711035e-08,-110600
9.9429685614974e-08,-110500
9.94323755059237e-08,-110400
9.94351249545316e-08,-110300
9.94379337647232e-08,-110200
9.94408017338377e-08,-110100
9.94437286527034e-08,-110000
9.9446714305707e-08,-109900
9.94497584708538e-08,-109800
9.94528609198456e-08,-109700
9.94560214181338e-08,-109600
9.94592397249946e-08,-109500
9.94625155935829e-08,-109400
9.94658487709983e-08,-109300
9.94692389983424e-08,-109200
9.94726860107766e-08,-109100
9.94761895375782e-08,-109000
9.94797493021967e-08,-108900
9.94833650223075e-08,-108800
9.9487036409858e-08,-108700
9.94907631711229e-08,-108600
9.94945450067478e-08,-108500
9.9498381611798e-08,-108400
9.95022726758028e-08,-108300
9.9506217882793e-08,-108200
9.95102169113482e-08,-108100
9.95142694346289e-08,-108000
9.95183751204177e-08,-107900
9.95225336311521e-08,-107800
9.95267446239562e-08,-107700
9.9531007750673e-08,-107600
9.95353226578917e-08,-107500
9.95396889869779e-08,-107400
9.95441063740945e-08,-107300
9.95485744502268e-08,-107200
9.95530928411983e-08,-107100
9.9557661167701e-08,-107000
9.95622790453019e-08,-106900
9.95669460844597e-08,-106800
9.9571661890544e-08,-106700
9.95764260638371e-08,-106600
9.95812381995527e-08,-106500
9.95860978878365e-08,-106400
9.95910047137747e-08,-106300
9.95959582573965e-08,-106200
9.96009580936772e-08,-106100
9.96060037925341e-08,-106000
9.96110949188307e-08,-105900
9.96162310323726e-08,-105800
9.96214116878924e-08,-105700
9.9626636435056e-08,-105600
9.96319048184452e-08,-105500
9.96372163775543e-08,-105400
9.96425706467703e-08,-105300
9.96479671553637e-08,-105200
9.96534054274761e-08,-105100
9.96588849820991e-08,-105000
9.96644053330617e-08,-104900
9.96699659890058e-08,-104800
9.96755664533703e-08,-104700
9.96812062243696e-08,-104600
9.96868847949657e-08,-104500
9.96926016528521e-08,-104400
9.96983562804247e-08,-104300
9.97041481547526e-08,-104200
9.97099767475606e-08,-104100
9.97158415251937e-08,-104000
9.97217419485896e-08,-103900
9.97276774732538e-08,-103800
9.97336475492271e-08,-103700
9.9739651621053e-08,-103600
9.97456891277513e-08,-103500
9.97517595027845e-08,-103400
9.97578621740244e-08,-103300
9.97639965637224e-08,-103200
9.97701620884759e-08,-103100
9.97763581591991e-08,-103000
9.97825841810823e-08,-102900
9.97888395535722e-08,-102800
9.97951236703244e-08,-102700
9.98014359191843e-08,-102600
9.98077756821474e-08,-102500
9.9814142335331e-08,-102400
9.98205352489414e-08,-102300
9.98269537872412e-08,-102200
9.98333973085245e-08,-102100
9.98398651650847e-08,-102000
9.98463567031809e-08,-101900
9.98528712630194e-08,-101800
9.98594081787181e-08,-101700
9.98659667782848e-08,-101600
9.98725463835911e-08,-101500
9.98791463103516e-08,-101400
9.98857658680945e-08,-101300
9.98924043601469e-08,-101200
9.98990610836116e-08,-101100
9.99057353293538e-08,-101000
9.99124263819749e-08,-100900
9.99191335198076e-08,-100800
9.99258560148976e-08,-100700
9.99325931329938e-08,-100600
9.99393441335369e-08,-100500
9.99461082696558e-08,-100400
9.99528847881573e-08,-100300
9.99596729295294e-08,-100200
9.99664719279354e-08,-100100
9.99732810112161e-08,-100000
9.99800994008984e-08,-99900
9.99869263121963e-08,-99800
9.99937609540195e-08,-99700
1.00000602528993e-07,-99600
1.00007450233463e-07,-99500
1.00014303257519e-07,-99400
1.00021160785011e-07,-99300
1.00028021993577e-07,-99200
1.00034886054665e-07,-99100
1.00041752133562e-07,-99000
1.00048619389431e-07,-98900
1.00055486975343e-07,-98800
1.00062354038318e-07,-98700
1.00069219719364e-07,-98600
1.00076083153526e-07,-98500
1.00082943469934e-07,-98400
1.00089799791856e-07,-98300
1.00096651236755e-07,-98200
1.00103496916346e-07,-98100
1.00110335936664e-07,-98000
1.0011716739813e-07,-97900
1.00123990395618e-07,-97800
1.00130804018535e-07,-97700
1.00137607350898e-07,-97600
1.00144399471421e-07,-97500
1.00151179453592e-07,-97400
1.00157946365774e-07,-97300
1.00164699271292e-07,-97200
1.00171437228539e-07,-97100
1.00178159291073e-07,-97000
1.00184864507725e-07,-96900
1.00191551922717e-07,-96800
1.00198220575765e-07,-96700
1.00204869502211e-07,-96600
1.00211497733138e-07,-96500
1.00218104295502e-07,-96400
1.00224688212264e-07,-96300
1.00231248502524e-07,-96200
1.00237784181665e-07,-96100
1.00244294261497e-07,-96000
1.00250777750404e-07,-95900
1.00257233653497e-07,-95800
1.0026366097278e-07,-95700
1.00270058707298e-07,-95600
1.00276425853315e-07,-95500
1.00282761404478e-07,-95400
1.00289064351994e-07,-95300
1.00295333684807e-07,-95200
1.00301568389783e-07,-95100
1.00307767451896e-07,-95000
1.00313929854418e-07,-94900
1.00320054579115e-07,-94800
1.00326140606447e-07,-94700
1.00332186915769e-07,-94600
1.0033819248554e-07,-94500
1.00344156293536e-07,-94400
1.00350077317061e-07,-94300
1.00355954533166e-07,-94200
1.00361786918875e-07,-94100
1.0036757345141e-07,-94000
1.00373313108418e-07,-93900
1.0037900486821e-07,-93800
1.00384647709995e-07,-93700
1.0039024061412e-07,-93600
1.00395782562316e-07,-93500
1.00401272537943e-07,-93400
1.00406709526248e-07,-93300
1.00412092514609e-07,-93200
1.00417420492797e-07,-93100
1.0042269245324e-07,-93000
1.00427907391278e-07,-92900
1.00433064305437e-07,-92800
1.00438162197694e-07,-92700
1.00443200073749e-07,-92600
1.00448176943299e-07,-92500
1.00453091820316e-07,-92400
1.00457943723325e-07,-92300
1.00462731675689e-07,-92200
1.00467454705888e-07,-92100
1.00472111847808e-07,-92000
1.0047670214103e-07,-91900
1.00481224631114e-07,-91800
1.00485678369899e-07,-91700
1.00490062415795e-07,-91600
1.00494375834069e-07,-91500
1.00498617697153e-07,-91400
1.00502787084935e-07,-91300
1.00506883085063e-07,-91200
1.00510904793243e-07,-91100
1.00514851313535e-07,-91000
1.00518721758663e-07,-90900
1.00522515250318e-07,-90800
1.00526230919454e-07,-90700
1.00529867906597e-07,-90600
1.0053342536215e-07,-90500
1.00536902446695e-07,-90400
1.00540298331299e-07,-90300
1.00543612197819e-07,-90200
1.00546843239206e-07,-90100
1.00549990659805e-07,-90000
1.00553053675669e-07,-89900
1.00556031514846e-07,-89800
1.00558923417698e-07,-89700
1.00561728637195e-07,-89600
1.00564446439209e-07,-89500
1.00567076102823e-07,-89400
1.00569616920626e-07,-89300
1.00572068199006e-07,-89200
1.0057442925845e-07,-89100
1.00576699433833e-07,-89000
1.00578878074709e-07,-88900
1.00580964545604e-07,-88800
1.005829582263e-07,-88700
1.00584858512117e-07,-88600
1.00586664814204e-07,-88500
1.0058837655981e-07,-88400
1.00589993192561e-07,-88300
1.00591514172741e-07,-88200
1.00592938977555e-07,-88100
1.00594267101404e-07,-88000
1.0059549805614e-07,-87900
1.00596631371335e-07,-87800
1.00597666594537e-07,-87700
1.00598603291518e-07,-87600
1.00599441046529e-07,-87500
1.00600179462543e-07,-87400
1.00600818161499e-07,-87300
1.00601356784534e-07,-87200
1.00601794992221e-07,-87100
1.00602132464793e-07,-87000
1.00602368902367e-07,-86900
1.00602504025164e-07,-86800
1.00602537573721e-07,-86700
1.00602469309098e-07,-86600
1.00602299013084e-07,-86500
1.0060202648839e-07,-86400
1.00601651558848e-07,-86300
1.00601174069589e-07,-86200
1.00600593887228e-07,-86100
1.00599910900044e-07,-86000
1.00599125018135e-07,-85900
1.00598236173593e-07,-85800
1.0059724432066e-07,-85700
1.00596149435867e-07,-85600
1.0059495151819e-07,-85500
1.00593650589178e-07,-85400
1.00592246693093e-07,-85300
1.00590739897025e-07,-85200
1.0058913029101e-07,-85100
1.00587417988144e-07,-85000
1.00585603124682e-07,-84900
1.00583685860138e-07,-84800
1.00581666377369e-07,-84700
1.00579544882654e-07,-84600
1.00577321605777e-07,-84500
1.00574996800082e-07,-84400
1.00572570742541e-07,-84300
1.005700437338e-07,-84200
1.00567416098221e-07,-84100
1.00564688183922e-07,-84000
1.00561860362803e-07,-83900
1.00558933030561e-07,-83800
1.00555906606712e-07,-83700
1.00552781534582e-07,-83600
1.00549558281315e-07,-83500
1.00546237337853e-07,-83400
1.00542819218916e-07,-83300
1.00539304462978e-07,-83200
1.00535693632225e-07,-83100
1.0053198731251e-07,-83000
1.00528186113303e-07,-82900
1.00524290667628e-07,-82800
1.00520301631989e-07,-82700
1.00516219686296e-07,-82600
1.00512045533778e-07,-82500
1.00507779900886e-07,-82400
1.00503423537183e-07,-82300
1.00498977215247e-07,-82200
1.00494441730536e-07,-82100
1.00489817901268e-07,-82000
1.00485106568278e-07,-81900
1.00480308594876e-07,-81800
1.00475424866691e-07,-81700
1.00470456291511e-07,-81600
1.00465403799109e-07,-81500
1.00460268341067e-07,-81400
1.00455050890583e-07,-81300
1.00449752442285e-07,-81200
1.00444374012021e-07,-81100
1.00438916636647e-07,-81000
1.0043338137381e-07,-80900
1.00427769301718e-07,-80800
1.00422081518903e-07,-80700
1.00416319143983e-07,-80600
1.00410483315402e-07,-80500
1.00404575191177e-07,-80400
1.0039859594863e-07,-80300
1.00392546784104e-07,-80200
1.003864289127e-07,-80100
1.00380243567966e-07,-80000
1.00373992001613e-07,-79900
1.00367675483205e-07,-79800
1.00361295299849e-07,-79700
1.00354852755877e-07,-79600
1.00348349172515e-07,-79500
1.00341785887557e-07,-79400
1.0033516425502e-07,-79300
1.003284856448e-07,-79200
1.00321751442321e-07,-79100
1.00314963048168e-07,-79000
1.00308121877729e-07,-78900
1.00301229360823e-07,-78800
1.00294286941314e-07,-78700
1.00287296076733e-07,-78600
1.00280258237892e-07,-78500
1.00273174908477e-07,-78400
1.00266047584658e-07,-78300
1.00258877774677e-07,-78200
1.00251666998435e-07,-78100
1.0024441678708e-07,-78000
1.00237128682581e-07,-77900
1.00229804237304e-07,-77800
1.00222445013577e-07,-77700
1.0021505258326e-07,-77600
1.002076285273e-07,-77500
1.00200174435291e-07,-77400
1.00192691905019e-07,-77300
1.00185182542019e-07,-77200
1.00177647959113e-07,-77100
1.00170089775952e-07,-77000
1.00162509618555e-07,-76900
1.00154909118845e-07,-76800
1.00147289914179e-07,-76700
1.00139653646871e-07,-76600
1.00132001963731e-07,-76500
1.00124336515577e-07,-76400
1.00116658956765e-07,-76300
1.00108970944703e-07,-76200
1.00101274139374e-07,-76100
1.00093570202848e-07,-76000
1.000858607988e-07,-75900
1.00078147592021e-07,-75800
1.00070432247938e-07,-75700
1.00062716432114e-07,-75600
1.00055001809768e-07,-75500
1.00047290045285e-07,-75400
1.00039582801726e-07,-75300
1.00031881740333e-07,-75200
1.00024188520053e-07,-75100
1.00016504797033e-07,-75000
1.00008832224144e-07,-74900
1.00001172450487e-07,-74800
9.99935271209132e-08,-74700
9.99858978755282e-08,-74600
9.99782863492195e-08,-74500
9.99706941711645e-08,-74400
9.9963122964355e-08,-74300
9.99555743451221e-08,-74200
9.99480499226481e-08,-74100
9.99405512985049e-08,-74000
9.99330800661761e-08,-73900
9.99256378105902e-08,-73800
9.99182261076536e-08,-73700
9.99108465237845e-08,-73600
9.99035006154652e-08,-73500
9.98961899287743e-08,-73400
9.98889159989419e-08,-73300
9.98816803498965e-08,-73200
9.98744844938262e-08,-73100
9.9867329930736e-08,-73000
9.98602181480129e-08,-72900
9.98531506199966e-08,-72800
9.98461288075545e-08,-72700
9.98391541576589e-08,-72600
9.98322281029752e-08,-72500
9.98253520614447e-08,-72400
9.98185274358933e-08,-72300
9.98117556136183e-08,-72200
9.98050379660049e-08,-72100
9.97983758481398e-08,-72000
9.97917705984253e-08,-71900
9.97852235382089e-08,-71800
9.9778735971416e-08,-71700
9.97723091841873e-08,-71600
9.97659444445276e-08,-71500
9.97596430019576e-08,-71400
9.97534060871729e-08,-71300
9.97472349117134e-08,-71200
9.97411306676377e-08,-71100
9.97350945272071e-08,-71000
9.97291276425738e-08,-70900
9.97232311454765e-08,-70800
9.97174061469552e-08,-70700
9.97116537370573e-08,-70600
9.9705974984563e-08,-70500
9.9700370936714e-08,-70400
9.96948426189562e-08,-70300
9.96893910346841e-08,-70200
9.96840171649985e-08,-70100
9.96787219684718e-08,-70000
9.96735063809172e-08,-69900
9.96683713151798e-08,-69800
9.96633176609213e-08,-69700
9.96583462844234e-08,-69600
9.96534580283945e-08,-69500
9.96486537117955e-08,-69400
9.96439341296612e-08,-69300
9.96393000529405e-08,-69200
9.96347522283458e-08,-69100
9.96302913782039e-08,-69000
9.96259182003298e-08,-68900
9.96216333678937e-08,-68800
9.96174375293152e-08,-68700
9.9613331308149e-08,-68600
9.96093153029956e-08,-68500
9.9605390087414e-08,-68400
9.96015562098453e-08,-68300
9.95978141935413e-08,-68200
9.95941645365206e-08,-68100
9.95906077115089e-08,-68000
9.95871441659074e-08,-67900
9.95837743217635e-08,-67800
9.95804985757574e-08,-67700
9.95773172991861e-08,-67600
9.9574230837973e-08,-67500
9.95712395126751e-08,-67400
9.95683436185048e-08,-67300
9.95655434253617e-08,-67200
9.95628391778696e-08,-67100
9.95602310954321e-08,-67000
9.95577193722855e-08,-66900
9.95553041775717e-08,-66800
9.95529856554159e-08,-66700
9.95507639250097e-08,-66600
9.95486390807173e-08,-66500
9.95466111921701e-08,-66400
9.95446803043931e-08,-66300
9.9542846437917e-08,-66200
9.95411095889246e-08,-66100
9.953946972938e-08,-66000
9.95379268071897e-08,-65900
9.95364807463561e-08,-65800
9.9535131447146e-08,-65700
9.95338787862712e-08,-65600
9.95327226170707e-08,-65500
9.95316627697036e-08,-65400
9.95306990513489e-08,-65300
9.95298312464237e-08,-65200
9.95290591167855e-08,-65100
9.95283824019756e-08,-65000
9.95278008194339e-08,-64900
9.95273140647545e-08,-64800
9.95269218119219e-08,-64700
9.95266237135729e-08,-64600
9.95264194012569e-08,-64500
9.95263084857035e-08,-64400
9.95262905571011e-08,-64300
9.95263651853762e-08,-64200
9.95265319204822e-08,-64100
9.95267902926996e-08,-64000
9.95271398129299e-08,-63900
9.95275799730093e-08,-63800
9.95281102460179e-08,-63700
9.95287300865977e-08,-63600
9.95294389312843e-08,-63500
9.95302361988233e-08,-63400
9.95311212905152e-08,-63300
9.95320935905533e-08,-63200
9.95331524663605e-08,-63100
9.95342972689496e-08,-63000
9.95355273332652e-08,-62900
9.95368419785465e-08,-62800
9.95382405086871e-08,-62700
9.95397222125988e-08,-62600
9.95412863645827e-08,-62500
9.95429322246932e-08,-62400
9.95446590391228e-08,-62300
9.95464660405735e-08,-62200
9.95483524486362e-08,-62100
9.95503174701784e-08,-62000
9.95523602997243e-08,-61900
9.9554480119844e-08,-61800
9.95566761015464e-08,-61700
9.95589474046604e-08,-61600
9.95612931782393e-08,-61500
9.95637125609426e-08,-61400
9.95662046814411e-08,-61300
9.9568768658803e-08,-61200
9.95714036028983e-08,-61100
9.95741086147884e-08,-61000
9.95768827871278e-08,-60900
9.95797252045565e-08,-60800
9.95826349441027e-08,-60700
9.958561107557e-08,-60600
9.95886526619432e-08,-60500
9.95917587597742e-08,-60400
9.95949284195811e-08,-60300
9.95981606862364e-08,-60200
9.96014545993633e-08,-60100
9.96048091937216e-08,-60000
9.96082234995932e-08,-59900
9.96116965431745e-08,-59800
9.96152273469514e-08,-59700
9.96188149300847e-08,-59600
9.96224583087905e-08,-59500
9.96261564967084e-08,-59400
9.96299085052829e-08,-59300
9.96337133441226e-08,-59200
9.96375700213762e-08,-59100
9.96414775440884e-08,-59000
9.96454349185576e-08,-58900
9.96494411506947e-08,-58800
9.96534952463714e-08,-58700
9.96575962117666e-08,-58600
9.966174305371e-08,-58500
9.96659347800145e-08,-58400
9.96701703998147e-08,-58300
9.96744489238897e-08,-58200
9.96787693649891e-08,-58100
9.96831307381451e-08,-58000
9.96875320609932e-08,-57900
9.96919723540697e-08,-57800
9.96964506411148e-08,-57700
9.97009659493728e-08,-57600
9.97055173098739e-08,-57500
9.97101037577191e-08,-57400
9.97147243323603e-08,-57300
9.97193780778682e-08,-57200
9.97240640431938e-08,-57100
9.97287812824314e-08,-57000
9.97335288550625e-08,-56900
9.97383058262077e-08,-56800
9.9743111266858e-08,-56700
9.97479442541047e-08,-56600
9.975280387137e-08,-56500
9.97576892086117e-08,-56400
9.97625993625417e-08,-56300
9.97675334368238e-08,-56200
9.97724905422672e-08,-56100
9.97774697970138e-08,-56000
9.97824703267177e-08,-55900
9.97874912647181e-08,-55800
9.97925317522006e-08,-55700
9.97975909383569e-08,-55600
9.9802667980535e-08,-55500
9.98077620443707e-08,-55400
9.98128723039314e-08,-55300
9.98179979418393e-08,-55200
9.98231381493845e-08,-55100
9.98282921266411e-08,-55000
9.98334590825644e-08,-54900
9.98386382350869e-08,-54800
9.98438288112055e-08,-54700
9.98490300470592e-08,-54600
9.98542411879994e-08,-54500
9.98594614886543e-08,-54400
9.98646902129792e-08,-54300
9.9869926634314e-08,-54200
9.98751700354107e-08,-54100
9.98804197084705e-08,-54000
9.98856749551716e-08,-53900
9.98909350866786e-08,-53800
9.98961994236562e-08,-53700
9.99014672962709e-08,-53600
9.99067380441799e-08,-53500
9.99120110165221e-08,-53400
9.99172855718956e-08,-53300
9.99225610783307e-08,-53200
9.99278369132523e-08,-53100
9.9933112463438e-08,-53000
9.99383871249706e-08,-52900
9.99436603031798e-08,-52800
9.99489314125779e-08,-52700
9.99541998767925e-08,-52600
9.99594651284854e-08,-52500
9.99647266092774e-08,-52400
9.99699837696474e-08,-52300
9.99752360688474e-08,-52200
9.99804829747905e-08,-52100
9.99857239639522e-08,-52000
9.99909585212477e-08,-51900
9.99961861399179e-08,-51800
1.00001406321399e-07,-51700
1.00006618575199e-07,-51600
1.0001182241875e-07,-51500
1.00017017377276e-07,-51400
1.00022202983644e-07,-51300
1.00027378778208e-07,-51200
1.00032544308654e-07,-51100
1.00037699129847e-07,-51000
1.0004284280365e-07,-50900
1.00047974898771e-07,-50800
1.00053094990576e-07,-50700
1.00058202660916e-07,-50600
1.00063297497948e-07,-50500
1.00068379095947e-07,-50400
1.00073447055114e-07,-50300
1.00078500981391e-07,-50200
1.00083540486263e-07,-50100
1.00088565186556e-07,-50000
1.00093574704249e-07,-49900
1.00098568666252e-07,-49800
1.00103546704219e-07,-49700
1.00108508454328e-07,-49600
1.00113453557084e-07,-49500
1.00118381657094e-07,-49400
1.00123292402864e-07,-49300
1.00128185446585e-07,-49200
1.00133060443911e-07,-49100
1.00137917053753e-07,-49000
1.00142754938054e-07,-48900
1.00147573761578e-07,-48800
1.00152373191688e-07,-48700
1.00157152898129e-07,-48600
1.00161912552818e-07,-48500
1.00166651829615e-07,-48400
1.0017137040411e-07,-48300
1.00176067953418e-07,-48200
1.00180744155946e-07,-48100
1.00185398691189e-07,-48000
1.0019003123952e-07,-47900
1.00194641481968e-07,-47800
1.0019922910002e-07,-47700
1.00203793775401e-07,-47600
1.00208335189878e-07,-47500
1.00212853025052e-07,-47400
1.00217346962156e-07,-47300
1.00221816681857e-07,-47200
1.00226261864062e-07,-47100
1.00230682187723e-07,-47000
1.00235077330645e-07,-46900
1.00239446969305e-07,-46800
1.00243790778664e-07,-46700
1.00248108431988e-07,-46600
1.00252399600678e-07,-46500
1.00256663954091e-07,-46400
1.00260901159375e-07,-46300
1.00265110881311e-07,-46200
1.00269292782149e-07,-46100
1.00273446521454e-07,-46000
1.00277571755961e-07,-45900
1.00281668139427e-07,-45800
1.00285735322496e-07,-45700
1.00289772952561e-07,-45600
1.00293780673639e-07,-45500
1.00297758126245e-07,-45400
1.00301704947283e-07,-45300
1.00305620769921e-07,-45200
1.003095052235e-07,-45100
1.00313357933425e-07,-45000
1.00317178521076e-07,-44900
1.00320966603719e-07,-44800
1.00324721794429e-07,-44700
1.00328443702014e-07,-44600
1.00332131930944e-07,-44500
1.00335786081295e-07,-44400
1.00339405748697e-07,-44300
1.00342990524277e-07,-44200
1.00346539994629e-07,-44100
1.00350053741779e-07,-44000
1.0035353134315e-07,-43900
1.00356972371558e-07,-43800
1.00360376395185e-07,-43700
1.00363742977583e-07,-43600
1.00367071677677e-07,-43500
1.00370362049771e-07,-43400
1.00373613643567e-07,-43300
1.00376826004193e-07,-43200
1.00379998672227e-07,-43100
1.00383131183748e-07,-43000
1.00386223070373e-07,-42900
1.00389273859319e-07,-42800
1.00392283073458e-07,-42700
1.00395250231395e-07,-42600
1.00398174847541e-07,-42500
1.00401056432195e-07,-42400
1.0040389449164e-07,-42300
1.00406688528241e-07,-42200
1.00409438040553e-07,-42100
1.00412142523438e-07,-42000
1.00414801468176e-07,-41900
1.0041741436261e-07,-41800
1.00419980691271e-07,-41700
1.00422499935523e-07,-41600
1.00424971573718e-07,-41500
1.0042739508135e-07,-41400
1.00429769931224e-07,-41300
1.00432095593621e-07,-41200
1.00434371536486e-07,-41100
1.00436597225605e-07,-41000
1.004387721248e-07,-40900
1.00440895696132e-07,-40800
1.00442967400102e-07,-40700
1.00444986695861e-07,-40600
1.00446953041434e-07,-40500
1.00448865893941e-07,-40400
1.00450724709826e-07,-40300
1.00452528945096e-07,-40200
1.00454278055561e-07,-40100
1.00455971497083e-07,-40000
1.00457608725828e-07,-39900
1.00459189198531e-07,-39800
1.00460712372746e-07,-39700
1.00462177707132e-07,-39600
1.00463584661715e-07,-39500
1.00464932698175e-07,-39400
1.00466221280119e-07,-39300
1.00467449873383e-07,-39200
1.00468617946312e-07,-39100
1.00469724970064e-07,-39000
1.00470770418907e-07,-38900
1.00471753770527e-07,-38800
1.00472674506329e-07,-38700
1.00473532111753e-07,-38600
1.00474326076594e-07,-38500
1.00475055895304e-07,-38400
1.00475721067328e-07,-38300
1.0047632109742e-07,-38200
1.0047685549597e-07,-38100
1.00477323779326e-07,-38000
1.00477725470136e-07,-37900
1.00478060097665e-07,-37800
1.0047832719814e-07,-37700
1.00478526315079e-07,-37600
1.00478656999626e-07,-37500
1.00478718810892e-07,-37400
1.00478711316288e-07,-37300
1.00478634091866e-07,-37200
1.00478486722654e-07,-37100
1.00478268803001e-07,-37000
1.00477979936907e-07,-36900
1.00477619738368e-07,-36800
1.00477187831709e-07,-36700
1.00476683851923e-07,-36600
1.00476107445005e-07,-36500
1.00475458268288e-07,-36400
1.00474735990777e-07,-36300
1.00473940293476e-07,-36200
1.00473070869723e-07,-36100
1.00472127425511e-07,-36000
1.00471109679819e-07,-35900
1.0047001736493e-07,-35800
1.00468850226753e-07,-35700
1.00467608025137e-07,-35600
1.00466290534189e-07,-35500
1.00464897542581e-07,-35400
1.0046342885385e-07,-35300
1.00461884286715e-07,-35200
1.00460263675359e-07,-35100
1.00458566869734e-07,-35000
1.00456793735847e-07,-34900
1.00454944156043e-07,-34800
1.00453018029284e-07,-34700
1.00451015271429e-07,-34600
1.00448935815497e-07,-34500
1.00446779611935e-07,-34400
1.0044454662887e-07,-34300
1.00442236852368e-07,-34200
1.00439850286677e-07,-34100
1.00437386954462e-07,-34000
1.00434846897046e-07,-33900
1.00432230174629e-07,-33800
1.0042953686651e-07,-33700
1.00426767071301e-07,-33600
1.0042392090713e-07,-33500
1.00420998511838e-07,-33400
1.00418000043173e-07,-33300
1.00414925678966e-07,-33200
1.00411775617308e-07,-33100
1.00408550076724e-07,-33000
1.00405249296318e-07,-32900
1.00401873535933e-07,-32800
1.00398423076287e-07,-32700
1.00394898219111e-07,-32600
1.00391299287267e-07,-32500
1.00387626624868e-07,-32400
1.00383880597383e-07,-32300
1.00380061591733e-07,-32200
1.00376170016382e-07,-32100
1.00372206301411e-07,-32000
1.00368170898592e-07,-31900
1.00364064281447e-07,-31800
1.00359886945295e-07,-31700
1.00355639407296e-07,-31600
1.0035132220648e-07,-31500
1.00346935903768e-07,-31400
1.00342481081986e-07,-31300
1.00337958345861e-07,-31200
1.00333368322014e-07,-31100
1.00328711658946e-07,-31000
1.00323989026998e-07,-30900
1.00319201118325e-07,-30800
1.00314348646834e-07,-30700
1.00309432348135e-07,-30600
1.00304452979458e-07,-30500
1.00299411319587e-07,-30400
1.00294308168763e-07,-30300
1.00289144348581e-07,-30200
1.00283920701878e-07,-30100
1.0027863809262e-07,-30000
1.0027329740576e-07,-29900
1.00267899547103e-07,-29800
1.00262445443149e-07,-29700
1.00256936040935e-07,-29600
1.00251372307859e-07,-29500
1.00245755231496e-07,-29400
1.00240085819412e-07,-29300
1.00234365098951e-07,-29200
1.00228594117031e-07,-29100
1.00222773939916e-07,-29000
1.00216905652984e-07,-28900
1.00210990360485e-07,-28800
1.00205029185292e-07,-28700
1.00199023268629e-07,-28600
1.00192973769813e-07,-28500
1.00186881865964e-07,-28400
1.00180748751717e-07,-28300
1.00174575638922e-07,-28200
1.00168363756338e-07,-28100
1.00162114349315e-07,-28000
1.00155828679461e-07,-27900
1.00149508024318e-07,-27800
1.00143153677009e-07,-27700
1.00136766945889e-07,-27600
1.00130349154185e-07,-27500
1.00123901639625e-07,-27400
1.00117425754063e-07,-27300
1.00110922863095e-07,-27200
1.00104394345662e-07,-27100
1.00097841593655e-07,-27000
1.00091266011502e-07,-26900
1.00084669015763e-07,-26800
1.00078052034693e-07,-26700
1.0007141650783e-07,-26600
1.00064763885543e-07,-26500
1.00058095628606e-07,-26400
1.00051413207739e-07,-26300
1.00044718103155e-07,-26200
1.00038011804105e-07,-26100
1.00031295808409e-07,-26000
1.0002457162198e-07,-25900
1.00017840758354e-07,-25800
1.00011104738207e-07,-25700
1.00004365088865e-07,-25600
9.99976233438146e-08,-25500
9.99908810422069e-08,-25400
9.9984139728357e-08,-25300
9.99774009512426e-08,-25200
9.99706662639909e-08,-25100
9.99639372233742e-08,-25000
9.99572153892881e-08,-24900
9.99505023242378e-08,-24800
9.99437995928187e-08,-24700
9.99371087611907e-08,-24600
9.99304313965526e-08,-24500
9.99237690666156e-08,-24400
9.99171233390737e-08,-24300
9.99104957810718e-08,-24200
9.99038879586745e-08,-24100
9.98973014363324e-08,-24000
9.98907377763431e-08,-23900
9.98841985383245e-08,-23800
9.98776852786689e-08,-23700
9.98711995500135e-08,-23600
9.98647429007043e-08,-23500
9.98583168742597e-08,-23400
9.98519230088315e-08,-23300
9.98455628366797e-08,-23200
9.98392378836298e-08,-23100
9.98329496685441e-08,-23000
9.98266997027949e-08,-22900
9.98204894897323e-08,-22800
9.98143205241573e-08,-22700
9.98081942917997e-08,-22600
9.98021122687919e-08,-22500
9.97960759211562e-08,-22400
9.97900867042819e-08,-22300
9.97841460624168e-08,-22200
9.97782554281526e-08,-22100
9.97724162219266e-08,-22000
9.97666298515122e-08,-21900
9.97608977115218e-08,-21800
9.97552211829171e-08,-21700
9.97496016325163e-08,-21600
9.97440404125103e-08,-21500
9.97385388599819e-08,-21400
9.97330982964363e-08,-21300
9.97277200273234e-08,-21200
9.97224053415826e-08,-21100
9.97171555111812e-08,-21000
9.9711971790665e-08,-20900
9.97068554167073e-08,-20800
9.97018076076777e-08,-20700
9.96968295632029e-08,-20600
9.96919224637438e-08,-20500
9.96870874701803e-08,-20400
9.96823257233894e-08,-20300
9.96776383438506e-08,-20200
9.9673026431248e-08,-20100
9.96684910640723e-08,-20000
9.96640332992513e-08,-19900
9.96596541717667e-08,-19800
9.96553546942956e-08,-19700
9.96511358568469e-08,-19600
9.96469986264168e-08,-19500
9.96429439466507e-08,-19400
9.96389727375036e-08,-19300
9.9635085894926e-08,-19200
9.9631284290544e-08,-19100
9.96275687713618e-08,-19000
9.9623940159453e-08,-18900
9.9620399251692e-08,-18800
9.96169468194624e-08,-18700
9.96135836083981e-08,-18600
9.96103103381223e-08,-18500
9.96071277019991e-08,-18400
9.96040363668997e-08,-18300
9.96010369729701e-08,-18200
9.95981301334109e-08,-18100
9.95953164342758e-08,-18000
9.95925964342697e-08,-17900
9.95899706645573e-08,-17800
9.95874396285943e-08,-17700
9.95850038019504e-08,-17600
9.95826636321606e-08,-17500
9.95804195385688e-08,-17400
9.95782719122058e-08,-17300
9.9576221115648e-08,-17200
9.95742674829119e-08,-17100
9.95724113193475e-08,-17000
9.95706529015434e-08,-16900
9.9568992477243e-08,-16800
9.95674302652703e-08,-16700
9.95659664554706e-08,-16600
9.9564601208656e-08,-16500
9.95633346565626e-08,-16400
9.95621669018257e-08,-16300
9.95610980179528e-08,-16200
9.95601280493155e-08,-16100
9.95592570111529e-08,-16000
9.95584848895822e-08,-15900
9.95578116416144e-08,-15800
9.95572371951957e-08,-15700
9.95567614492408e-08,-15600
9.95563842736923e-08,-15500
9.95561055095806e-08,-15400
9.95559249690948e-08,-15300
9.955584243567e-08,-15200
9.95558576640748e-08,-15100
9.95559703805216e-08,-15000
9.95561802827759e-08,-14900
9.95564870402755e-08,-14800
9.95568902942713e-08,-14700
9.95573896579602e-08,-14600
9.95579847166429e-08,-14500
9.95586750278875e-08,-14400
9.95594601216915e-08,-14300
9.95603395006681e-08,-14200
9.95613126402326e-08,-14100
9.9562378988804e-08,-14000
9.95635379680068e-08,-13900
9.95647889728896e-08,-13800
9.95661313721511e-08,-13700
9.95675645083695e-08,-13600
9.95690876982459e-08,-13500
9.95707002328567e-08,-13400
9.95724013779057e-08,-13300
9.95741903739933e-08,-13200
9.95760664368941e-08,-13100
9.9578028757832e-08,-13000
9.95800765037725e-08,-12900
9.9582208817722e-08,-12800
9.95844248190254e-08,-12700
9.95867236036843e-08,-12600
9.95891042446724e-08,-12500
9.95915657922585e-08,-12400
9.95941072743431e-08,-12300
9.95967276967919e-08,-12200
9.95994260437839e-08,-12100
9.96022012781607e-08,-12000
9.96050523417856e-08,-11900
9.96079781559023e-08,-11800
9.96109776215104e-08,-11700
9.96140496197325e-08,-11600
9.96171930121975e-08,-11500
9.96204066414274e-08,-11400
9.96236893312188e-08,-11300
9.96270398870498e-08,-11200
9.96304570964699e-08,-11100
9.96339397295043e-08,-11000
9.96374865390716e-08,-10900
9.96410962613822e-08,-10800
9.96447676163678e-08,-10700
9.96484993080933e-08,-10600
9.96522900251784e-08,-10500
9.96561384412401e-08,-10400
9.96600432153022e-08,-10300
9.96640029922463e-08,-10200
9.96680164032361e-08,-10100
9.96720820661675e-08,-10000
9.96761985861043e-08,-9900
9.96803645557175e-08,-9800
9.96845785557439e-08,-9700
9.96888391554269e-08,-9600
9.96931449129644e-08,-9500
9.96974943759704e-08,-9400
9.97018860819212e-08,-9300
9.97063185586103e-08,-9200
9.97107903246058e-08,-9100
9.97152998897112e-08,-9000
9.97198457554189e-08,-8900
9.97244264153689e-08,-8800
9.9729040355811e-08,-8700
9.97336860560595e-08,-8600
9.97383619889595e-08,-8500
9.97430666213382e-08,-8400
9.97477984144745e-08,-8300
9.97525558245472e-08,-8200
9.97573373031013e-08,-8100
9.97621412975045e-08,-8000
9.97669662514013e-08,-7900
9.9771810605174e-08,-7800
9.97766727963967e-08,-7700
9.97815512602849e-08,-7600
9.9786444430153e-08,-7500
9.97913507378657e-08,-7400
9.97962686142844e-08,-7300
9.98011964897174e-08,-7200
9.98061327943626e-08,-7100
9.98110759587544e-08,-7000
9.98160244142054e-08,-6900
9.98209765932416e-08,-6800
9.98259309300422e-08,-6700
9.98308858608738e-08,-6600
9.98358398245195e-08,-6500
9.98407912627113e-08,-6400
9.98457386205496e-08,-6300
9.98506803469325e-08,-6200
9.98556148949698e-08,-6100
9.98605407224048e-08,-6000
9.98654562920159e-08,-5900
9.9870360072042e-08,-5800
9.98752505365723e-08,-5700
9.98801261659582e-08,-5600
9.9884985447208e-08,-5500
9.98898268743793e-08,-5400
9.98946489489724e-08,-5300
9.98994501803131e-08,-5200
9.99042290859392e-08,-5100
9.99089841919725e-08,-5000
9.99137140334956e-08,-4900
9.99184171549198e-08,-4800
9.99230921103501e-08,-4700
9.99277374639439e-08,-4600
9.99323517902666e-08,-4500
9.99369336746424e-08,-4400
9.99414817135014e-08,-4300
9.99459945147173e-08,-4200
9.99504706979467e-08,-4100
9.99549088949568e-08,-4000
9.99593077499553e-08,-3900
9.99636659199078e-08,-3800
9.99679820748573e-08,-3700
9.99722548982313e-08,-3600
9.9976483087152e-08,-3500
9.998066535273e-08,-3400
9.99848004203655e-08,-3300
9.99888870300393e-08,-3200
9.99929239365877e-08,-3100
9.9996909909992e-08,-3000
1.00000843735646e-07,-2900
1.00004724214629e-07,-2800
1.00008550163964e-07,-2700
1.00012320416875e-07,-2600
1.00016033823047e-07,-2500
1.0001968924886e-07,-2400
1.00023285577638e-07,-2300
1.00026821709883e-07,-2200
1.00030296563504e-07,-2100
1.0003370907404e-07,-2000
1.00037058194879e-07,-1900
1.00040342897474e-07,-1800
1.00043562171543e-07,-1700
1.00046715025284e-07,-1600
1.00049800485554e-07,-1500
1.00052817598074e-07,-1400
1.00055765427607e-07,-1300
1.00058643058139e-07,-1200
1.00061449593053e-07,-1100
1.00064184155298e-07,-1000
1.00066845887548e-07,-900
1.00069433952369e-07,-800
1.00071947532356e-07,-700
1.00074385830293e-07,-600
1.00076748069285e-07,-500
1.00079033492896e-07,-400
1.00081241365282e-07,-300
1.00083370971311e-07,-200
1.00085421616679e-07,-100
1.00087392628034e-07,0
1.00089283353074e-07,100
1.00091093160653e-07,200
1.00092821440883e-07,300
1.00094467605219e-07,400
1.00096031086549e-07,500
1.00097511339277e-07,600
1.00098907839398e-07,700
1.00100220084569e-07,800
1.00101447594176e-07,900
1.00102589909394e-07,1000
1.00103646593244e-07,1100
1.00104617230642e-07,1200
1.00105501428449e-07,1300
1.00106298815504e-07,1400
1.0010700904267e-07,1500
1.00107631782856e-07,1600
1.00108166731048e-07,1700
1.0010861360433e-07,1800
1.00108972141897e-07,1900
1.00109242105072e-07,2000
1.00109423277308e-07,2100
1.00109515464191e-07,2200
1.00109518493441e-07,2300
1.00109432214902e-07,2400
1.00109256500529e-07,2500
1.00108991244379e-07,2600
1.0010863636258e-07,2700
1.00108191793309e-07,2800
1.00107657496768e-07,2900
1.00107033455149e-07,3000
1.00106319672585e-07,3100
1.00105516175121e-07,3200
1.00104623010657e-07,3300
1.00103640248904e-07,3400
1.00102567981325e-07,3500
1.00101406321073e-07,3600
1.00100155402932e-07,3700
1.00098815383248e-07,3800
1.00097386439857e-07,3900
1.00095868772005e-07,4000
1.00094262600272e-07,4100
1.00092568166494e-07,4200
1.00090785733664e-07,4300
1.00088915585843e-07,4400
1.00086958028076e-07,4500
1.00084913386275e-07,4600
1.00082782007132e-07,4700
1.00080564258004e-07,4800
1.000782605268e-07,4900
1.00075871221879e-07,5000
1.00073396771917e-07,5100
1.00070837625801e-07,5200
1.0006819425249e-07,5300
1.00065467140901e-07,5400
1.00062656799763e-07,5500
1.00059763757495e-07,5600
1.00056788562058e-07,5700
1.00053731780819e-07,5800
1.00050594000403e-07,5900
1.00047375826544e-07,6000
1.00044077883932e-07,6100
1.00040700816067e-07,6200
1.00037245285089e-07,6300
1.00033711971622e-07,6400
1.00030101574609e-07,6500
1.00026414811147e-07,6600
1.00022652416312e-07,6700
1.00018815142985e-07,6800
1.00014903761682e-07,6900
1.00010919060362e-07,7000
1.00006861844259e-07,7100
1.00002732935686e-07,7200
9.99985331738467e-08,7300
9.99942634146513e-08,7400
9.99899245305155e-08,7500
9.99855174101656e-08,7600
9.99810429584398e-08,7700
9.99765020960829e-08,7800
9.99718957595436e-08,7900
9.99672249007665e-08,8000
9.99624904869786e-08,8100
9.99576935004804e-08,8200
9.99528349384268e-08,8300
9.99479158126071e-08,8400
9.9942937149232e-08,8500
9.99378999886995e-08,8600
9.99328053853787e-08,8700
9.9927654407373e-08,8800
9.99224481362987e-08,8900
9.99171876670409e-08,9000
9.99118741075273e-08,9100
9.99065085784872e-08,9200
9.99010922132092e-08,9300
9.98956261573017e-08,9400
9.98901115684499e-08,9500
9.98845496161631e-08,9600
9.9878941481532e-08,9700
9.98732883569751e-08,9800
9.98675914459854e-08,9900
9.98618519628764e-08,10000
9.98560711325241e-08,10100
9.98502501901078e-08,10200
9.98443903808499e-08,10300
9.98384929597523e-08,10400
9.98325591913347e-08,10500
9.98265903493599e-08,10600
9.98205877165756e-08,10700
9.98145525844355e-08,10800
9.98084862528334e-08,10900
9.98023900298274e-08,11000
9.97962652313624e-08,11100
9.97901131809987e-08,11200
9.97839352096295e-08,11300
9.97777326551994e-08,11400
9.97715068624278e-08,11500
9.97652591825229e-08,11600
9.97589909728999e-08,11700
9.97527035968931e-08,11800
9.97463984234674e-08,11900
9.97400768269371e-08,12000
9.97337401866694e-08,12100
9.97273898867965e-08,12200
9.97210273159247e-08,12300
9.97146538668413e-08,12400
9.97082709362219e-08,12500
9.97018799243306e-08,12600
9.96954822347347e-08,12700
9.96890792739955e-08,12800
9.96826724513826e-08,12900
9.96762631785673e-08,13000
9.96698528693292e-08,13100
9.96634429392528e-08,13200
9.96570348054327e-08,13300
9.96506298861687e-08,13400
9.96442296006627e-08,13500
9.9637835368727e-08,13600
9.96314486104689e-08,13700
9.96250707460017e-08,13800
9.9618703195131e-08,13900
9.96123473770599e-08,14000
9.96060047100846e-08,14100
9.95996766112867e-08,14200
9.95933644962381e-08,14300
9.95870697786874e-08,14400
9.9580793870273e-08,14500
9.95745381802037e-08,14600
9.9568304114967e-08,14700
9.95620930780256e-08,14800
9.95559064695091e-08,14900
9.95497456859222e-08,15000
9.95436121198373e-08,15100
9.95375071595973e-08,15200
9.95314321890162e-08,15300
9.95253885870743e-08,15400
9.95193777276305e-08,15500
9.95134009791162e-08,15600
9.95074597042436e-08,15700
9.95015552597069e-08,15800
9.94956889958914e-08,15900
9.94898622565757e-08,16000
9.94840763786484e-08,16100
9.94783326918033e-08,16200
9.94726325182622e-08,16300
9.94669771724849e-08,16400
9.94613679608717e-08,16500
9.94558061814957e-08,16600
9.94502931238014e-08,16700
9.94448300683367e-08,16800
9.94394182864677e-08,16900
9.94340590400968e-08,17000
9.942875358139e-08,17100
9.94235031525049e-08,17200
9.94183089853115e-08,17300
9.94131723011278e-08,17400
9.94080943104499e-08,17500
9.9403076212683e-08,17600
9.93981191958843e-08,17700
9.93932244364932e-08,17800
9.9388393099085e-08,17900
9.9383626336098e-08,18000
9.93789252875937e-08,18100
9.9374291081003e-08,18200
9.93697248308709e-08,18300
9.93652276386217e-08,18400
9.93608005923092e-08,18500
9.93564447663768e-08,18600
9.93521612214285e-08,18700
9.93479510039866e-08,18800
9.93438151462657e-08,18900
9.93397546659469e-08,19000
9.93357705659517e-08,19100
9.93318638342205e-08,19200
9.93280354435011e-08,19300
9.93242863511279e-08,19400
9.93206174988173e-08,19500
9.93170298124598e-08,19600
9.93135242019159e-08,19700
9.93101015608182e-08,19800
9.93067627663789e-08,19900
9.9303508679192e-08,20000
9.93003401430524e-08,20100
9.92972579847688e-08,20200
9.9294263013986e-08,20300
9.92913560230071e-08,20400
9.92885377866243e-08,20500
9.92858090619512e-08,20600
9.92831705882617e-08,20700
9.92806230868251e-08,20800
9.92781672607617e-08,20900
9.92758037948832e-08,21000
9.92735333555528e-08,21100
9.92713565905457e-08,21200
9.92692741289032e-08,21300
9.92672865808129e-08,21400
9.92653945374739e-08,21500
9.92635985709746e-08,21600
9.92618992341745e-08,21700
9.92602970605949e-08,21800
9.92587925643038e-08,21900
9.92573862398178e-08,22000
9.92560785620008e-08,22100
9.92548699859665e-08,22200
9.92537609469938e-08,22300
9.92527518604413e-08,22400
9.92518431216646e-08,22500
9.92510351059438e-08,22600
9.92503281684148e-08,22700
9.92497226440057e-08,22800
9.92492188473678e-08,22900
9.92488170728352e-08,23000
9.92485175943634e-08,23100
9.92483206654926e-08,23200
9.92482265192999e-08,23300
9.92482353683752e-08,23400
9.92483474047831e-08,23500
9.92485628000414e-08,23600
9.92488817051023e-08,23700
9.92493042503425e-08,23800
9.92498305455419e-08,23900
9.92504606798968e-08,24000
9.92511947220051e-08,24100
9.92520327198843e-08,24200
9.92529747009767e-08,24300
9.92540206721669e-08,24400
9.92551706198063e-08,24500
9.92564245097366e-08,24600
9.9257782287322e-08,24700
9.92592438774899e-08,24800
9.92608091847677e-08,24900
9.92624780933317e-08,25000
9.92642504670598e-08,25100
9.9266126149587e-08,25200
9.92681049643709e-08,25300
9.9270186714754e-08,25400
9.9272371184034e-08,25500
9.92746581355534e-08,25600
9.92770473127622e-08,25700
9.9279538439318e-08,25800
9.92821312191727e-08,25900
9.92848253366678e-08,26000
9.9287620456638e-08,26100
9.92905162245141e-08,26200
9.9293512266432e-08,26300
9.92966081893511e-08,26400
9.92998035811738e-08,26500
9.93030980108642e-08,26600
9.93064910285834e-08,26700
9.9309982165816e-08,26800
9.93135709355121e-08,26900
9.93172568322285e-08,27000
9.93210393322711e-08,27100
9.93249178938519e-08,27200
9.93288919572361e-08,27300
9.93329609449051e-08,27400
9.93371242617213e-08,27500
9.93413812950888e-08,27600
9.934573141513e-08,27700
9.93501739748584e-08,27800
9.93547083103594e-08,27900
9.93593337409683e-08,28000
9.93640495694593e-08,28100
9.93688550822421e-08,28200
9.93737495495419e-08,28300
9.93787322256092e-08,28400
9.93838023489159e-08,28500
9.93889591423586e-08,28600
9.93942018134692e-08,28700
9.93995295546257e-08,28800
9.94049415432622e-08,28900
9.94104369420941e-08,29000
9.94160148993331e-08,29100
9.94216745489119e-08,29200
9.94274150107124e-08,29300
9.94332353907964e-08,29400
9.94391347816326e-08,29500
9.94451122623404e-08,29600
9.94511668989193e-08,29700
9.94572977444974e-08,29800
9.94635038395681e-08,29900
9.94697842122382e-08,30000
9.94761378784771e-08,30100
9.94825638423678e-08,30200
9.94890610963545e-08,30300
9.94956286215004e-08,30400
9.95022653877484e-08,30500
9.95089703541738e-08,30600
9.95157424692488e-08,30700
9.9522580671102e-08,30800
9.9529483887786e-08,30900
9.95364510375427e-08,31000
9.95434810290697e-08,31100
9.95505727617891e-08,31200
9.95577251261228e-08,31300
9.95649370037573e-08,31400
9.9572207267925e-08,31500
9.95795347836704e-08,31600
9.95869184081345e-08,31700
9.95943569908242e-08,31800
9.96018493738946e-08,31900
9.96093943924257e-08,32000
9.96169908747049e-08,32100
9.96246376424997e-08,32200
9.96323335113508e-08,32300
9.96400772908414e-08,32400
9.96478677848856e-08,32500
9.96557037920109e-08,32600
9.96635841056408e-08,32700
9.96715075143733e-08,32800
9.96794728022722e-08,32900
9.96874787491444e-08,33000
9.96955241308253e-08,33100
9.97036077194608e-08,33200
9.9711728283796e-08,33300
9.97198845894493e-08,33400
9.97280753992063e-08,33500
9.97362994732925e-08,33600
9.97445555696611e-08,33700
9.97528424442733e-08,33800
9.97611588513791e-08,33900
9.97695035437986e-08,34000
9.97778752732018e-08,34100
9.97862727903868e-08,34200
9.9794694845561e-08,34300
9.98031401886127e-08,34400
9.98116075693949e-08,34500
9.98200957379949e-08,34600
9.98286034450112e-08,34700
9.98371294418246e-08,34800
9.98456724808761e-08,34900
9.98542313159289e-08,35000
9.98628047023417e-08,35100
9.987139139734e-08,35200
9.98799901602773e-08,35300
9.98885997529002e-08,35400
9.98972189396143e-08,35500
9.99058464877436e-08,35600
9.99144811677936e-08,35700
9.99231217537018e-08,35800
9.99317670231023e-08,35900
9.99404157575734e-08,36000
9.99490667428955e-08,36100
9.99577187692952e-08,36200
9.99663706316989e-08,36300
9.99750211299742e-08,36400
9.99836690691741e-08,36500
9.99923132597856e-08,36600
1.00000952517958e-07,36700
1.00009585665746e-07,36800
1.00018211531346e-07,36900
1.00026828949321e-07,37000
1.00035436760835e-07,37100
1.00044033813881e-07,37200
1.00052618963501e-07,37300
1.00061191072011e-07,37400
1.00069749009221e-07,37500
1.00078291652646e-07,37600
1.00086817887723e-07,37700
1.00095326608023e-07,37800
1.00103816715455e-07,37900
1.00112287120476e-07,38000
1.00120736742287e-07,38100
1.00129164509034e-07,38200
1.00137569358008e-07,38300
1.0014595023583e-07,38400
1.00154306098652e-07,38500
1.00162635912329e-07,38600
1.00170938652617e-07,38700
1.00179213305343e-07,38800
1.00187458866584e-07,38900
1.00195674342847e-07,39000
1.00203858751231e-07,39100
1.00212011119599e-07,39200
1.00220130486739e-07,39300
1.0022821590253e-07,39400
1.00236266428088e-07,39500
1.00244281135933e-07,39600
1.00252259110127e-07,39700
1.00260199446429e-07,39800
1.00268101252431e-07,39900
1.00275963647706e-07,40000
1.00283785763932e-07,40100
1.00291566745035e-07,40200
1.00299305747317e-07,40300
1.00307001939567e-07,40400
1.00314654503202e-07,40500
1.00322262632372e-07,40600
1.00329825534076e-07,40700
1.00337342428274e-07,40800
1.00344812547994e-07,40900
1.0035223513943e-07,41000
1.00359609462047e-07,41100
1.00366934788672e-07,41200
1.00374210405589e-07,41300
1.00381435612618e-07,41400
1.00388609723214e-07,41500
1.00395732064527e-07,41600
1.00402801977495e-07,41700
1.00409818816911e-07,41800
1.00416781951486e-07,41900
1.00423690763916e-07,42000
1.00430544650948e-07,42100
1.00437343023431e-07,42200
1.00444085306368e-07,42300
1.00450770938972e-07,42400
1.004573993747e-07,42500
1.00463970081303e-07,42600
1.00470482540859e-07,42700
1.00476936249809e-07,42800
1.00483330718983e-07,42900
1.00489665473624e-07,43000
1.00495940053419e-07,43100
1.00502154012505e-07,43200
1.00508306919488e-07,43300
1.00514398357453e-07,43400
1.00520427923971e-07,43500
1.00526395231097e-07,43600
1.00532299905368e-07,43700
1.00538141587805e-07,43800
1.00543919933893e-07,43900
1.00549634613576e-07,44000
1.0055528531123e-07,44100
1.00560871725656e-07,44200
1.00566393570038e-07,44300
1.00571850571928e-07,44400
1.00577242473207e-07,44500
1.00582569030048e-07,44600
1.00587830012877e-07,44700
1.00593025206332e-07,44800
1.00598154409209e-07,44900
1.00603217434416e-07,45000
1.00608214108914e-07,45100
1.00613144273661e-07,45200
1.00618007783548e-07,45300
1.00622804507332e-07,45400
1.00627534327569e-07,45500
1.00632197140536e-07,45600
1.00636792856157e-07,45700
1.00641321397924e-07,45800
1.00645782702807e-07,45900
1.00650176721174e-07,46000
1.00654503416694e-07,46100
1.00658762766245e-07,46200
1.00662954759813e-07,46300
1.00667079400398e-07,46400
1.00671136703899e-07,46500
1.00675126699016e-07,46600
1.00679049427127e-07,46700
1.00682904942188e-07,46800
1.00686693310604e-07,46900
1.0069041461111e-07,47000
1.0069406893465e-07,47100
1.00697656384248e-07,47200
1.00701177074878e-07,47300
1.00704631133327e-07,47400
1.00708018698067e-07,47500
1.00711339919108e-07,47600
1.00714594957856e-07,47700
1.00717783986976e-07,47800
1.00720907190232e-07,47900
1.00723964762349e-07,48000
1.00726956908848e-07,48100
1.00729883845901e-07,48200
1.00732745800161e-07,48300
1.00735543008609e-07,48400
1.00738275718391e-07,48500
1.00740944186643e-07,48600
1.00743548680333e-07,48700
1.00746089476082e-07,48800
1.00748566859994e-07,48900
1.00750981127481e-07,49000
1.00753332583083e-07,49100
1.00755621540292e-07,49200
1.00757848321365e-07,49300
1.00760013257146e-07,49400
1.00762116686872e-07,49500
1.00764158957993e-07,49600
1.0076614042598e-07,49700
1.0076806145413e-07,49800
1.00769922413377e-07,49900
1.00771723682096e-07,50000
1.00773465645908e-07,50100
1.00775148697476e-07,50200
1.00776773236315e-07,50300
1.00778339668585e-07,50400
1.00779848406889e-07,50500
1.00781299870074e-07,50600
1.00782694483025e-07,50700
1.00784032676453e-07,50800
1.00785314886696e-07,50900
1.00786541555514e-07,51000
1.00787713129872e-07,51100
1.00788830061735e-07,51200
1.00789892807858e-07,51300
1.00790901829575e-07,51400
1.00791857592591e-07,51500
1.00792760566763e-07,51600
1.00793611225898e-07,51700
1.00794410047527e-07,51800
1.0079515751271e-07,51900
1.00795854105806e-07,52000
1.00796500314267e-07,52100
1.00797096628429e-07,52200
1.00797643541295e-07,52300
1.00798141548314e-07,52400
1.00798591147189e-07,52500
1.00798992837638e-07,52600
1.00799347121204e-07,52700
1.00799654501032e-07,52800
1.0079991548166e-07,52900
1.00800130568809e-07,53000
1.00800300269171e-07,53100
1.008004250902e-07,53200
1.0080050553991e-07,53300
1.00800542126657e-07,53400
1.00800535358939e-07,53500
1.00800485745188e-07,53600
1.0080039379357e-07,53700
1.00800260011773e-07,53800
1.00800084906813e-07,53900
1.00799868984832e-07,54000
1.00799612750896e-07,54100
1.00799316708799e-07,54200
1.00798981360871e-07,54300
1.00798607207773e-07,54400
1.00798194748318e-07,54500
1.00797744479273e-07,54600
1.00797256895166e-07,54700
1.00796732488112e-07,54800
1.00796171747614e-07,54900
1.00795575160392e-07,55000
1.00794943210195e-07,55100
1.00794276377628e-07,55200
1.00793575139972e-07,55300
1.00792839971012e-07,55400
1.00792071340871e-07,55500
1.00791269715834e-07,55600
1.00790435558189e-07,55700
1.00789569326057e-07,55800
1.0078867147324e-07,55900
1.00787742449059e-07,56000
1.00786782698199e-07,56100
1.00785792660559e-07,56200
1.00784772771104e-07,56300
1.00783723459719e-07,56400
1.00782645151065e-07,56500
1.00781538264446e-07,56600
1.00780403213661e-07,56700
1.00779240406887e-07,56800
1.00778050246537e-07,56900
1.00776833129142e-07,57000
1.00775589445225e-07,57100
1.00774319579179e-07,57200
1.00773023909164e-07,57300
1.00771702806981e-07,57400
1.00770356637971e-07,57500
1.0076898576091e-07,57600
1.00767590527907e-07,57700
1.00766171284312e-07,57800
1.00764728368615e-07,57900
1.00763262112363e-07,58000
1.00761772840071e-07,58100
1.00760260869142e-07,58200
1.00758726509792e-07,58300
1.00757170064969e-07,58400
1.00755591830294e-07,58500
1.00753992093985e-07,58600
1.00752371136803e-07,58700
1.0075072923199e-07,58800
1.00749066645217e-07,58900
1.00747383634536e-07,59000
1.00745680450332e-07,59100
1.00743957335285e-07,59200
1.00742214524329e-07,59300
1.00740452244623e-07,59400
1.00738670715522e-07,59500
1.00736870148546e-07,59600
1.0073505074737e-07,59700
1.00733212707799e-07,59800
1.0073135621776e-07,59900
1.00729481457292e-07,60000
1.00727588598542e-07,60100
1.0072567780577e-07,60200
1.00723749235344e-07,60300
1.00721803035756e-07,60400
1.00719839347631e-07,60500
1.00717858303747e-07,60600
1.0071586002905e-07,60700
1.00713844640685e-07,60800
1.00711812248014e-07,60900
1.00709762952665e-07,61000
1.0070769684855e-07,61100
1.0070561402192e-07,61200
1.00703514551401e-07,61300
1.00701398508045e-07,61400
1.00699265955381e-07,61500
1.00697116949472e-07,61600
1.00694951538969e-07,61700
1.00692769765185e-07,61800
1.0069057166215e-07,61900
1.00688357256686e-07,62000
1.00686126568483e-07,62100
1.00683879610172e-07,62200
1.00681616387409e-07,62300
1.00679336898956e-07,62400
1.00677041136774e-07,62500
1.00674729086104e-07,62600
1.00672400725572e-07,62700
1.00670056027276e-07,62800
1.00667694956895e-07,62900
1.00665317473784e-07,63000
1.00662923531087e-07,63100
1.00660513075839e-07,63200
1.00658086049084e-07,63300
1.00655642385987e-07,63400
1.00653182015948e-07,63500
1.00650704862728e-07,63600
1.00648210844568e-07,63700
1.00645699874311e-07,63800
1.00643171859531e-07,63900
1.00640626702667e-07,64000
1.00638064301146e-07,64100
1.00635484547525e-07,64200
1.00632887329618e-07,64300
1.00630272530643e-07,64400
1.00627640029352e-07,64500
1.00624989700181e-07,64600
1.00622321413385e-07,64700
1.00619635035187e-07,64800
1.0061693042793e-07,64900
1.00614207450205e-07,65000
1.00611465957025e-07,65100
1.00608705799955e-07,65200
1.00605926827274e-07,65300
1.00603128884123e-07,65400
1.00600311812659e-07,65500
1.0059747545221e-07,65600
1.00594619639428e-07,65700
1.00591744208447e-07,65800
1.00588848991038e-07,65900
1.00585933816765e-07,66000
1.00582998513142e-07,66100
1.00580042905791e-07,66200
1.005770668186e-07,66300
1.00574070073882e-07,66400
1.00571052492528e-07,66500
1.00568013894171e-07,66600
1.00564954097337e-07,66700
1.00561872919607e-07,66800
1.00558770177775e-07,66900
1.00555645687997e-07,67000
1.00552499265959e-07,67100
1.00549330727021e-07,67200
1.00546139886377e-07,67300
1.00542926559209e-07,67400
1.00539690560843e-07,67500
1.00536431706892e-07,67600
1.00533149813417e-07,67700
1.00529844697071e-07,67800
1.0052651617525e-07,67900
1.00523164066243e-07,68000
1.00519788189369e-07,68100
1.00516388365136e-07,68200
1.0051296441537e-07,68300
1.00509516163365e-07,68400
1.00506043434021e-07,68500
1.00502546053983e-07,68600
1.00499023851772e-07,68700
1.00495476657928e-07,68800
1.00491904305133e-07,68900
1.00488306628352e-07,69000
1.0048468346495e-07,69100
1.00481034654828e-07,69200
1.00477360040538e-07,69300
1.00473659467413e-07,69400
1.00469932783681e-07,69500
1.00466179840583e-07,69600
1.00462400492487e-07,69700
1.00458594597e-07,69800
1.0045476201508e-07,69900
1.00450902611137e-07,70000
1.00447016253143e-07,70100
1.0044310281273e-07,70200
1.00439162165288e-07,70300
1.00435194190064e-07,70400
1.00431198770249e-07,70500
1.00427175793078e-07,70600
1.00423125149905e-07,70700
1.00419046736299e-07,70800
1.00414940452117e-07,70900
1.00410806201582e-07,71000
1.00406643893368e-07,71100
1.00402453440664e-07,71200
1.0039823476124e-07,71300
1.00393987777525e-07,71400
1.0038971241666e-07,71500
1.00385408610561e-07,71600
1.0038107629598e-07,71700
1.00376715414553e-07,71800
1.00372325912853e-07,71900
1.00367907742437e-07,72000
1.00363460859896e-07,72100
1.00358985226889e-07,72200
1.00354480810181e-07,72300
1.00349947581689e-07,72400
1.00345385518501e-07,72500
1.00340794602915e-07,72600
1.00336174822459e-07,72700
1.00331526169916e-07,72800
1.00326848643346e-07,72900
1.00322142246103e-07,73000
1.00317406986844e-07,73100
1.00312642879547e-07,73200
1.00307849943513e-07,73300
1.00303028203381e-07,73400
1.00298177689119e-07,73500
1.00293298436029e-07,73600
1.00288390484748e-07,73700
1.0028345388124e-07,73800
1.00278488676779e-07,73900
1.00273494927953e-07,74000
1.0026847269664e-07,74100
1.00263422049995e-07,74200
1.00258343060432e-07,74300
1.002532358056e-07,74400
1.00248100368368e-07,74500
1.00242936836788e-07,74600
1.00237745304076e-07,74700
1.00232525868574e-07,74800
1.00227278633729e-07,74900
1.00222003708046e-07,75000
1.0021670120506e-07,75100
1.00211371243296e-07,75200
1.00206013946227e-07,75300
1.00200629442233e-07,75400
1.0019521786456e-07,75500
1.0018977935127e-07,75600
1.00184314045196e-07,75700
1.00178822093894e-07,75800
1.00173303649597e-07,75900
1.00167758869152e-07,76000
1.00162187913981e-07,76100
1.00156590950021e-07,76200
1.00150968147667e-07,76300
1.00145319681717e-07,76400
1.00139645731323e-07,76500
1.00133946479921e-07,76600
1.00128222115179e-07,76700
1.00122472828937e-07,76800
1.00116698817148e-07,76900
1.00110900279815e-07,77000
1.00105077420931e-07,77100
1.00099230448419e-07,77200
1.00093359574061e-07,77300
1.00087465013455e-07,77400
1.00081546985934e-07,77500
1.00075605714512e-07,77600
1.00069641425823e-07,77700
1.00063654350053e-07,77800
1.00057644720886e-07,77900
1.00051612775429e-07,78000
1.00045558754172e-07,78100
1.00039482900902e-07,78200
1.00033385462662e-07,78300
1.0002726668968e-07,78400
1.00021126835313e-07,78500
1.00014966155989e-07,78600
1.00008784911148e-07,78700
1.00002583363186e-07,78800
9.9996361777395e-08,78900
9.9990120421915e-08,79000
9.99838595676745e-08,79100
9.99775794883371e-08,79200
9.99712804602529e-08,79300
9.99649627624068e-08,79400
9.99586266763694e-08,79500
9.99522724862491e-08,79600
9.99459004786453e-08,79700
9.99395109426034e-08,79800
9.9933104169575e-08,79900
9.99266804533712e-08,80000
9.99202400901271e-08,80100
9.99137833782582e-08,80200
9.9907310618434e-08,80300
9.990082211353e-08,80400
9.98943181686076e-08,80500
9.98877990908744e-08,80600
9.98812651896593e-08,80700
9.98747167763852e-08,80800
9.98681541645456e-08,80900
9.98615776696787e-08,81000
9.9854987609348e-08,81100
9.98483843031269e-08,81200
9.98417680725751e-08,81300
9.98351392412337e-08,81400
9.98284981346034e-08,81500
9.98218450801428e-08,81600
9.98151804072573e-08,81700
9.98085044472915e-08,81800
9.98018175335319e-08,81900
9.97951200011993e-08,82000
9.97884121874556e-08,82100
9.97816944314032e-08,82200
9.97749670740944e-08,82300
9.97682304585375e-08,82400
9.97614849297067e-08,82500
9.97547308345585e-08,82600
9.97479685220395e-08,82700
9.974119834311e-08,82800
9.97344206507612e-08,82900
9.97276358000343e-08,83000
9.97208441480466e-08,83100
9.97140460540172e-08,83200
9.97072418792936e-08,83300
9.97004319873804e-08,83400
9.96936167439734e-08,83500
9.96867965169941e-08,83600
9.96799716766218e-08,83700
9.9673142595334e-08,83800
9.96663096479466e-08,83900
9.96594732116508e-08,84000
9.96526336660636e-08,84100
9.96457913932647e-08,84200
9.96389467778497e-08,84300
9.96321002069723e-08,84400
9.96252520703981e-08,84500
9.96184027605542e-08,84600
9.96115526725806e-08,84700
9.96047022043897e-08,84800
9.95978517567104e-08,84900
9.95910017331553e-08,85000
9.95841525402705e-08,85100
9.95773045876023e-08,85200
9.95704582877476e-08,85300
9.95636140564178e-08,85400
9.95567723125026e-08,85500
9.95499334781286e-08,85600
9.95430979787244e-08,85700
9.95362662430787e-08,85800
9.95294387034109e-08,85900
9.95226157954285e-08,86000
9.95157979583958e-08,86100
9.95089856351968e-08,86200
9.95021792723959e-08,86300
9.94953793203106e-08,86400
9.94885862330682e-08,86500
9.94818004686719e-08,86600
9.94750224890661e-08,86700
9.94682527602014e-08,86800
9.94614917520908e-08,86900
9.94547399388805e-08,87000
9.94479977989013e-08,87100
9.94412658147433e-08,87200
9.94345444733002e-08,87300
9.9427834265842e-08,87400
9.94211356880592e-08,87500
9.94144492401313e-08,87600
9.94077754267746e-08,87700
9.94011147572983e-08,87800
9.93944677456559e-08,87900
9.93878349104965e-08,88000
9.93812167752109e-08,88100
9.9374613867982e-08,88200
9.93680267218261e-08,88300
9.93614558746392e-08,88400
9.93549018692314e-08,88500
9.93483652533721e-08,88600
9.93418465798233e-08,88700
9.93353464063689e-08,88800
9.93288652958498e-08,88900
9.93224038161921e-08,89000
9.931596254043e-08,89100
9.93095420467269e-08,89200
9.93031429184024e-08,89300
9.92967657439352e-08,89400
9.92904111169897e-08,89500
9.92840796364158e-08,89600
9.92777719062628e-08,89700
9.92714885357739e-08,89800
9.92652301393949e-08,89900
9.92589973367643e-08,90000
9.92527907527052e-08,90100
9.92466110172173e-08,90200
9.92404587654558e-08,90300
9.92343346377182e-08,90400
9.92282392794166e-08,90500
9.92221733410503e-08,90600
9.92161374781769e-08,90700
9.92101323513745e-08,90800
9.92041586261986e-08,90900
9.91982169731456e-08,91000
9.91923080675932e-08,91100
9.91864325897582e-08,91200
9.91805912246302e-08,91300
9.91747846619117e-08,91400
9.91690135959532e-08,91500
9.91632787256805e-08,91600
9.91575807545163e-08,91700
9.91519203903024e-08,91800
9.91462983452147e-08,91900
9.91407153356654e-08,92000
9.91351720822194e-08,92100
9.91296693094836e-08,92200
9.91242077460109e-08,92300
9.91187881241822e-08,92400
9.91134111800994e-08,92500
9.91080776534615e-08,92600
9.91027882874419e-08,92700
9.90975438285607e-08,92800
9.90923450265464e-08,92900
9.90871926342031e-08,93000
9.9082087407265e-08,93100
9.90770301042449e-08,93200
9.90720214862853e-08,93300
9.90670623169993e-08,93400
9.90621533623059e-08,93500
9.90572953902668e-08,93600
9.90524891709115e-08,93700
9.90477354760622e-08,93800
9.90430350791499e-08,93900
9.90383887550341e-08,94000
9.90337972798097e-08,94100
9.90292614306102e-08,94200
9.90247819854127e-08,94300
9.90203597228327e-08,94400
9.90159954219197e-08,94500
9.9011689861941e-08,94600
9.90074438221687e-08,94700
9.90032580816623e-08,94800
9.89991334190388e-08,94900
9.89950706122533e-08,95000
9.89910704383643e-08,95100
9.89871336732953e-08,95200
9.89832610916025e-08,95300
9.89794534662319e-08,95400
9.89757115682717e-08,95500
9.89720361667074e-08,95600
9.89684280281626e-08,95700
9.89648879166602e-08,95800
9.89614165933486e-08,95900
9.89580148162522e-08,96000
9.89546833400022e-08,96100
9.895142291558e-08,96200
9.89482342900377e-08,96300
9.89451182062396e-08,96400
9.89420754025854e-08,96500
9.89391066127346e-08,96600
9.89362125653339e-08,96700
9.89333939837397e-08,96800
9.8930651585738e-08,96900
9.89279860832633e-08,97000
9.89253981821185e-08,97100
9.89228885816969e-08,97200
9.89204579746868e-08,97300
9.89181070467984e-08,97400
9.89158364764749e-08,97500
9.89136469346066e-08,97600
9.89115390842467e-08,97700
9.8909513580324e-08,97800
9.89075710693582e-08,97900
9.89057121891775e-08,98000
9.89039375686259e-08,98100
9.89022478272865e-08,98200
9.89006435751916e-08,98300
9.88991254125497e-08,98400
9.88976939294504e-08,98500
9.88963497055922e-08,98600
9.88950933100044e-08,98700
9.8893925300765e-08,98800
9.88928462247265e-08,98900
9.88918566172449e-08,99000
9.88909570019074e-08,99100
9.88901478902577e-08,99200
9.88894297815372e-08,99300
9.88888031624142e-08,99400
9.88882685067291e-08,99500
9.88878262752301e-08,99600
9.88874769153216e-08,99700
9.88872208608116e-08,99800
9.88870585316645e-08,99900
9.88869903337531e-08,100000
9.88870166586232e-08,100100
9.8887137883254e-08,100200
9.88873543698241e-08,100300
9.88876664654881e-08,100400
9.8888074502151e-08,100500
9.88885787962445e-08,100600
9.88891796485226e-08,100700
9.8889877343846e-08,100800
9.88906721509797e-08,100900
9.88915643223937e-08,101000
9.88925540940752e-08,101100
9.88936416853352e-08,101200
9.88948272986281e-08,101300
9.88961111193794e-08,101400
9.88974933158129e-08,101500
9.8898974038788e-08,101600
9.89005534216442e-08,101700
9.89022315800472e-08,101800
9.8904008611851e-08,101900
9.89058845969503e-08,102000
9.8907859597163e-08,102100
9.89099336560945e-08,102200
9.89121067990299e-08,102300
9.89143790328173e-08,102400
9.89167503457744e-08,102500
9.89192207075862e-08,102600
9.89217900692222e-08,102700
9.89244583628514e-08,102800
9.892722550178e-08,102900
9.89300913803743e-08,103000
9.8933055874015e-08,103100
9.89361188390435e-08,103200
9.89392801127206e-08,103300
9.89425395131982e-08,103400
9.89458968394882e-08,103500
9.8949351871454e-08,103600
9.89529043697915e-08,103700
9.89565540760418e-08,103800
9.89603007125903e-08,103900
9.89641439826856e-08,104000
9.89680835704632e-08,104100
9.89721191409845e-08,104200
9.89762503402716e-08,104300
9.89804767953579e-08,104400
9.89847981143536e-08,104500
9.8989213886501e-08,104600
9.89937236822627e-08,104700
9.89983270533951e-08,104800
9.90030235330452e-08,104900
9.90078126358475e-08,105000
9.90126938580417e-08,105100
9.90176666775773e-08,105200
9.90227305542478e-08,105300
9.90278849298223e-08,105400
9.90331292281863e-08,105500
9.90384628554937e-08,105600
9.90438852003233e-08,105700
9.90493956338453e-08,105800
9.90549935099961e-08,105900
9.90606781656634e-08,106000
9.90664489208674e-08,106100
9.90723050789717e-08,106200
9.90782459268773e-08,106300
9.90842707352407e-08,106400
9.90903787586947e-08,106500
9.90965692360778e-08,106600
9.9102841390662e-08,106700
9.91091944304076e-08,106800
9.91156275482001e-08,106900
9.91221399221167e-08,107000
9.91287307156821e-08,107100
9.91353990781461e-08,107200
9.91421441447528e-08,107300
9.91489650370263e-08,107400
9.91558608630627e-08,107500
9.9162830717823e-08,107600
9.91698736834343e-08,107700
9.91769888294957e-08,107800
9.91841752133965e-08,107900
9.91914318806282e-08,108000
9.91987578651114e-08,108100
9.92061521895245e-08,108200
9.92136138656365e-08,108300
9.9221141894647e-08,108400
9.92287352675282e-08,108500
9.92363929653728e-08,108600
9.92441139597467e-08,108700
9.92518972130428e-08,108800
9.92597416788409e-08,108900
9.92676463022776e-08,109000
9.92756100204012e-08,109100
9.92836317625539e-08,109200
9.92917104507375e-08,109300
9.92998449999882e-08,109400
9.93080343187636e-08,109500
9.93162773093137e-08,109600
9.9324572868073e-08,109700
9.93329198860373e-08,109800
9.93413172491575e-08,109900
9.9349763838724e-08,110000
9.93582585317566e-08,110100
9.93668002013984e-08,110200
9.93753877173033e-08,110300
9.93840199460321e-08,110400
9.93926957514427e-08,110500
9.94014139950835e-08,110600
9.94101735365844e-08,110700
9.94189732340561e-08,110800
9.94278119444746e-08,110900
9.94366885240752e-08,111000
9.94456018287458e-08,111100
9.94545507144113e-08,111200
9.94635340374235e-08,111300
9.94725506549501e-08,111400
9.94815994253538e-08,111500
9.94906792085782e-08,111600
9.94997888665272e-08,111700
9.95089272634424e-08,111800
9.9518093266276e-08,111900
9.95272857450667e-08,112000
9.9536503573301e-08,112100
9.95457456282868e-08,112200
9.955501079151e-08,112300
9.95642979489931e-08,112400
9.9573605991648e-08,112500
9.95829338156277e-08,112600
9.95922803226702e-08,112700
9.96016444204366e-08,112800
9.96110250228506e-08,112900
9.96204210504275e-08,113000
9.96298314305965e-08,113100
9.9639255098025e-08,113200
9.96486909949319e-08,113300
9.9658138071391e-08,113400
9.96675952856402e-08,113500
9.9677061604374e-08,113600
9.96865360030355e-08,113700
9.9696017466098e-08,113800
9.97055049873435e-08,113900
9.9714997570131e-08,114000
9.9724494227661e-08,114100
9.97339939832325e-08,114200
9.97434958704864e-08,114300
9.97529989336564e-08,114400
9.97625022277946e-08,114500
9.97720048189998e-08,114600
9.97815057846383e-08,114700
9.97910042135518e-08,114800
9.98004992062598e-08,114900
9.98099898751591e-08,115000
9.98194753447008e-08,115100
9.98289547515765e-08,115200
9.98384272448844e-08,115300
9.98478919862883e-08,115400
9.98573481501742e-08,115500
9.98667949237922e-08,115600
9.98762315073883e-08,115700
9.98856571143355e-08,115800
9.98950709712479e-08,115900
9.99044723180912e-08,116000
9.99138604082789e-08,116100
9.99232345087669e-08,116200
9.99325939001313e-08,116300
9.99419378766438e-08,116400
9.99512657463322e-08,116500
9.99605768310369e-08,116600
9.99698704664534e-08,116700
9.99791460021731e-08,116800
9.99884028017019e-08,116900
9.99976402424852e-08,117000
1.00006857715918e-07,117100
1.00016054627336e-07,117200
1.00025230396013e-07,117300
1.0003438445514e-07,117400
1.00043516251799e-07,117500
1.00052625246925e-07,117600
1.00061710915266e-07,117700
1.0007077274532e-07,117800
1.00079810239281e-07,117900
1.00088822912962e-07,118000
1.0009781029572e-07,118100
1.00106771930361e-07,118200
1.00115707373053e-07,118300
1.00124616193207e-07,118400
1.00133497973379e-07,118500
1.00142352309136e-07,118600
1.00151178808936e-07,118700
1.00159977093982e-07,118800
1.00168746798083e-07,118900
1.00177487567498e-07,119000
1.00186199060781e-07,119100
1.00194880948602e-07,119200
1.00203532913587e-07,119300
1.00212154650124e-07,119400
1.00220745864179e-07,119500
1.00229306273102e-07,119600
1.00237835605417e-07,119700
1.00246333600627e-07,119800
1.00254800008985e-07,119900
1.00263234591279e-07,120000
1.00271637118609e-07,120100
1.00280007372146e-07,120200
1.002883451429e-07,120300
1.00296650231475e-07,120400
1.00304922447817e-07,120500
1.00313161610966e-07,120600
1.00321367548792e-07,120700
1.0032954009774e-07,120800
1.00337679102549e-07,120900
1.00345784415999e-07,121000
1.00353855898617e-07,121100
1.00361893418413e-07,121200
1.00369896850591e-07,121300
1.0037786607726e-07,121400
1.00385800987156e-07,121500
1.00393701475338e-07,121600
1.00401567442902e-07,121700
1.00409398796686e-07,121800
1.00417195448965e-07,121900
1.00424957317155e-07,122000
1.00432684323512e-07,122100
1.00440376394828e-07,122200
1.00448033462123e-07,122300
1.00455655460348e-07,122400
1.00463242328069e-07,122500
1.0047079400717e-07,122600
1.00478310442541e-07,122700
1.00485791581775e-07,122800
1.00493237374859e-07,122900
1.00500647773869e-07,123000
1.00508022732668e-07,123100
1.00515362206601e-07,123200
1.0052266615219e-07,123300
1.0052993452684e-07,123400
1.00537167288529e-07,123500
1.00544364395523e-07,123600
1.00551525806072e-07,123700
1.00558651478124e-07,123800
1.00565741369028e-07,123900
1.00572795435256e-07,124000
1.0057981363211e-07,124100
1.00586795913452e-07,124200
1.00593742231418e-07,124300
1.0060065253615e-07,124400
1.00607526775526e-07,124500
1.00614364894894e-07,124600
1.00621166836815e-07,124700
1.00627932540803e-07,124800
1.00634661943081e-07,124900
1.00641354976328e-07,125000
1.00648011569444e-07,125100
1.0065463164731e-07,125200
1.00661215130568e-07,125300
1.00667761935385e-07,125400
1.00674271973248e-07,125500
1.00680745150743e-07,125600
1.00687181369358e-07,125700
1.00693580525278e-07,125800
1.00699942509199e-07,125900
1.00706267206141e-07,126000
1.00712554495269e-07,126100
1.00718804249727e-07,126200
1.00725016336471e-07,126300
1.00731190616111e-07,126400
1.00737326942772e-07,126500
1.00743425163943e-07,126600
1.00749485120355e-07,126700
1.00755506645846e-07,126800
1.00761489567252e-07,126900
1.00767433704297e-07,127000
1.00773338869488e-07,127100
1.00779204868033e-07,127200
1.0078503149775e-07,127300
1.00790818548994e-07,127400
1.00796565804594e-07,127500
1.00802273039791e-07,127600
1.00807940022195e-07,127700
1.00813566511739e-07,127800
1.00819152260653e-07,127900
1.00824697013439e-07,128000
1.0083020050686e-07,128100
1.00835662469937e-07,128200
1.00841082623946e-07,128300
1.00846460682444e-07,128400
1.00851796351283e-07,128500
1.00857089328642e-07,128600
1.00862339305076e-07,128700
1.00867545963556e-07,128800
1.00872708979535e-07,128900
1.00877828021014e-07,129000
1.00882902748615e-07,129100
1.00887932815671e-07,129200
1.00892917868324e-07,129300
1.00897857545618e-07,129400
1.00902751479624e-07,129500
1.00907599295548e-07,129600
1.00912400611875e-07,129700
1.00917155040493e-07,129800
1.00921862186848e-07,129900
1.00926521650101e-07,130000
1.00931133023279e-07,130100
1.00935695893467e-07,130200
1.00940209841966e-07,130300
1.00944674444497e-07,130400
1.00949089271389e-07,130500
1.00953453887781e-07,130600
1.0095776785384e-07,130700
1.00962030724972e-07,130800
1.00966242052053e-07,130900
1.0097040138166e-07,131000
1.0097450825631e-07,131100
1.0097856221471e-07,131200
1.00982562792009e-07,131300
1.00986509520058e-07,131400
1.00990401927676e-07,131500
1.00994239540926e-07,131600
1.00998021883391e-07,131700
1.01001748476459e-07,131800
1.01005418839617e-07,131900
1.01009032490743e-07,132000
1.01012588946406e-07,132100
1.01016087722183e-07,132200
1.01019528332953e-07,132300
1.01022910293227e-07,132400
1.01026233117462e-07,132500
1.01029496320387e-07,132600
1.01032699417334e-07,132700
1.01035841924562e-07,132800
1.01038923359604e-07,132900
1.01041943241596e-07,133000
1.01044901091627e-07,133100
1.01047796433079e-07,133200
1.01050628791976e-07,133300
1.01053397697335e-07,133400
1.01056102681518e-07,133500
1.01058743280585e-07,133600
1.01061319034649e-07,133700
1.01063829488233e-07,133800
1.01066274190633e-07,133900
1.01068652696269e-07,134000
1.01070964565049e-07,134100
1.01073209362729e-07,134200
1.01075386661274e-07,134300
1.01077496039213e-07,134400
1.01079537082004e-07,134500
1.01081509382389e-07,134600
1.01083412540756e-07,134700
1.01085246165492e-07,134800
1.01087009873338e-07,134900
1.01088703289743e-07,135000
1.01090326049223e-07,135100
1.01091877795698e-07,135200
1.01093358182847e-07,135300
1.01094766874452e-07,135400
1.01096103544739e-07,135500
1.0109736787871e-07,135600
1.0109855957249e-07,135700
1.01099678333646e-07,135800
1.01100723881521e-07,135900
1.01101695947558e-07,136000
1.0110259427561e-07,136100
1.01103418622264e-07,136200
1.01104168757147e-07,136300
1.01104844463225e-07,136400
1.01105445537107e-07,136500
1.01105971789339e-07,136600
1.01106423044685e-07,136700
1.01106799142413e-07,136800
1.01107099936571e-07,136900
1.01107325296251e-07,137000
1.01107475105857e-07,137100
1.01107549265355e-07,137200
1.01107547690523e-07,137300
1.01107470313194e-07,137400
1.01107317081483e-07,137500
1.01107087960023e-07,137600
1.01106782930174e-07,137700
1.0110640199024e-07,137800
1.01105945155665e-07,137900
1.01105412459232e-07,138000
1.01104803951243e-07,138100
1.01104119699705e-07,138200
1.01103359790487e-07,138300
1.01102524327485e-07,138400
1.01101613432773e-07,138500
1.01100627246743e-07,138600
1.01099565928231e-07,138700
1.0109842965465e-07,138800
1.01097218622096e-07,138900
1.0109593304545e-07,139000
1.01094573158476e-07,139100
1.010931392139e-07,139200
1.01091631483491e-07,139300
1.01090050258115e-07,139400
1.01088395847793e-07,139500
1.01086668581751e-07,139600
1.01084868808441e-07,139700
1.01082996895574e-07,139800
1.01081053230131e-07,139900
1.0107903821836e-07,140000
1.01076952285773e-07,140100
1.01074795877127e-07,140200
1.01072569456396e-07,140300
1.0107027350673e-07,140400
1.01067908530403e-07,140500
1.01065475048759e-07,140600
1.01062973602137e-07,140700
1.01060404749794e-07,140800
1.01057769069805e-07,140900
1.0105506715897e-07,141000
1.01052299632699e-07,141100
1.0104946712489e-07,141200
1.0104657028779e-07,141300
1.01043609791864e-07,141400
1.01040586325629e-07,141500
1.010375005955e-07,141600
1.0103435332561e-07,141700
1.01031145257633e-07,141800
1.01027877150583e-07,141900
1.0102454978062e-07,142000
1.01021163940829e-07,142100
1.01017720441002e-07,142200
1.01014220107406e-07,142300
1.0101066378254e-07,142400
1.01007052324886e-07,142500
1.01003386608651e-07,142600
1.00999667523494e-07,142700
1.00995895974255e-07,142800
1.00992072880658e-07,142900
1.00988199177033e-07,143000
1.00984275811999e-07,143100
1.00980303748157e-07,143200
1.00976283961772e-07,143300
1.00972217442449e-07,143400
1.00968105192788e-07,143500
1.00963948228052e-07,143600
1.00959747575814e-07,143700
1.00955504275598e-07,143800
1.00951219378518e-07,143900
1.00946893946905e-07,144000
1.00942529053932e-07,144100
1.00938125783231e-07,144200
1.00933685228503e-07,144300
1.00929208493121e-07,144400
1.00924696689728e-07,144500
1.00920150939838e-07,144600
1.00915572373415e-07,144700
1.00910962128462e-07,144800
1.00906321350597e-07,144900
1.00901651192628e-07,145000
1.00896952814124e-07,145100
1.00892227380981e-07,145200
1.00887476064979e-07,145300
1.00882700043345e-07,145400
1.00877900498309e-07,145500
1.00873078616652e-07,145600
1.00868235589262e-07,145700
1.00863372610673e-07,145800
1.00858490878613e-07,145900
1.00853591593552e-07,146000
1.0084867595823e-07,146100
1.00843745177214e-07,146200
1.00838800456416e-07,146300
1.00833843002652e-07,146400
1.0082887402316e-07,146500
1.00823894725144e-07,146600
1.00818906315317e-07,146700
1.00813909999419e-07,146800
1.00808906981775e-07,146900
1.00803898464814e-07,147000
1.00798885648619e-07,147100
1.00793869730464e-07,147200
1.00788851904348e-07,147300
1.00783833360544e-07,147400
1.00778815285144e-07,147500
1.00773798859601e-07,147600
1.00768785260279e-07,147700
1.00763775658011e-07,147800
1.00758771217645e-07,147900
1.00753773097606e-07,148000
1.00748782449458e-07,148100
1.00743800417469e-07,148200
1.0073882813818e-07,148300
1.00733866739975e-07,148400
1.00728917342668e-07,148500
1.00723981057073e-07,148600
1.00719058984601e-07,148700
1.00714152216852e-07,148800
1.00709261835204e-07,148900
1.00704388910429e-07,149000
1.00699534502293e-07,149100
1.00694699659178e-07,149200
1.006898854177e-07,149300
1.00685092802331e-07,149400
1.00680322825052e-07,149500
1.00675576484974e-07,149600
1.00670854768002e-07,149700
1.00666158646479e-07,149800
1.0066148907886e-07,149900
1.00656847009374e-07,150000
1.00652233367714e-07,150100
1.00647649068706e-07,150200
1.00643095012023e-07,150300
1.00638572081877e-07,150400
1.00634081146729e-07,150500
1.00629623059018e-07,150600
1.00625198654884e-07,150700
1.00620808753902e-07,150800
1.00616454158837e-07,150900
1.00612135655396e-07,151000
1.0060785401199e-07,151100
1.00603609979512e-07,151200
1.00599404291121e-07,151300
1.00595237662032e-07,151400
1.00591110789322e-07,151500
1.0058702435174e-07,151600
1.00582979009536e-07,151700
1.00578975404283e-07,151800
1.00575014158728e-07,151900
1.00571095876642e-07,152000
1.00567221142679e-07,152100
1.0056339052226e-07,152200
1.00559604561437e-07,152300
1.00555863786803e-07,152400
1.00552168705391e-07,152500
1.00548519804582e-07,152600
1.00544917552036e-07,152700
1.00541362395623e-07,152800
1.00537854763369e-07,152900
1.00534395063409e-07,153000
1.00530983683955e-07,153100
1.00527620993272e-07,153200
1.00524307339661e-07,153300
1.00521043051457e-07,153400
1.00517828437036e-07,153500
1.00514663784833e-07,153600
1.00511549363369e-07,153700
1.0050848542128e-07,153800
1.0050547218738e-07,153900
1.00502509870702e-07,154000
1.00499598660575e-07,154100
1.004967387267e-07,154200
1.00493930219233e-07,154300
1.00491173268885e-07,154400
1.00488467987025e-07,154500
1.00485814465801e-07,154600
1.00483212778258e-07,154700
1.0048066297848e-07,154800
1.00478165101727e-07,154900
1.00475719164589e-07,155000
1.00473325165151e-07,155100
1.00470983083164e-07,155200
1.00468692880218e-07,155300
1.00466454499933e-07,155400
1.00464267868158e-07,155500
1.0046213289317e-07,155600
1.00460049465893e-07,155700
1.0045801746011e-07,155800
1.00456036732699e-07,155900
1.00454107123868e-07,156000
1.0045222845739e-07,156100
1.00450400540864e-07,156200
1.00448623165966e-07,156300
1.00446896108719e-07,156400
1.00445219129758e-07,156500
1.00443591974613e-07,156600
1.0044201437399e-07,156700
1.00440486044063e-07,156800
1.00439006686772e-07,156900
1.00437575990119e-07,157000
1.00436193628482e-07,157100
1.00434859262926e-07,157200
1.00433572541518e-07,157300
1.00432333099657e-07,157400
1.00431140560391e-07,157500
1.00429994534761e-07,157600
1.00428894622129e-07,157700
1.00427840410522e-07,157800
1.00426831476973e-07,157900
1.00425867387875e-07,158000
1.00424947699329e-07,158100
1.00424071957492e-07,158200
1.00423239698945e-07,158300
1.00422450451048e-07,158400
1.00421703732302e-07,158500
1.00420999052712e-07,158600
1.00420335914159e-07,158700
1.00419713810764e-07,158800
1.00419132229258e-07,158900
1.00418590649356e-07,159000
1.00418088544128e-07,159100
1.00417625380368e-07,159200
1.00417200618976e-07,159300
1.00416813715327e-07,159400
1.00416464119644e-07,159500
1.00416151277376e-07,159600
1.00415874629569e-07,159700
1.00415633613242e-07,159800
1.00415427661755e-07,159900
1.00415256205189e-07,160000
1.00415118670707e-07,160100
1.00415014482928e-07,160200
1.00414943064297e-07,160300
1.00414903835443e-07,160400
1.0041489621555e-07,160500
1.00414919622714e-07,160600
1.00414973474305e-07,160700
1.00415057187319e-07,160800
1.00415170178734e-07,160900
1.00415311865859e-07,161000
1.00415481666685e-07,161100
1.00415679000224e-07,161200
1.00415903286843e-07,161300
1.00416153948619e-07,161400
1.00416430409648e-07,161500
1.00416732096389e-07,161600
1.00417058437979e-07,161700
1.00417408866559e-07,161800
1.00417782817578e-07,161900
1.0041817973011e-07,162000
1.00418599047157e-07,162100
1.00419040215945e-07,162200
1.0041950268822e-07,162300
1.00419985920537e-07,162400
1.00420489374537e-07,162500
1.00421012517232e-07,162600
1.00421554821266e-07,162700
1.00422115765188e-07,162800
1.00422694833708e-07,162900
1.00423291517946e-07,163000
1.00423905315681e-07,163100
1.00424535731588e-07,163200
1.00425182277477e-07,163300
1.00425844472508e-07,163400
1.00426521843416e-07,163500
1.00427213924731e-07,163600
1.00427920258967e-07,163700
1.00428640396832e-07,163800
1.00429373897413e-07,163900
1.00430120328367e-07,164000
1.00430879266087e-07,164100
1.0043165029588e-07,164200
1.00432433012126e-07,164300
1.00433227018429e-07,164400
1.00434031927765e-07,164500
1.0043484736263e-07,164600
1.00435672955157e-07,164700
1.00436508347251e-07,164800
1.00437353190699e-07,164900
1.00438207147284e-07,165000
1.00439069888885e-07,165100
1.00439941097566e-07,165200
1.00440820465668e-07,165300
1.00441707695885e-07,165400
1.00442602501331e-07,165500
1.00443504605609e-07,165600
1.00444413742863e-07,165700
1.0044532965783e-07,165800
1.00446252105868e-07,165900
1.00447180853007e-07,166000
1.00448115675961e-07,166100
1.00449056362148e-07,166200
1.00450002709705e-07,166300
1.00450954527487e-07,166400
1.00451911635066e-07,166500
1.00452873862715e-07,166600
1.00453841051396e-07,166700
1.00454813052727e-07,166800
1.00455789728959e-07,166900
1.00456770952925e-07,167000
1.00457756608003e-07,167100
1.00458746588061e-07,167200
1.00459740797395e-07,167300
1.00460739150662e-07,167400
1.0046174157281e-07,167500
1.00462747999002e-07,167600
1.00463758374523e-07,167700
1.00464772654698e-07,167800
1.0046579080478e-07,167900
1.00466812799866e-07,168000
1.00467838624776e-07,168100
1.00468868273936e-07,168200
1.00469901751269e-07,168300
1.00470939070058e-07,168400
1.00471980252825e-07,168500
1.00473025331185e-07,168600
1.00474074345715e-07,168700
1.00475127345803e-07,168800
1.00476184389497e-07,168900
1.00477245543355e-07,169000
1.00478310882278e-07,169100
1.00479380489353e-07,169200
1.00480454455686e-07,169300
1.00481532880223e-07,169400
1.00482615869585e-07,169500
1.00483703537879e-07,169600
1.00484796006522e-07,169700
1.00485893404054e-07,169800
1.0048699586595e-07,169900
1.00488103534425e-07,170000
1.0048921655824e-07,170100
1.00490335092513e-07,170200
1.00491459298505e-07,170300
1.00492589343431e-07,170400
1.00493725400248e-07,170500
1.00494867647452e-07,170600
1.00496016268869e-07,170700
1.00497171453447e-07,170800
1.00498333395043e-07,170900
1.00499502292211e-07,171000
1.00500678347991e-07,171100
1.0050186176969e-07,171200
1.0050305276867e-07,171300
1.0050425156013e-07,171400
1.00505458362892e-07,171500
1.00506673399183e-07,171600
1.00507896894415e-07,171700
1.00509129076975e-07,171800
1.00510370178e-07,171900
1.00511620431165e-07,172000
1.00512880072468e-07,172100
1.0051414934001e-07,172200
1.00515428473785e-07,172300
1.00516717715462e-07,172400
1.00518017308177e-07,172500
1.00519327496316e-07,172600
1.00520648525311e-07,172700
1.00521980641422e-07,172800
1.00523324091543e-07,172900
1.00524679122983e-07,173000
1.00526045983273e-07,173100
1.00527424919957e-07,173200
1.00528816180399e-07,173300
1.00530220011585e-07,173400
1.00531636659922e-07,173500
1.00533066371054e-07,173600
1.00534509389667e-07,173700
1.00535965959309e-07,173800
1.00537436322197e-07,173900
1.00538920719044e-07,174000
1.00540419388879e-07,174100
1.00541932568868e-07,174200
1.00543460494153e-07,174300
1.00545003397672e-07,174400
1.00546561510004e-07,174500
1.00548135059201e-07,174600
1.00549724270639e-07,174700
1.00551329366854e-07,174800
1.00552950567403e-07,174900
1.0055458808871e-07,175000
1.00556242143925e-07,175100
1.00557912942793e-07,175200
1.00559600691511e-07,175300
1.00561305592599e-07,175400
1.00563027844783e-07,175500
1.00564767642865e-07,175600
1.00566525177607e-07,175700
1.00568300635619e-07,175800
1.0057009419925e-07,175900
1.00571906046484e-07,176000
1.00573736350839e-07,176100
1.00575585281272e-07,176200
1.00577453002089e-07,176300
1.00579339672852e-07,176400
1.00581245448305e-07,176500
1.00583170478289e-07,176600
1.00585114907674e-07,176700
1.00587078876287e-07,176800
1.00589062518843e-07,176900
1.00591065964896e-07,177000
1.00593089338769e-07,177100
1.00595132759515e-07,177200
1.00597196340862e-07,177300
1.00599280191174e-07,177400
1.00601384413409e-07,177500
1.00603509105088e-07,177600
1.00605654358266e-07,177700
1.00607820259499e-07,177800
1.00610006889835e-07,177900
1.00612214324784e-07,178000
1.0061444263431e-07,178100
1.00616691882824e-07,178200
1.00618962129174e-07,178300
1.00621253426646e-07,178400
1.00623565822966e-07,178500
1.00625899360306e-07,178600
1.00628254075293e-07,178700
1.00630629999024e-07,178800
1.00633027157083e-07,178900
1.00635445569558e-07,179000
1.00637885251069e-07,179100
1.00640346210793e-07,179200
1.00642828452495e-07,179300
1.00645331974562e-07,179400
1.0064785677004e-07,179500
1.00650402826667e-07,179600
1.00652970126929e-07,179700
1.00655558648088e-07,179800
1.00658168362248e-07,179900
1.0066079923639e-07,180000
1.0066345123243e-07,180100
1.0066612430728e-07,180200
1.00668818412895e-07,180300
1.00671533496341e-07,180400
1.00674269499853e-07,180500
1.00677026360897e-07,180600
1.0067980401224e-07,180700
1.0068260238201e-07,180800
1.00685421393771e-07,180900
1.0068826096659e-07,181000
1.00691121015108e-07,181100
1.00694001449613e-07,181200
1.00696902176114e-07,181300
1.00699823096416e-07,181400
1.00702764108191e-07,181500
1.00705725105066e-07,181600
1.00708705976681e-07,181700
1.00711706608788e-07,181800
1.00714726883309e-07,181900
1.00717766678429e-07,182000
1.00720825868665e-07,182100
1.00723904324949e-07,182200
1.00727001914703e-07,182300
1.0073011850192e-07,182400
1.00733253947241e-07,182500
1.00736408108028e-07,182600
1.00739580838447e-07,182700
1.0074277198954e-07,182800
1.00745981409306e-07,182900
1.00749208942764e-07,183000
1.00752454432036e-07,183100
1.00755717716419e-07,183200
1.00758998632454e-07,183300
1.00762297013993e-07,183400
1.00765612692272e-07,183500
1.00768945495979e-07,183600
1.00772295251312e-07,183700
1.00775661782053e-07,183800
1.00779044909619e-07,183900
1.00782444453132e-07,184000
1.00785860229473e-07,184100
1.00789292053334e-07,184200
1.00792739737281e-07,184300
1.00796203091794e-07,184400
1.00799681925328e-07,184500
1.00803176044354e-07,184600
1.00806685253402e-07,184700
1.00810209355108e-07,184800
1.00813748150251e-07,184900
1.00817301437786e-07,185000
1.00820869014888e-07,185100
1.00824450676972e-07,185200
1.00828046217728e-07,185300
1.00831655429145e-07,185400
1.00835278101538e-07,185500
1.00838914023555e-07,185600
1.00842562982211e-07,185700
1.00846224762889e-07,185800
1.00849899149352e-07,185900
1.00853585923757e-07,186000
1.00857284866653e-07,186100
1.00860995756982e-07,186200
1.00864718372083e-07,186300
1.0086845248768e-07,186400
1.00872197877876e-07,186500
1.00875954315141e-07,186600
1.00879721570296e-07,186700
1.00883499412498e-07,186800
1.00887287609212e-07,186900
1.00891085926195e-07,187000
1.00894894127455e-07,187100
1.00898711975238e-07,187200
1.00902539229974e-07,187300
1.00906375650253e-07,187400
1.00910220992777e-07,187500
1.00914075012319e-07,187600
1.00917937461676e-07,187700
1.00921808091616e-07,187800
1.00925686650828e-07,187900
1.00929572885863e-07,188000
1.00933466541077e-07,188100
1.00937367358566e-07,188200
1.00941275078107e-07,188300
1.0094518943708e-07,188400
1.0094911017041e-07,188500
1.00953037010482e-07,188600
1.00956969687075e-07,188700
1.00960907927275e-07,188800
1.00964851455401e-07,188900
1.0096879999292e-07,189000
1.00972753258359e-07,189100
1.00976710967221e-07,189200
1.00980672831891e-07,189300
1.00984638561548e-07,189400
1.0098860786207e-07,189500
1.00992580435938e-07,189600
1.00996555982138e-07,189700
1.01000534196062e-07,189800
1.01004514769409e-07,189900
1.01008497390082e-07,190000
1.01012481742082e-07,190100
1.0101646750541e-07,190200
1.01020454355954e-07,190300
1.01024441965384e-07,190400
1.01028430001049e-07,190500
1.01032418125864e-07,190600
1.010364059982e-07,190700
1.0104039327178e-07,190800
1.01044379595564e-07,190900
1.01048364613639e-07,191000
1.01052347965113e-07,191100
1.01056329284002e-07,191200
1.01060308199116e-07,191300
1.01064284333956e-07,191400
1.01068257306601e-07,191500
1.01072226729597e-07,191600
1.01076192209857e-07,191700
1.01080153348538e-07,191800
1.01084109740952e-07,191900
1.01088060976449e-07,192000
1.01092006638317e-07,192100
1.01095946303679e-07,192200
1.01099879543391e-07,192300
1.01103805921943e-07,192400
1.01107724997358e-07,192500
1.01111636321102e-07,192600
1.01115539437983e-07,192700
1.01119433886069e-07,192800
1.01123319196588e-07,192900
1.01127194893845e-07,193000
1.01131060495146e-07,193100
1.01134915510705e-07,193200
1.01138759443565e-07,193300
1.01142591789536e-07,193400
1.01146412037114e-07,193500
1.01150219667405e-07,193600
1.01154014154075e-07,193700
1.01157794963275e-07,193800
1.01161561553591e-07,193900
1.01165313375985e-07,194000
1.01169049873749e-07,194100
1.01172770482454e-07,194200
1.01176474629908e-07,194300
1.01180161736124e-07,194400
1.01183831213282e-07,194500
1.01187482465701e-07,194600
1.01191114889817e-07,194700
1.01194727874157e-07,194800
1.01198320799338e-07,194900
1.01201893038046e-07,195000
1.01205443955033e-07,195100
1.01208972907125e-07,195200
1.01212479243222e-07,195300
1.01215962304313e-07,195400
1.0121942142349e-07,195500
1.01222855925978e-07,195600
1.01226265129154e-07,195700
1.01229648342588e-07,195800
1.01233004868082e-07,195900
1.01236333999715e-07,196000
1.01239635023893e-07,196100
1.01242907219415e-07,196200
1.01246149857526e-07,196300
1.01249362201999e-07,196400
1.01252543509201e-07,196500
1.01255693028184e-07,196600
1.01258810000767e-07,196700
1.0126189366164e-07,196800
1.0126494323846e-07,196900
1.01267957951959e-07,197000
1.01270937016064e-07,197100
1.01273879638013e-07,197200
1.01276785018484e-07,197300
1.01279652351734e-07,197400
1.01282480825734e-07,197500
1.01285269622317e-07,197600
1.01288017917337e-07,197700
1.01290724880827e-07,197800
1.01293389677161e-07,197900
1.01296011465239e-07,198000
1.01298589398652e-07,198100
1.01301122625884e-07,198200
1.01303610290496e-07,198300
1.01306051531326e-07,198400
1.013084454827e-07,198500
1.01310791274635e-07,198600
1.01313088033071e-07,198700
1.01315334880084e-07,198800
1.01317530934121e-07,198900
1.01319675310241e-07,199000
1.01321767120354e-07,199100
1.01323805473469e-07,199200
1.01325789475956e-07,199300
1.01327718231798e-07,199400
1.0132959084287e-07,199500
1.01331406409198e-07,199600
1.01333164029248e-07,199700
1.01334862800206e-07,199800
1.01336501818264e-07,199900
1.01338080178921e-07,200000
1.01339596977277e-07,200100
1.01341051308343e-07,200200
1.01342442267346e-07,200300
1.01343768950044e-07,200400
1.01345030453051e-07,200500
1.01346225874155e-07,200600
1.01347354312647e-07,200700
1.01348414869659e-07,200800
1.01349406648492e-07,200900
1.01350328754965e-07,201000
1.01351180297758e-07,201100
1.01351960388755e-07,201200
1.01352668143403e-07,201300
1.01353302681064e-07,201400
1.01353863125376e-07,201500
1.01354348604611e-07,201600
1.01354758252041e-07,201700
1.0135509120631e-07,201800
1.01355346611798e-07,201900
1.01355523618993e-07,202000
1.01355621384872e-07,202100
1.01355639073272e-07,202200
1.01355575855269e-07,202300
1.01355430909556e-07,202400
1.01355203422833e-07,202500
1.01354892590176e-07,202600
1.01354497615434e-07,202700
1.01354017711602e-07,202800
1.01353452101213e-07,202900
1.01352800016723e-07,203000
1.01352060700893e-07,203100
1.01351233407176e-07,203200
1.01350317400104e-07,203300
1.0134931195567e-07,203400
1.01348216361715e-07,203500
1.01347029918314e-07,203600
1.01345751938148e-07,203700
1.01344381746896e-07,203800
1.01342918683609e-07,203900
1.01341362101089e-07,204000
1.01339711366267e-07,204100
1.01337965860574e-07,204200
1.01336124980312e-07,204300
1.01334188137025e-07,204400
1.01332154757866e-07,204500
1.01330024285955e-07,204600
1.01327796180746e-07,204700
1.01325469918375e-07,204800
1.0132304499202e-07,204900
1.01320520912245e-07,205000
1.01317897207349e-07,205100
1.01315173423699e-07,205200
1.01312349126078e-07,205300
1.01309423898002e-07,205400
1.01306397342055e-07,205500
1.01303269080211e-07,205600
1.0130003875414e-07,205700
1.01296706025532e-07,205800
1.0129327057639e-07,205900
1.01289732109334e-07,206000
1.0128609034789e-07,206100
1.01282345036781e-07,206200
1.01278495942199e-07,206300
1.01274542852085e-07,206400
1.01270485576389e-07,206500
1.01266323947333e-07,206600
1.01262057819657e-07,206700
1.01257687070871e-07,206800
1.01253211601481e-07,206900
1.01248631335228e-07,207000
1.01243946219299e-07,207100
1.01239156224546e-07,207200
1.01234261345684e-07,207300
1.01229261601497e-07,207400
1.0122415703501e-07,207500
1.0121894771368e-07,207600
1.0121363372956e-07,207700
1.0120821519946e-07,207800
1.01202692265094e-07,207900
1.01197065093232e-07,208000
1.01191333875821e-07,208100
1.01185498830116e-07,208200
1.01179560198787e-07,208300
1.01173518250028e-07,208400
1.01167373277646e-07,208500
1.01161125601149e-07,208600
1.01154775565812e-07,208700
1.01148323542752e-07,208800
1.01141769928964e-07,208900
1.01135115147386e-07,209000
1.01128359646908e-07,209100
1.01121503902411e-07,209200
1.01114548414768e-07,209300
1.01107493710852e-07,209400
1.01100340343519e-07,209500
1.01093088891592e-07,209600
1.01085739959828e-07,209700
1.01078294178874e-07,209800
1.01070752205218e-07,209900
1.0106311472112e-07,210000
1.0105538243454e-07,210100
1.01047556079052e-07,210200
1.01039636413748e-07,210300
1.01031624223128e-07,210400
1.01023520316984e-07,210500
1.0101532553027e-07,210600
1.01007040722959e-07,210700
1.00998666779899e-07,210800
1.00990204610644e-07,210900
1.00981655149287e-07,211000
1.00973019354269e-07,211100
1.00964298208198e-07,211200
1.0095549271763e-07,211300
1.00946603912863e-07,211400
1.00937632847708e-07,211500
1.00928580599257e-07,211600
1.00919448267628e-07,211700
1.00910236975717e-07,211800
1.00900947868927e-07,211900
1.00891582114893e-07,212000
1.00882140903189e-07,212100
1.00872625445041e-07,212200
1.00863036973011e-07,212300
1.00853376740687e-07,212400
1.00843646022355e-07,212500
1.0083384611266e-07,212600
1.0082397832627e-07,212700
1.00814043997512e-07,212800
1.00804044480015e-07,212900
1.00793981146341e-07,213000
1.00783855387596e-07,213100
1.00773668613053e-07,213200
1.0076342224974e-07,213300
1.00753117742048e-07,213400
1.0074275655131e-07,213500
1.00732340155383e-07,213600
1.00721870048214e-07,213700
1.00711347739411e-07,213800
1.0070077475379e-07,213900
1.00690152630934e-07,214000
1.00679482924725e-07,214100
1.00668767202887e-07,214200
1.00658007046513e-07,214300
1.00647204049583e-07,214400
1.00636359818485e-07,214500
1.00625475971526e-07,214600
1.00614554138436e-07,214700
1.00603595959863e-07,214800
1.00592603086874e-07,214900
1.00581577180444e-07,215000
1.0057051991093e-07,215100
1.0055943295757e-07,215200
1.00548318007941e-07,215300
1.00537176757439e-07,215400
1.00526010908751e-07,215500
1.0051482217131e-07,215600
1.00503612260764e-07,215700
1.00492382898429e-07,215800
1.0048113581075e-07,215900
1.00469872728752e-07,216000
1.00458595387485e-07,216100
1.00447305525485e-07,216200
1.00436004884211e-07,216300
1.00424695207491e-07,216400
1.00413378240974e-07,216500
1.00402055731567e-07,216600
1.00390729426879e-07,216700
1.00379401074663e-07,216800
1.00368072422262e-07,216900
1.00356745216048e-07,217000
1.00345421200861e-07,217100
1.00334102119463e-07,217200
1.0032278971197e-07,217300
1.00311485715307e-07,217400
1.00300191862649e-07,217500
1.00288909882874e-07,217600
1.00277641500008e-07,217700
1.0026638843268e-07,217800
1.00255152393582e-07,217900
1.00243935088919e-07,218000
1.00232738217876e-07,218100
1.00221563472078e-07,218200
1.00210412535056e-07,218300
1.0019928708173e-07,218400
1.00188188777867e-07,218500
1.00177119279575e-07,218600
1.00166080232779e-07,218700
1.00155073272712e-07,218800
1.0014410002341e-07,218900
1.00133162097208e-07,219000
1.00122261094251e-07,219100
1.00111398601992e-07,219200
1.00100576194722e-07,219300
1.00089795433082e-07,219400
1.00079057863595e-07,219500
1.00068365018205e-07,219600
1.00057718413807e-07,219700
1.0004711955181e-07,219800
1.00036569917685e-07,219900
1.0002607098053e-07,220000
1.00015624192642e-07,220100
1.00005230989089e-07,220200
9.99948927873127e-08,220300
9.99846109867057e-08,220400
9.99743869682272e-08,220500
9.99642220940072e-08,220600
9.9954117706975e-08,220700
9.99440751304782e-08,220800
9.99340956679344e-08,220900
9.99241806024656e-08,221000
9.99143311965652e-08,221100
9.99045486917607e-08,221200
9.98948343082907e-08,221300
9.98851892447884e-08,221400
9.98756146779837e-08,221500
9.98661117624031e-08,221600
9.98566816300897e-08,221700
9.98473253903258e-08,221800
9.98380441293793e-08,221900
9.98288389102343e-08,222000
9.98197107723701e-08,222100
9.98106607315096e-08,222200
9.98016897794132e-08,222300
9.97927988836647e-08,222400
9.9783988987468e-08,222500
9.97752610094682e-08,222600
9.97666158435674e-08,222700
9.97580543587616e-08,222800
9.974957739899e-08,222900
9.97411857829861e-08,223000
9.97328803041482e-08,223100
9.97246617304203e-08,223200
9.97165308041817e-08,223300
9.97084882421481e-08,223400
9.97005347352873e-08,223500
9.96926709487431e-08,223600
9.96848975217692e-08,223700
9.967721506768e-08,223800
9.96696241738093e-08,223900
9.96621254014775e-08,224000
9.9654719285976e-08,224100
9.96474063365608e-08,224200
9.96401870364519e-08,224300
9.96330618428542e-08,224400
9.96260311869803e-08,224500
9.96190954740899e-08,224600
9.96122550835387e-08,224700
9.96055103688343e-08,224800
9.95988616577127e-08,224900
9.95923092522136e-08,225000
9.95858534287806e-08,225100
9.95794944383526e-08,225200
9.9573232506488e-08,225300
9.95670678334822e-08,225400
9.95610005945057e-08,225500
9.95550309397445e-08,225600
9.95491589945608e-08,225700
9.95433848596492e-08,225800
9.95377086112204e-08,225900
9.95321303011795e-08,226000
9.95266499573239e-08,226100
9.9521267583544e-08,226200
9.95159831600387e-08,226300
9.95107966435341e-08,226400
9.95057079675179e-08,226500
9.95007170424824e-08,226600
9.9495823756164e-08,226700
9.94910279738095e-08,226800
9.94863295384408e-08,226900
9.94817282711243e-08,227000
9.94772239712576e-08,227100
9.94728164168563e-08,227200
9.94685053648576e-08,227300
9.94642905514172e-08,227400
9.94601716922284e-08,227500
9.94561484828378e-08,227600
9.94522205989766e-08,227700
9.94483876968891e-08,227800
9.94446494136725e-08,227900
9.94410053676272e-08,228000
9.94374551586057e-08,228100
9.94339983683697e-08,228200
9.94306345609553e-08,228300
9.94273632830458e-08,228400
9.9424184064336e-08,228500
9.94210964179191e-08,228600
9.94180998406715e-08,228700
9.94151938136353e-08,228800
9.94123778024131e-08,228900
9.94096512575691e-08,229000
9.94070136150252e-08,229100
9.94044642964628e-08,229200
9.94020027097372e-08,229300
9.93996282492838e-08,229400
9.93973402965313e-08,229500
9.93951382203208e-08,229600
9.93930213773179e-08,229700
9.93909891124435e-08,229800
9.93890407592858e-08,229900
9.93871756405316e-08,230000
9.93853930683887e-08,230100
9.93836923450153e-08,230200
9.93820727629431e-08,230300
9.93805336055132e-08,230400
9.93790741472973e-08,230500
9.93776936545319e-08,230600
9.9376391385547e-08,230700
9.93751665911924e-08,230800
9.93740185152703e-08,230900
9.93729463949611e-08,231000
9.93719494612485e-08,231100
9.937102693935e-08,231200
9.93701780491359e-08,231300
9.93694020055564e-08,231400
9.93686980190613e-08,231500
9.93680652960162e-08,231600
9.93675030391235e-08,231700
9.93670104478343e-08,231800
9.93665867187592e-08,231900
9.93662310460778e-08,232000
9.93659426219449e-08,232100
9.9365720636886e-08,232200
9.93655642802078e-08,232300
9.93654727403798e-08,232400
9.93654452054368e-08,232500
9.93654808633534e-08,232600
9.93655789024371e-08,232700
9.93657385116989e-08,232800
9.93659588812287e-08,232900
9.93662392025608e-08,233000
9.93665786690411e-08,233100
9.93669764761831e-08,233200
9.93674318220155e-08,233300
9.93679439074352e-08,233400
9.93685119365444e-08,233500
9.93691351169853e-08,233600
9.93698126602718e-08,233700
9.93705437821072e-08,233800
9.9371327702704e-08,233900
9.93721636470921e-08,234000
9.93730508454219e-08,234100
9.93739885332608e-08,234200
9.93749759518825e-08,234300
9.9376012348545e-08,234400
9.93770969767718e-08,234500
9.93782290966175e-08,234600
9.93794079749259e-08,234700
9.93806328855821e-08,234800
9.93819031097625e-08,234900
9.9383217936168e-08,235000
9.93845766612549e-08,235100
9.93859785894575e-08,235200
9.93874230333991e-08,235300
9.93889093141011e-08,235400
9.93904367611828e-08,235500
9.93920047130385e-08,235600
9.93936125170383e-08,235700
9.93952595296837e-08,235800
9.93969451167822e-08,235900
9.93986686536014e-08,236000
9.94004295250144e-08,236100
9.94022271256442e-08,236200
9.94040608599887e-08,236300
9.94059301425497e-08,236400
9.9407834397944e-08,236500
9.94097730610061e-08,236600
9.94117455768917e-08,236700
9.94137514011607e-08,236800
9.9415789999862e-08,236900
9.94178608495993e-08,237000
9.94199634375991e-08,237100
9.94220972617648e-08,237200
9.94242618307191e-08,237300
9.94264566638476e-08,237400
9.94286812913238e-08,237500
9.94309352541305e-08,237600
9.94332181040728e-08,237700
9.9435529403788e-08,237800
9.94378687267314e-08,237900
9.94402356571731e-08,238000
9.94426297901767e-08,238100
9.94450507315684e-08,238200
9.94474980979016e-08,238300
9.94499715164163e-08,238400
9.94524706249868e-08,238500
9.94549950720601e-08,238600
9.94575445165909e-08,238700
9.9460118627968e-08,238800
9.94627170859337e-08,238900
9.94653395804901e-08,239000
9.9467985811805e-08,239100
9.94706554901175e-08,239200
9.9473348335613e-08,239300
9.94760640783173e-08,239400
9.94788024579684e-08,239500
9.9481563223889e-08,239600
9.94843461348446e-08,239700
9.94871509589088e-08,239800
9.94899774733044e-08,239900
9.94928254642568e-08,240000
9.94956947268263e-08,240100
9.94985850647473e-08,240200
9.95014962902499e-08,240300
9.95044282238856e-08,240400
9.95073806943451e-08,240500
9.95103535382625e-08,240600
9.95133466000326e-08,240700
9.95163597316055e-08,240800
9.95193927922829e-08,240900
9.95224456485195e-08,241000
9.95255181736993e-08,241100
9.95286102479281e-08,241200
9.95317217578124e-08,241300
9.95348525962324e-08,241400
9.95380026621177e-08,241500
9.95411718602193e-08,241600
9.95443601008675e-08,241700
9.95475672997419e-08,241800
9.95507933776311e-08,241900
9.95540382601867e-08,242000
9.95573018776789e-08,242100
9.95605841647489e-08,242200
9.95638850601655e-08,242300
9.95672045065625e-08,242400
9.95705424501941e-08,242500
9.95738988406743e-08,242600
9.95772736307229e-08,242700
9.95806667759097e-08,242800
9.95840782343924e-08,242900
9.9587507966657e-08,243000
9.95909559352604e-08,243100
9.95944221045668e-08,243200
9.95979064404876e-08,243300
9.96014089102229e-08,243400
9.96049294819951e-08,243500
9.96084681247914e-08,243600
9.96120248081063e-08,243700
9.96155995016742e-08,243800
9.96191921752157e-08,243900
9.96228027981834e-08,244000
9.96264313394944e-08,244100
9.96300777672836e-08,244200
9.96337420486522e-08,244300
9.96374241494006e-08,244400
9.96411240337969e-08,244500
9.96448416643181e-08,244600
9.9648577001403e-08,244700
9.96523300032144e-08,244800
9.96561006253964e-08,244900
9.96598888208293e-08,245000
9.96636945394078e-08,245100
9.96675177277939e-08,245200
9.96713583291972e-08,245300
9.96752162831453e-08,245400
9.96790915252632e-08,245500
9.96829839870532e-08,245600
9.96868935956784e-08,245700
9.96908202737568e-08,245800
9.96947639391502e-08,245900
9.9698724504761e-08,246000
9.97027018783372e-08,246100
9.97066959622747e-08,246200
9.97107066534329e-08,246300
9.97147338429447e-08,246400
9.97187774160408e-08,246500
9.97228372518722e-08,246600
9.97269132233443e-08,246700
9.97310051969506e-08,246800
9.97351130326073e-08,246900
9.9739236583513e-08,247000
9.9743375695989e-08,247100
9.97475302093417e-08,247200
9.97516999557245e-08,247300
9.97558847600077e-08,247400
9.97600844396506e-08,247500
9.97642988045889e-08,247600
9.9768527657112e-08,247700
9.97727707917611e-08,247800
9.97770279952328e-08,247900
9.97812990462719e-08,248000
9.97855837155994e-08,248100
9.97898817658145e-08,248200
9.97941929513286e-08,248300
9.97985170182973e-08,248400
9.9802853704549e-08,248500
9.98072027395364e-08,248600
9.98115638442844e-08,248700
9.98159367313494e-08,248800
9.98203211047789e-08,248900
9.98247166600864e-08,249000
9.98291230842246e-08,249100
9.98335400555732e-08,249200
9.98379672439238e-08,249300
9.98424043104872e-08,249400
9.9846850907885e-08,249500
9.98513066801714e-08,249600
9.98557712628421e-08,249700
9.98602442828657e-08,249800
9.98647253587102e-08,249900
9.98692141003825e-08,250000
9.98737101094706e-08,250100
9.98782129791998e-08,250200
9.98827222944832e-08,250300
9.9887237631993e-08,250400
9.98917585602246e-08,250500
9.98962846395796e-08,250600
9.99008154224479e-08,250700
9.99053504532954e-08,250800
9.99098892687636e-08,250900
9.99144313977726e-08,251000
9.99189763616276e-08,251100
9.99235236741384e-08,251200
9.99280728417351e-08,251300
9.99326233636022e-08,251400
9.99371747318073e-08,251500
9.99417264314456e-08,251600
9.99462779407786e-08,251700
9.99508287313912e-08,251800
9.99553782683486e-08,251900
9.9959926010351e-08,252000
9.99644714099117e-08,252100
9.99690139135237e-08,252200
9.99735529618406e-08,252300
9.99780879898603e-08,252400
9.9982618427114e-08,252500
9.99871436978602e-08,252600
9.99916632212831e-08,252700
9.99961764116964e-08,252800
1.00000682678751e-07,252900
1.00005181427649e-07,253000
1.00009672059359e-07,253100
1.00014153970841e-07,253200
1.00018626555266e-07,253300
1.00023089202255e-07,253400
1.00027541298101e-07,253500
1.00031982226018e-07,253600
1.00036411366374e-07,253700
1.00040828096938e-07,253800
1.0004523179313e-07,253900
1.0004962182827e-07,254000
1.0005399757383e-07,254100
1.000583583997e-07,254200
1.00062703674438e-07,254300
1.00067032765536e-07,254400
1.00071345039694e-07,254500
1.00075639863073e-07,254600
1.00079916601575e-07,254700
1.00084174621114e-07,254800
1.00088413287887e-07,254900
1.00092631968651e-07,255000
1.00096830031005e-07,255100
1.00101006843659e-07,255200
1.00105161776725e-07,255300
1.00109294201992e-07,255400
1.00113403493213e-07,255500
1.00117489026382e-07,255600
1.00121550180025e-07,255700
1.00125586335482e-07,255800
1.00129596877192e-07,255900
1.00133581192977e-07,256000
1.00137538674331e-07,256100
1.00141468716703e-07,256200
1.00145370719783e-07,256300
1.00149244087785e-07,256400
1.00153088229738e-07,256500
1.00156902559762e-07,256600
1.00160686497354e-07,256700
1.0016443946767e-07,256800
1.00168160901809e-07,256900
1.00171850237086e-07,257000
1.00175506917316e-07,257100
1.00179130393087e-07,257200
1.00182720122039e-07,257300
1.00186275569133e-07,257400
1.00189796206921e-07,257500
1.00193281515824e-07,257600
1.00196730984386e-07,257700
1.00200144109547e-07,257800
1.00203520396902e-07,257900
1.00206859360959e-07,258000
1.00210160525396e-07,258100
1.00213423423315e-07,258200
1.00216647597488e-07,258300
1.00219832600611e-07,258400
1.00222977995539e-07,258500
1.0022608335553e-07,258600
1.00229148264481e-07,258700
1.00232172317161e-07,258800
1.00235155119437e-07,258900
1.00238096288501e-07,259000
1.00240995453086e-07,259100
1.00243852253692e-07,259200
1.00246666342782e-07,259300
1.00249437385006e-07,259400
1.00252165057389e-07,259500
1.00254849049541e-07,259600
1.00257489063841e-07,259700
1.00260084815632e-07,259800
1.002626360334e-07,259900
1.0026514245895e-07,260000
1.00267603847588e-07,260100
1.00270019968281e-07,260200
1.00272390603818e-07,260300
1.00274715550974e-07,260400
1.00276994620654e-07,260500
1.00279227638046e-07,260600
1.00281414442751e-07,260700
1.0028355488893e-07,260800
1.0028564884542e-07,260900
1.00287696195863e-07,261000
1.00289696838821e-07,261100
1.00291650687886e-07,261200
1.00293557671787e-07,261300
1.00295417734479e-07,261400
1.00297230835251e-07,261500
1.00298996948793e-07,261600
1.00300716065287e-07,261700
1.00302388190477e-07,261800
1.00304013345734e-07,261900
1.00305591568121e-07,262000
1.00307122910432e-07,262100
1.00308607441261e-07,262200
1.00310045245023e-07,262300
1.00311436421997e-07,262400
1.0031278108835e-07,262500
1.00314079376161e-07,262600
1.00315331433429e-07,262700
1.00316537424084e-07,262800
1.00317697527988e-07,262900
1.00318811940925e-07,263000
1.00319880874591e-07,263100
1.00320904556575e-07,263200
1.00321883230325e-07,263300
1.00322817155129e-07,263400
1.00323706606063e-07,263500
1.00324551873943e-07,263600
1.00325353265284e-07,263700
1.0032611110223e-07,263800
1.00326825722491e-07,263900
1.00327497479268e-07,264000
1.00328126741175e-07,264100
1.00328713892148e-07,264200
1.00329259331362e-07,264300
1.0032976347312e-07,264400
1.00330226746756e-07,264500
1.00330649596513e-07,264600
1.00331032481435e-07,264700
1.00331375875233e-07,264800
1.00331680266159e-07,264900
1.00331946156866e-07,265000
1.00332174064262e-07,265100
1.0033236451936e-07,265200
1.00332518067128e-07,265300
1.00332635266319e-07,265400
1.00332716689302e-07,265500
1.00332762921898e-07,265600
1.00332774563187e-07,265700
1.00332752225327e-07,265800
1.00332696533368e-07,265900
1.00332608125044e-07,266000
1.00332487650578e-07,266100
1.0033233577247e-07,266200
1.00332153165283e-07,266300
1.00331940515426e-07,266400
1.00331698520927e-07,266500
1.00331427891205e-07,266600
1.00331129346833e-07,266700
1.00330803619301e-07,266800
1.00330451450769e-07,266900
1.00330073593821e-07,267000
1.00329670811206e-07,267100
1.00329243875581e-07,267200
1.00328793569251e-07,267300
1.00328320683894e-07,267400
1.003278260203e-07,267500
1.00327310388083e-07,267600
1.00326774605406e-07,267700
1.003262194987e-07,267800
1.00325645902372e-07,267900
1.00325054658511e-07,268000
1.00324446616597e-07,268100
1.00323822633199e-07,268200
1.00323183571674e-07,268300
1.0032253030186e-07,268400
1.00321863699767e-07,268500
1.00321184647267e-07,268600
1.00320494031776e-07,268700
1.00319792745936e-07,268800
1.003190816873e-07,268900
1.00318361757999e-07,269000
1.00317633864424e-07,269100
1.00316898916899e-07,269200
1.00316157829343e-07,269300
1.00315411518946e-07,269400
1.00314660905827e-07,269500
1.00313906912707e-07,269600
1.00313150464561e-07,269700
1.00312392488285e-07,269800
1.0031163391236e-07,269900
1.00310875666495e-07,270000
1.00310118681295e-07,270100
1.00309363887918e-07,270200
1.0030861221772e-07,270300
1.00307864601919e-07,270400
1.0030712197124e-07,270500
1.00306385255572e-07,270600
1.00305655383622e-07,270700
1.00304933282561e-07,270800
1.00304219877681e-07,270900
1.00303516092044e-07,271000
1.00302822846134e-07,271100
1.00302141057513e-07,271200
1.00301471640466e-07,271300
1.00300815505662e-07,271400
1.003001735598e-07,271500
1.00299546705272e-07,271600
1.00298935839809e-07,271700
1.00298341856145e-07,271800
1.00297765641669e-07,271900
1.00297208078085e-07,272000
1.00296670041076e-07,272100
1.00296152399961e-07,272200
1.00295656017358e-07,272300
1.00295181748853e-07,272400
1.00294730442662e-07,272500
1.00294302939304e-07,272600
1.0029390007127e-07,272700
1.002935226627e-07,272800
1.00293171529047e-07,272900
1.00292847476772e-07,273000
1.00292551303011e-07,273100
1.00292283795268e-07,273200
1.00292045731093e-07,273300
1.00291837877775e-07,273400
1.00291660992041e-07,273500
1.00291515819739e-07,273600
1.00291403095545e-07,273700
1.00291323542664e-07,273800
1.00291277872536e-07,273900
1.00291266784543e-07,274000
1.00291290965724e-07,274100
1.00291351090493e-07,274200
1.00291447820356e-07,274300
1.00291581803641e-07,274400
1.00291753675222e-07,274500
1.00291964056258e-07,274600
1.00292213553924e-07,274700
1.0029250276116e-07,274800
1.00292832256409e-07,274900
1.00293202603378e-07,275000
1.00293614350784e-07,275100
1.00294068032126e-07,275200
1.00294564165436e-07,275300
1.00295103253064e-07,275400
1.00295685781442e-07,275500
1.00296312220874e-07,275600
1.00296983025312e-07,275700
1.00297698632157e-07,275800
1.00298459462046e-07,275900
1.00299265918664e-07,276000
1.00300118388539e-07,276100
1.00301017240866e-07,276200
1.00301962827321e-07,276300
1.00302955481881e-07,276400
1.00303995520664e-07,276500
1.00305083241753e-07,276600
1.00306218925048e-07,276700
1.00307402832104e-07,276800
1.00308635205994e-07,276900
1.00309916271161e-07,277000
1.00311246233285e-07,277100
1.00312625279163e-07,277200
1.0031405357657e-07,277300
1.00315531274163e-07,277400
1.00317058501354e-07,277500
1.0031863536822e-07,277600
1.00320261965395e-07,277700
1.00321938363991e-07,277800
1.00323664615502e-07,277900
1.00325440751735e-07,278000
1.00327266784735e-07,278100
1.00329142706721e-07,278200
1.00331068490026e-07,278300
1.00333044087048e-07,278400
1.00335069430206e-07,278500
1.00337144431895e-07,278600
1.00339268984458e-07,278700
1.00341442960166e-07,278800
1.00343666211188e-07,278900
1.00345938569587e-07,279000
1.00348259847311e-07,279100
1.00350629836196e-07,279200
1.00353048307974e-07,279300
1.00355515014283e-07,279400
1.00358029686691e-07,279500
1.00360592036727e-07,279600
1.00363201755909e-07,279700
1.00365858515786e-07,279800
1.00368561967991e-07,279900
1.00371311744285e-07,280000
1.00374107456627e-07,280100
1.00376948697237e-07,280200
1.00379835038664e-07,280300
1.00382766033878e-07,280400
1.00385741216346e-07,280500
1.0038876010013e-07,280600
1.00391822179984e-07,280700
1.0039492693146e-07,280800
1.00398073811021e-07,280900
1.00401262256161e-07,281000
1.0040449168552e-07,281100
1.0040776149903e-07,281200
1.00411071078039e-07,281300
1.0041441978546e-07,281400
1.00417806965919e-07,281500
1.00421231945908e-07,281600
1.00424694033949e-07,281700
1.00428192520765e-07,281800
1.00431726679438e-07,281900
1.00435295765606e-07,282000
1.00438899017638e-07,282100
1.0044253565682e-07,282200
1.00446204887561e-07,282300
1.00449905897589e-07,282400
1.00453637858157e-07,282500
1.00457399924257e-07,282600
1.00461191234836e-07,282700
1.00465010913022e-07,282800
1.00468858066351e-07,282900
1.00472731786996e-07,283000
1.00476631152014e-07,283100
1.00480555223578e-07,283200
1.00484503049236e-07,283300
1.00488473662157e-07,283400
1.00492466081395e-07,283500
1.00496479312142e-07,283600
1.00500512346004e-07,283700
1.00504564161272e-07,283800
1.00508633723187e-07,283900
1.00512719984233e-07,284000
1.00516821884417e-07,284100
1.00520938351556e-07,284200
1.00525068301567e-07,284300
1.00529210638771e-07,284400
1.00533364256186e-07,284500
1.00537528035835e-07,284600
1.00541700849048e-07,284700
1.00545881556782e-07,284800
1.00550069009929e-07,284900
1.00554262049633e-07,285000
1.00558459507614e-07,285100
1.00562660206492e-07,285200
1.00566862960113e-07,285300
1.00571066573875e-07,285400
1.00575269845071e-07,285500
1.00579471563212e-07,285600
1.00583670510372e-07,285700
1.00587865461532e-07,285800
1.00592055184907e-07,285900
1.00596238442312e-07,286000
1.00600413989493e-07,286100
1.00604580576481e-07,286200
1.00608736947944e-07,286300
1.00612881843539e-07,286400
1.00617013998267e-07,286500
1.00621132142824e-07,286600
1.00625235003964e-07,286700
1.00629321304855e-07,286800
1.0063338976544e-07,286900
1.00637439102793e-07,287000
1.00641468031486e-07,287100
1.0064547526395e-07,287200
1.00649459510839e-07,287300
1.00653419481387e-07,287400
1.00657353883786e-07,287500
1.00661261425534e-07,287600
1.00665140813812e-07,287700
1.00668990755846e-07,287800
1.00672809959268e-07,287900
1.00676597132486e-07,288000
1.00680350985046e-07,288100
1.00684070227993e-07,288200
1.00687753574245e-07,288300
1.00691399738944e-07,288400
1.00695007439826e-07,288500
1.00698575397579e-07,288600
1.00702102336209e-07,288700
1.00705586983389e-07,288800
1.00709028070832e-07,288900
1.00712424334638e-07,289000
1.00715774515648e-07,289100
1.00719077359811e-07,289200
1.00722331618521e-07,289300
1.0072553604898e-07,289400
1.00728689414541e-07,289500
1.00731790485055e-07,289600
1.00734838037221e-07,289700
1.00737830854926e-07,289800
1.00740767729581e-07,289900
1.00743647460469e-07,290000
1.00746468855071e-07,290100
1.00749230729409e-07,290200
1.00751931908368e-07,290300
1.00754571226026e-07,290400
1.00757147525986e-07,290500
1.00759659661682e-07,290600
1.00762106496718e-07,290700
1.00764486905165e-07,290800
1.00766799771889e-07,290900
1.00769043992841e-07,291000
1.00771218475386e-07,291100
1.00773322138588e-07,291200
1.00775353913509e-07,291300
1.00777312743512e-07,291400
1.00779197584543e-07,291500
1.00781007405426e-07,291600
1.00782741188137e-07,291700
1.00784397928089e-07,291800
1.00785976634404e-07,291900
1.00787476330182e-07,292000
1.00788896052769e-07,292100
1.00790234854019e-07,292200
1.00791491800548e-07,292300
1.00792665973987e-07,292400
1.00793756471235e-07,292500
1.00794762404692e-07,292600
1.00795682902508e-07,292700
1.0079651710881e-07,292800
1.00797264183931e-07,292900
1.00797923304638e-07,293000
1.00798493664345e-07,293100
1.00798974473332e-07,293200
1.00799364958947e-07,293300
1.00799664365816e-07,293400
1.00799871956037e-07,293500
1.00799987009373e-07,293600
1.00800008823444e-07,293700
1.00799936713898e-07,293800
1.00799770014604e-07,293900
1.00799508077804e-07,294000
1.00799150274301e-07,294100
1.00798695993594e-07,294200
1.00798144644053e-07,294300
1.00797495653058e-07,294400
1.00796748467148e-07,294500
1.00795902552148e-07,294600
1.00794957393314e-07,294700
1.00793912495453e-07,294800
1.00792767383038e-07,294900
1.00791521600334e-07,295000
1.00790174711499e-07,295100
1.00788726300688e-07,295200
1.00787175972153e-07,295300
1.00785523350331e-07,295400
1.00783768079931e-07,295500
1.00781909826015e-07,295600
1.00779948274069e-07,295700
1.00777883130072e-07,295800
1.00775714120559e-07,295900
1.00773440992677e-07,296000
1.00771063514232e-07,296100
1.00768581473741e-07,296200
1.0076599468046e-07,296300
1.00763302964425e-07,296400
1.00760506176475e-07,296500
1.00757604188275e-07,296600
1.00754596892329e-07,296700
1.00751484201992e-07,296800
1.00748266051468e-07,296900
1.00744942395817e-07,297000
1.00741513210937e-07,297100
1.00737978493561e-07,297200
1.00734338261224e-07,297300
1.00730592552251e-07,297400
1.0072674142572e-07,297500
1.00722784961427e-07,297600
1.0071872325984e-07,297700
1.00714556442061e-07,297800
1.00710284649763e-07,297900
1.00705908045139e-07,298000
1.0070142681083e-07,298100
1.00696841149869e-07,298200
1.00692151285592e-07,298300
1.00687357461566e-07,298400
1.00682459941503e-07,298500
1.00677459009171e-07,298600
1.00672354968294e-07,298700
1.00667148142455e-07,298800
1.00661838874991e-07,298900
1.00656427528881e-07,299000
1.00650914486628e-07,299100
1.00645300150147e-07,299200
1.00639584940629e-07,299300
1.00633769298419e-07,299400
1.0062785368288e-07,299500
1.00621838572252e-07,299600
1.00615724463505e-07,299700
1.00609511872203e-07,299800
1.00603201332336e-07,299900
1.00596793396175e-07,300000
1.00590288634102e-07,300100
1.00583687634454e-07,300200
1.00576991003343e-07,300300
1.0057019936449e-07,300400
1.00563313359045e-07,300500
1.00556333645406e-07,300600
1.00549260899028e-07,300700
1.00542095812247e-07,300800
1.00534839094072e-07,300900
1.00527491469999e-07,301000
1.0052005368181e-07,301100
1.00512526487364e-07,301200
1.00504910660395e-07,301300
1.004972069903e-07,301400
1.00489416281931e-07,301500
1.00481539355372e-07,301600
1.00473577045722e-07,301700
1.00465530202875e-07,301800
1.00457399691294e-07,301900
1.00449186389782e-07,302000
1.00440891191253e-07,302100
1.00432515002497e-07,302200
1.0042405874395e-07,302300
1.00415523349449e-07,302400
1.00406909765998e-07,302500
1.0039821895352e-07,302600
1.00389451884617e-07,302700
1.00380609544323e-07,302800
1.00371692929854e-07,302900
1.00362703050357e-07,303000
1.00353640926661e-07,303100
1.00344507591018e-07,303200
1.00335304086856e-07,303300
1.00326031468514e-07,303400
1.00316690800986e-07,303500
1.00307283159665e-07,303600
1.00297809630077e-07,303700
1.00288271307623e-07,303800
1.00278669297314e-07,303900
1.00269004713507e-07,304000
1.00259278679641e-07,304100
1.0024949232797e-07,304200
1.00239646799298e-07,304300
1.00229743242714e-07,304400
1.00219782815318e-07,304500
1.00209766681962e-07,304600
1.00199696014973e-07,304700
1.00189571993889e-07,304800
1.00179395805194e-07,304900
1.00169168642041e-07,305000
1.00158891703986e-07,305100
1.00148566196726e-07,305200
1.00138193331822e-07,305300
1.00127774326432e-07,305400
1.00117310403049e-07,305500
1.00106802789227e-07,305600
1.00096252717316e-07,305700
1.00085661424196e-07,305800
1.00075030151013e-07,305900
1.00064360142908e-07,306000
1.00053652648761e-07,306100
1.00042908920918e-07,306200
1.00032130214941e-07,306300
1.00021317789332e-07,306400
1.00010472905282e-07,306500
9.99995968264134e-08,306600
9.9988690818513e-08,306700
9.99777561492852e-08,306800
9.99667940880899e-08,306900
9.99558059056926e-08,307000
9.99447928740099e-08,307100
9.99337562658599e-08,307200
9.99226973547141e-08,307300
9.99116174144502e-08,307400
9.9900517719102e-08,307500
9.98893995426233e-08,307600
9.98782641586401e-08,307700
9.98671128402138e-08,307800
9.98559468596021e-08,307900
9.98447674880244e-08,308000
9.98335759954285e-08,308100
9.98223736502572e-08,308200
9.98111617192217e-08,308300
9.97999414670735e-08,308400
9.97887141563793e-08,308500
9.97774810473007e-08,308600
9.97662433973724e-08,308700
9.97550024612884e-08,308800
9.97437594906848e-08,308900
9.97325157339259e-08,309000
9.97212724358996e-08,309100
9.97100308378079e-08,309200
9.96987921769628e-08,309300
9.96875576865843e-08,309400
9.96763285956062e-08,309500
9.96651061284743e-08,309600
9.96538915049564e-08,309700
9.96426859399547e-08,309800
9.96314906433136e-08,309900
9.96203068196416e-08,310000
9.96091356681237e-08,310100
9.95979783823465e-08,310200
9.95868361501272e-08,310300
9.95757101533324e-08,310400
9.95646015677171e-08,310500
9.95535115627548e-08,310600
9.9542441301476e-08,310700
9.95313919403074e-08,310800
9.95203646289172e-08,310900
9.95093605100613e-08,311000
9.94983807194319e-08,311100
9.94874263855119e-08,311200
9.94764986294295e-08,311300
9.94655985648224e-08,311400
9.94547272976938e-08,311500
9.94438859262829e-08,311600
9.94330755409337e-08,311700
9.94222972239663e-08,311800
9.94115520495539e-08,311900
9.94008410836012e-08,312000
9.93901653836257e-08,312100
9.9379525998649e-08,312200
9.93689239690729e-08,312300
9.93583603265897e-08,312400
9.93478360940609e-08,312500
9.93373522854257e-08,312600
9.93269099055988e-08,312700
9.93165099503812e-08,312800
9.93061534063585e-08,312900
9.92958412508245e-08,313000
9.92855744516864e-08,313100
9.92753539673887e-08,313200
9.92651807468333e-08,313300
9.92550557293026e-08,313400
9.92449798443924e-08,313500
9.92349540119339e-08,313600
9.9224979141936e-08,313700
9.92150561345191e-08,313800
9.92051858798553e-08,313900
9.9195369258113e-08,314000
9.91856071394054e-08,314100
9.91759003837358e-08,314200
9.91662498409515e-08,314300
9.91566563507021e-08,314400
9.91471207423963e-08,314500
9.91376438351653e-08,314600
9.91282264378224e-08,314700
9.91188693488375e-08,314800
9.91095733563043e-08,314900
9.91003392379111e-08,315000
9.90911677609204e-08,315100
9.90820596821505e-08,315200
9.90730157479475e-08,315300
9.90640366941811e-08,315400
9.90551232462233e-08,315500
9.90462761189436e-08,315600
9.90374960166989e-08,315700
9.90287836333289e-08,315800
9.90201396521575e-08,315900
9.90115647459832e-08,316000
9.90030595770949e-08,316100
9.89946247972671e-08,316200
9.89862610477709e-08,316300
9.89779689593888e-08,316400
9.89697491524161e-08,316500
9.89616022366894e-08,316600
9.8953528811591e-08,316700
9.89455294660726e-08,316800
9.89376047786856e-08,316900
9.89297553175886e-08,317000
9.89219816405852e-08,317100
9.89142842951507e-08,317200
9.89066638184519e-08,317300
9.88991207373928e-08,317400
9.88916555686399e-08,317500
9.88842688186604e-08,317600
9.88769609837585e-08,317700
9.88697325501159e-08,317800
9.88625839938316e-08,317900
9.8855515780969e-08,318000
9.88485283675928e-08,318100
9.88416221998234e-08,318200
9.88347977138777e-08,318300
9.88280553361235e-08,318400
9.8821395483128e-08,318500
9.88148185617083e-08,318600
9.88083249689926e-08,318700
9.88019150924636e-08,318800
9.87955893100242e-08,318900
9.87893479900516e-08,319000
9.87831914914571e-08,319100
9.8777120163743e-08,319200
9.87711343470696e-08,319300
9.87652343723111e-08,319400
9.87594205611248e-08,319500
9.87536932260084e-08,319600
9.87480526703718e-08,319700
9.87424991885998e-08,319800
9.87370330661194e-08,319900
9.87316545794663e-08,320000
9.87263639963585e-08,320100
9.8721161575757e-08,320200
9.87160475679429e-08,320300
9.87110222145849e-08,320400
9.87060857488095e-08,320500
9.87012383952732e-08,320600
9.86964803702363e-08,320700
9.86918118816337e-08,320800
9.86872331291452e-08,320900
9.86827443042728e-08,321000
9.8678345590411e-08,321100
9.86740371629252e-08,321200
9.86698191892166e-08,321300
9.86656918288057e-08,321400
9.86616552333988e-08,321500
9.86577095469705e-08,321600
9.86538549058257e-08,321700
9.8650091438687e-08,321800
9.86464192667593e-08,321900
9.86428385038075e-08,322000
9.86393492562318e-08,322100
9.86359516231361e-08,322200
9.8632645696407e-08,322300
9.86294315607829e-08,322400
9.86263092939278e-08,322500
9.86232789665071e-08,322600
9.86203406422532e-08,322700
9.8617494378042e-08,322800
9.86147402239635e-08,322900
9.86120782233882e-08,323000
9.86095084130416e-08,323100
9.86070308230761e-08,323200
9.8604645477129e-08,323300
9.86023523924027e-08,323400
9.86001515797269e-08,323500
9.85980430436202e-08,323600
9.85960267823673e-08,323700
9.85941027880735e-08,323800
9.85922710467373e-08,323900
9.85905315383069e-08,324000
9.85888842367492e-08,324100
9.85873291101018e-08,324200
9.85858661205467e-08,324300
9.85844952244577e-08,324400
9.85832163724682e-08,324500
9.85820295095227e-08,324600
9.85809345749365e-08,324700
9.85799315024472e-08,324800
9.85790202202762e-08,324900
9.85782006511741e-08,325000
9.85774727124756e-08,325100
9.85768363161516e-08,325200
9.85762913688575e-08,325300
9.85758377719812e-08,325400
9.85754754216888e-08,325500
9.85752042089732e-08,325600
9.85750240196952e-08,325700
9.85749347346317e-08,325800
9.85749362295073e-08,325900
9.85750283750455e-08,326000
9.8575211037005e-08,326100
9.857548407621e-08,326200
9.85758473485941e-08,326300
9.85763007052342e-08,326400
9.85768439923784e-08,326500
9.85774770514834e-08,326600
9.85781997192421e-08,326700
9.85790118276136e-08,326800
9.85799132038476e-08,326900
9.85809036705159e-08,327000
9.85819830455318e-08,327100
9.85831511421735e-08,327200
9.85844077691081e-08,327300
9.85857527304086e-08,327400
9.85871858255745e-08,327500
9.85887068495462e-08,327600
9.85903155927228e-08,327700
9.85920118409752e-08,327800
9.85937953756541e-08,327900
9.85956659736109e-08,328000
9.85976234071925e-08,328100
9.85996674442629e-08,328200
9.8601797848202e-08,328300
9.8604014377912e-08,328400
9.86063167878191e-08,328500
9.8608704827877e-08,328600
9.86111782435659e-08,328700
9.86137367758961e-08,328800
9.8616380161396e-08,328900
9.8619108132117e-08,329000
9.86219204156235e-08,329100
9.86248167349872e-08,329200
9.86277968087775e-08,329300
9.86308603510544e-08,329400
9.86340070713555e-08,329500
9.86372366746837e-08,329600
9.86405488614943e-08,329700
9.86439433276791e-08,329800
9.86474197645525e-08,329900
9.86509778588304e-08,330000
9.86546172926148e-08,330100
9.86583377433712e-08,330200
9.86621388839098e-08,330300
9.8666020382361e-08,330400
9.86699819021554e-08,330500
9.86740231019962e-08,330600
9.8678143635832e-08,330700
9.86823431528383e-08,330800
9.868662129738e-08,330900
9.86909777089894e-08,331000
9.8695412022336e-08,331100
9.8699923867192e-08,331200
9.87045128684076e-08,331300
9.87091786458739e-08,331400
9.87139208144929e-08,331500
9.87187389841419e-08,331600
9.87236327596416e-08,331700
9.87286017407171e-08,331800
9.87336455219701e-08,331900
9.87387636928346e-08,332000
9.87439558375441e-08,332100
9.87492215350951e-08,332200
9.87545603592079e-08,332300
9.87599718782907e-08,332400
9.87654556553968e-08,332500
9.87710112481934e-08,332600
9.87766382089151e-08,332700
9.87823360843304e-08,332800
9.87881044156994e-08,332900
9.87939427387341e-08,333000
9.87998505835652e-08,333100
9.8805827474692e-08,333200
9.88118729309524e-08,333300
9.88179864654776e-08,333400
9.88241675856603e-08,333500
9.88304157931049e-08,333600
9.88367305836003e-08,333700
9.88431114470718e-08,333800
9.88495578675533e-08,333900
9.88560693231372e-08,334000
9.88626452859503e-08,334100
9.88692852221077e-08,334200
9.88759885916809e-08,334300
9.8882754848664e-08,334400
9.88895834409368e-08,334500
9.88964738102277e-08,334600
9.89034253920877e-08,334700
9.89104376158566e-08,334800
9.89175099046248e-08,334900
9.89246416752134e-08,335000
9.89318323381387e-08,335100
9.89390812975843e-08,335200
9.89463879513791e-08,335300
9.89537516909622e-08,335400
9.89611719013695e-08,335500
9.89686479612059e-08,335600
9.89761792426202e-08,335700
9.89837651112911e-08,335800
9.8991404926404e-08,335900
9.89990980406382e-08,336000
9.9006843800147e-08,336100
9.90146415445455e-08,336200
9.90224906069002e-08,336300
9.90303903137175e-08,336400
9.90383399849362e-08,336500
9.90463389339199e-08,336600
9.90543864674528e-08,336700
9.9062481885738e-08,336800
9.90706244823948e-08,336900
9.90788135444659e-08,337000
9.90870483524164e-08,337100
9.90953281801375e-08,337200
9.91036522949653e-08,337300
9.91120199576804e-08,337400
9.91204304225265e-08,337500
9.91288829372258e-08,337600
9.91373767429958e-08,337700
9.91459110745713e-08,337800
9.9154485160226e-08,337900
9.91630982217984e-08,338000
9.91717494747212e-08,338100
9.91804381280537e-08,338200
9.91891633845106e-08,338300
9.91979244405045e-08,338400
9.92067204861805e-08,338500
9.92155507054641e-08,338600
9.92244142760978e-08,338700
9.92333103697011e-08,338800
9.92422381518096e-08,338900
9.92511967819367e-08,339000
9.92601854136288e-08,339100
9.92692031945228e-08,339200
9.92782492664158e-08,339300
9.92873227653226e-08,339400
9.92964228215536e-08,339500
9.93055485597829e-08,339600
9.93146990991237e-08,339700
9.93238735532117e-08,339800
9.93330710302828e-08,339900
9.93422906332585e-08,340000
9.93515314598416e-08,340100
9.93607926025987e-08,340200
9.93700731490618e-08,340300
9.93793721818252e-08,340400
9.9388688778648e-08,340500
9.93980220125586e-08,340600
9.94073709519637e-08,340700
9.9416734660761e-08,340800
9.94261121984513e-08,340900
9.9435502620262e-08,341000
9.94449049772651e-08,341100
9.94543183165037e-08,341200
9.94637416811201e-08,341300
9.94731741104899e-08,341400
9.94826146403509e-08,341500
9.94920623029508e-08,341600
9.9501516127181e-08,341700
9.95109751387248e-08,341800
9.95204383602039e-08,341900
9.95299048113294e-08,342000
9.9539373509063e-08,342100
9.9548843467762e-08,342200
9.95583136993537e-08,342300
9.9567783213487e-08,342400
9.95772510177084e-08,342500
9.9586716117629e-08,342600
9.95961775170942e-08,342700
9.96056342183639e-08,342800
9.96150852222901e-08,342900
9.96245295284968e-08,343000
9.96339661355684e-08,343100
9.96433940412325e-08,343200
9.96528122425542e-08,343300
9.9662219736123e-08,343400
9.96716155182552e-08,343500
9.96809985851864e-08,343600
9.96903679332758e-08,343700
9.96997225592041e-08,343800
9.97090614601872e-08,343900
9.97183836341729e-08,344000
9.97276880800612e-08,344100
9.97369737979088e-08,344200
9.97462397891473e-08,344300
9.9755485056798e-08,344400
9.97647086056925e-08,344500
9.97739094426888e-08,344600
9.97830865768983e-08,344700
9.9792239019905e-08,344800
9.98013657859936e-08,344900
9.98104658923765e-08,345000
9.98195383594218e-08,345100
9.98285822108829e-08,345200
9.98375964741318e-08,345300
9.98465801803873e-08,345400
9.98555323649564e-08,345500
9.98644520674595e-08,345600
9.98733383320767e-08,345700
9.98821902077729e-08,345800
9.98910067485476e-08,345900
9.98997870136602e-08,346000
9.99085300678817e-08,346100
9.9917234981722e-08,346200
9.99259008316789e-08,346300
9.99345267004709e-08,346400
9.99431116772815e-08,346500
9.99516548579975e-08,346600
9.99601553454513e-08,346700
9.99686122496548e-08,346800
9.99770246880452e-08,346900
9.99853917857211e-08,347000
9.99937126756815e-08,347100
1.00001986499065e-07,347200
1.00010212405388e-07,347300
1.00018389552773e-07,347400
1.00026517108199e-07,347500
1.0003459424772e-07,347600
1.0004262015671e-07,347700
1.00050594030091e-07,347800
1.0005851507256e-07,347900
1.00066382498824e-07,348000
1.00074195533826e-07,348100
1.00081953412964e-07,348200
1.00089655382325e-07,348300
1.000973006989e-07,348400
1.00104888630805e-07,348500
1.00112418457499e-07,348600
1.00119889469998e-07,348700
1.0012730097109e-07,348800
1.00134652275539e-07,348900
1.00141942710299e-07,349000
1.00149171614718e-07,349100
1.00156338340729e-07,349200
1.00163442253066e-07,349300
1.0017048272944e-07,349400
1.00177459160749e-07,349500
1.00184370951249e-07,349600
1.00191217518755e-07,349700
1.00197998294811e-07,349800
1.00204712724871e-07,349900
1.00211360268474e-07,350000
1.00217940399412e-07,350100
1.00224452605899e-07,350200
1.00230896390726e-07,350300
1.00237271271424e-07,350400
1.00243576780413e-07,350500
1.00249812465156e-07,350600
1.00255977888291e-07,350700
1.00262072627784e-07,350800
1.00268096277054e-07,350900
1.00274048445106e-07,351000
1.0027992875665e-07,351100
1.0028573685223e-07,351200
1.00291472388327e-07,351300
1.00297135037476e-07,351400
1.00302724488364e-07,351500
1.00308240445932e-07,351600
1.00313682631464e-07,351700
1.00319050782675e-07,351800
1.00324344653792e-07,351900
1.00329564015631e-07,352000
1.00334708655664e-07,352100
1.00339778378084e-07,352200
1.00344773003862e-07,352300
1.00349692370798e-07,352400
1.00354536333569e-07,352500
1.00359304763765e-07,352600
1.00363997549922e-07,352700
1.00368614597556e-07,352800
1.00373155829169e-07,352900
1.00377621184279e-07,353000
1.00382010619421e-07,353100
1.00386324108139e-07,353200
1.00390561640998e-07,353300
1.00394723225562e-07,353400
1.00398808886369e-07,353500
1.00402818664925e-07,353600
1.00406752619651e-07,353700
1.00410610825858e-07,353800
1.00414393375702e-07,353900
1.00418100378123e-07,354000
1.00421731958793e-07,354100
1.0042528826005e-07,354200
1.00428769440825e-07,354300
1.00432175676562e-07,354400
1.00435507159137e-07,354500
1.00438764096758e-07,354600
1.00441946713874e-07,354700
1.00445055251062e-07,354800
1.00448089964922e-07,354900
1.00451051127948e-07,355000
1.00453939028412e-07,355100
1.00456753970223e-07,355200
1.00459496272796e-07,355300
1.00462166270896e-07,355400
1.00464764314495e-07,355500
1.00467290768606e-07,355600
1.00469746013122e-07,355700
1.00472130442642e-07,355800
1.00474444466291e-07,355900
1.00476688507539e-07,356000
1.00478863004008e-07,356100
1.00480968407271e-07,356200
1.00483005182656e-07,356300
1.00484973809028e-07,356400
1.00486874778583e-07,356500
1.00488708596614e-07,356600
1.00490475781297e-07,356700
1.00492176863445e-07,356800
1.00493812386276e-07,356900
1.0049538290517e-07,357000
1.00496888987411e-07,357100
1.00498331211938e-07,357200
1.0049971016908e-07,357300
1.00501026460294e-07,357400
1.00502280697884e-07,357500
1.00503473504739e-07,357600
1.00504605514033e-07,357700
1.00505677368956e-07,357800
1.00506689722411e-07,357900
1.00507643236724e-07,358000
1.00508538583342e-07,358100
1.00509376442525e-07,358200
1.00510157503043e-07,358300
1.0051088246186e-07,358400
1.00511552023818e-07,358500
1.00512166901314e-07,358600
1.00512727813975e-07,358700
1.00513235488334e-07,358800
1.00513690657497e-07,358900
1.00514094060807e-07,359000
1.00514446443502e-07,359100
1.00514748556385e-07,359200
1.00515001155471e-07,359300
1.00515205001644e-07,359400
1.00515360860306e-07,359500
1.0051546950103e-07,359600
1.00515531697204e-07,359700
1.00515548225671e-07,359800
1.00515519866386e-07,359900
1.00515447402038e-07,360000
1.00515331617703e-07,360100
1.00515173300478e-07,360200
1.00514973239118e-07,360300
1.00514732223671e-07,360400
1.00514451045115e-07,360500
1.0051413049499e-07,360600
1.00513771365037e-07,360700
1.00513374446823e-07,360800
1.00512940531383e-07,360900
1.00512470408846e-07,361000
1.00511964868078e-07,361100
1.00511424696308e-07,361200
1.00510850678763e-07,361300
1.00510243598309e-07,361400
1.00509604235084e-07,361500
1.00508933366134e-07,361600
1.00508231765051e-07,361700
1.00507500201624e-07,361800
1.00506739441462e-07,361900
1.00505950245655e-07,362000
1.00505133370409e-07,362100
1.00504289566702e-07,362200
1.00503419579925e-07,362300
1.00502524149545e-07,362400
1.00501604008748e-07,362500
1.00500659884114e-07,362600
1.00499692495261e-07,362700
1.00498702554526e-07,362800
1.0049769076662e-07,362900
1.00496657828304e-07,363000
1.00495604428072e-07,363100
1.00494531245819e-07,363200
1.00493438952533e-07,363300
1.00492328209977e-07,363400
1.00491199670388e-07,363500
1.00490053976169e-07,363600
1.00488891759589e-07,363700
1.00487713642497e-07,363800
1.00486520236028e-07,363900
1.00485312140321e-07,364000
1.00484089944242e-07,364100
1.00482854225112e-07,364200
1.0048160554844e-07,364300
1.00480344467664e-07,364400
1.00479071523896e-07,364500
1.00477787245672e-07,364600
1.00476492148711e-07,364700
1.00475186735679e-07,364800
1.00473871495959e-07,364900
1.00472546905435e-07,365000
1.00471213426262e-07,365100
1.00469871506671e-07,365200
1.00468521580762e-07,365300
1.0046716406831e-07,365400
1.00465799374573e-07,365500
1.00464427890119e-07,365600
1.00463049990649e-07,365700
1.00461666036835e-07,365800
1.0046027637416e-07,365900
1.00458881332767e-07,366000
1.00457481227322e-07,366100
1.0045607635688e-07,366200
1.00454667004753e-07,366300
1.00453253438399e-07,366400
1.00451835909308e-07,366500
1.00450414652907e-07,366600
1.0044898988846e-07,366700
1.00447561818988e-07,366800
1.00446130631191e-07,366900
1.00444696495381e-07,367000
1.00443259565427e-07,367100
1.00441819978694e-07,367200
1.00440377856017e-07,367300
1.00438933301653e-07,367400
1.00437486403264e-07,367500
1.00436037231904e-07,367600
1.00434585842005e-07,367700
1.00433132271383e-07,367800
1.00431676541252e-07,367900
1.00430218656237e-07,368000
1.00428758604407e-07,368100
1.00427296357309e-07,368200
1.00425831870019e-07,368300
1.0042436508119e-07,368400
1.00422895913124e-07,368500
1.00421424271837e-07,368600
1.00419950047144e-07,368700
1.00418473112748e-07,368800
1.00416993326338e-07,368900
1.00415510529699e-07,369000
1.00414024548823e-07,369100
1.00412535194042e-07,369200
1.00411042260151e-07,369300
1.00409545526555e-07,369400
1.00408044757419e-07,369500
1.00406539701826e-07,369600
1.00405030093942e-07,369700
1.00403515653194e-07,369800
1.00401996084449e-07,369900
1.00400471078207e-07,370000
1.00398940310805e-07,370100
1.00397403444609e-07,370200
1.00395860128252e-07,370300
1.00394309996835e-07,370400
1.00392752672168e-07,370500
1.00391187763004e-07,370600
1.00389614865287e-07,370700
1.00388033562403e-07,370800
1.00386443425436e-07,370900
1.00384844013441e-07,371000
1.00383234873712e-07,371100
1.00381615542066e-07,371200
1.00379985543124e-07,371300
1.00378344390614e-07,371400
1.00376691587662e-07,371500
1.00375026627101e-07,371600
1.00373348991786e-07,371700
1.00371658154909e-07,371800
1.00369953580322e-07,371900
1.00368234722869e-07,372000
1.00366501028722e-07,372100
1.00364751935717e-07,372200
1.00362986873703e-07,372300
1.00361205264894e-07,372400
1.0035940652422e-07,372500
1.00357590059688e-07,372600
1.00355755272748e-07,372700
1.00353901558666e-07,372800
1.00352028306886e-07,372900
1.00350134901417e-07,373000
1.00348220721209e-07,373100
1.00346285140537e-07,373200
1.00344327529393e-07,373300
1.00342347253867e-07,373400
1.00340343676554e-07,373500
1.00338316156939e-07,373600
1.00336264051802e-07,373700
1.0033418671562e-07,373800
1.00332083500966e-07,373900
1.0032995375892e-07,374000
1.00327796839476e-07,374100
1.00325612091947e-07,374200
1.00323398865379e-07,374300
1.00321156508962e-07,374400
1.00318884372446e-07,374500
1.00316581806549e-07,374600
1.00314248163372e-07,374700
1.00311882796822e-07,374800
1.00309485063012e-07,374900
1.00307054320691e-07,375000
1.00304589931648e-07,375100
1.00302091261131e-07,375200
1.00299557678259e-07,375300
1.00296988556433e-07,375400
1.00294383273753e-07,375500
1.00291741213418e-07,375600
1.0028906176415e-07,375700
1.00286344320585e-07,375800
1.00283588283691e-07,375900
1.00280793061159e-07,376000
1.00277958067818e-07,376100
1.00275082726022e-07,376200
1.0027216646605e-07,376300
1.002692087265e-07,376400
1.00266208954678e-07,376500
1.0026316660698e-07,376600
1.00260081149283e-07,376700
1.00256952057319e-07,376800
1.00253778817052e-07,376900
1.0025056092505e-07,377000
1.00247297888851e-07,377100
1.00243989227328e-07,377200
1.00240634471043e-07,377300
1.00237233162609e-07,377400
1.00233784857027e-07,377500
1.00230289122041e-07,377600
1.00226745538468e-07,377700
1.00223153700537e-07,377800
1.00219513216209e-07,377900
1.00215823707507e-07,378000
1.00212084810824e-07,378100
1.00208296177236e-07,378200
1.00204457472806e-07,378300
1.0020056837888e-07,378400
1.00196628592373e-07,378500
1.00192637826059e-07,378600
1.00188595808844e-07,378700
1.00184502286038e-07,378800
1.00180357019612e-07,378900
1.00176159788463e-07,379000
1.00171910388653e-07,379100
1.00167608633654e-07,379200
1.00163254354579e-07,379300
1.0015884740041e-07,379400
1.00154387638212e-07,379500
1.00149874953346e-07,379600
1.00145309249663e-07,379700
1.00140690449712e-07,379800
1.00136018494907e-07,379900
1.00131293345717e-07,380000
1.00126514981826e-07,380100
1.00121683402301e-07,380200
1.00116798625739e-07,380300
1.00111860690402e-07,380400
1.00106869654365e-07,380500
1.00101825595632e-07,380600
1.00096728612253e-07,380700
1.00091578822435e-07,380800
1.00086376364635e-07,380900
1.00081121397656e-07,381000
1.00075814100719e-07,381100
1.00070454673542e-07,381200
1.000650433364e-07,381300
1.00059580330174e-07,381400
1.00054065916395e-07,381500
1.00048500377289e-07,381600
1.00042884015787e-07,381700
1.0003721715555e-07,381800
1.00031500140979e-07,381900
1.00025733337201e-07,382000
1.0001991713007e-07,382100
1.00014051926137e-07,382200
1.00008138152626e-07,382300
1.00002176257391e-07,382400
9.99961667088653e-08,382500
9.99901099960155e-08,382600
9.99840066282597e-08,382700
9.99778571353992e-08,382800
9.99716620675358e-08,382900
9.99654219949739e-08,383000
9.99591375081167e-08,383100
9.99528092173577e-08,383200
9.99464377529601e-08,383300
9.99400237649243e-08,383400
9.99335679228499e-08,383500
9.99270709157898e-08,383600
9.99205334520982e-08,383700
9.99139562592578e-08,383800
9.99073400837182e-08,383900
9.99006856907015e-08,384000
9.98939938640276e-08,384100
9.98872654059055e-08,384200
9.98805011367328e-08,384300
9.98737018948821e-08,384400
9.98668685364768e-08,384500
9.98600019351627e-08,384600
9.98531029818746e-08,384700
9.98461725845871e-08,384800
9.98392116680633e-08,384900
9.98322211735959e-08,385000
9.98252020587432e-08,385100
9.98181552970498e-08,385200
9.9811081877771e-08,385300
9.98039828055801e-08,385400
9.9796859100282e-08,385500
9.97897117965003e-08,385600
9.9782541943382e-08,385700
9.97753506042753e-08,385800
9.9768138856415e-08,385900
9.97609077905937e-08,386000
9.97536585108304e-08,386100
9.97463921340348e-08,386200
9.9739109789663e-08,386300
9.9731812619367e-08,386400
9.97245017766462e-08,386500
9.97171784264849e-08,386600
9.97098437449887e-08,386700
9.97024989190175e-08,386800
9.96951451458129e-08,386900
9.96877836326199e-08,387000
9.96804155963034e-08,387100
9.96730422629673e-08,387200
9.96656648675614e-08,387300
9.96582846534874e-08,387400
9.96509028722056e-08,387500
9.9643520782831e-08,387600
9.9636139651732e-08,387700
9.96287607521226e-08,387800
9.96213853636553e-08,387900
9.96140147720065e-08,388000
9.96066502684635e-08,388100
9.95992931495058e-08,388200
9.95919447163914e-08,388300
9.95846062747277e-08,388400
9.9577279134058e-08,388500
9.95699646074298e-08,388600
9.9562664010973e-08,388700
9.95553786634734e-08,388800
9.95481098859423e-08,388900
9.95408590011917e-08,389000
9.95336273333991e-08,389100
9.95264162076843e-08,389200
9.95192269496754e-08,389300
9.95120608850797e-08,389400
9.9504919339253e-08,389500
9.94978036367679e-08,389600
9.94907151009887e-08,389700
9.94836550536407e-08,389800
9.94766248143779e-08,389900
9.94696257003621e-08,390000
9.94626590258314e-08,390100
9.9455726101681e-08,390200
9.94488282350323e-08,390300
9.944196672882e-08,390400
9.94351428813639e-08,390500
9.94283579859552e-08,390600
9.94216133304432e-08,390700
9.94149101968138e-08,390800
9.94082498607876e-08,390900
9.94016335914051e-08,391000
9.93950626506232e-08,391100
9.93885382929108e-08,391200
9.93820617648534e-08,391300
9.9375634304752e-08,391400
9.93692571422338e-08,391500
9.93629314978588e-08,391600
9.93566585827382e-08,391700
9.93504395981493e-08,391800
9.93442757351592e-08,391900
9.93381681742487e-08,392000
9.93321180849504e-08,392100
9.93261266254709e-08,392200
9.93201949423389e-08,392300
9.93143241700499e-08,392400
9.93085154307082e-08,392500
9.93027698336882e-08,392600
9.92970884752879e-08,392700
9.92914724383926e-08,392800
9.92859227921499e-08,392900
9.9280440591634e-08,393000
9.92750268775376e-08,393100
9.92696826758464e-08,393200
9.92644089975393e-08,393300
9.92592068382747e-08,393400
9.92540771781073e-08,393500
9.92490209811845e-08,393600
9.92440391954693e-08,393700
9.92391327524531e-08,393800
9.92343025668942e-08,393900
9.92295495365411e-08,394000
9.92248745418776e-08,394100
9.92202784458677e-08,394200
9.92157620937113e-08,394300
9.92113263125979e-08,394400
9.92069719114801e-08,394500
9.92026996808402e-08,394600
9.91985103924741e-08,394700
9.91944047992775e-08,394800
9.91903836350376e-08,394900
9.91864476142374e-08,395000
9.91825974318548e-08,395100
9.91788337631888e-08,395200
9.91751572636737e-08,395300
9.91715685687079e-08,395400
9.91680682934936e-08,395500
9.91646570328767e-08,395600
9.9161335361199e-08,395700
9.91581038321535e-08,395800
9.91549629786533e-08,395900
9.9151913312699e-08,396000
9.9148955325262e-08,396100
9.91460894861671e-08,396200
9.9143316243989e-08,396300
9.91406360259548e-08,396400
9.91380492378505e-08,396500
9.91355562639358e-08,396600
9.91331574668713e-08,396700
9.91308531876437e-08,396800
9.91286437455078e-08,396900
9.91265294379292e-08,397000
9.91245105405366e-08,397100
9.91225873070831e-08,397200
9.91207599694101e-08,397300
9.91190287374237e-08,397400
9.91173937990715e-08,397500
9.91158553203382e-08,397600
9.91144134452314e-08,397700
9.91130682957903e-08,397800
9.91118199720926e-08,397900
9.91106685522706e-08,398000
9.91096140925374e-08,398100
9.91086566272085e-08,398200
9.91077961687501e-08,398300
9.910703270781e-08,398400
9.91063662132791e-08,398500
9.91057966323416e-08,398600
9.91053238905409e-08,398700
9.9104947891847e-08,398800
9.91046685187361e-08,398900
9.91044856322732e-08,399000
9.91043990721968e-08,399100
9.91044086570224e-08,399200
9.9104514184135e-08,399300
9.91047154299035e-08,399400
9.91050121497931e-08,399500
9.91054040784821e-08,399600
9.91058909299914e-08,399700
9.91064723978118e-08,399800
9.91071481550481e-08,399900
9.91079178545525e-08,400000
9.91087811290811e-08,400100
9.91097375914439e-08,400200
9.91107868346635e-08,400300
9.91119284321439e-08,400400
9.9113161937832e-08,400500
9.91144868864024e-08,400600
9.91159027934292e-08,400700
9.91174091555775e-08,400800
9.91190054507838e-08,400900
9.91206911384612e-08,401000
9.91224656596889e-08,401100
9.91243284374224e-08,401200
9.91262788766993e-08,401300
9.91283163648459e-08,401400
9.91304402717042e-08,401500
9.91326499498443e-08,401600
9.9134944734791e-08,401700
9.91373239452545e-08,401800
9.91397868833578e-08,401900
9.91423328348795e-08,402000
9.91449610694888e-08,402100
9.9147670840988e-08,402200
9.91504613875602e-08,402300
9.9153331932022e-08,402400
9.91562816820723e-08,402500
9.91593098305505e-08,402600
9.9162415555694e-08,402700
9.91655980214034e-08,402800
9.91688563775026e-08,402900
9.91721897600092e-08,403000
9.91755972914028e-08,403100
9.91790780809005e-08,403200
9.9182631224726e-08,403300
9.91862558063908e-08,403400
9.91899508969725e-08,403500
9.9193715555396e-08,403600
9.91975488287134e-08,403700
9.92014497523914e-08,403800
9.92054173505995e-08,403900
9.92094506364939e-08,404000
9.92135486125107e-08,404100
9.92177102706532e-08,404200
9.92219345927888e-08,404300
9.9226220550939e-08,404400
9.92305671075749e-08,404500
9.9234973215912e-08,404600
9.92394378202083e-08,404700
9.92439598560626e-08,404800
9.92485382507076e-08,404900
9.92531719233128e-08,405000
9.92578597852837e-08,405100
9.92626007405597e-08,405200
9.92673936859145e-08,405300
9.9272237511254e-08,405400
9.9277131099923e-08,405500
9.92820733289979e-08,405600
9.92870630695914e-08,405700
9.92920991871531e-08,405800
9.92971805417674e-08,405900
9.93023059884508e-08,406000
9.93074743774613e-08,406100
9.93126845545848e-08,406200
9.93179353614407e-08,406300
9.93232256357793e-08,406400
9.93285542117751e-08,406500
9.93339199203278e-08,406600
9.93393215893531e-08,406700
9.93447580440805e-08,406800
9.93502281073473e-08,406900
9.93557305998856e-08,407000
9.93612643406216e-08,407100
9.93668281469584e-08,407200
9.93724208350679e-08,407300
9.93780412201782e-08,407400
9.93836881168613e-08,407500
9.9389360339311e-08,407600
9.93950567016334e-08,407700
9.94007760181241e-08,407800
9.94065171035517e-08,407900
9.94122787734268e-08,408000
9.94180598442892e-08,408100
9.94238591339745e-08,408200
9.94296754618903e-08,408300
9.94355076492819e-08,408400
9.94413545195084e-08,408500
9.94472148983025e-08,408600
9.94530876140351e-08,408700
9.94589714979811e-08,408800
9.94648653845775e-08,408900
9.94707681116756e-08,409000
9.94766785208082e-08,409100
9.9482595457428e-08,409200
9.94885177711717e-08,409300
9.94944443160983e-08,409400
9.9500373950941e-08,409500
9.95063055393424e-08,409600
9.95122379501072e-08,409700
9.9518170057429e-08,409800
9.95241007411295e-08,409900
9.95300288868938e-08,410000
9.95359533864986e-08,410100
9.95418731380371e-08,410200
9.95477870461476e-08,410300
9.95536940222342e-08,410400
9.95595929846828e-08,410500
9.95654828590831e-08,410600
9.95713625784361e-08,410700
9.95772310833703e-08,410800
9.95830873223424e-08,410900
9.958893025185e-08,411000
9.95947588366269e-08,411100
9.9600572049847e-08,411200
9.9606368873316e-08,411300
9.96121482976667e-08,411400
9.96179093225482e-08,411500
9.9623650956813e-08,411600
9.96293722187025e-08,411700
9.96350721360248e-08,411800
9.96407497463323e-08,411900
9.9646404097102e-08,412000
9.96520342459009e-08,412100
9.9657639260556e-08,412200
9.96632182193215e-08,412300
9.96687702110431e-08,412400
9.96742943353087e-08,412500
9.9679789702616e-08,412600
9.96852554345161e-08,412700
9.96906906637668e-08,412800
9.96960945344835e-08,412900
9.97014662022732e-08,413000
9.97068048343851e-08,413100
9.97121096098419e-08,413200
9.97173797195724e-08,413300
9.97226143665504e-08,413400
9.97278127659151e-08,413500
9.97329741450968e-08,413600
9.97380977439442e-08,413700
9.97431828148343e-08,413800
9.97482286227931e-08,413900
9.97532344456043e-08,414000
9.9758199573928e-08,414100
9.9763123311389e-08,414200
9.97680049746961e-08,414300
9.97728438937297e-08,414400
9.97776394116467e-08,414500
9.97823908849706e-08,414600
9.97870976836802e-08,414700
9.97917591912939e-08,414800
9.97963748049641e-08,414900
9.98009439355453e-08,415000
9.98054660076825e-08,415100
9.9809940459875e-08,415200
9.98143667445599e-08,415300
9.98187443281686e-08,415400
9.98230726911991e-08,415500
9.98273513282799e-08,415600
9.9831579748222e-08,415700
9.98357574740788e-08,415800
9.98398840432005e-08,415900
9.98439590072841e-08,416000
9.98479819324133e-08,416100
9.98519523991117e-08,416200
9.98558700023794e-08,416300
9.9859734351728e-08,416400
9.98635450712205e-08,416500
9.98673017994986e-08,416600
9.98710041898174e-08,416700
9.98746519100606e-08,416800
9.98782446427761e-08,416900
9.98817820851828e-08,417000
9.98852639492008e-08,417100
9.98886899614501e-08,417200
9.98920598632758e-08,417300
9.98953734107478e-08,417400
9.98986303746637e-08,417500
9.99018305405593e-08,417600
9.99049737086992e-08,417700
9.99080596940782e-08,417800
9.99110883264112e-08,417900
9.99140594501252e-08,418000
9.99169729243448e-08,418100
9.99198286228798e-08,418200
9.99226264342014e-08,418300
9.99253662614296e-08,418400
9.99280480222967e-08,418500
9.9930671649133e-08,418600
9.9933237088826e-08,418700
9.99357443027924e-08,418800
9.99381932669451e-08,418900
9.99405839716487e-08,419000
9.99429164216812e-08,419100
9.99451906361906e-08,419200
9.9947406648645e-08,419300
9.99495645067843e-08,419400
9.99516642725656e-08,419500
9.99537060221141e-08,419600
9.99556898456537e-08,419700
9.99576158474559e-08,419800
9.99594841457689e-08,419900
9.9961294872756e-08,420000
9.99630481744246e-08,420100
9.99647442105464e-08,420200
9.9966383154597e-08,420300
9.9967965193665e-08,420400
9.9969490528377e-08,420500
9.99709593728132e-08,420600
9.99723719544227e-08,420700
9.99737285139313e-08,420800
9.99750293052539e-08,420900
9.99762745953972e-08,421000
9.99774646643632e-08,421100
9.99785998050523e-08,421200
9.99796803231563e-08,421300
9.99807065370566e-08,421400
9.99816787777147e-08,421500
9.9982597388564e-08,421600
9.9983462725394e-08,421700
9.99842751562369e-08,421800
9.99850350612465e-08,421900
9.998574283258e-08,422000
9.99863988742711e-08,422100
9.99870036021091e-08,422200
9.99875574435027e-08,422300
9.99880608373567e-08,422400
9.99885142339301e-08,422500
9.99889180947057e-08,422600
9.99892728922467e-08,422700
9.99895791100594e-08,422800
9.99898372424422e-08,422900
9.99900477943469e-08,423000
9.99902112812244e-08,423100
9.9990328228872e-08,423200
9.99903991732863e-08,423300
9.99904246604971e-08,423400
9.99904052464154e-08,423500
9.99903414966687e-08,423600
9.99902339864394e-08,423700
9.99900833002943e-08,423800
9.99898900320226e-08,423900
9.99896547844582e-08,424000
9.99893781693097e-08,424100
9.99890608069859e-08,424200
9.99887033264151e-08,424300
9.99883063648666e-08,424400
9.99878705677698e-08,424500
9.99873965885262e-08,424600
9.99868850883223e-08,424700
9.99863367359497e-08,424800
9.99857522075992e-08,424900
9.99851321866781e-08,425000
9.99844773636162e-08,425100
9.99837884356605e-08,425200
9.99830661066791e-08,425300
9.99823110869652e-08,425400
9.99815240930255e-08,425500
9.99807058473815e-08,425600
9.9979857078356e-08,425700
9.99789785198721e-08,425800
9.99780709112353e-08,425900
9.99771349969248e-08,426000
9.99761715263785e-08,426100
9.99751812537742e-08,426200
9.99741649378161e-08,426300
9.99731233415122e-08,426400
9.9972057231954e-08,426500
9.99709673800953e-08,426600
9.99698545605261e-08,426700
9.99687195512484e-08,426800
9.99675631334485e-08,426900
9.99663860912685e-08,427000
9.99651892115761e-08,427100
9.99639732837357e-08,427200
9.99627390993728e-08,427300
9.99614874521442e-08,427400
9.99602191374979e-08,427500
9.99589349524461e-08,427600
9.99576356953179e-08,427700
9.99563221655286e-08,427800
9.99549951633402e-08,427900
9.99536554896193e-08,428000
9.99523039455985e-08,428100
9.99509413326327e-08,428200
9.9949568451961e-08,428300
9.9948186104464e-08,428400
9.99467950904128e-08,428500
9.99453962092386e-08,428600
9.99439902592734e-08,428700
9.99425780375196e-08,428800
9.99411603393949e-08,428900
9.99397379584929e-08,429000
9.99383116863343e-08,429100
9.99368823121209e-08,429200
9.99354506224937e-08,429300
9.99340174012847e-08,429400
9.99325834292711e-08,429500
9.99311494839307e-08,429600
9.99297163391944e-08,429700
9.99282847652054e-08,429800
9.9926855528071e-08,429900
9.99254293896186e-08,430000
9.99240071071522e-08,430100
9.99225894332109e-08,430200
9.99211771153257e-08,430300
9.99197708957735e-08,430400
9.99183715113421e-08,430500
9.99169796930867e-08,430600
9.99155961660906e-08,430700
9.99142216492288e-08,430800
9.99128568549275e-08,430900
9.99115024889319e-08,431000
9.99101592500688e-08,431100
9.99088278300165e-08,431200
9.9907508913066e-08,431300
9.99062031759011e-08,431400
9.99049112873579e-08,431500
9.99036339082088e-08,431600
9.99023716909282e-08,431700
9.99011252794743e-08,431800
9.98998953090642e-08,431900
9.98986824059593e-08,432000
9.98974871872397e-08,432100
9.98963102605976e-08,432200
9.98951522241169e-08,432300
9.9894013666068e-08,432400
9.98928951646972e-08,432500
9.98917972880208e-08,432600
9.98907205936199e-08,432700
9.98896656284449e-08,432800
9.98886329286168e-08,432900
9.98876230192242e-08,433000
9.98866364141429e-08,433100
9.98856736158416e-08,433200
9.98847351151944e-08,433300
9.98838213913042e-08,433400
9.98829329113114e-08,433500
9.98820701302363e-08,433600
9.98812334907884e-08,433700
9.98804234232089e-08,433800
9.98796403450995e-08,433900
9.98788846612663e-08,434000
9.9878156763556e-08,434100
9.98774570307042e-08,434200
9.98767858281864e-08,434300
9.98761435080706e-08,434400
9.98755304088745e-08,434500
9.98749468554292e-08,434600
9.98743931587469e-08,434700
9.9873869615885e-08,434800
9.98733765098294e-08,434900
9.98729141093709e-08,435000
9.98724826689839e-08,435100
9.98720824287238e-08,435200
9.98717136141159e-08,435300
9.98713764360521e-08,435400
9.98710710906965e-08,435500
9.98707977593931e-08,435600
9.98705566085742e-08,435700
9.98703477896847e-08,435800
9.98701714391012e-08,435900
9.9870027678057e-08,436000
9.98699166125833e-08,436100
9.98698383334384e-08,436200
9.98697929160576e-08,436300
9.98697804205029e-08,436400
9.98698008914086e-08,436500
9.98698543579516e-08,436600
9.98699408338124e-08,436700
9.98700603171462e-08,436800
9.98702127905582e-08,436900
9.98703982210875e-08,437000
9.98706165601965e-08,437100
9.98708677437624e-08,437200
9.98711516920744e-08,437300
9.98714683098454e-08,437400
9.98718174862179e-08,437500
9.98721990947841e-08,437600
9.98726129936051e-08,437700
9.98730590252422e-08,437800
9.98735370167953e-08,437900
9.98740467799362e-08,438000
9.98745881109607e-08,438100
9.98751607908412e-08,438200
9.98757645852841e-08,438300
9.9876399244796e-08,438400
9.98770645047523e-08,438500
9.98777600854788e-08,438600
9.9878485692332e-08,438700
9.98792410157887e-08,438800
9.98800257315415e-08,438900
9.98808395006029e-08,439000
9.9881681969409e-08,439100
9.98825527699356e-08,439200
9.98834515198204e-08,439300
9.98843778224811e-08,439400
9.98853312672593e-08,439500
9.98863114295477e-08,439600
9.98873178709413e-08,439700
9.98883501393822e-08,439800
9.98894077693219e-08,439900
9.98904902818772e-08,440000
9.9891597185003e-08,440100
9.98927279736637e-08,440200
9.98938821300137e-08,440300
9.98950591235829e-08,440400
9.98962584114689e-08,440500
9.98974794385324e-08,440600
9.98987216376027e-08,440700
9.98999844296842e-08,440800
9.99012672241702e-08,440900
9.99025694190656e-08,441000
9.99038904012095e-08,441100
9.99052295465034e-08,441200
9.99065862201549e-08,441300
9.99079597769082e-08,441400
9.9909349561304e-08,441500
9.99107549079174e-08,441600
9.9912175141624e-08,441700
9.99136095778582e-08,441800
9.991505752288e-08,441900
9.99165182740479e-08,442000
9.99179911200931e-08,442100
9.99194753414021e-08,442200
9.99209702103027e-08,442300
9.99224749913515e-08,442400
9.99239889416316e-08,442500
9.99255113110518e-08,442600
9.99270413426451e-08,442700
9.99285782728784e-08,442800
9.99301213319651e-08,442900
9.99316697441793e-08,443000
9.9933222728172e-08,443100
9.99347794973006e-08,443200
9.99363392599431e-08,443300
9.99379012198387e-08,443400
9.99394645764173e-08,443500
9.99410285251316e-08,443600
9.99425922577991e-08,443700
9.99441549629481e-08,443800
9.99457158261534e-08,443900
9.99472740303921e-08,444000
9.99488287563887e-08,444100
9.99503791829706e-08,444200
9.99519244874198e-08,444300
9.99534638458329e-08,444400
9.9954996433479e-08,444500
9.99565214251576e-08,444600
9.99580379955648e-08,444700
9.9959545319658e-08,444800
9.99610425730152e-08,444900
9.99625289322097e-08,445000
9.99640035751732e-08,445100
9.99654656815641e-08,445200
9.99669144331405e-08,445300
9.99683490141279e-08,445400
9.99697686115913e-08,445500
9.99711724158057e-08,445600
9.997255962063e-08,445700
9.99739294238716e-08,445800
9.99752810276675e-08,445900
9.99766136388465e-08,446000
9.99779264693078e-08,446100
9.99792187363822e-08,446200
9.99804896632096e-08,446300
9.99817384790993e-08,446400
9.99829644199095e-08,446500
9.99841667283965e-08,446600
9.99853446545932e-08,446700
9.99864974561673e-08,446800
9.99876243987801e-08,446900
9.99887247564489e-08,447000
9.99897978119023e-08,447100
9.9990842856938e-08,447200
9.99918591927722e-08,447300
9.99928461303902e-08,447400
9.99938029908944e-08,447500
9.99947291058494e-08,447600
9.99956238176221e-08,447700
9.99964864797174e-08,447800
9.99973164571198e-08,447900
9.99981131266154e-08,448000
9.99988758771242e-08,448100
9.99996041100263e-08,448200
1.00000297239475e-07,448300
1.00000954692715e-07,448400
1.00001575910394e-07,448500
1.00002160346867e-07,448600
1.00002707470503e-07,448700
1.00003216763972e-07,448800
1.00003687724545e-07,448900
1.00004119864379e-07,449000
1.00004512710799e-07,449100
1.00004865806569e-07,449200
1.0000517871017e-07,449300
1.00005450996058e-07,449400
1.00005682254927e-07,449500
1.00005872093961e-07,449600
1.00006020137078e-07,449700
1.00006126025173e-07,449800
1.00006189416356e-07,449900
1.00006209986169e-07,450000
1.00006187427817e-07,450100
1.00006121452376e-07,450200
1.00006011789004e-07,450300
1.00005858185136e-07,450400
1.00005660406684e-07,450500
1.00005418238215e-07,450600
1.00005131483135e-07,450700
1.0000479996386e-07,450800
1.00004423521973e-07,450900
1.00004002018386e-07,451000
1.00003535333485e-07,451100
1.00003023367268e-07,451200
1.00002466039481e-07,451300
1.0000186328974e-07,451400
1.00001215077646e-07,451500
1.00000521382888e-07,451600
9.99997822053547e-08,451700
9.99989975652085e-08,451800
9.99981675029811e-08,451900
9.99972920796403e-08,452000
9.99963713766569e-08,452100
9.99954054960582e-08,452200
9.9994394560481e-08,452300
9.99933387132041e-08,452400
9.99922381181866e-08,452500
9.99910929600759e-08,452600
9.99899034442338e-08,452700
9.99886697967306e-08,452800
9.99873922643424e-08,452900
9.99860711145356e-08,453000
9.99847066354434e-08,453100
9.99832991358324e-08,453200
9.99818489450602e-08,453300
9.99803564130258e-08,453400
9.99788219101064e-08,453500
9.99772458270943e-08,453600
9.99756285751077e-08,453700
9.99739705855126e-08,453800
9.99722723098226e-08,453900
9.99705342195955e-08,454000
9.99687568063122e-08,454100
9.99669405812581e-08,454200
9.99650860753928e-08,454300
9.99631938391993e-08,454400
9.99612644425437e-08,454500
9.99592984745048e-08,454600
9.99572965432172e-08,454700
9.99552592756815e-08,454800
9.99531873175901e-08,454900
9.99510813331236e-08,455000
9.99489420047515e-08,455100
9.99467700330188e-08,455200
9.9944566136329e-08,455300
9.99423310507078e-08,455400
9.9940065529573e-08,455500
9.99377703434868e-08,455600
9.99354462799017e-08,455700
9.99330941428987e-08,455800
9.99307147529166e-08,455900
9.99283089464777e-08,456000
9.99258775759009e-08,456100
9.99234215090065e-08,456200
9.99209416288187e-08,456300
9.99184388332586e-08,456400
9.99159140348239e-08,456500
9.99133681602732e-08,456600
9.99108021502907e-08,456700
9.9908216959156e-08,456800
9.9905613554392e-08,456900
9.9902992916428e-08,457000
9.99003560382291e-08,457100
9.98977039249461e-08,457200
9.98950375935417e-08,457300
9.98923580724136e-08,457400
9.98896664010175e-08,457500
9.98869636294798e-08,457600
9.98842508182056e-08,457700
9.98815290374816e-08,457800
9.98787993670735e-08,457900
9.98760628958214e-08,458000
9.98733207212224e-08,458100
9.98705739490184e-08,458200
9.98678236927722e-08,458300
9.98650710734466e-08,458400
9.98623172189644e-08,458500
9.98595632637848e-08,458600
9.98568103484655e-08,458700
9.9854059619216e-08,458800
9.98513122274578e-08,458900
9.98485693293754e-08,459000
9.98458320854673e-08,459100
9.98431016600924e-08,459200
9.98403792210168e-08,459300
9.98376659389528e-08,459400
9.98349629871023e-08,459500
9.98322715406901e-08,459600
9.98295927765115e-08,459700
9.98269278724531e-08,459800
9.98242780070398e-08,459900
9.98216443589611e-08,460000
9.98190281066051e-08,460100
9.98164304275881e-08,460200
9.98138524982937e-08,460300
9.98112954933918e-08,460400
9.98087605853833e-08,460500
9.98062489441205e-08,460600
9.98037617363462e-08,460700
9.98013001252276e-08,460800
9.97988652698832e-08,460900
9.9796458324926e-08,461000
9.97940804399923e-08,461100
9.9791732759289e-08,461200
9.97894164211283e-08,461300
9.97871325574689e-08,461400
9.97848822934621e-08,461500
9.9782666747001e-08,461600
9.97804870282687e-08,461700
9.97783442392906e-08,461800
9.97762394734902e-08,461900
9.977417381525e-08,462000
9.97721483394731e-08,462100
9.97701641111505e-08,462200
9.9768222184933e-08,462300
9.97663236047036e-08,462400
9.97644694031603e-08,462500
9.97626606013979e-08,462600
9.9760898208497e-08,462700
9.97591832211218e-08,462800
9.9757516623114e-08,462900
9.97558993851003e-08,463000
9.97543324641048e-08,463100
9.97528168031618e-08,463200
9.97513533309403e-08,463300
9.97499429613696e-08,463400
9.97485865932791e-08,463500
9.97472851100375e-08,463600
9.9746039379199e-08,463700
9.97448502521588e-08,463800
9.97437185638203e-08,463900
9.97426451322601e-08,464000
9.97416307584014e-08,464100
9.97406762257097e-08,464200
9.9739782299874e-08,464300
9.97389497285122e-08,464400
9.97381792408803e-08,464500
9.9737471547582e-08,464600
9.97368273403043e-08,464700
9.97362472915405e-08,464800
9.97357320543363e-08,464900
9.97352822620417e-08,465000
9.97348985280666e-08,465100
9.97345814456545e-08,465200
9.97343315876501e-08,465300
9.97341495062984e-08,465400
9.9734035733031e-08,465500
9.97339907782733e-08,465600
9.97340151312633e-08,465700
9.97341092598709e-08,465800
9.97342736104325e-08,465900
9.97345086075992e-08,466000
9.97348146541816e-08,466100
9.97351921310246e-08,466200
9.97356413968696e-08,466300
9.97361627882431e-08,466400
9.97367566193512e-08,466500
9.97374231819806e-08,466600
9.97381627454118e-08,466700
9.97389755563442e-08,466800
9.97398618388321e-08,466900
9.97408217942242e-08,467000
9.974185560112e-08,467100
9.97429634153385e-08,467200
9.97441453698875e-08,467300
9.97454015749546e-08,467400
9.9746732117895e-08,467500
9.97481370632496e-08,467600
9.97496164527492e-08,467700
9.97511703053471e-08,467800
9.97527986172596e-08,467900
9.97545013620048e-08,468000
9.97562784904676e-08,468100
9.975812993096e-08,468200
9.97600555893085e-08,468300
9.97620553489308e-08,468400
9.97641290709421e-08,468500
9.97662765942608e-08,468600
9.97684977357229e-08,468700
9.97707922902138e-08,468800
9.97731600308042e-08,468900
9.97756007088938e-08,469000
9.97781140543751e-08,469100
9.97806997757936e-08,469200
9.97833575605248e-08,469300
9.97860870749592e-08,469400
9.97888879646986e-08,469500
9.97917598547542e-08,469600
9.97947023497649e-08,469700
9.97977150342137e-08,469800
9.980079747266e-08,469900
9.98039492099759e-08,470000
9.98071697715957e-08,470100
9.98104586637694e-08,470200
9.98138153738285e-08,470300
9.98172393704508e-08,470400
9.98207301039485e-08,470500
9.98242870065538e-08,470600
9.98279094927027e-08,470700
9.98315969593564e-08,470800
9.98353487862938e-08,470900
9.98391643364345e-08,471000
9.98430429561652e-08,471100
9.9846983975665e-08,471200
9.98509867092445e-08,471300
9.98550504556901e-08,471400
9.98591744986073e-08,471500
9.98633581067871e-08,471600
9.98676005345529e-08,471700
9.98719010221414e-08,471800
9.98762587960607e-08,471900
9.98806730694846e-08,472000
9.98851430426138e-08,472100
9.98896679030828e-08,472200
9.9894246826339e-08,472300
9.98988789760414e-08,472400
9.99035635044649e-08,472500
9.99082995528987e-08,472600
9.99130862520548e-08,472700
9.99179227224838e-08,472800
9.99228080749829e-08,472900
9.99277414110189e-08,473000
9.99327218231411e-08,473100
9.99377483954148e-08,473200
9.99428202038345e-08,473300
9.99479363167579e-08,473400
9.99530957953376e-08,473500
9.9958297693941e-08,473600
9.99635410605951e-08,473700
9.99688249374079e-08,473800
9.99741483610136e-08,473900
9.99795103629976e-08,474000
9.99849099703392e-08,474100
9.99903462058411e-08,474200
9.99958180885704e-08,474300
1.00001324634291e-07,474400
1.00006864855895e-07,474500
1.00012437763847e-07,474600
1.00018042366604e-07,474700
1.0002367767106e-07,474800
1.00029342682965e-07,474900
1.00035036407361e-07,475000
1.0004075784901e-07,475100
1.00046506012815e-07,475200
1.00052279904242e-07,475300
1.00058078529747e-07,475400
1.00063900897182e-07,475500
1.00069746016221e-07,475600
1.00075612898763e-07,475700
1.00081500559346e-07,475800
1.00087408015543e-07,475900
1.00093334288371e-07,476000
1.00099278402683e-07,476100
1.00105239387557e-07,476200
1.00111216276688e-07,476300
1.00117208108772e-07,476400
1.00123213927877e-07,476500
1.00129232783824e-07,476600
1.00135263732547e-07,476700
1.00141305836462e-07,476800
1.00147358164819e-07,476900
1.00153419794054e-07,477000
1.00159489808134e-07,477100
1.00165567298895e-07,477200
1.00171651366375e-07,477300
1.00177741119138e-07,477400
1.00183835674599e-07,477500
1.00189934159326e-07,477600
1.00196035709352e-07,477700
1.00202139470474e-07,477800
1.0020824459854e-07,477900
1.00214350259736e-07,478000
1.0022045563086e-07,478100
1.00226559899587e-07,478200
1.00232662264737e-07,478300
1.00238761936519e-07,478400
1.00244858136783e-07,478500
1.00250950099251e-07,478600
1.00257037069749e-07,478700
1.0026311830642e-07,478800
1.00269193079941e-07,478900
1.00275260673726e-07,479000
1.00281320384116e-07,479100
1.00287371520565e-07,479200
1.00293413405819e-07,479300
1.00299445376079e-07,479400
1.00305466781165e-07,479500
1.00311476984659e-07,479600
1.00317475364051e-07,479700
1.00323461310868e-07,479800
1.00329434230795e-07,479900
1.00335393543789e-07,480000
1.00341338684184e-07,480100
1.0034726910078e-07,480200
1.00353184256936e-07,480300
1.0035908363064e-07,480400
1.00364966714578e-07,480500
1.00370833016185e-07,480600
1.00376682057704e-07,480700
1.00382513376216e-07,480800
1.00388326523669e-07,480900
1.00394121066905e-07,481000
1.0039989658766e-07,481100
1.00405652682574e-07,481200
1.00411388963179e-07,481300
1.00417105055881e-07,481400
1.00422800601938e-07,481500
1.00428475257423e-07,481600
1.00434128693172e-07,481700
1.00439760594745e-07,481800
1.00445370662352e-07,481900
1.00450958610783e-07,482000
1.00456524169337e-07,482100
1.00462067081721e-07,482200
1.00467587105962e-07,482300
1.00473084014296e-07,482400
1.00478557593059e-07,482500
1.00484007642558e-07,482600
1.00489433976945e-07,482700
1.00494836424076e-07,482800
1.00500214825366e-07,482900
1.00505569035631e-07,483000
1.00510898922932e-07,483100
1.00516204368393e-07,483200
1.00521485266039e-07,483300
1.00526741522599e-07,483400
1.00531973057318e-07,483500
1.00537179801757e-07,483600
1.00542361699589e-07,483700
1.00547518706384e-07,483800
1.00552650789388e-07,483900
1.00557757927301e-07,484000
1.00562840110041e-07,484100
1.00567897338508e-07,484200
1.00572929624338e-07,484300
1.00577936989652e-07,484400
1.00582919466804e-07,484500
1.00587877098115e-07,484600
1.0059280993561e-07,484700
1.00597718040744e-07,484800
1.00602601484127e-07,484900
1.00607460345242e-07,485000
1.00612294712163e-07,485100
1.00617104681257e-07,485200
1.00621890356897e-07,485300
1.00626651851163e-07,485400
1.0063138928354e-07,485500
1.00636102780609e-07,485600
1.00640792475743e-07,485700
1.00645458508795e-07,485800
1.00650101025785e-07,485900
1.00654720178575e-07,486000
1.00659316124562e-07,486100
1.00663889026344e-07,486200
1.00668439051408e-07,486300
1.00672966371792e-07,486400
1.00677471163768e-07,486500
1.00681953607509e-07,486600
1.0068641388676e-07,486700
1.00690852188506e-07,486800
1.00695268702644e-07,486900
1.00699663621647e-07,487000
1.00704037140233e-07,487100
1.00708389455036e-07,487200
1.00712720764268e-07,487300
1.00717031267394e-07,487400
1.00721321164792e-07,487500
1.00725590657431e-07,487600
1.00729839946534e-07,487700
1.00734069233259e-07,487800
1.00738278718362e-07,487900
1.00742468601875e-07,488000
1.00746639082787e-07,488100
1.00750790358715e-07,488200
1.00754922625589e-07,488300
1.00759036077338e-07,488400
1.0076313090557e-07,488500
1.00767207299259e-07,488600
1.00771265444445e-07,488700
1.00775305523922e-07,488800
1.0077932771694e-07,488900
1.00783332198902e-07,489000
1.00787319141073e-07,489100
1.0079128871029e-07,489200
1.00795241068675e-07,489300
1.00799176373351e-07,489400
1.00803094776167e-07,489500
1.00806996423425e-07,489600
1.00810881455609e-07,489700
1.00814750007125e-07,489800
1.00818602206043e-07,489900
1.00822438173842e-07,490000
1.00826258025167e-07,490100
1.00830061867585e-07,490200
1.00833849801347e-07,490300
1.00837621919163e-07,490400
1.00841378305975e-07,490500
1.00845119038744e-07,490600
1.00848844186231e-07,490700
1.008525538088e-07,490800
1.00856247958213e-07,490900
1.00859926677447e-07,491000
1.00863590000503e-07,491100
1.00867237952229e-07,491200
1.00870870548148e-07,491300
1.00874487794304e-07,491400
1.00878089687088e-07,491500
1.0088167621311e-07,491600
1.00885247349036e-07,491700
1.00888803061474e-07,491800
1.0089234330683e-07,491900
1.00895868031201e-07,492000
1.0089937717026e-07,492100
1.00902870649147e-07,492200
1.00906348382382e-07,492300
1.00909810273772e-07,492400
1.00913256216332e-07,492500
1.00916686092214e-07,492600
1.00920099772641e-07,492700
1.00923497117851e-07,492800
1.00926877977052e-07,492900
1.00930242188378e-07,493000
1.00933589578863e-07,493100
1.00936919964409e-07,493200
1.00940233149775e-07,493300
1.00943528928573e-07,493400
1.00946807083262e-07,493500
1.00950067385161e-07,493600
1.00953309594464e-07,493700
1.00956533460263e-07,493800
1.00959738720587e-07,493900
1.00962925102435e-07,494000
1.00966092321832e-07,494100
1.0096924008388e-07,494200
1.00972368082825e-07,494300
1.00975476002134e-07,494400
1.00978563514566e-07,494500
1.00981630282268e-07,494600
1.00984675956868e-07,494700
1.00987700179576e-07,494800
1.00990702581301e-07,494900
1.00993682782762e-07,495000
1.00996640394621e-07,495100
1.0099957501761e-07,495200
1.01002486242673e-07,495300
1.01005373651117e-07,495400
1.01008236814764e-07,495500
1.0101107529611e-07,495600
1.01013888648495e-07,495700
1.01016676416278e-07,495800
1.01019438135024e-07,495900
1.01022173331679e-07,496000
1.01024881524776e-07,496100
1.01027562224632e-07,496200
1.01030214933552e-07,496300
1.01032839146045e-07,496400
1.01035434349041e-07,496500
1.01038000022115e-07,496600
1.01040535637719e-07,496700
1.01043040661412e-07,496800
1.01045514552107e-07,496900
1.01047956762309e-07,497000
1.01050366738375e-07,497100
1.01052743920759e-07,497200
1.01055087744277e-07,497300
1.01057397638376e-07,497400
1.01059673027392e-07,497500
1.01061913330833e-07,497600
1.0106411796365e-07,497700
1.01066286336515e-07,497800
1.01068417856118e-07,497900
1.01070511925438e-07,498000
1.01072567944045e-07,498100
1.01074585308394e-07,498200
1.01076563412116e-07,498300
1.01078501646323e-07,498400
1.01080399399907e-07,498500
1.01082256059848e-07,498600
1.01084071011518e-07,498700
1.01085843638991e-07,498800
1.01087573325357e-07,498900
1.01089259453027e-07,499000
1.01090901404056e-07,499100
1.01092498560449e-07,499200
1.01094050304487e-07,499300
1.01095556019034e-07,499400
1.01097015087862e-07,499500
1.01098426895969e-07,499600
1.01099790829889e-07,499700
1.01101106278027e-07,499800
1.01102372630962e-07,499900
1.0110358928177e-07,500000
1.01104755626349e-07,500100
1.01105871063728e-07,500200
1.01106934996387e-07,500300
1.01107946830574e-07,500400
1.01108905976614e-07,500500
1.0110981184923e-07,500600
1.01110663867848e-07,500700
1.01111461456909e-07,500800
1.01112204046177e-07,500900
1.01112891071047e-07,501000
1.01113521972846e-07,501100
1.01114096199132e-07,501200
1.01114613203999e-07,501300
1.01115072448365e-07,501400
1.01115473400273e-07,501500
1.01115815535174e-07,501600
1.01116098336216e-07,501700
1.01116321294529e-07,501800
1.011164839095e-07,501900
1.01116585689056e-07,502000
1.01116626149926e-07,502100
1.01116604817919e-07,502200
1.01116521228176e-07,502300
1.01116374925441e-07,502400
1.01116165464308e-07,502500
1.01115892409479e-07,502600
1.01115555335994e-07,502700
1.01115153829491e-07,502800
1.01114687486427e-07,502900
1.01114155914314e-07,503000
1.01113558731944e-07,503100
1.01112895569606e-07,503200
1.01112166069304e-07,503300
1.01111369884962e-07,503400
1.01110506682629e-07,503500
1.01109576140675e-07,503600
1.01108577949979e-07,503700
1.01107511814122e-07,503800
1.01106377449554e-07,503900
1.01105174585781e-07,504000
1.01103902965517e-07,504100
1.01102562344854e-07,504200
1.01101152493408e-07,504300
1.01099673194472e-07,504400
1.01098124245154e-07,504500
1.01096505456509e-07,504600
1.01094816653664e-07,504700
1.01093057675947e-07,504800
1.0109122837699e-07,504900
1.01089328624839e-07,505000
1.01087358302053e-07,505100
1.010853173058e-07,505200
1.01083205547934e-07,505300
1.0108102295508e-07,505400
1.01078769468705e-07,505500
1.01076445045175e-07,505600
1.01074049655823e-07,505700
1.01071583286987e-07,505800
1.01069045940058e-07,505900
1.0106643763152e-07,506000
1.01063758392965e-07,506100
1.01061008271129e-07,506200
1.01058187327894e-07,506300
1.01055295640304e-07,506400
1.01052333300555e-07,506500
1.01049300415996e-07,506600
1.01046197109106e-07,506700
1.01043023517479e-07,506800
1.01039779793794e-07,506900
1.01036466105772e-07,507000
1.01033082636143e-07,507100
1.01029629582592e-07,507200
1.01026107157695e-07,507300
1.0102251558887e-07,507400
1.01018855118294e-07,507500
1.01015126002831e-07,507600
1.01011328513947e-07,507700
1.01007462937623e-07,507800
1.0100352957425e-07,507900
1.00999528738532e-07,508000
1.00995460759377e-07,508100
1.00991325979777e-07,508200
1.00987124756682e-07,508300
1.00982857460884e-07,508400
1.00978524476867e-07,508500
1.00974126202679e-07,508600
1.00969663049775e-07,508700
1.00965135442874e-07,508800
1.00960543819794e-07,508900
1.00955888631292e-07,509000
1.00951170340894e-07,509100
1.0094638942472e-07,509200
1.00941546371302e-07,509300
1.00936641681407e-07,509400
1.00931675867837e-07,509500
1.00926649455243e-07,509600
1.00921562979918e-07,509700
1.00916416989598e-07,509800
1.00911212043251e-07,509900
1.00905948710862e-07,510000
1.00900627573224e-07,510100
1.00895249221704e-07,510200
1.00889814258025e-07,510300
1.00884323294036e-07,510400
1.00878776951477e-07,510500
1.00873175861746e-07,510600
1.00867520665648e-07,510700
1.00861812013168e-07,510800
1.00856050563209e-07,510900
1.00850236983352e-07,511000
1.00844371949597e-07,511100
1.00838456146114e-07,511200
1.00832490264975e-07,511300
1.00826475005907e-07,511400
1.00820411076018e-07,511500
1.00814299189536e-07,511600
1.00808140067544e-07,511700
1.00801934437708e-07,511800
1.00795683034008e-07,511900
1.0078938659647e-07,512000
1.0078304587088e-07,512100
1.00776661608527e-07,512200
1.00770234565913e-07,512300
1.00763765504486e-07,512400
1.00757255190352e-07,512500
1.00750704394008e-07,512600
1.0074411389006e-07,512700
1.00737484456936e-07,512800
1.00730816876622e-07,512900
1.00724111934368e-07,513000
1.00717370418422e-07,513100
1.00710593119734e-07,513200
1.00703780831703e-07,513300
1.00696934349874e-07,513400
1.00690054471677e-07,513500
1.00683141996141e-07,513600
1.0067619772363e-07,513700
1.00669222455556e-07,513800
1.00662216994116e-07,513900
1.00655182142014e-07,514000
1.00648118702195e-07,514100
1.00641027477578e-07,514200
1.00633909270786e-07,514300
1.00626764883879e-07,514400
1.00619595118101e-07,514500
1.00612400773611e-07,514600
1.00605182649227e-07,514700
1.00597941542174e-07,514800
1.00590678247831e-07,514900
1.00583393559473e-07,515000
1.00576088268033e-07,515100
1.00568763161852e-07,515200
1.00561419026441e-07,515300
1.0055405664424e-07,515400
1.00546676794386e-07,515500
1.00539280252473e-07,515600
1.00531867790339e-07,515700
1.00524440175824e-07,515800
1.00516998172564e-07,515900
1.00509542539764e-07,516000
1.00502074031987e-07,516100
1.00494593398949e-07,516200
1.00487101385306e-07,516300
1.00479598730459e-07,516400
1.00472086168355e-07,516500
1.0046456442729e-07,516600
1.00457034229729e-07,516700
1.00449496292114e-07,516800
1.0044195132469e-07,516900
1.00434400031326e-07,517000
1.00426843109346e-07,517100
1.00419281249366e-07,517200
1.00411715135126e-07,517300
1.00404145443343e-07,517400
1.00396572843551e-07,517500
1.00388997997965e-07,517600
1.00381421561325e-07,517700
1.00373844180774e-07,517800
1.00366266495718e-07,517900
1.00358689137698e-07,518000
1.00351112730279e-07,518100
1.00343537888926e-07,518200
1.00335965220888e-07,518300
1.00328395325105e-07,518400
1.00320828792098e-07,518500
1.00313266203876e-07,518600
1.00305708133846e-07,518700
1.00298155146726e-07,518800
1.00290607798472e-07,518900
1.0028306663619e-07,519000
1.00275532198084e-07,519100
1.00268005013377e-07,519200
1.00260485602256e-07,519300
1.00252974475829e-07,519400
1.0024547213606e-07,519500
1.00237979075738e-07,519600
1.00230495778432e-07,519700
1.00223022718465e-07,519800
1.00215560360874e-07,519900
1.00208109161408e-07,520000
1.00200669566486e-07,520100
1.00193242013206e-07,520200
1.0018582692932e-07,520300
1.00178424733248e-07,520400
1.00171035834067e-07,520500
1.00163660631525e-07,520600
1.00156299516052e-07,520700
1.00148952868779e-07,520800
1.00141621061558e-07,520900
1.00134304456984e-07,521000
1.00127003408438e-07,521100
1.00119718260113e-07,521200
1.00112449347054e-07,521300
1.00105196995209e-07,521400
1.00097961521479e-07,521500
1.0009074323376e-07,521600
1.00083542431015e-07,521700
1.00076359403329e-07,521800
1.00069194431977e-07,521900
1.0006204778949e-07,522000
1.00054919739738e-07,522100
1.00047810537999e-07,522200
1.0004072043105e-07,522300
1.00033649657244e-07,522400
1.00026598446605e-07,522500
1.00019567020921e-07,522600
1.00012555593838e-07,522700
1.00005564370961e-07,522800
9.999859354996e-08,522900
9.99916433206706e-08,523000
9.99847138652067e-08,523100
9.99778053580788e-08,523200
9.99709179663e-08,523300
9.99640518495077e-08,523400
9.99572071600907e-08,523500
9.99503840433024e-08,523600
9.99435826373985e-08,523700
9.99368030737559e-08,523800
9.99300454770123e-08,523900
9.99233099651912e-08,524000
9.99165966498476e-08,524100
9.99099056361952e-08,524200
9.9903237023254e-08,524300
9.98965909039885e-08,524400
9.98899673654512e-08,524500
9.98833664889248e-08,524600
9.98767883500733e-08,524700
9.98702330190902e-08,524800
9.98637005608392e-08,524900
9.98571910350161e-08,525000
9.98507044962887e-08,525100
9.98442409944601e-08,525200
9.98378005746134e-08,525300
9.98313832772726e-08,525400
9.98249891385512e-08,525500
9.98186181903107e-08,525600
9.98122704603187e-08,525700
9.98059459724007e-08,525800
9.97996447465998e-08,525900
9.97933667993317e-08,526000
9.97871121435413e-08,526100
9.97808807888609e-08,526200
9.97746727417674e-08,526300
9.97684880057366e-08,526400
9.97623265813986e-08,526500
9.97561884666963e-08,526600
9.975007365704e-08,526700
9.97439821454595e-08,526800
9.97379139227594e-08,526900
9.97318689776725e-08,527000
9.97258472970143e-08,527100
9.97198488658247e-08,527200
9.97138736675311e-08,527300
9.97079216840856e-08,527400
9.97019928961211e-08,527500
9.96960872830921e-08,527600
9.96902048234223e-08,527700
9.96843454946468e-08,527800
9.96785092735528e-08,527900
9.96726961363227e-08,528000
9.96669060586678e-08,528100
9.96611390159711e-08,528200
9.96553949834109e-08,528300
9.96496739361076e-08,528400
9.9643975849245e-08,528500
9.96383006981972e-08,528600
9.96326484586606e-08,528700
9.96270191067756e-08,528800
9.96214126192457e-08,528900
9.96158289734599e-08,529000
9.96102681476081e-08,529100
9.96047301207946e-08,529200
9.959921487315e-08,529300
9.95937223859425e-08,529400
9.958825264168e-08,529500
9.9582805624218e-08,529600
9.95773813188546e-08,529700
9.95719797124373e-08,529800
9.95666007934484e-08,529900
9.9561244552106e-08,530000
9.95559109804437e-08,530100
9.95506000724058e-08,530200
9.95453118239264e-08,530300
9.95400462330081e-08,530400
9.95348032998033e-08,530500
9.95295830266834e-08,530600
9.95243854183127e-08,530700
9.95192104817141e-08,530800
9.95140582263361e-08,530900
9.95089286641106e-08,531000
9.95038218095132e-08,531100
9.9498737679616e-08,531200
9.94936762941396e-08,531300
9.94886376755034e-08,531400
9.9483621848866e-08,531500
9.94786288421688e-08,531600
9.94736586861758e-08,531700
9.94687114145065e-08,531800
9.9463787063664e-08,531900
9.94588856730726e-08,532000
9.94540072850905e-08,532100
9.94491519450414e-08,532200
9.9444319701227e-08,532300
9.94395106049423e-08,532400
9.94347247104913e-08,532500
9.94299620751879e-08,532600
9.94252227593667e-08,532700
9.94205068263846e-08,532800
9.94158143426154e-08,532900
9.94111453774487e-08,533000
9.94065000032803e-08,533100
9.94018782955034e-08,533200
9.93972803324859e-08,533300
9.93927061955677e-08,533400
9.93881559690261e-08,533500
9.9383629740061e-08,533600
9.93791275987622e-08,533700
9.93746496380893e-08,533800
9.93701959538283e-08,533900
9.9365766644561e-08,534000
9.93613618116285e-08,534100
9.93569815590876e-08,534200
9.93526259936701e-08,534300
9.93482952247298e-08,534400
9.93439893642001e-08,534500
9.93397085265379e-08,534600
9.93354528286709e-08,534700
9.93312223899403e-08,534800
9.93270173320396e-08,534900
9.93228377789543e-08,535000
9.93186838568991e-08,535100
9.93145556942451e-08,535200
9.93104534214596e-08,535300
9.93063771710266e-08,535400
9.93023270773767e-08,535500
9.92983032768148e-08,535600
9.92943059074386e-08,535700
9.92903351090581e-08,535800
9.92863910231194e-08,535900
9.92824737926182e-08,536000
9.92785835620128e-08,536100
9.92747204771433e-08,536200
9.92708846851378e-08,536300
9.92670763343273e-08,536400
9.92632955741471e-08,536500
9.92595425550536e-08,536600
9.92558174284233e-08,536700
9.92521203464606e-08,536800
9.92484514620979e-08,536900
9.92448109289029e-08,537000
9.92411989009769e-08,537100
9.9237615532853e-08,537200
9.92340609793982e-08,537300
9.92305353957143e-08,537400
9.92270389370297e-08,537500
9.92235717586004e-08,537600
9.92201340156052e-08,537700
9.92167258630406e-08,537800
9.92133474556205e-08,537900
9.92099989476665e-08,538000
9.92066804930019e-08,538100
9.92033922448529e-08,538200
9.92001343557349e-08,538300
9.91969069773524e-08,538400
9.91937102604908e-08,538500
9.91905443549094e-08,538600
9.91874094092398e-08,538700
9.91843055708782e-08,538800
9.91812329858787e-08,538900
9.91781917988512e-08,539000
9.91751821528557e-08,539100
9.91722041893003e-08,539200
9.91692580478355e-08,539300
9.91663438662524e-08,539400
9.91634617803845e-08,539500
9.91606119240007e-08,539600
9.91577944287082e-08,539700
9.91550094238559e-08,539800
9.91522570364328e-08,539900
9.91495373909694e-08,540000
9.91468506094483e-08,540100
9.91441968112004e-08,540200
9.91415761128203e-08,540300
9.9138988628071e-08,540400
9.91364344677895e-08,540500
9.91339137398017e-08,540600
9.91314265488357e-08,540700
9.91289729964318e-08,540800
9.91265531808602e-08,540900
9.91241671970405e-08,541000
9.9121815136455e-08,541100
9.91194970870768e-08,541200
9.91172131332856e-08,541300
9.91149633558001e-08,541400
9.91127478315961e-08,541500
9.91105666338435e-08,541600
9.91084198318322e-08,541700
9.9106307490906e-08,541800
9.91042296723994e-08,541900
9.91021864335738e-08,542000
9.91001778275564e-08,542100
9.90982039032885e-08,542200
9.90962647054598e-08,542300
9.90943602744636e-08,542400
9.90924906463451e-08,542500
9.90906558527484e-08,542600
9.90888559208761e-08,542700
9.90870908734454e-08,542800
9.90853607286462e-08,542900
9.90836655001058e-08,543000
9.90820051968497e-08,543100
9.90803798232766e-08,543200
9.90787893791181e-08,543300
9.90772338594257e-08,543400
9.90757132545331e-08,543500
9.90742275500444e-08,543600
9.90727767268094e-08,543700
9.90713607609165e-08,543800
9.90699796236712e-08,543900
9.90686332815885e-08,544000
9.90673216963893e-08,544100
9.90660448249953e-08,544200
9.90648026195254e-08,544300
9.90635950272993e-08,544400
9.90624219908433e-08,544500
9.90612834478967e-08,544600
9.90601793314231e-08,544700
9.90591095696224e-08,544800
9.905807408595e-08,544900
9.90570727991351e-08,545000
9.90561056232025e-08,545100
9.90551724675005e-08,545200
9.90542732367241e-08,545300
9.90534078309543e-08,545400
9.90525761456825e-08,545500
9.90517780718585e-08,545600
9.9051013495921e-08,545700
9.90502822998466e-08,545800
9.90495843611904e-08,545900
9.90489195531419e-08,546000
9.90482877445703e-08,546100
9.90476888000794e-08,546200
9.90471225800689e-08,546300
9.90465889407886e-08,546400
9.90460877344061e-08,546500
9.90456188090666e-08,546600
9.9045182008968e-08,546700
9.90447771744258e-08,546800
9.9044404141945e-08,546900
9.90440627443053e-08,547000
9.90437528106262e-08,547100
9.90434741664586e-08,547200
9.90432266338644e-08,547300
9.90430100315004e-08,547400
9.904282417471e-08,547500
9.90426688756101e-08,547600
9.90425439431879e-08,547700
9.9042449183393e-08,547800
9.90423843992346e-08,547900
9.90423493908846e-08,548000
9.90423439557724e-08,548100
9.90423678886989e-08,548200
9.9042420981931e-08,548300
9.90425030253143e-08,548400
9.9042613806387e-08,548500
9.90427531104835e-08,548600
9.90429207208511e-08,548700
9.90431164187681e-08,548800
9.90433399836538e-08,548900
9.90435911931928e-08,549000
9.90438698234504e-08,549100
9.90441756489976e-08,549200
9.9044508443032e-08,549300
9.90448679774993e-08,549400
9.9045254023227e-08,549500
9.90456663500399e-08,549600
9.9046104726898e-08,549700
9.90465689220195e-08,549800
9.90470587030127e-08,549900
9.90475738370044e-08,550000
9.90481140907786e-08,550100
9.90486792309043e-08,550200
9.90492690238658e-08,550300
9.90498832362043e-08,550400
9.90505216346487e-08,550500
9.90511839862491e-08,550600
9.90518700585202e-08,550700
9.90525796195653e-08,550800
9.9053312438226e-08,550900
9.90540682842101e-08,551000
9.90548469282323e-08,551100
9.90556481421518e-08,551200
9.90564716991055e-08,551300
9.90573173736504e-08,551400
9.90581849418982e-08,551500
9.90590741816513e-08,551600
9.90599848725402e-08,551700
9.90609167961603e-08,551800
9.90618697362077e-08,551900
9.90628434786127e-08,552000
9.90638378116768e-08,552100
9.90648525262064e-08,552200
9.90658874156432e-08,552300
9.9066942276205e-08,552400
9.90680169070025e-08,552500
9.90691111101907e-08,552600
9.90702246910787e-08,552700
9.90713574582706e-08,552800
9.90725092237878e-08,552900
9.90736798032024e-08,553000
9.90748690157484e-08,553100
9.90760766844579e-08,553200
9.90773026362815e-08,553300
9.90785467022035e-08,553400
9.90798087173628e-08,553500
9.9081088521175e-08,553600
9.90823859574404e-08,553700
9.90837008744665e-08,553800
9.90850331251706e-08,553900
9.90863825671981e-08,554000
9.90877490630242e-08,554100
9.90891324800651e-08,554200
9.90905326907779e-08,554300
9.9091949572762e-08,554400
9.90933830088642e-08,554500
9.90948328872685e-08,554600
9.9096299101594e-08,554700
9.90977815509881e-08,554800
9.90992801402146e-08,554900
9.9100794779742e-08,555000
9.91023253858247e-08,555100
9.91038718805904e-08,555200
9.91054341921151e-08,555300
9.91070122545015e-08,555400
9.91086060079501e-08,555500
9.91102153988339e-08,555600
9.91118403797603e-08,555700
9.91134809096428e-08,555800
9.91151369537567e-08,555900
9.91168084838014e-08,556000
9.91184954779557e-08,556100
9.91201979209256e-08,556200
9.91219158040031e-08,556300
9.9123649125101e-08,556400
9.91253978888034e-08,556500
9.91271621064012e-08,556600
9.91289417959307e-08,556700
9.91307369822085e-08,556800
9.91325476968495e-08,556900
9.91343739783093e-08,557000
9.91362158718909e-08,557100
9.91380734297795e-08,557200
9.91399467110384e-08,557300
9.91418357816406e-08,557400
9.91437407144668e-08,557500
9.91456615893092e-08,557600
9.91475984928755e-08,557700
9.91495515187882e-08,557800
9.91515207675764e-08,557900
9.91535063466655e-08,558000
9.91555083703649e-08,558100
9.91575269598511e-08,558200
9.91595622431472e-08,558300
9.91616143550994e-08,558400
9.91636834373462e-08,558500
9.91657696382879e-08,558600
9.91678731130561e-08,558700
9.91699940234686e-08,558800
9.91721325379874e-08,558900
9.91742888316783e-08,559000
9.91764630861526e-08,559100
9.91786554895223e-08,559200
9.9180866236335e-08,559300
9.91830955275187e-08,559400
9.91853435703165e-08,559500
9.91876105782155e-08,559600
9.91898967708799e-08,559700
9.91922023740728e-08,559800
9.91945276195786e-08,559900
9.91968727451225e-08,560000
9.91992379942837e-08,560100
9.92016236164053e-08,560200
9.92040298665047e-08,560300
9.92064570051751e-08,560400
9.920890529849e-08,560500
9.92113750179e-08,560600
9.9213866440122e-08,560700
9.92163798470369e-08,560800
9.92189155255784e-08,560900
9.92214737676098e-08,561000
9.92240548698139e-08,561100
9.92266591335691e-08,561200
9.92292868648218e-08,561300
9.92319383739654e-08,561400
9.92346139757061e-08,561500
9.92373139889276e-08,561600
9.92400387365625e-08,561700
9.92427885454469e-08,561800
9.92455637461836e-08,561900
9.92483646729923e-08,562000
9.9251191663573e-08,562100
9.92540450589465e-08,562200
9.92569252033083e-08,562300
9.92598324438765e-08,562400
9.92627671307288e-08,562500
9.92657296166519e-08,562600
9.92687202569758e-08,562700
9.92717394094123e-08,562800
9.92747874338889e-08,562900
9.92778646923872e-08,563000
9.9280971548766e-08,563100
9.92841083685961e-08,563200
9.92872755189877e-08,563300
9.92904733684141e-08,563400
9.92937022865394e-08,563500
9.9296962644036e-08,563600
9.93002548124105e-08,563700
9.93035791638232e-08,563800
9.93069360709008e-08,563900
9.93103259065657e-08,564000
9.931374904384e-08,564100
9.93172058556656e-08,564200
9.93206967147216e-08,564300
9.93242219932298e-08,564400
9.93277820627763e-08,564500
9.93313772941172e-08,564600
9.93350080569877e-08,564700
9.93386747199218e-08,564800
9.93423776500518e-08,564900
9.93461172129249e-08,565000
9.93498937723089e-08,565100
9.93537076900051e-08,565200
9.93575593256523e-08,565300
9.93614490365401e-08,565400
9.93653771774139e-08,565500
9.93693441002885e-08,565600
9.93733501542546e-08,565700
9.9377395685288e-08,565800
9.93814810360615e-08,565900
9.93856065457531e-08,566000
9.9389772549859e-08,566100
9.93939793800073e-08,566200
9.93982273637635e-08,566300
9.94025168244514e-08,566400
9.94068480809625e-08,566500
9.9411221447572e-08,566600
9.94156372337592e-08,566700
9.9420095744018e-08,566800
9.94245972776801e-08,566900
9.94291421287353e-08,567000
9.94337305856515e-08,567100
9.94383629311965e-08,567200
9.94430394422646e-08,567300
9.94477603897023e-08,567400
9.9452526038137e-08,567500
9.94573366458042e-08,567600
9.94621924643831e-08,567700
9.94670937388264e-08,567800
9.94720407071972e-08,567900
9.94770336005102e-08,568000
9.94820726425667e-08,568100
9.94871580498009e-08,568200
9.94922900311218e-08,568300
9.94974687877626e-08,568400
9.95026945131294e-08,568500
9.9507967392655e-08,568600
9.95132876036496e-08,568700
9.95186553151649e-08,568800
9.95240706878478e-08,568900
9.95295338738107e-08,569000
9.95350450164901e-08,569100
9.9540604250522e-08,569200
9.9546211701612e-08,569300
9.95518674864088e-08,569400
9.95575717123856e-08,569500
9.95633244777195e-08,569600
9.95691258711797e-08,569700
9.95749759720096e-08,569800
9.95808748498264e-08,569900
9.95868225645091e-08,570000
9.95928191661009e-08,570100
9.95988646947118e-08,570200
9.96049591804203e-08,570300
9.96111026431868e-08,570400
9.96172950927654e-08,570500
9.96235365286156e-08,570600
9.96298269398326e-08,570700
9.96361663050615e-08,570800
9.96425545924302e-08,570900
9.96489917594813e-08,571000
9.96554777531047e-08,571100
9.96620125094786e-08,571200
9.96685959540139e-08,571300
9.96752280012999e-08,571400
9.9681908555056e-08,571500
9.96886375080872e-08,571600
9.96954147422471e-08,571700
9.97022401283881e-08,571800
9.97091135263464e-08,571900
9.97160347849012e-08,572000
9.97230037417547e-08,572100
9.97300202235109e-08,572200
9.97370840456581e-08,572300
9.97441950125585e-08,572400
9.97513529174385e-08,572500
9.97585575423858e-08,572600
9.97658086583476e-08,572700
9.97731060251364e-08,572800
9.97804493914365e-08,572900
9.97878384948205e-08,573000
9.97952730617579e-08,573100
9.98027528076443e-08,573200
9.98102774368184e-08,573300
9.98178466425955e-08,573400
9.98254601072969e-08,573500
9.98331175022884e-08,573600
9.98408184880199e-08,573700
9.98485627140728e-08,573800
9.98563498192006e-08,573900
9.9864179431391e-08,574000
9.9872051167916e-08,574100
9.98799646353936e-08,574200
9.9887919429852e-08,574300
9.98959151367978e-08,574400
9.99039513312837e-08,574500
9.99120275779929e-08,574600
9.99201434313065e-08,574700
9.99282984353977e-08,574800
9.99364921243046e-08,574900
9.99447240220339e-08,575000
9.99529936426449e-08,575100
9.99613004903504e-08,575200
9.99696440596162e-08,575300
9.9978023835263e-08,575400
9.99864392925744e-08,575500
9.99948898974103e-08,575600
1.00003375106318e-07,575700
1.00011894366643e-07,575800
1.00020447116662e-07,575900
1.00029032785693e-07,576000
1.00037650794226e-07,576100
1.00046300554057e-07,576200
1.00054981468412e-07,576300
1.00063692932083e-07,576400
1.0007243433157e-07,576500
1.00081205045215e-07,576600
1.0009000444335e-07,576700
1.00098831888436e-07,576800
1.00107686735219e-07,576900
1.00116568330872e-07,577000
1.00125476015152e-07,577100
1.00134409120555e-07,577200
1.00143366972466e-07,577300
1.00152348889332e-07,577400
1.00161354182808e-07,577500
1.00170382157933e-07,577600
1.00179432113283e-07,577700
1.0018850334115e-07,577800
1.00197595127699e-07,577900
1.0020670675315e-07,578000
1.0021583749194e-07,578100
1.00224986612904e-07,578200
1.00234153379445e-07,578300
1.00243337049712e-07,578400
1.0025253687678e-07,578500
1.00261752108826e-07,578600
1.00270981989308e-07,578700
1.00280225757153e-07,578800
1.00289482646932e-07,578900
1.00298751889042e-07,579000
1.00308032709901e-07,579100
1.00317324332119e-07,579200
1.00326625974693e-07,579300
1.00335936853188e-07,579400
1.00345256179924e-07,579500
1.00354583164166e-07,579600
1.00363917012307e-07,579700
1.00373256928061e-07,579800
1.00382602112641e-07,579900
1.00391951764962e-07,580000
1.00401305081812e-07,580100
1.00410661258055e-07,580200
1.00420019486806e-07,580300
1.00429378959627e-07,580400
1.00438738866713e-07,580500
1.00448098397076e-07,580600
1.00457456738734e-07,580700
1.00466813078897e-07,580800
1.00476166604153e-07,580900
1.00485516500647e-07,581000
1.00494861954279e-07,581100
1.00504202150871e-07,581200
1.00513536276364e-07,581300
1.00522863516985e-07,581400
1.00532183059447e-07,581500
1.00541494091108e-07,581600
1.00550795800166e-07,581700
1.00560087375825e-07,581800
1.0056936800848e-07,581900
1.00578636889889e-07,582000
1.00587893213341e-07,582100
1.00597136173835e-07,582200
1.00606364968252e-07,582300
1.00615578795517e-07,582400
1.00624776856769e-07,582500
1.00633958355533e-07,582600
1.00643122497878e-07,582700
1.00652268492579e-07,582800
1.00661395551281e-07,582900
1.00670502888657e-07,583000
1.00679589722563e-07,583100
1.00688655274196e-07,583200
1.00697698768246e-07,583300
1.00706719433043e-07,583400
1.00715716500712e-07,583500
1.00724689207317e-07,583600
1.00733636793004e-07,583700
1.00742558502145e-07,583800
1.00751453583479e-07,583900
1.00760321290248e-07,584000
1.00769160880334e-07,584100
1.00777971616389e-07,584200
1.00786752765973e-07,584300
1.00795503601673e-07,584400
1.00804223401238e-07,584500
1.00812911447694e-07,584600
1.00821567029472e-07,584700
1.00830189440525e-07,584800
1.00838777980439e-07,584900
1.00847331954555e-07,585000
1.00855850674072e-07,585100
1.00864333456161e-07,585200
1.00872779624068e-07,585300
1.00881188507214e-07,585400
1.00889559441306e-07,585500
1.00897891768423e-07,585600
1.00906184837119e-07,585700
1.00914438002511e-07,585800
1.00922650626372e-07,585900
1.00930822077221e-07,586000
1.00938951730398e-07,586100
1.00947038968155e-07,586200
1.00955083179734e-07,586300
1.00963083761441e-07,586400
1.00971040116721e-07,586500
1.00978951656232e-07,586600
1.00986817797908e-07,586700
1.00994637967035e-07,586800
1.01002411596301e-07,586900
1.01010138125871e-07,587000
1.01017817003437e-07,587100
1.01025447684272e-07,587200
1.01033029631296e-07,587300
1.01040562315108e-07,587400
1.0104804521405e-07,587500
1.01055477814246e-07,587600
1.01062859609643e-07,587700
1.0107019010206e-07,587800
1.01077468801214e-07,587900
1.01084695224768e-07,588000
1.0109186889836e-07,588100
1.01098989355631e-07,588200
1.01106056138254e-07,588300
1.01113068795968e-07,588400
1.01120026886596e-07,588500
1.01126929976063e-07,588600
1.01133777638427e-07,588700
1.01140569455886e-07,588800
1.01147305018802e-07,588900
1.01153983925704e-07,589000
1.0116060578331e-07,589100
1.0116717020653e-07,589200
1.01173676818473e-07,589300
1.01180125250457e-07,589400
1.01186515142004e-07,589500
1.01192846140852e-07,589600
1.01199117902944e-07,589700
1.01205330092433e-07,589800
1.01211482381676e-07,589900
1.01217574451226e-07,590000
1.01223605989826e-07,590100
1.01229576694402e-07,590200
1.01235486270049e-07,590300
1.01241334430019e-07,590400
1.0124712089571e-07,590500
1.01252845396647e-07,590600
1.0125850767047e-07,590700
1.01264107462908e-07,590800
1.01269644527771e-07,590900
1.01275118626917e-07,591000
1.01280529530238e-07,591100
1.01285877015636e-07,591200
1.01291160868995e-07,591300
1.01296380884158e-07,591400
1.013015368629e-07,591500
1.01306628614903e-07,591600
1.0131165595772e-07,591700
1.01316618716754e-07,591800
1.01321516725223e-07,591900
1.0132634982413e-07,592000
1.0133111786223e-07,592100
1.01335820695996e-07,592200
1.0134045818959e-07,592300
1.01345030214825e-07,592400
1.0134953665113e-07,592500
1.01353977385514e-07,592600
1.01358352312535e-07,592700
1.01362661334257e-07,592800
1.01366904360217e-07,592900
1.01371081307384e-07,593000
1.01375192100128e-07,593100
1.01379236670171e-07,593200
1.01383214956561e-07,593300
1.01387126905621e-07,593400
1.01390972470918e-07,593500
1.01394751613222e-07,593600
1.01398464300467e-07,593700
1.01402110507707e-07,593800
1.01405690217081e-07,593900
1.01409203417774e-07,594000
1.01412650105973e-07,594100
1.01416030284828e-07,594200
1.01419343964417e-07,594300
1.01422591161699e-07,594400
1.0142577190048e-07,594500
1.01428886211371e-07,594600
1.0143193413175e-07,594700
1.01434915705718e-07,594800
1.01437830984069e-07,594900
1.0144068002424e-07,595000
1.01443462890284e-07,595100
1.01446179652819e-07,595200
1.01448830389004e-07,595300
1.01451415182486e-07,595400
1.01453934123372e-07,595500
1.01456387308196e-07,595600
1.01458774839866e-07,595700
1.01461096827645e-07,595800
1.014633533871e-07,595900
1.01465544640079e-07,596000
1.01467670714669e-07,596100
1.01469731745158e-07,596200
1.01471727872007e-07,596300
1.01473659241811e-07,596400
1.0147552600727e-07,596500
1.01477328327148e-07,596600
1.01479066366248e-07,596700
1.01480740295375e-07,596800
1.01482350291305e-07,596900
1.01483896536752e-07,597000
1.01485379220339e-07,597100
1.01486798536567e-07,597200
1.01488154685783e-07,597300
1.01489447874151e-07,597400
1.0149067831362e-07,597500
1.01491846221902e-07,597600
1.01492951822433e-07,597700
1.01493995344356e-07,597800
1.01494977022479e-07,597900
1.01495897097263e-07,598000
1.01496755814786e-07,598100
1.01497553426713e-07,598200
1.01498290190278e-07,598300
1.01498966368252e-07,598400
1.01499582228919e-07,598500
1.01500138046051e-07,598600
1.01500634098882e-07,598700
1.01501070672079e-07,598800
1.01501448055725e-07,598900
1.01501766545289e-07,599000
1.01502026441602e-07,599100
1.01502228050834e-07,599200
1.01502371684467e-07,599300
1.01502457659277e-07,599400
1.01502486297303e-07,599500
1.01502457925827e-07,599600
1.0150237287735e-07,599700
1.01502231489568e-07,599800
1.01502034105345e-07,599900
1.01501781072695e-07,600000
1.01501472744753e-07,600100
1.01501109479755e-07,600200
1.01500691641008e-07,600300
1.01500219596874e-07,600400
1.01499693720734e-07,600500
1.01499114390977e-07,600600
1.01498481990963e-07,600700
1.01497796909003e-07,600800
1.01497059538337e-07,600900
1.01496270277098e-07,601000
1.01495429528296e-07,601100
1.01494537699783e-07,601200
1.01493595204234e-07,601300
1.01492602459107e-07,601400
1.0149155988663e-07,601500
1.01490467913761e-07,601600
1.0148932697216e-07,601700
1.01488137498164e-07,601800
1.01486899932751e-07,601900
1.0148561472151e-07,602000
1.01484282314612e-07,602100
1.01482903166769e-07,602200
1.0148147773721e-07,602300
1.01480006489641e-07,602400
1.01478489892209e-07,602500
1.01476928417465e-07,602600
1.01475322542332e-07,602700
1.01473672748059e-07,602800
1.0147197952019e-07,602900
1.01470243348513e-07,603000
1.0146846472703e-07,603100
1.01466644153906e-07,603200
1.01464782131426e-07,603300
1.01462879165957e-07,603400
1.01460935767892e-07,603500
1.01458952451612e-07,603600
1.01456929735426e-07,603700
1.01454868141533e-07,603800
1.01452768195963e-07,603900
1.01450630428527e-07,604000
1.01448455372763e-07,604100
1.01446243565877e-07,604200
1.01443995548692e-07,604300
1.01441711865586e-07,604400
1.01439393064429e-07,604500
1.0143703969653e-07,604600
1.01434652316566e-07,604700
1.01432231482523e-07,604800
1.01429777755624e-07,604900
1.0142729170027e-07,605000
1.01424773883959e-07,605100
1.01422224877227e-07,605200
1.01419645253569e-07,605300
1.01417035589363e-07,605400
1.01414396463798e-07,605500
1.01411728458798e-07,605600
1.01409032158935e-07,605700
1.01406308151357e-07,605800
1.01403557025698e-07,605900
1.01400779373997e-07,606000
1.01397975790614e-07,606100
1.01395146872134e-07,606200
1.01392293217285e-07,606300
1.01389415426843e-07,606400
1.01386514103542e-07,606500
1.0138358985197e-07,606600
1.01380643278487e-07,606700
1.01377674991111e-07,606800
1.01374685599426e-07,606900
1.01371675714479e-07,607000
1.01368645948676e-07,607100
1.01365596915675e-07,607200
1.01362529230277e-07,607300
1.01359443508325e-07,607400
1.01356340366581e-07,607500
1.01353220422623e-07,607600
1.01350084294729e-07,607700
1.01346932601757e-07,607800
1.01343765963031e-07,607900
1.01340584998221e-07,608000
1.01337390327222e-07,608100
1.01334182570034e-07,608200
1.01330962346631e-07,608300
1.01327730276844e-07,608400
1.01324486980228e-07,608500
1.01321233075937e-07,608600
1.0131796918259e-07,608700
1.01314695918145e-07,608800
1.01311413899759e-07,608900
1.0130812374366e-07,609000
1.01304826065007e-07,609100
1.01301521477756e-07,609200
1.0129821059452e-07,609300
1.0129489402643e-07,609400
1.01291572382993e-07,609500
1.01288246271952e-07,609600
1.01284916299142e-07,609700
1.01281583068345e-07,609800
1.01278247181148e-07,609900
1.0127490923679e-07,610000
1.01271569832026e-07,610100
1.01268229560965e-07,610200
1.01264889014935e-07,610300
1.01261548782321e-07,610400
1.01258209448425e-07,610500
1.01254871595307e-07,610600
1.01251535801638e-07,610700
1.01248202642543e-07,610800
1.01244872689458e-07,610900
1.0124154650996e-07,611000
1.01238224667631e-07,611100
1.01234907721889e-07,611200
1.01231596227845e-07,611300
1.01228290736139e-07,611400
1.01224991792794e-07,611500
1.01221699939051e-07,611600
1.01218415711221e-07,611700
1.01215139640531e-07,611800
1.01211872252959e-07,611900
1.01208614069092e-07,612000
1.01205365603961e-07,612100
1.01202127366894e-07,612200
1.01198899861352e-07,612300
1.0119568358479e-07,612400
1.01192479028488e-07,612500
1.01189286677411e-07,612600
1.01186107010045e-07,612700
1.01182940498257e-07,612800
1.01179787607135e-07,612900
1.01176648794847e-07,613000
1.01173524512481e-07,613100
1.01170415203906e-07,613200
1.0116732130562e-07,613300
1.01164243246608e-07,613400
1.01161181448192e-07,613500
1.01158136323891e-07,613600
1.01155108279278e-07,613700
1.01152097711839e-07,613800
1.01149105010832e-07,613900
1.01146130557152e-07,614000
1.01143174723192e-07,614100
1.0114023787271e-07,614200
1.01137320360695e-07,614300
1.01134422533235e-07,614400
1.01131544727394e-07,614500
1.01128687271074e-07,614600
1.01125850482897e-07,614700
1.01123034672081e-07,614800
1.01120240138319e-07,614900
1.01117467171659e-07,615000
1.01114716052385e-07,615100
1.01111987050911e-07,615200
1.01109280427661e-07,615300
1.01106596432962e-07,615400
1.01103935306942e-07,615500
1.01101297279419e-07,615600
1.01098682569807e-07,615700
1.01096091387009e-07,615800
1.01093523929332e-07,615900
1.01090980384381e-07,616000
1.01088460928984e-07,616100
1.01085965729092e-07,616200
1.01083494939704e-07,616300
1.01081048704784e-07,616400
1.01078627157182e-07,616500
1.0107623041856e-07,616600
1.01073858599324e-07,616700
1.01071511798556e-07,616800
1.01069190103943e-07,616900
1.01066893591731e-07,617000
1.01064622326652e-07,617100
1.0106237636188e-07,617200
1.0106015573898e-07,617300
1.01057960487858e-07,617400
1.01055790626725e-07,617500
1.01053646162052e-07,617600
1.0105152708854e-07,617700
1.01049433389084e-07,617800
1.0104736503475e-07,617900
1.01045321984748e-07,618000
1.01043304186419e-07,618100
1.0104131157521e-07,618200
1.01039344074676e-07,618300
1.0103740159646e-07,618400
1.01035484040293e-07,618500
1.01033591294004e-07,618600
1.01031723233512e-07,618700
1.01029879722846e-07,618800
1.0102806061415e-07,618900
1.01026265747709e-07,619000
1.01024494951962e-07,619100
1.01022748043541e-07,619200
1.01021024827284e-07,619300
1.01019325096288e-07,619400
1.01017648631934e-07,619500
1.01015995203938e-07,619600
1.01014364570399e-07,619700
1.01012756477844e-07,619800
1.01011170661294e-07,619900
1.01009606844319e-07,620000
1.01008064739103e-07,620100
1.01006544046516e-07,620200
1.01005044456185e-07,620300
1.01003565646577e-07,620400
1.01002107285074e-07,620500
1.01000669028067e-07,620600
1.00999250521044e-07,620700
1.00997851398683e-07,620800
1.00996471284957e-07,620900
1.00995109793234e-07,621000
1.00993766526384e-07,621100
1.009924410769e-07,621200
1.00991133027002e-07,621300
1.00989841948768e-07,621400
1.00988567404251e-07,621500
1.00987308945619e-07,621600
1.00986066115275e-07,621700
1.00984838446006e-07,621800
1.00983625461115e-07,621900
1.00982426674573e-07,622000
1.00981241591164e-07,622100
1.00980069706643e-07,622200
1.00978910507887e-07,622300
1.00977763473058e-07,622400
1.00976628071774e-07,622500
1.00975503765265e-07,622600
1.00974390006557e-07,622700
1.00973286240642e-07,622800
1.00972191904655e-07,622900
1.00971106428066e-07,623000
1.00970029232855e-07,623100
1.00968959733711e-07,623200
1.00967897338217e-07,623300
1.00966841447057e-07,623400
1.00965791454205e-07,623500
1.00964746747132e-07,623600
1.00963706707013e-07,623700
1.00962670708938e-07,623800
1.00961638122116e-07,623900
1.00960608310098e-07,624000
1.00959580630992e-07,624100
1.00958554437677e-07,624200
1.00957529078041e-07,624300
1.0095650389519e-07,624400
1.00955478227684e-07,624500
1.00954451409771e-07,624600
1.00953422771609e-07,624700
1.00952391639517e-07,624800
1.00951357336194e-07,624900
1.00950319180971e-07,625000
1.00949276490049e-07,625100
1.00948228576742e-07,625200
1.00947174751721e-07,625300
1.00946114323262e-07,625400
1.00945046597496e-07,625500
1.00943970878651e-07,625600
1.00942886469318e-07,625700
1.00941792670689e-07,625800
1.0094068878282e-07,625900
1.00939574104883e-07,626000
1.00938447935422e-07,626100
1.00937309572608e-07,626200
1.00936158314507e-07,626300
1.00934993459324e-07,626400
1.00933814305675e-07,626500
1.00932620152839e-07,626600
1.00931410301024e-07,626700
1.00930184051621e-07,626800
1.00928940707474e-07,626900
1.00927679573133e-07,627000
1.00926399955119e-07,627100
1.00925101162187e-07,627200
1.00923782505582e-07,627300
1.00922443299305e-07,627400
1.00921082860368e-07,627500
1.00919700509057e-07,627600
1.00918295569192e-07,627700
1.00916867368382e-07,627800
1.00915415238287e-07,627900
1.00913938514873e-07,628000
1.00912436538665e-07,628100
1.00910908655005e-07,628200
1.00909354214304e-07,628300
1.00907772572297e-07,628400
1.00906163090287e-07,628500
1.00904525135401e-07,628600
1.00902858080833e-07,628700
1.00901161306095e-07,628800
1.0089943419725e-07,628900
1.00897676147164e-07,629000
1.00895886555745e-07,629100
1.00894064830174e-07,629200
1.00892210385147e-07,629300
1.00890322643104e-07,629400
1.00888401034461e-07,629500
1.00886444997836e-07,629600
1.00884453980277e-07,629700
1.00882427437483e-07,629800
1.00880364834022e-07,629900
1.00878265643552e-07,630000
1.00876129349027e-07,630100
1.00873955442918e-07,630200
1.00871743427406e-07,630300
1.00869492814603e-07,630400
1.00867203126735e-07,630500
1.0086487389635e-07,630600
1.00862504666509e-07,630700
1.00860094990974e-07,630800
1.00857644434391e-07,630900
1.0085515257248e-07,631000
1.00852618992204e-07,631100
1.00850043291946e-07,631200
1.00847425081684e-07,631300
1.0084476398315e-07,631400
1.00842059629991e-07,631500
1.00839311667929e-07,631600
1.00836519754915e-07,631700
1.00833683561271e-07,631800
1.00830802769844e-07,631900
1.00827877076131e-07,632000
1.00824906188422e-07,632100
1.00821889827931e-07,632200
1.00818827728915e-07,632300
1.00815719638794e-07,632400
1.00812565318275e-07,632500
1.00809364541446e-07,632600
1.00806117095896e-07,632700
1.00802822782804e-07,632800
1.00799481417044e-07,632900
1.0079609282726e-07,633000
1.00792656855962e-07,633100
1.00789173359606e-07,633200
1.00785642208653e-07,633300
1.00782063287655e-07,633400
1.00778436495304e-07,633500
1.00774761744498e-07,633600
1.00771038962387e-07,633700
1.00767268090425e-07,633800
1.00763449084406e-07,633900
1.00759581914502e-07,634000
1.0075566656529e-07,634100
1.00751703035779e-07,634200
1.00747691339426e-07,634300
1.00743631504152e-07,634400
1.00739523572347e-07,634500
1.0073536760087e-07,634600
1.00731163661049e-07,634700
1.00726911838667e-07,634800
1.0072261223395e-07,634900
1.00718264961545e-07,635000
1.0071387015049e-07,635100
1.00709427944186e-07,635200
1.00704938500357e-07,635300
1.00700401991006e-07,635400
1.00695818602366e-07,635500
1.00691188534843e-07,635600
1.0068651200296e-07,635700
1.00681789235287e-07,635800
1.00677020474369e-07,635900
1.00672205976651e-07,636000
1.00667346012391e-07,636100
1.00662440865579e-07,636200
1.00657490833835e-07,636300
1.00652496228316e-07,636400
1.00647457373607e-07,636500
1.00642374607611e-07,636600
1.00637248281442e-07,636700
1.00632078759289e-07,636800
1.00626866418306e-07,636900
1.0062161164847e-07,637000
1.00616314852453e-07,637100
1.00610976445475e-07,637200
1.00605596855158e-07,637300
1.00600176521379e-07,637400
1.00594715896112e-07,637500
1.00589215443265e-07,637600
1.00583675638518e-07,637700
1.00578096969148e-07,637800
1.00572479933864e-07,637900
1.00566825042615e-07,638000
1.00561132816412e-07,638100
1.00555403787142e-07,638200
1.00549638497372e-07,638300
1.00543837500151e-07,638400
1.00538001358812e-07,638500
1.00532130646769e-07,638600
1.00526225947301e-07,638700
1.00520287853341e-07,638800
1.00514316967265e-07,638900
1.00508313900665e-07,639000
1.00502279274126e-07,639100
1.00496213717002e-07,639200
1.00490117867179e-07,639300
1.00483992370844e-07,639400
1.00477837882249e-07,639500
1.00471655063465e-07,639600
1.00465444584144e-07,639700
1.00459207121265e-07,639800
1.00452943358893e-07,639900
1.0044665398792e-07,640000
1.0044033970581e-07,640100
1.0043400121635e-07,640200
1.00427639229377e-07,640300
1.00421254460528e-07,640400
1.00414847630967e-07,640500
1.00408419467126e-07,640600
1.00401970700429e-07,640700
1.00395502067034e-07,640800
1.00389014307545e-07,640900
1.00382508166753e-07,641000
1.00375984393355e-07,641100
1.0036944373968e-07,641200
1.00362886961408e-07,641300
1.003563148173e-07,641400
1.00349728068911e-07,641500
1.00343127480312e-07,641600
1.00336513817814e-07,641700
1.00329887849683e-07,641800
1.00323250345854e-07,641900
1.0031660207766e-07,642000
1.00309943817543e-07,642100
1.00303276338771e-07,642200
1.00296600415159e-07,642300
1.00289916820786e-07,642400
1.00283226329716e-07,642500
1.00276529715711e-07,642600
1.0026982775196e-07,642700
1.00263121210785e-07,642800
1.00256410863381e-07,642900
1.00249697479522e-07,643000
1.00242981827292e-07,643100
1.00236264672807e-07,643200
1.00229546779944e-07,643300
1.00222828910062e-07,643400
1.00216111821742e-07,643500
1.00209396270502e-07,643600
1.00202683008544e-07,643700
1.00195972784482e-07,643800
1.00189266343078e-07,643900
1.00182564424981e-07,644000
1.00175867766474e-07,644100
1.00169177099207e-07,644200
1.00162493149952e-07,644300
1.00155816640352e-07,644400
1.00149148286666e-07,644500
1.00142488799529e-07,644600
1.00135838883708e-07,644700
1.00129199237866e-07,644800
1.00122570554319e-07,644900
1.00115953518812e-07,645000
1.00109348810286e-07,645100
1.0010275710065e-07,645200
1.00096179054567e-07,645300
1.00089615329226e-07,645400
1.00083066574141e-07,645500
1.00076533430927e-07,645600
1.00070016533106e-07,645700
1.00063516505901e-07,645800
1.00057033966034e-07,645900
1.00050569521545e-07,646000
1.0004412377159e-07,646100
1.0003769730627e-07,646200
1.00031290706441e-07,646300
1.00024904543547e-07,646400
1.0001853937945e-07,646500
1.00012195766259e-07,646600
1.00005874246184e-07,646700
9.99995753513642e-08,646800
9.99932996037331e-08,646900
9.99870475148661e-08,647000
9.99808195858478e-08,647100
9.99746163071346e-08,647200
9.99684381584247e-08,647300
9.99622856085426e-08,647400
9.99561591153183e-08,647500
9.99500591254719e-08,647600
9.99439860745168e-08,647700
9.99379403866511e-08,647800
9.99319224746708e-08,647900
9.99259327398742e-08,648000
9.99199715719858e-08,648100
9.99140393490766e-08,648200
9.99081364374906e-08,648300
9.99022631917878e-08,648400
9.9896419954675e-08,648500
9.98906070569623e-08,648600
9.98848248175086e-08,648700
9.98790735431898e-08,648800
9.98733535288544e-08,648900
9.98676650573011e-08,649000
9.98620083992549e-08,649100
9.98563838133476e-08,649200
9.98507915461149e-08,649300
9.98452318319843e-08,649400
9.98397048932805e-08,649500
9.98342109402363e-08,649600
9.9828750171001e-08,649700
9.98233227716641e-08,649800
9.9817928916282e-08,649900
9.98125687669115e-08,650000
9.98072424736427e-08,650100
9.98019501746528e-08,650200
9.97966919962482e-08,650300
9.97914680529247e-08,650400
9.97862784474312e-08,650500
9.97811232708365e-08,650600
9.97760026026047e-08,650700
9.97709165106756e-08,650800
9.97658650515486e-08,650900
9.97608482703799e-08,651000
9.97558662010744e-08,651100
9.97509188663911e-08,651200
9.9746006278053e-08,651300
9.97411284368625e-08,651400
9.97362853328179e-08,651500
9.97314769452409e-08,651600
9.97267032429082e-08,651700
9.97219641841882e-08,651800
9.97172597171801e-08,651900
9.97125897798619e-08,652000
9.97079543002406e-08,652100
9.97033531965137e-08,652200
9.96987863772244e-08,652300
9.96942537414333e-08,652400
9.96897551788855e-08,652500
9.96852905701902e-08,652600
9.96808597870002e-08,652700
9.96764626921959e-08,652800
9.96720991400767e-08,652900
9.96677689765506e-08,653000
9.96634720393389e-08,653100
9.96592081581727e-08,653200
9.96549771550017e-08,653300
9.96507788442039e-08,653400
9.96466130327974e-08,653500
9.96424795206606e-08,653600
9.96383781007523e-08,653700
9.96343085593344e-08,653800
9.96302706762027e-08,653900
9.96262642249138e-08,654000
9.96222889730261e-08,654100
9.96183446823283e-08,654200
9.96144311090854e-08,654300
9.96105480042783e-08,654400
9.96066951138499e-08,654500
9.96028721789536e-08,654600
9.95990789362015e-08,654700
9.95953151179186e-08,654800
9.95915804523947e-08,654900
9.95878746641418e-08,655000
9.95841974741523e-08,655100
9.95805486001585e-08,655200
9.95769277568931e-08,655300
9.95733346563522e-08,655400
9.95697690080595e-08,655500
9.9566230519331e-08,655600
9.95627188955374e-08,655700
9.95592338403793e-08,655800
9.95557750561445e-08,655900
9.95523422439825e-08,656000
9.95489351041712e-08,656100
9.95455533363848e-08,656200
9.95421966399624e-08,656300
9.95388647141787e-08,656400
9.95355572585082e-08,656500
9.95322739729001e-08,656600
9.95290145580386e-08,656700
9.95257787156147e-08,656800
9.95225661485927e-08,656900
9.95193765614724e-08,657000
9.95162096605572e-08,657100
9.9513065154216e-08,657200
9.95099427531432e-08,657300
9.95068421706254e-08,657400
9.95037631227891e-08,657500
9.95007053288732e-08,657600
9.94976685114715e-08,657700
9.94946523967905e-08,657800
9.94916567149038e-08,657900
9.94886811999962e-08,658000
9.9485725590613e-08,658100
9.94827896299041e-08,658200
9.94798730658622e-08,658300
9.94769756515661e-08,658400
9.94740971454128e-08,658500
9.94712373113502e-08,658600
9.94683959191091e-08,658700
9.94655727444272e-08,658800
9.94627675692696e-08,658900
9.9459980182052e-08,659000
9.94572103778541e-08,659100
9.94544579586281e-08,659200
9.94517227334126e-08,659300
9.94490045185303e-08,659400
9.9446303137791e-08,659500
9.94436184226831e-08,659600
9.94409502125689e-08,659700
9.9438298354867e-08,659800
9.94356627052366e-08,659900
9.9433043127751e-08,660000
9.94304394950723e-08,660100
9.94278516886221e-08,660200
9.94252795987354e-08,660300
9.94227231248247e-08,660400
9.94201821755299e-08,660500
9.94176566688622e-08,660600
9.94151465323526e-08,660700
9.94126517031829e-08,660800
9.9410172128314e-08,660900
9.94077077646173e-08,661000
9.94052585789884e-08,661100
9.94028245484653e-08,661200
9.94004056603334e-08,661300
9.93980019122269e-08,661400
9.93956133122261e-08,661500
9.93932398789485e-08,661600
9.93908816416328e-08,661700
9.93885386402122e-08,661800
9.93862109253938e-08,661900
9.93838985587188e-08,662000
9.9381601612623e-08,662100
9.9379320170491e-08,662200
9.93770543267021e-08,662300
9.93748041866734e-08,662400
9.93725698668881e-08,662500
9.93703514949311e-08,662600
9.93681492095031e-08,662700
9.93659631604399e-08,662800
9.93637935087203e-08,662900
9.93616404264662e-08,663000
9.93595040969393e-08,663100
9.93573847145316e-08,663200
9.93552824847434e-08,663300
9.93531976241652e-08,663400
9.93511303604425e-08,663500
9.93490809322412e-08,663600
9.93470495892019e-08,663700
9.93450365918938e-08,663800
9.93430422117531e-08,663900
9.93410667310257e-08,664000
9.9339110442691e-08,664100
9.93371736503942e-08,664200
9.93352566683563e-08,664300
9.93333598212946e-08,664400
9.93314834443183e-08,664500
9.93296278828352e-08,664600
9.93277934924374e-08,664700
9.93259806387952e-08,664800
9.93241896975346e-08,664900
9.93224210541089e-08,665000
9.93206751036715e-08,665100
9.93189522509336e-08,665200
9.93172529100256e-08,665300
9.93155775043429e-08,665400
9.93139264663948e-08,665500
9.9312300237642e-08,665600
9.93106992683267e-08,665700
9.93091240173078e-08,665800
9.93075749518726e-08,665900
9.93060525475653e-08,666000
9.93045572879911e-08,666100
9.93030896646247e-08,666200
9.9301650176607e-08,666300
9.93002393305523e-08,666400
9.92988576403269e-08,666500
9.92975056268402e-08,666600
9.9296183817829e-08,666700
9.92948927476292e-08,666800
9.92936329569501e-08,666900
9.92924049926413e-08,667000
9.92912094074552e-08,667100
9.92900467598088e-08,667200
9.92889176135338e-08,667300
9.92878225376295e-08,667400
9.92867621060105e-08,667500
9.92857368972467e-08,667600
9.92847474943057e-08,667700
9.9283794484283e-08,667800
9.92828784581409e-08,667900
9.92820000104293e-08,668000
9.92811597390179e-08,668100
9.92803582448167e-08,668200
9.92795961314911e-08,668300
9.92788740051826e-08,668400
9.92781924742198e-08,668500
9.92775521488349e-08,668600
9.92769536408644e-08,668700
9.92763975634599e-08,668800
9.92758845307934e-08,668900
9.92754151577546e-08,669000
9.92749900596577e-08,669100
9.92746098519318e-08,669200
9.92742751498248e-08,669300
9.92739865680943e-08,669400
9.92737447207016e-08,669500
9.92735502205058e-08,669600
9.92734036789559e-08,669700
9.92733057057775e-08,669800
9.92732569086678e-08,669900
9.92732578929798e-08,670000
9.9273309261413e-08,670100
9.92734116137026e-08,670200
9.92735655463026e-08,670300
9.92737716520823e-08,670400
9.92740305200027e-08,670500
9.92743427348155e-08,670600
9.92747088767417e-08,670700
9.92751295211679e-08,670800
9.92756052383323e-08,670900
9.9276136593013e-08,671000
9.92767241442194e-08,671100
9.9277368444891e-08,671200
9.92780700415782e-08,671300
9.92788294741447e-08,671400
9.92796472754657e-08,671500
9.92805239711153e-08,671600
9.92814600790742e-08,671700
9.92824561094238e-08,671800
9.92835125640557e-08,671900
9.92846299363725e-08,672000
9.92858087109924e-08,672100
9.92870493634632e-08,672200
9.92883523599707e-08,672300
9.92897181570553e-08,672400
9.92911472013272e-08,672500
9.92926399291863e-08,672600
9.92941967665458e-08,672700
9.92958181285569e-08,672800
9.92975044193382e-08,672900
9.92992560317106e-08,673000
9.9301073346926e-08,673100
9.93029567344153e-08,673200
9.93049065515242e-08,673300
9.93069231432634e-08,673400
9.93090068420574e-08,673500
9.93111579674992e-08,673600
9.93133768261105e-08,673700
9.93156637111006e-08,673800
9.93180189021369e-08,673900
9.93204426651123e-08,674000
9.93229352519249e-08,674100
9.93254969002535e-08,674200
9.93281278333487e-08,674300
9.93308282598126e-08,674400
9.93335983734037e-08,674500
9.93364383528286e-08,674600
9.93393483615465e-08,674700
9.93423285475856e-08,674800
9.9345379043347e-08,674900
9.93484999654306e-08,675000
9.93516914144547e-08,675100
9.93549534748942e-08,675200
9.93582862149059e-08,675300
9.93616896861752e-08,675400
9.93651639237612e-08,675500
9.9368708945947e-08,675600
9.93723247540985e-08,675700
9.93760113325272e-08,675800
9.93797686483579e-08,675900
9.93835966514023e-08,676000
9.93874952740448e-08,676100
9.93914644311176e-08,676200
9.93955040198064e-08,676300
9.93996139195379e-08,676400
9.94037939918841e-08,676500
9.94080440804809e-08,676600
9.94123640109352e-08,676700
9.94167535907451e-08,676800
9.94212126092369e-08,676900
9.94257408374956e-08,677000
9.94303380282988e-08,677100
9.94350039160677e-08,677200
9.94397382168222e-08,677300
9.94445406281357e-08,677400
9.94494108290973e-08,677500
9.9454348480288e-08,677600
9.94593532237518e-08,677700
9.94644246829853e-08,677800
9.94695624629205e-08,677900
9.94747661499222e-08,678000
9.94800353117902e-08,678100
9.94853694977667e-08,678200
9.94907682385511e-08,678300
9.94962310463119e-08,678400
9.95017574147265e-08,678500
9.95073468189977e-08,678600
9.9512998715901e-08,678700
9.95187125438304e-08,678800
9.95244877228365e-08,678900
9.95303236546947e-08,679000
9.95362197229602e-08,679100
9.95421752930366e-08,679200
9.95481897122524e-08,679300
9.95542623099324e-08,679400
9.95603923974927e-08,679500
9.95665792685254e-08,679600
9.95728221988958e-08,679700
9.95791204468441e-08,679800
9.95854732530947e-08,679900
9.95918798409688e-08,680000
9.95983394165032e-08,680100
9.96048511685739e-08,680200
9.96114142690262e-08,680300
9.96180278728089e-08,680400
9.96246911181146e-08,680500
9.96314031265283e-08,680600
9.96381630031718e-08,680700
9.96449698368654e-08,680800
9.9651822700285e-08,680900
9.96587206501275e-08,681000
9.96656627272869e-08,681100
9.96726479570218e-08,681200
9.96796753491424e-08,681300
9.96867438981905e-08,681400
9.96938525836332e-08,681500
9.97010003700541e-08,681600
9.97081862073519e-08,681700
9.97154090309488e-08,681800
9.97226677619869e-08,681900
9.97299613075525e-08,682000
9.97372885608825e-08,682100
9.97446484015915e-08,682200
9.97520396958869e-08,682300
9.97594612968094e-08,682400
9.97669120444526e-08,682500
9.97743907662041e-08,682600
9.9781896276985e-08,682700
9.97894273794931e-08,682800
9.97969828644483e-08,682900
9.98045615108422e-08,683000
9.98121620861926e-08,683100
9.98197833467993e-08,683200
9.98274240380065e-08,683300
9.98350828944606e-08,683400
9.98427586403817e-08,683500
9.98504499898279e-08,683600
9.98581556469728e-08,683700
9.98658743063727e-08,683800
9.98736046532537e-08,683900
9.9881345363781e-08,684000
9.98890951053489e-08,684100
9.98968525368645e-08,684200
9.99046163090319e-08,684300
9.99123850646455e-08,684400
9.99201574388811e-08,684500
9.99279320595862e-08,684600
9.99357075475817e-08,684700
9.99434825169546e-08,684800
9.9951255575361e-08,684900
9.99590253243283e-08,685000
9.99667903595542e-08,685100
9.99745492712153e-08,685200
9.99823006442715e-08,685300
9.99900430587762e-08,685400
9.99977750901813e-08,685500
1.00005495309651e-07,685600
1.00013202284373e-07,685700
1.00020894577871e-07,685800
1.00028570750314e-07,685900
1.0003622935884e-07,686000
1.00043868957862e-07,686100
1.00051488099393e-07,686200
1.00059085333356e-07,686300
1.00066659207905e-07,686400
1.00074208269744e-07,686500
1.00081731064442e-07,686600
1.00089226136756e-07,686700
1.0009669203095e-07,686800
1.00104127291114e-07,686900
1.00111530461479e-07,687000
1.00118900086748e-07,687100
1.00126234712404e-07,687200
1.00133532885043e-07,687300
1.00140793152679e-07,687400
1.00148014065074e-07,687500
1.00155194174058e-07,687600
1.00162332033838e-07,687700
1.00169426201334e-07,687800
1.00176475236477e-07,687900
1.00183477702546e-07,688000
1.00190432166467e-07,688100
1.00197337199147e-07,688200
1.00204191375777e-07,688300
1.00210993276154e-07,688400
1.00217741484994e-07,688500
1.00224434592242e-07,688600
1.00231071193389e-07,688700
1.00237649889781e-07,688800
1.00244169288933e-07,688900
1.00250628004829e-07,689000
1.00257024658241e-07,689100
1.00263357877029e-07,689200
1.00269626296451e-07,689300
1.00275828559461e-07,689400
1.00281963317017e-07,689500
1.00288029228382e-07,689600
1.00294024961419e-07,689700
1.00299949192895e-07,689800
1.00305800608775e-07,689900
1.00311577904513e-07,690000
1.00317279785354e-07,690100
1.00322904966617e-07,690200
1.00328452173986e-07,690300
1.00333920143803e-07,690400
1.00339307623348e-07,690500
1.00344613371122e-07,690600
1.00349836157134e-07,690700
1.00354974763178e-07,690800
1.00360027983107e-07,690900
1.00364994623113e-07,691000
1.00369873502e-07,691100
1.00374663451451e-07,691200
1.00379363316297e-07,691300
1.00383971954789e-07,691400
1.00388488238857e-07,691500
1.00392911054367e-07,691600
1.0039723930139e-07,691700
1.00401471894452e-07,691800
1.00405607762787e-07,691900
1.00409645850593e-07,692000
1.00413585117276e-07,692100
1.00417424537697e-07,692200
1.00421163102416e-07,692300
1.00424799817934e-07,692400
1.00428333706927e-07,692500
1.00431763808481e-07,692600
1.00435089178329e-07,692700
1.00438308889072e-07,692800
1.00441422030414e-07,692900
1.00444427709374e-07,693000
1.00447325050517e-07,693100
1.00450113196165e-07,693200
1.00452791306612e-07,693300
1.00455358560332e-07,693400
1.00457814154192e-07,693500
1.00460157303651e-07,693600
1.00462387242963e-07,693700
1.00464503225377e-07,693800
1.00466504523328e-07,693900
1.00468390428624e-07,694000
1.00470160252648e-07,694100
1.00471813326524e-07,694200
1.00473349001311e-07,694300
1.00474766648174e-07,694400
1.00476065658559e-07,694500
1.00477245444362e-07,694600
1.00478305438099e-07,694700
1.00479245093062e-07,694800
1.00480063883485e-07,694900
1.00480761304695e-07,695000
1.00481336873266e-07,695100
1.00481790127161e-07,695200
1.00482120625887e-07,695300
1.00482327950624e-07,695400
1.00482411704365e-07,695500
1.00482371512052e-07,695600
1.00482207020696e-07,695700
1.00481917899511e-07,695800
1.00481503840025e-07,695900
1.004809645562e-07,696000
1.00480299784547e-07,696100
1.0047950928423e-07,696200
1.00478592837169e-07,696300
1.0047755024814e-07,696400
1.00476381344873e-07,696500
1.0047508597814e-07,696600
1.00473664021843e-07,696700
1.00472115373093e-07,696800
1.00470439952293e-07,696900
1.00468637703208e-07,697000
1.00466708593034e-07,697100
1.00464652612463e-07,697200
1.00462469775745e-07,697300
1.00460160120739e-07,697400
1.00457723708968e-07,697500
1.00455160625662e-07,697600
1.00452470979804e-07,697700
1.00449654904163e-07,697800
1.00446712555326e-07,697900
1.0044364411373e-07,698000
1.00440449783678e-07,698100
1.00437129793364e-07,698200
1.00433684394883e-07,698300
1.00430113864238e-07,698400
1.00426418501345e-07,698500
1.00422598630033e-07,698600
1.00418654598035e-07,698700
1.0041458677698e-07,698800
1.00410395562374e-07,698900
1.0040608137358e-07,699000
1.0040164465379e-07,699100
1.00397085869997e-07,699200
1.00392405512959e-07,699300
1.00387604097155e-07,699400
1.00382682160738e-07,699500
1.00377640265487e-07,699600
1.00372478996749e-07,699700
1.00367198963373e-07,699800
1.00361800797656e-07,699900
1.0035628515525e-07,700000
1.00350652715105e-07,700100
1.00344904179376e-07,700200
1.00339040273338e-07,700300
1.00333061745292e-07,700400
1.00326969366468e-07,700500
1.0032076393092e-07,700600
1.00314446255421e-07,700700
1.00308017179346e-07,700800
1.00301477564552e-07,700900
1.00294828295259e-07,701000
1.00288070277914e-07,701100
1.00281204441058e-07,701200
1.00274231735193e-07,701300
1.00267153132623e-07,701400
1.00259969627313e-07,701500
1.00252682234737e-07,701600
1.00245291991702e-07,701700
1.00237799956196e-07,701800
1.0023020720721e-07,701900
1.00222514844563e-07,702000
1.00214723988715e-07,702100
1.0020683578059e-07,702200
1.00198851381375e-07,702300
1.00190771972324e-07,702400
1.00182598754558e-07,702500
1.00174332948859e-07,702600
1.00165975795448e-07,702700
1.00157528553777e-07,702800
1.00148992502304e-07,702900
1.00140368938259e-07,703000
1.00131659177421e-07,703100
1.0012286455387e-07,703200
1.00113986419753e-07,703300
1.00105026145029e-07,703400
1.00095985117223e-07,703500
1.00086864741165e-07,703600
1.00077666438728e-07,703700
1.00068391648564e-07,703800
1.00059041825831e-07,703900
1.00049618441913e-07,704000
1.00040122984149e-07,704100
1.00030556955537e-07,704200
1.00020921874457e-07,704300
1.00011219274359e-07,704400
1.00001450703488e-07,704500
9.99916177245603e-08,704600
9.99817219144696e-08,704700
9.99717648639711e-08,704800
9.99617481773668e-08,704900
9.99516734721868e-08,705000
9.99415423788687e-08,705100
9.99313565404262e-08,705200
9.99211176121203e-08,705300
9.99108272611282e-08,705400
9.99004871661978e-08,705500
9.98900990173139e-08,705600
9.98796645153466e-08,705700
9.98691853717082e-08,705800
9.98586633079952e-08,705900
9.98481000556389e-08,706000
9.98374973555419e-08,706100
9.98268569577201e-08,706200
9.98161806209383e-08,706300
9.98054701123393e-08,706400
9.97947272070778e-08,706500
9.97839536879457e-08,706600
9.97731513449984e-08,706700
9.97623219751698e-08,706800
9.9751467381905e-08,706900
9.97405893747659e-08,707000
9.97296897690526e-08,707100
9.97187703854127e-08,707200
9.97078330494582e-08,707300
9.96968795913693e-08,707400
9.96859118455005e-08,707500
9.96749316499996e-08,707600
9.96639408463933e-08,707700
9.9652941279204e-08,707800
9.9641934795547e-08,707900
9.9630923244733e-08,708000
9.96199084778626e-08,708100
9.96088923474321e-08,708200
9.95978767069257e-08,708300
9.95868634104142e-08,708400
9.95758543121594e-08,708500
9.95648512661931e-08,708600
9.95538561259312e-08,708700
9.95428707437564e-08,708800
9.95318969706244e-08,708900
9.95209366556489e-08,709000
9.95099916457086e-08,709100
9.94990637850349e-08,709200
9.94881549148118e-08,709300
9.94772668727751e-08,709400
9.94664014928089e-08,709500
9.94555606045433e-08,709600
9.9444746032959e-08,709700
9.9433959597981e-08,709800
9.94232031140893e-08,709900
9.94124783899164e-08,710000
9.94017872278548e-08,710100
9.93911314236662e-08,710200
9.93805127660878e-08,710300
9.93699330364401e-08,710400
9.93593940082459e-08,710500
9.93488974468439e-08,710600
9.93384451089985e-08,710700
9.93280387425291e-08,710800
9.93176800859283e-08,710900
9.93073708679852e-08,711000
9.92971128074153e-08,711100
9.92869076124904e-08,711200
9.92767569806728e-08,711300
9.92666625982507e-08,711400
9.92566261399816e-08,711500
9.92466492687328e-08,711600
9.92367336351309e-08,711700
9.92268808772097e-08,711800
9.92170926200708e-08,711900
9.9207370475536e-08,712000
9.91977160418139e-08,712100
9.91881309031659e-08,712200
9.91786166295772e-08,712300
9.91691747764312e-08,712400
9.91598068841942e-08,712500
9.91505144780965e-08,712600
9.91412990678191e-08,712700
9.91321621471954e-08,712800
9.91231051939053e-08,712900
9.9114129669181e-08,713000
9.91052370175158e-08,713100
9.90964286663785e-08,713200
9.90877060259354e-08,713300
9.90790704887761e-08,713400
9.90705234296386e-08,713500
9.90620662051552e-08,713600
9.9053700153586e-08,713700
9.90454265945736e-08,713800
9.90372468288926e-08,713900
9.90291621382106e-08,714000
9.90211737848584e-08,714100
9.90132830115936e-08,714200
9.90054910413852e-08,714300
9.89977990772006e-08,714400
9.89902083017831e-08,714500
9.89827198774648e-08,714600
9.8975334945962e-08,714700
9.89680546281846e-08,714800
9.89608800240546e-08,714900
9.89538122123314e-08,715000
9.89468522504349e-08,715100
9.89400011742892e-08,715200
9.89332599981622e-08,715300
9.89266297145149e-08,715400
9.89201112938616e-08,715500
9.89137056846257e-08,715600
9.89074138130218e-08,715700
9.89012365829241e-08,715800
9.88951748757494e-08,715900
9.88892295503596e-08,716000
9.88834014429448e-08,716100
9.8877691366939e-08,716200
9.88721001129292e-08,716300
9.88666284485742e-08,716400
9.88612771185288e-08,716500
9.88560468443784e-08,716600
9.88509383245824e-08,716700
9.88459522344122e-08,716800
9.88410892259167e-08,716900
9.88363499278705e-08,717000
9.8831734945753e-08,717100
9.88272448617189e-08,717200
9.88228802345756e-08,717300
9.88186415997749e-08,717400
9.88145294694144e-08,717500
9.88105443322275e-08,717600
9.88066866536018e-08,717700
9.88029568755914e-08,717800
9.87993554169397e-08,717900
9.8795882673105e-08,718000
9.87925390163024e-08,718100
9.87893247955389e-08,718200
9.87862403366694e-08,718300
9.87832859424432e-08,718400
9.87804618925747e-08,718500
9.87777684437993e-08,718600
9.87752058299603e-08,718700
9.87727742620792e-08,718800
9.87704739284457e-08,718900
9.87683049947087e-08,719000
9.87662676039761e-08,719100
9.87643618769151e-08,719200
9.87625879118677e-08,719300
9.87609457849577e-08,719400
9.87594355502187e-08,719500
9.87580572397199e-08,719600
9.87568108636935e-08,719700
9.87556964106748e-08,719800
9.8754713847644e-08,719900
9.87538631201752e-08,720000
9.87531441525839e-08,720100
9.87525568480943e-08,720200
9.87521010889866e-08,720300
9.87517767367792e-08,720400
9.87515836323877e-08,720500
9.87515215963079e-08,720600
9.87515904287951e-08,720700
9.87517899100441e-08,720800
9.87521198003844e-08,720900
9.8752579840467e-08,721000
9.87531697514633e-08,721100
9.87538892352625e-08,721200
9.87547379746798e-08,721300
9.87557156336602e-08,721400
9.87568218574889e-08,721500
9.87580562730069e-08,721600
9.87594184888251e-08,721700
9.87609080955474e-08,721800
9.87625246659878e-08,721900
9.87642677554052e-08,722000
9.8766136901719e-08,722100
9.87681316257505e-08,722200
9.87702514314481e-08,722300
9.87724958061252e-08,722400
9.87748642206958e-08,722500
9.87773561299158e-08,722600
9.87799709726203e-08,722700
9.87827081719655e-08,722800
9.87855671356764e-08,722900
9.87885472562864e-08,723000
9.87916479113863e-08,723100
9.87948684638733e-08,723200
9.87982082621953e-08,723300
9.88016666406032e-08,723400
9.88052429193979e-08,723500
9.88089364051809e-08,723600
9.88127463911105e-08,723700
9.88166721571445e-08,723800
9.8820712970297e-08,723900
9.88248680848866e-08,724000
9.88291367427904e-08,724100
9.8833518173694e-08,724200
9.88380115953384e-08,724300
9.88426162137762e-08,724400
9.88473312236189e-08,724500
9.88521558082838e-08,724600
9.88570891402425e-08,724700
9.88621303812732e-08,724800
9.88672786826979e-08,724900
9.8872533185632e-08,725000
9.88778930212339e-08,725100
9.88833573109351e-08,725200
9.88889251666888e-08,725300
9.889459569121e-08,725400
9.89003679782076e-08,725500
9.89062411126233e-08,725600
9.89122141708672e-08,725700
9.89182862210446e-08,725800
9.89244563231899e-08,725900
9.89307235294929e-08,726000
9.89370868845209e-08,726100
9.89435454254489e-08,726200
9.89500981822732e-08,726300
9.89567441780312e-08,726400
9.89634824290192e-08,726500
9.89703119449996e-08,726600
9.89772317294204e-08,726700
9.89842407796097e-08,726800
9.89913380869899e-08,726900
9.89985226372748e-08,727000
9.90057934106695e-08,727100
9.90131493820644e-08,727200
9.90205895212264e-08,727300
9.90281127929913e-08,727400
9.90357181574468e-08,727500
9.90434045701137e-08,727600
9.90511709821299e-08,727700
9.90590163404238e-08,727800
9.90669395878825e-08,727900
9.90749396635294e-08,728000
9.90830155026832e-08,728100
9.90911660371227e-08,728200
9.90993901952456e-08,728300
9.91076869022247e-08,728400
9.91160550801557e-08,728500
9.91244936482102e-08,728600
9.91330015227795e-08,728700
9.91415776176136e-08,728800
9.91502208439611e-08,728900
9.91589301107027e-08,729000
9.91677043244806e-08,729100
9.91765423898308e-08,729200
9.91854432092973e-08,729300
9.9194405683563e-08,729400
9.92034287115589e-08,729500
9.92125111905814e-08,729600
9.9221652016401e-08,729700
9.92308500833668e-08,729800
9.92401042845156e-08,729900
9.92494135116636e-08,730000
9.92587766555086e-08,730100
9.92681926057245e-08,730200
9.92776602510455e-08,730300
9.92871784793576e-08,730400
9.92967461777836e-08,730500
9.93063622327599e-08,730600
9.9316025530115e-08,730700
9.93257349551497e-08,730800
9.93354893927024e-08,730900
9.93452877272221e-08,731000
9.93551288428327e-08,731100
9.93650116234008e-08,731200
9.93749349525933e-08,731300
9.93848977139358e-08,731400
9.9394898790871e-08,731500
9.94049370668122e-08,731600
9.94150114251939e-08,731700
9.94251207495218e-08,731800
9.94352639234194e-08,731900
9.94454398306717e-08,732000
9.94556473552771e-08,732100
9.9465885381473e-08,732200
9.94761527937866e-08,732300
9.94864484770763e-08,732400
9.94967713165532e-08,732500
9.95071201978303e-08,732600
9.95174940069486e-08,732700
9.95278916304084e-08,732800
9.9538311955205e-08,732900
9.95487538688526e-08,733000
9.95592162594194e-08,733100
9.95696980155504e-08,733200
9.95801980264951e-08,733300
9.95907151821335e-08,733400
9.96012483730085e-08,733500
9.96117964903378e-08,733600
9.96223584260515e-08,733700
9.96329330728102e-08,733800
9.96435193240275e-08,733900
9.96541160739015e-08,734000
9.96647222174345e-08,734100
9.96753366504561e-08,734200
9.96859582696493e-08,734300
9.96965859725777e-08,734400
9.97072186577078e-08,734500
9.97178552244355e-08,734600
9.97284945731174e-08,734700
9.97391356050905e-08,734800
9.9749777222707e-08,734900
9.97604183293617e-08,735000
9.97710578295192e-08,735100
9.97816946287518e-08,735200
9.97923276337666e-08,735300
9.98029557524422e-08,735400
9.98135778938666e-08,735500
9.98241929683667e-08,735600
9.98347998875574e-08,735700
9.98453975643766e-08,735800
9.98559849131253e-08,735900
9.98665608495192e-08,736000
9.98771242907255e-08,736100
9.9887674155424e-08,736200
9.98982093638428e-08,736300
9.99087288378249e-08,736400
9.99192315008764e-08,736500
9.99297162782205e-08,736600
9.99401820968694e-08,736700
9.9950627885676e-08,736800
9.99610525754016e-08,736900
9.99714550987874e-08,737000
9.99818343906254e-08,737100
9.99921893878256e-08,737200
1.00002519029497e-07,737300
1.0001282225703e-07,737400
1.00023098014171e-07,737500
1.00033345247113e-07,737600
1.00043562904582e-07,737700
1.00053749937932e-07,737800
1.00063905301232e-07,737900
1.00074027951372e-07,738000
1.0008411684816e-07,738100
1.00094170954425e-07,738200
1.00104189236128e-07,738300
1.00114170662469e-07,738400
1.00124114206006e-07,738500
1.00134018842768e-07,738600
1.00143883552375e-07,738700
1.00153707318169e-07,738800
1.00163489127334e-07,738900
1.00173227971032e-07,739000
1.00182922844531e-07,739100
1.00192572747351e-07,739200
1.00202176683399e-07,739300
1.00211733661115e-07,739400
1.00221242693617e-07,739500
1.00230702798858e-07,739600
1.00240112999773e-07,739700
1.00249472324442e-07,739800
1.00258779806247e-07,739900
1.00268034484037e-07,740000
1.00277235402295e-07,740100
1.00286381611308e-07,740200
1.0029547216734e-07,740300
1.00304506132806e-07,740400
1.00313482576457e-07,740500
1.00322400573552e-07,740600
1.00331259206055e-07,740700
1.00340057562811e-07,740800
1.00348794739742e-07,740900
1.00357469840042e-07,741000
1.00366081974366e-07,741100
1.00374630261033e-07,741200
1.00383113826223e-07,741300
1.00391531804183e-07,741400
1.0039988333743e-07,741500
1.00408167576954e-07,741600
1.00416383682437e-07,741700
1.00424530822453e-07,741800
1.00432608174687e-07,741900
1.00440614926148e-07,742000
1.00448550273387e-07,742100
1.0045641342271e-07,742200
1.00464203590402e-07,742300
1.00471920002946e-07,742400
1.00479561897244e-07,742500
1.00487128520837e-07,742600
1.00494619132136e-07,742700
1.00502033000641e-07,742800
1.00509369407163e-07,742900
1.00516627644057e-07,743000
1.00523807015448e-07,743100
1.00530906837449e-07,743200
1.00537926438396e-07,743300
1.0054486515907e-07,743400
1.00551722352929e-07,743500
1.00558497386326e-07,743600
1.0056518963874e-07,743700
1.00571798503006e-07,743800
1.00578323385528e-07,743900
1.00584763706512e-07,744000
1.00591118900186e-07,744100
1.00597388415024e-07,744200
1.00603571713958e-07,744300
1.00609668274612e-07,744400
1.00615677589504e-07,744500
1.00621599166272e-07,744600
1.0062743252788e-07,744700
1.0063317721284e-07,744800
1.00638832775413e-07,744900
1.00644398785817e-07,745000
1.00649874830436e-07,745100
1.00655260512018e-07,745200
1.00660555449879e-07,745300
1.00665759280092e-07,745400
1.00670871655687e-07,745500
1.00675892246835e-07,745600
1.00680820741044e-07,745700
1.00685656843329e-07,745800
1.00690400276402e-07,745900
1.0069505078084e-07,746000
1.00699608115261e-07,746100
1.0070407205649e-07,746200
1.00708442399718e-07,746300
1.00712718958666e-07,746400
1.00716901565734e-07,746500
1.00720990072152e-07,746600
1.00724984348126e-07,746700
1.00728884282973e-07,746800
1.00732689785252e-07,746900
1.00736400782906e-07,747000
1.00740017223367e-07,747100
1.00743539073687e-07,747200
1.00746966320645e-07,747300
1.00750298970849e-07,747400
1.00753537050844e-07,747500
1.00756680607199e-07,747600
1.00759729706599e-07,747700
1.00762684435922e-07,747800
1.00765544902318e-07,747900
1.00768311233276e-07,748000
1.00770983576684e-07,748100
1.00773562100888e-07,748200
1.00776046994735e-07,748300
1.00778438467618e-07,748400
1.0078073674951e-07,748500
1.00782942090988e-07,748600
1.00785054763258e-07,748700
1.00787075058162e-07,748800
1.00789003288186e-07,748900
1.00790839786461e-07,749000
1.00792584906744e-07,749100
1.00794239023411e-07,749200
1.00795802531427e-07,749300
1.00797275846311e-07,749400
1.00798659404104e-07,749500
1.00799953661311e-07,749600
1.00801159094851e-07,749700
1.00802276201991e-07,749800
1.00803305500277e-07,749900
1.00804247527448e-07,750000
1.00805102841355e-07,750100
1.00805872019864e-07,750200
1.00806555660745e-07,750300
1.00807154381573e-07,750400
1.00807668819597e-07,750500
1.00808099631618e-07,750600
1.0080844749385e-07,750700
1.0080871310178e-07,750800
1.0080889717001e-07,750900
1.00809000432106e-07,751000
1.00809023640418e-07,751100
1.0080896756592e-07,751200
1.00808832998008e-07,751300
1.00808620744324e-07,751400
1.00808331630545e-07,751500
1.00807966500185e-07,751600
1.00807526214371e-07,751700
1.0080701165163e-07,751800
1.00806423707647e-07,751900
1.00805763295036e-07,752000
1.00805031343092e-07,752100
1.00804228797538e-07,752200
1.00803356620261e-07,752300
1.00802415789051e-07,752400
1.00801407297317e-07,752500
1.00800332153817e-07,752600
1.00799191382359e-07,752700
1.00797986021508e-07,752800
1.00796717124287e-07,752900
1.00795385757861e-07,753000
1.00793993003228e-07,753100
1.0079253995489e-07,753200
1.00791027720531e-07,753300
1.00789457420675e-07,753400
1.0078783018835e-07,753500
1.00786147168743e-07,753600
1.00784409518839e-07,753700
1.00782618407069e-07,753800
1.00780775012944e-07,753900
1.00778880526689e-07,754000
1.00776936148861e-07,754100
1.0077494308998e-07,754200
1.00772902570134e-07,754300
1.00770815818595e-07,754400
1.00768684073429e-07,754500
1.00766508581088e-07,754600
1.00764290596018e-07,754700
1.00762031380248e-07,754800
1.00759732202976e-07,754900
1.00757394340164e-07,755000
1.00755019074112e-07,755100
1.00752607693045e-07,755200
1.00750161490682e-07,755300
1.00747681765816e-07,755400
1.00745169821879e-07,755500
1.00742626966514e-07,755600
1.0074005451114e-07,755700
1.00737453770515e-07,755800
1.00734826062298e-07,755900
1.00732172706608e-07,756000
1.00729495025588e-07,756100
1.00726794342954e-07,756200
1.00724071983558e-07,756300
1.0072132927294e-07,756400
1.00718567536883e-07,756500
1.00715788100971e-07,756600
1.00712992290136e-07,756700
1.0071018142822e-07,756800
1.00707356837522e-07,756900
1.00704519838359e-07,757000
1.00701671748617e-07,757100
1.00698813883307e-07,757200
1.00695947554129e-07,757300
1.00693074069019e-07,757400
1.00690194731719e-07,757500
1.00687310841334e-07,757600
1.00684423691895e-07,757700
1.00681534571931e-07,757800
1.00678644764027e-07,757900
1.00675755544401e-07,758000
1.00672868182479e-07,758100
1.00669983940469e-07,758200
1.00667104072937e-07,758300
1.00664229826396e-07,758400
1.00661362438888e-07,758500
1.00658503139577e-07,758600
1.00655653148345e-07,758700
1.00652813675384e-07,758800
1.00649985920805e-07,758900
1.00647171074245e-07,759000
1.00644370314477e-07,759100
1.00641584809027e-07,759200
1.00638815713797e-07,759300
1.00636064172698e-07,759400
1.00633331317274e-07,759500
1.0063061826635e-07,759600
1.00627926125667e-07,759700
1.00625255987545e-07,759800
1.0062260893053e-07,759900
1.00619986019063e-07,760000
1.00617388303148e-07,760100
1.0061481681803e-07,760200
1.00612272583877e-07,760300
1.00609756605474e-07,760400
1.00607269871915e-07,760500
1.00604813356316e-07,760600
1.00602388015523e-07,760700
1.00599994789828e-07,760800
1.00597634602709e-07,760900
1.00595308360551e-07,761000
1.00593016952404e-07,761100
1.00590761249725e-07,761200
1.00588542106138e-07,761300
1.00586360357212e-07,761400
1.00584216820223e-07,761500
1.00582112293955e-07,761600
1.00580047558482e-07,761700
1.00578023374973e-07,761800
1.00576040485509e-07,761900
1.00574099612896e-07,762000
1.00572201460495e-07,762100
1.0057034671207e-07,762200
1.00568536031615e-07,762300
1.00566770063233e-07,762400
1.00565049430987e-07,762500
1.00563374738774e-07,762600
1.00561746570219e-07,762700
1.00560165488561e-07,762800
1.00558632036552e-07,762900
1.00557146736381e-07,763000
1.0055571008958e-07,763100
1.00554322576969e-07,763200
1.00552984658587e-07,763300
1.00551696773641e-07,763400
1.00550459340472e-07,763500
1.00549272756518e-07,763600
1.00548137398291e-07,763700
1.00547053621366e-07,763800
1.00546021760379e-07,763900
1.00545042129028e-07,764000
1.00544115020095e-07,764100
1.00543240705464e-07,764200
1.00542419436154e-07,764300
1.00541651442369e-07,764400
1.00540936933543e-07,764500
1.00540276098406e-07,764600
1.00539669105047e-07,764700
1.00539116101e-07,764800
1.00538617213328e-07,764900
1.00538172548721e-07,765000
1.00537782193599e-07,765100
1.00537446214229e-07,765200
1.00537164656845e-07,765300
1.0053693754778e-07,765400
1.00536764893603e-07,765500
1.0053664668127e-07,765600
1.00536582878274e-07,765700
1.00536573432817e-07,765800
1.00536618273972e-07,765900
1.00536717311866e-07,766000
1.00536870437868e-07,766100
1.00537077524781e-07,766200
1.00537338427045e-07,766300
1.00537652980943e-07,766400
1.00538021004822e-07,766500
1.0053844229931e-07,766600
1.00538916647548e-07,766700
1.00539443815427e-07,766800
1.00540023551826e-07,766900
1.00540655588868e-07,767000
1.00541339642169e-07,767100
1.00542075411102e-07,767200
1.0054286257906e-07,767300
1.00543700813735e-07,767400
1.00544589767385e-07,767500
1.00545529077131e-07,767600
1.0054651836523e-07,767700
1.00547557239381e-07,767800
1.00548645293014e-07,767900
1.00549782105595e-07,768000
1.00550967242934e-07,768100
1.00552200257493e-07,768200
1.005534806887e-07,768300
1.00554808063272e-07,768400
1.0055618189553e-07,768500
1.0055760168773e-07,768600
1.00559066930388e-07,768700
1.00560577102611e-07,768800
1.00562131672435e-07,768900
1.00563730097155e-07,769000
1.00565371823669e-07,769100
1.00567056288817e-07,769200
1.00568782919723e-07,769300
1.00570551134141e-07,769400
1.00572360340801e-07,769500
1.00574209939755e-07,769600
1.00576099322727e-07,769700
1.00578027873462e-07,769800
1.00579994968073e-07,769900
1.00581999975397e-07,770000
1.00584042257344e-07,770100
1.00586121169242e-07,770200
1.00588236060195e-07,770300
1.00590386273432e-07,770400
1.00592571146653e-07,770500
1.00594790012384e-07,770600
1.0059704219832e-07,770700
1.0059932702767e-07,770800
1.00601643819516e-07,770900
1.00603991889136e-07,771000
1.00606370548371e-07,771100
1.00608779105941e-07,771200
1.00611216867805e-07,771300
1.00613683137481e-07,771400
1.00616177216389e-07,771500
1.00618698404181e-07,771600
1.00621245999067e-07,771700
1.00623819298139e-07,771800
1.00626417597697e-07,771900
1.00629040193568e-07,772000
1.0063168638142e-07,772100
1.0063435545707e-07,772200
1.00637046716796e-07,772300
1.00639759457646e-07,772400
1.00642492977726e-07,772500
1.00645246576504e-07,772600
1.00648019555099e-07,772700
1.00650811216568e-07,772800
1.00653620866183e-07,772900
1.00656447811721e-07,773000
1.00659291363719e-07,773100
1.00662150835753e-07,773200
1.00665025544697e-07,773300
1.00667914810975e-07,773400
1.00670817958819e-07,773500
1.00673734316507e-07,773600
1.00676663216609e-07,773700
1.00679603996219e-07,773800
1.00682555997179e-07,773900
1.00685518566308e-07,774000
1.00688491055613e-07,774100
1.00691472822498e-07,774200
1.00694463229973e-07,774300
1.00697461646848e-07,774400
1.00700467447924e-07,774500
1.00703480014176e-07,774600
1.00706498732935e-07,774700
1.00709522998058e-07,774800
1.00712552210089e-07,774900
1.00715585776426e-07,775000
1.00718623111462e-07,775100
1.00721663636737e-07,775200
1.00724706781076e-07,775300
1.00727751980717e-07,775400
1.00730798679435e-07,775500
1.00733846328666e-07,775600
1.0073689438761e-07,775700
1.0073994232334e-07,775800
1.00742989610896e-07,775900
1.0074603573338e-07,776000
1.00749080182033e-07,776100
1.00752122456319e-07,776200
1.00755162063985e-07,776300
1.00758198521136e-07,776400
1.0076123135228e-07,776500
1.00764260090383e-07,776600
1.00767284276916e-07,776700
1.00770303461882e-07,776800
1.00773317203846e-07,776900
1.0077632506997e-07,777000
1.00779326636015e-07,777100
1.00782321486361e-07,777200
1.00785309213998e-07,777300
1.00788289420542e-07,777400
1.00791261716208e-07,777500
1.00794225719804e-07,777600
1.00797181058706e-07,777700
1.00800127368833e-07,777800
1.00803064294613e-07,777900
1.00805991488938e-07,778000
1.00808908613131e-07,778100
1.00811815336879e-07,778200
1.00814711338192e-07,778300
1.0081759630333e-07,778400
1.00820469926744e-07,778500
1.00823331910996e-07,778600
1.00826181966682e-07,778700
1.00829019812358e-07,778800
1.00831845174442e-07,778900
1.00834657787127e-07,779000
1.00837457392279e-07,779100
1.00840243739344e-07,779200
1.00843016585231e-07,779300
1.0084577569421e-07,779400
1.00848520837792e-07,779500
1.00851251794617e-07,779600
1.00853968350321e-07,779700
1.00856670297422e-07,779800
1.00859357435178e-07,779900
1.00862029569467e-07,780000
1.00864686512638e-07,780100
1.00867328083379e-07,780200
1.00869954106571e-07,780300
1.00872564413145e-07,780400
1.00875158839931e-07,780500
1.0087773722951e-07,780600
1.00880299430056e-07,780700
1.00882845295191e-07,780800
1.00885374683814e-07,780900
1.00887887459951e-07,781000
1.00890383492591e-07,781100
1.00892862655526e-07,781200
1.00895324827181e-07,781300
1.00897769890455e-07,781400
1.0090019773255e-07,781500
1.00902608244805e-07,781600
1.00905001322531e-07,781700
1.00907376864836e-07,781800
1.0090973477446e-07,781900
1.00912074957605e-07,782000
1.00914397323763e-07,782100
1.00916701785549e-07,782200
1.00918988258528e-07,782300
1.00921256661046e-07,782400
1.0092350691407e-07,782500
1.00925738941002e-07,782600
1.00927952667529e-07,782700
1.00930148021445e-07,782800
1.00932324932492e-07,782900
1.0093448333219e-07,783000
1.0093662315368e-07,783100
1.00938744331557e-07,783200
1.00940846801714e-07,783300
1.00942930501182e-07,783400
1.00944995367971e-07,783500
1.00947041340926e-07,783600
1.00949068359559e-07,783700
1.00951076363916e-07,783800
1.00953065294418e-07,783900
1.00955035091719e-07,784000
1.0095698569657e-07,784100
1.0095891704967e-07,784200
1.00960829091539e-07,784300
1.00962721762375e-07,784400
1.00964595001936e-07,784500
1.009664487494e-07,784600
1.00968282943253e-07,784700
1.00970097521162e-07,784800
1.00971892419857e-07,784900
1.00973667575027e-07,785000
1.00975422921201e-07,785100
1.0097715839165e-07,785200
1.0097887391828e-07,785300
1.00980569431534e-07,785400
1.00982244860312e-07,785500
1.00983900131861e-07,785600
1.00985535171704e-07,785700
1.00987149903558e-07,785800
1.00988744249251e-07,785900
1.00990318128655e-07,786000
1.0099187145962e-07,786100
1.00993404157905e-07,786200
1.00994916137126e-07,786300
1.00996407308695e-07,786400
1.00997877581777e-07,786500
1.0099932686324e-07,786600
1.01000755057621e-07,786700
1.01002162067082e-07,786800
1.01003547791387e-07,786900
1.01004912127874e-07,787000
1.01006254971432e-07,787100
1.01007576214484e-07,787200
1.01008875746979e-07,787300
1.01010153456381e-07,787400
1.01011409227673e-07,787500
1.01012642943348e-07,787600
1.01013854483431e-07,787700
1.01015043725479e-07,787800
1.01016210544605e-07,787900
1.01017354813493e-07,788000
1.0101847640243e-07,788100
1.01019575179338e-07,788200
1.010206510098e-07,788300
1.01021703757107e-07,788400
1.01022733282302e-07,788500
1.01023739444227e-07,788600
1.01024722099575e-07,788700
1.01025681102951e-07,788800
1.0102661630693e-07,788900
1.01027527562127e-07,789000
1.01028414717261e-07,789100
1.01029277619236e-07,789200
1.01030116113218e-07,789300
1.01030930042706e-07,789400
1.01031719249638e-07,789500
1.01032483574465e-07,789600
1.01033222856249e-07,789700
1.0103393693276e-07,789800
1.01034625640582e-07,789900
1.01035288815203e-07,790000
1.01035926291141e-07,790100
1.01036537902035e-07,790200
1.01037123480778e-07,790300
1.01037682859615e-07,790400
1.01038215870274e-07,790500
1.01038722344089e-07,790600
1.01039202112116e-07,790700
1.01039655005268e-07,790800
1.01040080854443e-07,790900
1.01040479490657e-07,791000
1.01040850745172e-07,791100
1.01041194449642e-07,791200
1.01041510436245e-07,791300
1.01041798537826e-07,791400
1.01042058588035e-07,791500
1.01042290421478e-07,791600
1.01042493873855e-07,791700
1.01042668782104e-07,791800
1.01042814984558e-07,791900
1.01042932321085e-07,792000
1.01043020633239e-07,792100
1.01043079764411e-07,792200
1.01043109559981e-07,792300
1.01043109867463e-07,792400
1.01043080536664e-07,792500
1.01043021419828e-07,792600
1.01042932371793e-07,792700
1.01042813250138e-07,792800
1.01042663915341e-07,792900
1.0104248423092e-07,793000
1.01042274063588e-07,793100
1.01042033283408e-07,793200
1.01041761763932e-07,793300
1.01041459382355e-07,793400
1.01041126019658e-07,793500
1.01040761560757e-07,793600
1.01040365894646e-07,793700
1.01039938914535e-07,793800
1.01039480518002e-07,793900
1.0103899060712e-07,794000
1.010384690886e-07,794100
1.01037915873927e-07,794200
1.01037330879494e-07,794300
1.01036714026726e-07,794400
1.01036065242217e-07,794500
1.0103538445785e-07,794600
1.01034671610927e-07,794700
1.01033926644277e-07,794800
1.01033149506387e-07,794900
1.0103234015151e-07,795000
1.01031498539775e-07,795100
1.010306246373e-07,795200
1.01029718416292e-07,795300
1.01028779855149e-07,795400
1.01027808938563e-07,795500
1.01026805657606e-07,795600
1.01025770009827e-07,795700
1.0102470199933e-07,795800
1.0102360163687e-07,795900
1.01022468939915e-07,796000
1.01021303932735e-07,796100
1.01020106646458e-07,796200
1.0101887711915e-07,796300
1.01017615395861e-07,796400
1.01016321528695e-07,796500
1.01014995576854e-07,796600
1.01013637606691e-07,796700
1.01012247691745e-07,796800
1.01010825912786e-07,796900
1.01009372357847e-07,797000
1.01007887122253e-07,797100
1.01006370308636e-07,797200
1.01004822026968e-07,797300
1.01003242394563e-07,797400
1.01001631536091e-07,797500
1.00999989583579e-07,797600
1.0099831667641e-07,797700
1.00996612961314e-07,797800
1.00994878592362e-07,797900
1.00993113730943e-07,798000
1.00991318545742e-07,798100
1.00989493212715e-07,798200
1.00987637915053e-07,798300
1.0098575284315e-07,798400
1.0098383819455e-07,798500
1.00981894173906e-07,798600
1.00979920992927e-07,798700
1.00977918870308e-07,798800
1.0097588803168e-07,798900
1.00973828709532e-07,799000
1.00971741143142e-07,799100
1.00969625578488e-07,799200
1.00967482268173e-07,799300
1.00965311471332e-07,799400
1.00963113453534e-07,799500
1.00960888486689e-07,799600
1.00958636848936e-07,799700
1.00956358824537e-07,799800
1.00954054703765e-07,799900
1.00951724782779e-07,800000
1.00949369363503e-07,800100
1.00946988753501e-07,800200
1.00944583265839e-07,800300
1.00942153218948e-07,800400
1.00939698936486e-07,800500
1.00937220747189e-07,800600
1.00934718984718e-07,800700
1.0093219398751e-07,800800
1.00929646098614e-07,800900
1.00927075665534e-07,801000
1.00924483040055e-07,801100
1.00921868578082e-07,801200
1.00919232639456e-07,801300
1.00916575587787e-07,801400
1.00913897790262e-07,801500
1.00911199617471e-07,801600
1.00908481443211e-07,801700
1.00905743644303e-07,801800
1.00902986600391e-07,801900
1.00900210693754e-07,802000
1.00897416309099e-07,802100
1.00894603833362e-07,802200
1.00891773655508e-07,802300
1.00888926166318e-07,802400
1.00886061758185e-07,802500
1.00883180824899e-07,802600
1.0088028376144e-07,802700
1.0087737096376e-07,802800
1.00874442828565e-07,802900
1.00871499753102e-07,803000
1.00868542134938e-07,803100
1.00865570371739e-07,803200
1.00862584861051e-07,803300
1.00859586000078e-07,803400
1.00856574185455e-07,803500
1.0085354981303e-07,803600
1.00850513277639e-07,803700
1.00847464972879e-07,803800
1.00844405290889e-07,803900
1.0084133462212e-07,804000
1.00838253355117e-07,804100
1.00835161876291e-07,804200
1.00832060569698e-07,804300
1.00828949816815e-07,804400
1.00825829996323e-07,804500
1.0082270148388e-07,804600
1.00819564651907e-07,804700
1.00816419869364e-07,804800
1.00813267501543e-07,804900
1.00810107909841e-07,805000
1.00806941451558e-07,805100
1.00803768479674e-07,805200
1.00800589342651e-07,805300
1.00797404384218e-07,805400
1.00794213943171e-07,805500
1.00791018353168e-07,805600
1.00787817942529e-07,805700
1.00784613034044e-07,805800
1.00781403944772e-07,805900
1.00778190985858e-07,806000
1.00774974462338e-07,806100
1.00771754672963e-07,806200
1.00768531910011e-07,806300
1.00765306459115e-07,806400
1.00762078599091e-07,806500
1.00758848601765e-07,806600
1.00755616731808e-07,806700
1.00752383246579e-07,806800
1.00749148395969e-07,806900
1.00745912422241e-07,807000
1.00742675559894e-07,807100
1.00739438035512e-07,807200
1.00736200067629e-07,807300
1.00732961866595e-07,807400
1.00729723634452e-07,807500
1.00726485564802e-07,807600
1.00723247842703e-07,807700
1.00720010644542e-07,807800
1.00716774137939e-07,807900
1.0071353848164e-07,808000
1.00710303825425e-07,808100
1.00707070310017e-07,808200
1.00703838066993e-07,808300
1.00700607218712e-07,808400
1.00697377878239e-07,808500
1.0069415014928e-07,808600
1.00690924126122e-07,808700
1.00687699893577e-07,808800
1.00684477526931e-07,808900
1.00681257091913e-07,809000
1.00678038644646e-07,809100
1.00674822231626e-07,809200
1.00671607889699e-07,809300
1.00668395646041e-07,809400
1.00665185518148e-07,809500
1.00661977513837e-07,809600
1.00658771631244e-07,809700
1.00655567858837e-07,809800
1.00652366175431e-07,809900
1.0064916655021e-07,810000
1.00645968942756e-07,810100
1.00642773303083e-07,810200
1.00639579571689e-07,810300
1.00636387679591e-07,810400
1.00633197548389e-07,810500
1.00630009090326e-07,810600
1.00626822208359e-07,810700
1.00623636796226e-07,810800
1.00620452738542e-07,810900
1.00617269910867e-07,811000
1.00614088179819e-07,811100
1.00610907403167e-07,811200
1.00607727429935e-07,811300
1.00604548100521e-07,811400
1.00601369246814e-07,811500
1.00598190692317e-07,811600
1.00595012252283e-07,811700
1.00591833733854e-07,811800
1.00588654936199e-07,811900
1.00585475650667e-07,812000
1.00582295660945e-07,812100
1.00579114743213e-07,812200
1.00575932666317e-07,812300
1.00572749191941e-07,812400
1.00569564074776e-07,812500
1.00566377062716e-07,812600
1.0056318789704e-07,812700
1.00559996312605e-07,812800
1.00556802038045e-07,812900
1.00553604795979e-07,813000
1.00550404303213e-07,813100
1.00547200270959e-07,813200
1.00543992405048e-07,813300
1.00540780406156e-07,813400
1.00537563970027e-07,813500
1.00534342787711e-07,813600
1.00531116545785e-07,813700
1.00527884926608e-07,813800
1.0052464760855e-07,813900
1.00521404266248e-07,814000
1.00518154570849e-07,814100
1.00514898190264e-07,814200
1.0051163478943e-07,814300
1.0050836403056e-07,814400
1.00505085573412e-07,814500
1.00501799075549e-07,814600
1.0049850419261e-07,814700
1.0049520057858e-07,814800
1.00491887886056e-07,814900
1.00488565766528e-07,815000
1.00485233870651e-07,815100
1.00481891848519e-07,815200
1.00478539349958e-07,815300
1.00475176024789e-07,815400
1.0047180152312e-07,815500
1.00468415495624e-07,815600
1.00465017593829e-07,815700
1.00461607470393e-07,815800
1.00458184779398e-07,815900
1.00454749176626e-07,816000
1.00451300319853e-07,816100
1.00447837869127e-07,816200
1.00444361487057e-07,816300
1.00440870839095e-07,816400
1.0043736559382e-07,816500
1.00433845423228e-07,816600
1.00430310002997e-07,816700
1.00426759012789e-07,816800
1.00423192136516e-07,816900
1.00419609062621e-07,817000
1.00416009484359e-07,817100
1.00412393100064e-07,817200
1.00408759613429e-07,817300
1.00405108733772e-07,817400
1.00401440176307e-07,817500
1.00397753662405e-07,817600
1.00394048919863e-07,817700
1.00390325683161e-07,817800
1.00386583693714e-07,817900
1.00382822700136e-07,818000
1.00379042458481e-07,818100
1.00375242732494e-07,818200
1.00371423293857e-07,818300
1.00367583922416e-07,818400
1.00363724406433e-07,818500
1.00359844542804e-07,818600
1.00355944137289e-07,818700
1.00352023004735e-07,818800
1.00348080969296e-07,818900
1.00344117864638e-07,819000
1.00340133534155e-07,819100
1.00336127831165e-07,819200
1.00332100619111e-07,819300
1.00328051771751e-07,819400
1.00323981173345e-07,819500
1.00319888718838e-07,819600
1.00315774314034e-07,819700
1.00311637875758e-07,819800
1.00307479332033e-07,819900
1.00303298622226e-07,820000
1.00299095697205e-07,820100
1.00294870519477e-07,820200
1.00290623063338e-07,820300
1.00286353314992e-07,820400
1.00282061272682e-07,820500
1.0027774694681e-07,820600
1.00273410360047e-07,820700
1.00269051547437e-07,820800
1.00264670556493e-07,820900
1.00260267447294e-07,821000
1.00255842292562e-07,821100
1.00251395177745e-07,821200
1.0024692620108e-07,821300
1.00242435473659e-07,821400
1.00237923119485e-07,821500
1.00233389275514e-07,821600
1.002288340917e-07,821700
1.00224257731028e-07,821800
1.00219660369531e-07,821900
1.00215042196323e-07,822000
1.00210403413588e-07,822100
1.00205744236605e-07,822200
1.00201064893725e-07,822300
1.00196365626366e-07,822400
1.00191646688995e-07,822500
1.00186908349093e-07,822600
1.00182150887124e-07,822700
1.00177374596495e-07,822800
1.00172579783495e-07,822900
1.00167766767249e-07,823000
1.00162935879642e-07,823100
1.00158087465255e-07,823200
1.00153221881275e-07,823300
1.00148339497414e-07,823400
1.0014344069581e-07,823500
1.00138525870922e-07,823600
1.00133595429424e-07,823700
1.00128649790088e-07,823800
1.00123689383656e-07,823900
1.00118714652704e-07,824000
1.00113726051517e-07,824100
1.00108724045927e-07,824200
1.00103709113173e-07,824300
1.00098681741731e-07,824400
1.00093642431158e-07,824500
1.00088591691906e-07,824600
1.00083530045158e-07,824700
1.00078458022629e-07,824800
1.00073376166379e-07,824900
1.00068285028615e-07,825000
1.00063185171482e-07,825100
1.00058077166859e-07,825200
1.00052961596136e-07,825300
1.00047839049992e-07,825400
1.00042710128171e-07,825500
1.00037575439243e-07,825600
1.00032435600371e-07,825700
1.00027291237058e-07,825800
1.00022142982907e-07,825900
1.00016991479358e-07,826000
1.00011837375435e-07,826100
1.00006681327476e-07,826200
1.0000152399887e-07,826300
9.99963660597789e-08,826400
9.99912081868639e-08,826500
9.9986051063002e-08,826600
9.9980895377002e-08,826700
9.99757418233145e-08,826800
9.99705911017361e-08,826900
9.99654439171228e-08,827000
9.99603009790791e-08,827100
9.9955163001663e-08,827200
9.99500307030785e-08,827300
9.99449048053662e-08,827400
9.99397860340946e-08,827500
9.99346751180469e-08,827600
9.99295727889063e-08,827700
9.99244797809371e-08,827800
9.99193968306629e-08,827900
9.99143246765578e-08,828000
9.99092640587078e-08,828100
9.99042157185007e-08,828200
9.98991803982948e-08,828300
9.9894158841098e-08,828400
9.9889151790235e-08,828500
9.98841599890284e-08,828600
9.98791841804683e-08,828700
9.98742251068854e-08,828800
9.98692835096231e-08,828900
9.98643601287135e-08,829000
9.98594557025499e-08,829100
9.98545709675599e-08,829200
9.98497066578821e-08,829300
9.9844863505042e-08,829400
9.98400422376295e-08,829500
9.98352435809779e-08,829600
9.98304682568455e-08,829700
9.9825716983091e-08,829800
9.98209904733694e-08,829900
9.98162894368036e-08,830000
9.98116145776891e-08,830100
9.98069665951705e-08,830200
9.98023461829436e-08,830300
9.97977540289473e-08,830400
9.97931908150662e-08,830500
9.97886572168318e-08,830600
9.97841539031268e-08,830700
9.97796815358972e-08,830800
9.97752407698647e-08,830900
9.97708322522408e-08,831000
9.97664566224505e-08,831100
9.97621145118603e-08,831200
9.97578065434977e-08,831300
9.97535333317971e-08,831400
9.97492954823272e-08,831500
9.97450935915422e-08,831600
9.97409282465277e-08,831700
9.97368000247496e-08,831800
9.97327094938184e-08,831900
9.972865721125e-08,832000
9.97246437242328e-08,832100
9.97206695694071e-08,832200
9.97167352726388e-08,832300
9.97128413488123e-08,832400
9.97089883016202e-08,832500
9.97051766233551e-08,832600
9.97014067947251e-08,832700
9.96976792846558e-08,832800
9.96939945501067e-08,832900
9.96903530359017e-08,833000
9.96867551745514e-08,833100
9.96832013860931e-08,833200
9.96796920779341e-08,833300
9.96762276446962e-08,833400
9.96728084680826e-08,833500
9.96694349167308e-08,833600
9.96661073460908e-08,833700
9.96628260982955e-08,833800
9.96595915020554e-08,833900
9.96564038725401e-08,834000
9.96532635112846e-08,834100
9.96501707060928e-08,834200
9.96471257309516e-08,834300
9.96441288459499e-08,834400
9.96411802972117e-08,834500
9.96382803168262e-08,834600
9.96354291227976e-08,834700
9.96326269189861e-08,834800
9.96298738950759e-08,834900
9.96271702265341e-08,835000
9.96245160745862e-08,835100
9.96219115861946e-08,835200
9.96193568940483e-08,835300
9.96168521165551e-08,835400
9.96143973578486e-08,835500
9.96119927077912e-08,835600
9.96096382419988e-08,835700
9.96073340218596e-08,835800
9.96050800945676e-08,835900
9.96028764931627e-08,836000
9.96007232365755e-08,836100
9.95986203296788e-08,836200
9.95965677633526e-08,836300
9.95945655145483e-08,836400
9.95926135463612e-08,836500
9.95907118081159e-08,836600
9.95888602354519e-08,836700
9.95870587504178e-08,836800
9.95853072615745e-08,836900
9.95836056641018e-08,837000
9.9581953839913e-08,837100
9.95803516577774e-08,837200
9.95787989734439e-08,837300
9.95772956297784e-08,837400
9.95758414569008e-08,837500
9.95744362723306e-08,837600
9.95730798811396e-08,837700
9.95717720761067e-08,837800
9.95705126378846e-08,837900
9.95693013351642e-08,838000
9.95681379248464e-08,838100
9.95670221522302e-08,838200
9.95659537511871e-08,838300
9.95649324443532e-08,838400
9.95639579433283e-08,838500
9.95630299488647e-08,838600
9.95621481510818e-08,838700
9.95613122296648e-08,838800
9.9560521854078e-08,838900
9.95597766837887e-08,839000
9.95590763684781e-08,839100
9.95584205482699e-08,839200
9.95578088539583e-08,839300
9.95572409072361e-08,839400
9.9556716320934e-08,839500
9.95562346992527e-08,839600
9.95557956380114e-08,839700
9.95553987248834e-08,839800
9.95550435396498e-08,839900
9.95547296544412e-08,840000
9.95544566339952e-08,840100
9.95542240359086e-08,840200
9.9554031410892e-08,840300
9.95538783030266e-08,840400
9.95537642500226e-08,840500
9.95536887834867e-08,840600
9.95536514291748e-08,840700
9.95536517072617e-08,840800
9.95536891326017e-08,840900
9.9553763214996e-08,841000
9.95538734594568e-08,841100
9.95540193664736e-08,841200
9.95542004322802e-08,841300
9.95544161491231e-08,841400
9.9554666005522e-08,841500
9.95549494865417e-08,841600
9.95552660740577e-08,841700
9.95556152470156e-08,841800
9.95559964817034e-08,841900
9.9556409252011e-08,842000
9.95568530296916e-08,842100
9.95573272846259e-08,842200
9.95578314850787e-08,842300
9.95583650979608e-08,842400
9.95589275890833e-08,842500
9.95595184234118e-08,842600
9.95601370653185e-08,842700
9.95607829788372e-08,842800
9.95614556279032e-08,842900
9.95621544766066e-08,843000
9.95628789894279e-08,843100
9.95636286314854e-08,843200
9.9564402868764e-08,843300
9.95652011683554e-08,843400
9.95660229986848e-08,843500
9.95668678297403e-08,843600
9.95677351332962e-08,843700
9.95686243831266e-08,843800
9.95695350552347e-08,843900
9.95704666280518e-08,844000
9.95714185826512e-08,844100
9.95723904029531e-08,844200
9.95733815759219e-08,844300
9.95743915917612e-08,844400
9.9575419944104e-08,844500
9.95764661302057e-08,844600
9.95775296511111e-08,844700
9.95786100118478e-08,844800
9.95797067215839e-08,844900
9.95808192938027e-08,845000
9.95819472464611e-08,845100
9.95830901021456e-08,845200
9.95842473882247e-08,845300
9.9585418636992e-08,845400
9.95866033858132e-08,845500
9.95878011772509e-08,845600
9.95890115592003e-08,845700
9.95902340850134e-08,845800
9.95914683136114e-08,845900
9.95927138096034e-08,846000
9.95939701433899e-08,846100
9.95952368912625e-08,846200
9.95965136354988e-08,846300
9.95977999644538e-08,846400
9.95990954726423e-08,846500
9.96003997608159e-08,846600
9.96017124360273e-08,846700
9.96030331117109e-08,846800
9.96043614077261e-08,846900
9.96056969504204e-08,847000
9.96070393726732e-08,847100
9.96083883139382e-08,847200
9.96097434202764e-08,847300
9.96111043443899e-08,847400
9.96124707456384e-08,847500
9.96138422900658e-08,847600
9.96152186504026e-08,847700
9.96165995060781e-08,847800
9.96179845432178e-08,847900
9.96193734546344e-08,848000
9.96207659398247e-08,848100
9.96221617049409e-08,848200
9.96235604627772e-08,848300
9.96249619327328e-08,848400
9.96263658407841e-08,848500
9.96277719194412e-08,848600
9.96291799077033e-08,848700
9.96305895510101e-08,848800
9.96320006011794e-08,848900
9.96334128163528e-08,849000
9.96348259609279e-08,849100
9.96362398054829e-08,849200
9.96376541267048e-08,849300
9.9639068707305e-08,849400
9.96404833359327e-08,849500
9.9641897807089e-08,849600
9.96433119210234e-08,849700
9.96447254836415e-08,849800
9.96461383063974e-08,849900
9.96475502061833e-08,850000
9.96489610052202e-08,850100
9.96503705309399e-08,850200
9.9651778615862e-08,850300
9.96531850974735e-08,850400
9.96545898180972e-08,850500
9.96559926247608e-08,850600
9.96573933690641e-08,850700
9.96587919070343e-08,850800
9.96601880989957e-08,850900
9.966158180941e-08,851000
9.96629729067439e-08,851100
9.9664361263307e-08,851200
9.96657467551051e-08,851300
9.96671292616849e-08,851400
9.96685086659743e-08,851500
9.96698848541232e-08,851600
9.96712577153423e-08,851700
9.96726271417396e-08,851800
9.96739930281543e-08,851900
9.96753552719896e-08,852000
9.96767137730489e-08,852100
9.96780684333578e-08,852200
9.96794191570011e-08,852300
9.96807658499483e-08,852400
9.96821084198796e-08,852500
9.96834467760184e-08,852600
9.96847808289507e-08,852700
9.96861104904563e-08,852800
9.96874356733362e-08,852900
9.96887562912298e-08,853000
9.96900722584533e-08,853100
9.96913834898193e-08,853200
9.96926899004624e-08,853300
9.96939914056728e-08,853400
9.96952879207186e-08,853500
9.96965793606796e-08,853600
9.96978656402758e-08,853700
9.96991466737001e-08,853800
9.97004223744497e-08,853900
9.97016926551632e-08,854000
9.97029574274549e-08,854100
9.97042166017541e-08,854200
9.97054700871426e-08,854300
9.97067177912019e-08,854400
9.97079596198538e-08,854500
9.97091954772096e-08,854600
9.97104252654167e-08,854700
9.97116488845122e-08,854800
9.97128662322807e-08,854900
9.97140772041075e-08,855000
9.97152816928435e-08,855100
9.97164795886635e-08,855200
9.97176707789433e-08,855300
9.97188551481221e-08,855400
9.97200325775795e-08,855500
9.97212029455131e-08,855600
9.97223661268277e-08,855700
9.97235219930062e-08,855800
9.97246704120155e-08,855900
9.9725811248189e-08,856000
9.97269443621313e-08,856100
9.97280696106152e-08,856200
9.97291868464971e-08,856300
9.9730295918618e-08,856400
9.97313966717266e-08,856500
9.97324889463997e-08,856600
9.97335725789636e-08,856700
9.97346474014274e-08,856800
9.97357132414172e-08,856900
9.97367699221168e-08,857000
9.97378172622115e-08,857100
9.97388550758413e-08,857200
9.97398831725495e-08,857300
9.97409013572534e-08,857400
9.97419094302e-08,857500
9.9742907186945e-08,857600
9.97438944183238e-08,857700
9.97448709104357e-08,857800
9.97458364446313e-08,857900
9.97467907975046e-08,858000
9.97477337408892e-08,858100
9.97486650418673e-08,858200
9.97495844627713e-08,858300
9.97504917612049e-08,858400
9.97513866900604e-08,858500
9.97522689975417e-08,858600
9.97531384272024e-08,858700
9.97539947179747e-08,858800
9.97548376042172e-08,858900
9.97556668157582e-08,859000
9.97564820779521e-08,859100
9.97572831117368e-08,859200
9.97580696336984e-08,859300
9.97588413561374e-08,859400
9.97595979871481e-08,859500
9.97603392306931e-08,859600
9.9761064786694e-08,859700
9.97617743511207e-08,859800
9.97624676160837e-08,859900
9.97631442699365e-08,860000
9.97638039973854e-08,860100
9.97644464795956e-08,860200
9.97650713943073e-08,860300
9.97656784159577e-08,860400
9.9766267215809e-08,860500
9.97668374620736e-08,860600
9.97673888200529e-08,860700
9.97679209522721e-08,860800
9.97684335186318e-08,860900
9.97689261765466e-08,861000
9.97693985811048e-08,861100
9.97698503852231e-08,861200
9.97702812398045e-08,861300
9.97706907939057e-08,861400
9.9771078694908e-08,861500
9.97714445886827e-08,861600
9.97717881197712e-08,861700
9.97721089315685e-08,861800
9.97724066664967e-08,861900
9.97726809661986e-08,862000
9.97729314717222e-08,862100
9.97731578237187e-08,862200
9.97733596626285e-08,862300
9.97735366288901e-08,862400
9.97736883631319e-08,862500
9.97738145063775e-08,862600
9.97739147002552e-08,862700
9.9773988587198e-08,862800
9.97740358106596e-08,862900
9.97740560153252e-08,863000
9.9774048847319e-08,863100
9.97740139544269e-08,863200
9.9773950986308e-08,863300
9.97738595947119e-08,863400
9.97737394337039e-08,863500
9.97735901598751e-08,863600
9.97734114325718e-08,863700
9.97732029141102e-08,863800
9.9772964270007e-08,863900
9.97726951691911e-08,864000
9.9772395284234e-08,864100
9.97720642915737e-08,864200
9.97717018717268e-08,864300
9.97713077095263e-08,864400
9.97708814943309e-08,864500
9.97704229202521e-08,864600
9.97699316863767e-08,864700
9.97694074969817e-08,864800
9.97688500617591e-08,864900
9.97682590960297e-08,865000
9.97676343209594e-08,865100
9.97669754637786e-08,865200
9.97662822579917e-08,865300
9.97655544435912e-08,865400
9.97647917672621e-08,865500
9.97639939826008e-08,865600
9.97631608503071e-08,865700
9.97622921383983e-08,865800
9.97613876224024e-08,865900
9.97604470855613e-08,866000
9.975947031902e-08,866100
9.97584571220266e-08,866200
9.97574073021137e-08,866300
9.97563206752879e-08,866400
9.97551970662143e-08,866500
9.97540363083908e-08,866600
9.97528382443264e-08,866700
9.97516027257116e-08,866800
9.97503296135884e-08,866900
9.97490187785104e-08,867000
9.9747670100704e-08,867100
9.97462834702267e-08,867200
9.97448587871143e-08,867300
9.97433959615258e-08,867400
9.97418949138905e-08,867500
9.97403555750432e-08,867600
9.97387778863564e-08,867700
9.97371617998668e-08,867800
9.97355072783981e-08,867900
9.97338142956809e-08,868000
9.97320828364641e-08,868100
9.97303128966187e-08,868200
9.97285044832429e-08,868300
9.97266576147601e-08,868400
9.97247723210053e-08,868500
9.97228486433123e-08,868600
9.9720886634594e-08,868700
9.9718886359416e-08,868800
9.97168478940625e-08,868900
9.97147713266049e-08,869000
9.97126567569503e-08,869100
9.9710504296897e-08,869200
9.97083140701781e-08,869300
9.97060862125001e-08,869400
9.97038208715742e-08,869500
9.97015182071442e-08,869600
9.9699178391007e-08,869700
9.96968016070277e-08,869800
9.96943880511413e-08,869900
9.96919379313632e-08,870000
9.96894514677835e-08,870100
9.96869288925479e-08,870200
9.96843704498522e-08,870300
9.96817763959128e-08,870400
9.96791469989382e-08,870500
9.96764825390982e-08,870600
9.96737833084773e-08,870700
9.96710496110256e-08,870800
9.9668281762513e-08,870900
9.96654800904644e-08,871000
9.96626449340903e-08,871100
9.96597766442232e-08,871200
9.96568755832302e-08,871300
9.96539421249369e-08,871400
9.96509766545342e-08,871500
9.964797956848e-08,871600
9.96449512744018e-08,871700
9.96418921909889e-08,871800
9.96388027478731e-08,871900
9.963568338552e-08,872000
9.96325345550927e-08,872100
9.96293567183363e-08,872200
9.96261503474262e-08,872300
9.96229159248407e-08,872400
9.96196539432076e-08,872500
9.96163649051544e-08,872600
9.96130493231546e-08,872700
9.96097077193624e-08,872800
9.96063406254468e-08,872900
9.96029485824244e-08,873000
9.95995321404789e-08,873100
9.95960918587823e-08,873200
9.95926283053081e-08,873300
9.95891420566479e-08,873400
9.95856336978049e-08,873500
9.95821038220113e-08,873600
9.95785530305136e-08,873700
9.95749819323733e-08,873800
9.95713911442548e-08,873900
9.95677812902101e-08,874000
9.95641530014657e-08,874100
9.95605069161967e-08,874200
9.95568436793059e-08,874300
9.95531639421971e-08,874400
9.95494683625402e-08,874500
9.95457576040449e-08,874600
9.9542032336217e-08,874700
9.95382932341229e-08,874800
9.95345409781517e-08,874900
9.95307762537653e-08,875000
9.95269997512561e-08,875100
9.95232121654964e-08,875200
9.95194141956922e-08,875300
9.95156065451285e-08,875400
9.95117899209145e-08,875500
9.95079650337331e-08,875600
9.95041325975779e-08,875700
9.95002933295019e-08,875800
9.94964479493546e-08,875900
9.94925971795259e-08,876000
9.94887417446824e-08,876100
9.94848823715048e-08,876200
9.94810197884315e-08,876300
9.94771547253962e-08,876400
9.94732879135589e-08,876500
9.94694200850517e-08,876600
9.94655519727118e-08,876700
9.94616843098209e-08,876800
9.94578178298492e-08,876900
9.94539532661818e-08,877000
9.94500913518713e-08,877100
9.94462328193743e-08,877200
9.94423784002882e-08,877300
9.94385288251016e-08,877400
9.94346848229303e-08,877500
9.94308471212714e-08,877600
9.94270164457428e-08,877700
9.94231935198355e-08,877800
9.9419379064662e-08,877900
9.9415573798713e-08,878000
9.94117784376037e-08,878100
9.94079936938381e-08,878200
9.94042202765611e-08,878300
9.94004588913266e-08,878400
9.93967102398585e-08,878500
9.93929750198125e-08,878600
9.93892539245526e-08,878700
9.93855476429176e-08,878800
9.93818568590027e-08,878900
9.9378182251931e-08,879000
9.93745244956381e-08,879100
9.93708842586552e-08,879200
9.93672622039024e-08,879300
9.93636589884756e-08,879400
9.93600752634429e-08,879500
9.93565116736442e-08,879600
9.93529688574978e-08,879700
9.93494474467989e-08,879800
9.93459480665397e-08,879900
9.93424713347193e-08,880000
9.93390178621637e-08,880100
9.93355882523476e-08,880200
9.93321831012288e-08,880300
9.93288029970713e-08,880400
9.93254485202858e-08,880500
9.93221202432727e-08,880600
9.93188187302652e-08,880700
9.93155445371803e-08,880800
9.93122982114704e-08,880900
9.93090802919879e-08,881000
9.93058913088452e-08,881100
9.93027317832887e-08,881200
9.92996022275652e-08,881300
9.92965031448069e-08,881400
9.92934350289134e-08,881500
9.92903983644357e-08,881600
9.92873936264785e-08,881700
9.92844212805884e-08,881800
9.92814817826656e-08,881900
9.92785755788675e-08,882000
9.92757031055231e-08,882100
9.9272864789051e-08,882200
9.92700610458853e-08,882300
9.92672922823945e-08,882400
9.92645588948338e-08,882500
9.92618612692594e-08,882600
9.92591997814893e-08,882700
9.92565747970465e-08,882800
9.92539866711091e-08,882900
9.925143574847e-08,883000
9.92489223635006e-08,883100
9.92464468401215e-08,883200
9.92440094917668e-08,883300
9.92416106213697e-08,883400
9.92392505213382e-08,883500
9.92369294735472e-08,883600
9.92346477493279e-08,883700
9.92324056094625e-08,883800
9.92302033041861e-08,883900
9.92280410731921e-08,884000
9.92259191456411e-08,884100
9.92238377401762e-08,884200
9.92217970649406e-08,884300
9.92197973175974e-08,884400
9.92178386853645e-08,884500
9.92159213450344e-08,884600
9.92140454630217e-08,884700
9.92122111953886e-08,884800
9.92104186879023e-08,884900
9.9208668076068e-08,885000
9.92069594851911e-08,885100
9.92052930304241e-08,885200
9.92036688168284e-08,885300
9.92020869394332e-08,885400
9.92005474833008e-08,885500
9.91990505235973e-08,885600
9.91975961256612e-08,885700
9.91961843450793e-08,885800
9.91948152277621e-08,885900
9.91934888100303e-08,886000
9.91922051186914e-08,886100
9.91909641711287e-08,886200
9.91897659753914e-08,886300
9.91886105302873e-08,886400
9.91874978254692e-08,886500
9.91864278415445e-08,886600
9.91854005501592e-08,886700
9.91844159141084e-08,886800
9.9183473887437e-08,886900
9.91825744155426e-08,887000
9.91817174352857e-08,887100
9.9180902875096e-08,887200
9.91801306550801e-08,887300
9.91794006871366e-08,887400
9.91787128750718e-08,887500
9.91780671147057e-08,887600
9.91774632939969e-08,887700
9.91769012931524e-08,887800
9.91763809847507e-08,887900
9.91759022338579e-08,888000
9.91754648981459e-08,888100
9.91750688280183e-08,888200
9.91747138667243e-08,888300
9.91743998504852e-08,888400
9.91741266086143e-08,888500
9.91738939636409e-08,888600
9.91737017314319e-08,888700
9.91735497213123e-08,888800
9.91734377361922e-08,888900
9.91733655726854e-08,889000
9.91733330212337e-08,889100
9.91733398662315e-08,889200
9.9173385886143e-08,889300
9.91734708536266e-08,889400
9.91735945356583e-08,889500
9.91737566936461e-08,889600
9.91739570835544e-08,889700
9.91741954560243e-08,889800
9.9174471556487e-08,889900
9.9174785125286e-08,890000
9.917513589779e-08,890100
9.91755236045122e-08,890200
9.91759479712199e-08,890300
9.91764087190508e-08,890400
9.91769055646269e-08,890500
9.91774382201613e-08,890600
9.91780063935681e-08,890700
9.91786097885716e-08,890800
9.91792481048138e-08,890900
9.91799210379557e-08,891000
9.91806282797859e-08,891100
9.91813695183172e-08,891200
9.9182144437889e-08,891300
9.91829527192678e-08,891400
9.91837940397406e-08,891500
9.91846680732108e-08,891600
9.9185574490291e-08,891700
9.91865129583981e-08,891800
9.91874831418372e-08,891900
9.9188484701892e-08,892000
9.91895172969095e-08,892100
9.91905805823849e-08,892200
9.91916742110435e-08,892300
9.9192797832919e-08,892400
9.91939510954309e-08,892500
9.91951336434658e-08,892600
9.91963451194417e-08,892700
9.91975851633889e-08,892800
9.91988534130161e-08,892900
9.92001495037752e-08,893000
9.9201473068936e-08,893100
9.92028237396426e-08,893200
9.92042011449768e-08,893300
9.92056049120191e-08,893400
9.92070346659084e-08,893500
9.92084900298963e-08,893600
9.92099706254025e-08,893700
9.92114760720677e-08,893800
9.92130059877997e-08,893900
9.92145599888302e-08,894000
9.92161376897573e-08,894100
9.92177387035912e-08,894200
9.92193626417984e-08,894300
9.92210091143425e-08,894400
9.92226777297282e-08,894500
9.92243680950377e-08,894600
9.9226079815966e-08,894700
9.92278124968616e-08,894800
9.92295657407592e-08,894900
9.92313391494078e-08,895000
9.92331323233137e-08,895100
9.92349448617586e-08,895200
9.92367763628368e-08,895300
9.92386264234848e-08,895400
9.92404946394987e-08,895500
9.92423806055705e-08,895600
9.92442839153084e-08,895700
9.92462041612646e-08,895800
9.92481409349538e-08,895900
9.92500938268798e-08,896000
9.92520624265548e-08,896100
9.92540463225274e-08,896200
9.92560451023934e-08,896300
9.92580583528238e-08,896400
9.92600856595844e-08,896500
9.92621266075524e-08,896600
9.92641807807403e-08,896700
9.92662477623092e-08,896800
9.92683271345953e-08,896900
9.92704184791257e-08,897000
9.92725213766374e-08,897100
9.92746354070981e-08,897200
9.92767601497284e-08,897300
9.92788951830169e-08,897400
9.92810400847461e-08,897500
9.92831944320106e-08,897600
9.92853578012387e-08,897700
9.92875297682186e-08,897800
9.92897099081157e-08,897900
9.92918977955035e-08,898000
9.92940930043806e-08,898100
9.92962951082046e-08,898200
9.92985036799136e-08,898300
9.93007182919532e-08,898400
9.93029385163138e-08,898500
9.93051639245494e-08,898600
9.93073940878206e-08,898700
9.93096285769206e-08,898800
9.93118669623111e-08,898900
9.93141088141626e-08,899000
9.93163537023869e-08,899100
9.93186011966804e-08,899200
9.93208508665649e-08,899300
9.93231022814282e-08,899400
9.93253550105744e-08,899500
9.93276086232646e-08,899600
9.93298626887706e-08,899700
9.93321167764276e-08,899800
9.93343704556786e-08,899900
9.93366232961398e-08,900000
9.93388748676545e-08,900100
9.93411247403506e-08,900200
9.93433724847082e-08,900300
9.93456176716184e-08,900400
9.93478598724555e-08,900500
9.93500986591416e-08,900600
9.93523336042228e-08,900700
9.93545642809427e-08,900800
9.93567902633179e-08,900900
9.93590111262183e-08,901000
9.93612264454505e-08,901100
9.93634357978432e-08,901200
9.93656387613326e-08,901300
9.93678349150514e-08,901400
9.93700238394263e-08,901500
9.93722051162718e-08,901600
9.93743783288878e-08,901700
9.93765430621584e-08,901800
9.93786989026603e-08,901900
9.93808454387688e-08,902000
9.93829822607614e-08,902100
9.93851089609368e-08,902200
9.93872251337255e-08,902300
9.93893303758078e-08,902400
9.93914242862359e-08,902500
9.93935064665509e-08,902600
9.93955765209157e-08,902700
9.93976340562362e-08,902800
9.93996786822962e-08,902900
9.94017100118905e-08,903000
9.94037276609544e-08,903100
9.94057312487088e-08,903200
9.94077203977976e-08,903300
9.94096947344316e-08,903400
9.94116538885285e-08,903500
9.94135974938681e-08,903600
9.94155251882388e-08,903700
9.9417436613587e-08,903800
9.94193314161728e-08,903900
9.94212092467277e-08,904000
9.94230697606083e-08,904100
9.94249126179632e-08,904200
9.94267374838838e-08,904300
9.94285440285785e-08,904400
9.9430331927533e-08,904500
9.94321008616758e-08,904600
9.94338505175492e-08,904700
9.94355805874781e-08,904800
9.94372907697388e-08,904900
9.94389807687338e-08,905000
9.94406502951649e-08,905100
9.94422990662045e-08,905200
9.94439268056775e-08,905300
9.94455332442289e-08,905400
9.94471181195104e-08,905500
9.94486811763438e-08,905600
9.94502221669181e-08,905700
9.94517408509503e-08,905800
9.94532369958732e-08,905900
9.94547103770146e-08,906000
9.94561607777706e-08,906100
9.94575879897889e-08,906200
9.94589918131483e-08,906300
9.94603720565329e-08,906400
9.94617285374109e-08,906500
9.9463061082217e-08,906600
9.9464369526521e-08,906700
9.9465653715209e-08,906800
9.94669135026548e-08,906900
9.94681487528985e-08,907000
9.94693593398121e-08,907100
9.94705451472778e-08,907200
9.94717060693484e-08,907300
9.94728420104243e-08,907400
9.94739528854148e-08,907500
9.94750386199027e-08,907600
9.94760991503047e-08,907700
9.94771344240358e-08,907800
9.94781443996618e-08,907900
9.94791290470591e-08,908000
9.94800883475619e-08,908100
9.94810222941141e-08,908200
9.94819308914173e-08,908300
9.94828141560742e-08,908400
9.94836721167246e-08,908500
9.94845048141895e-08,908600
9.94853123015967e-08,908700
9.9486094644519e-08,908800
9.94868519210955e-08,908900
9.94875842221526e-08,909000
9.94882916513277e-08,909100
9.94889743251786e-08,909200
9.94896323732952e-08,909300
9.94902659384051e-08,909400
9.94908751764725e-08,909500
9.94914602568009e-08,909600
9.9492021362113e-08,909700
9.94925586886503e-08,909800
9.9493072446244e-08,909900
9.94935628583973e-08,910000
9.94940301623533e-08,910100
9.94944746091617e-08,910200
9.94948964637412e-08,910300
9.94952960049278e-08,910400
9.9495673525531e-08,910500
9.94960293323686e-08,910600
9.94963637463109e-08,910700
9.9496677102304e-08,910800
9.94969697494032e-08,910900
9.94972420507816e-08,911000
9.94974943837523e-08,911100
9.94977271397619e-08,911200
9.94979407243999e-08,911300
9.94981355573849e-08,911400
9.94983120725555e-08,911500
9.94984707178408e-08,911600
9.94986119552423e-08,911700
9.94987362607897e-08,911800
9.94988441245041e-08,911900
9.94989360503518e-08,912000
9.94990125561784e-08,912100
9.94990741736563e-08,912200
9.94991214482069e-08,912300
9.9499154938925e-08,912400
9.94991752184961e-08,912500
9.94991828730994e-08,912600
9.94991785023102e-08,912700
9.94991627189947e-08,912800
9.94991361491923e-08,912900
9.94990994319941e-08,913000
9.94990532194113e-08,913100
9.94989981762469e-08,913200
9.94989349799377e-08,913300
9.94988643204133e-08,913400
9.94987868999283e-08,913500
9.94987034329035e-08,913600
9.94986146457418e-08,913700
9.94985212766554e-08,913800
9.94984240754685e-08,913900
9.9498323803426e-08,914000
9.94982212329842e-08,914100
9.94981171476033e-08,914200
9.94980123415259e-08,914300
9.94979076195509e-08,914400
9.94978037968003e-08,914500
9.94977016984778e-08,914600
9.94976021596216e-08,914700
9.94975060248454e-08,914800
9.94974141480865e-08,914900
9.94973273923232e-08,915000
9.94972466293088e-08,915100
9.94971727392843e-08,915200
9.94971066106916e-08,915300
9.94970491398761e-08,915400
9.94970012307828e-08,915500
9.94969637946492e-08,915600
9.94969377496896e-08,915700
9.94969240207766e-08,915800
9.94969235391029e-08,915900
9.94969372418628e-08,916000
9.94969660718995e-08,916100
9.94970109773693e-08,916200
9.94970729113827e-08,916300
9.94971528316567e-08,916400
9.94972517001428e-08,916500
9.94973704826692e-08,916600
9.94975101485645e-08,916700
9.949767167028e-08,916800
9.94978560230103e-08,916900
9.94980641843055e-08,917000
9.94982971336797e-08,917100
9.94985558522181e-08,917200
9.94988413221757e-08,917300
9.94991545265748e-08,917400
9.94994964487955e-08,917500
9.94998680721719e-08,917600
9.95002703795701e-08,917700
9.95007043529731e-08,917800
9.95011709730642e-08,917900
9.95016712187967e-08,918000
9.95022060669752e-08,918100
9.95027764918226e-08,918200
9.95033834645485e-08,918300
9.95040279529159e-08,918400
9.95047109208131e-08,918500
9.95054333278075e-08,918600
9.95061961287126e-08,918700
9.9507000273148e-08,918800
9.95078467050972e-08,918900
9.95087363624667e-08,919000
9.9509670176645e-08,919100
9.95106490720593e-08,919200
9.95116739657283e-08,919300
9.95127457668269e-08,919400
9.95138653762346e-08,919500
9.95150336861042e-08,919600
9.95162515794066e-08,919700
9.95175199294995e-08,919800
9.95188395996823e-08,919900
9.95202114427597e-08,920000
9.95216363006042e-08,920100
9.95231150037189e-08,920200
9.95246483708044e-08,920300
9.95262372083262e-08,920400
9.95278823100888e-08,920500
9.95295844568053e-08,920600
9.95313444156735e-08,920700
9.95331629399587e-08,920800
9.95350407685707e-08,920900
9.95369786256539e-08,921000
9.95389772201749e-08,921100
9.95410372455132e-08,921200
9.95431593790648e-08,921300
9.95453442818346e-08,921400
9.9547592598054e-08,921500
9.95499049547798e-08,921600
9.95522819615198e-08,921700
9.95547242098459e-08,921800
9.95572322730252e-08,921900
9.95598067056504e-08,922000
9.95624480432784e-08,922100
9.95651568020664e-08,922200
9.9567933478434e-08,922300
9.95707785487083e-08,922400
9.95736924687894e-08,922500
9.9576675673821e-08,922600
9.9579728577867e-08,922700
9.95828515735884e-08,922800
9.95860450319396e-08,922900
9.95893093018641e-08,923000
9.95926447099994e-08,923100
9.95960515603866e-08,923200
9.95995301341983e-08,923300
9.96030806894595e-08,923400
9.96067034607911e-08,923500
9.96103986591539e-08,923600
9.96141664715963e-08,923700
9.96180070610258e-08,923800
9.96219205659757e-08,923900
9.96259071003874e-08,924000
9.96299667533972e-08,924100
9.96340995891355e-08,924200
9.96383056465412e-08,924300
9.96425849391697e-08,924400
9.96469374550271e-08,924500
9.96513631564003e-08,924600
9.96558619797136e-08,924700
9.96604338353747e-08,924800
9.96650786076488e-08,924900
9.96697961545305e-08,925000
9.96745863076331e-08,925100
9.96794488720841e-08,925200
9.96843836264371e-08,925300
9.96893903225792e-08,925400
9.96944686856723e-08,925500
9.9699618414083e-08,925600
9.97048391793361e-08,925700
9.97101306260705e-08,925800
9.97154923720157e-08,925900
9.97209240079699e-08,926000
9.97264250977929e-08,926100
9.97319951784072e-08,926200
9.97376337598172e-08,926300
9.97433403251294e-08,926400
9.97491143305892e-08,926500
9.97549552056279e-08,926600
9.97608623529202e-08,926700
9.97668351484533e-08,926800
9.97728729416032e-08,926900
9.97789750552291e-08,927000
9.97851407857722e-08,927100
9.97913694033637e-08,927200
9.97976601519562e-08,927300
9.980401224945e-08,927400
9.98104248878374e-08,927500
9.9816897233362e-08,927600
9.98234284266802e-08,927700
9.98300175830382e-08,927800
9.98366637924601e-08,927900
9.9843366119942e-08,928000
9.98501236056631e-08,928100
9.98569352652012e-08,928200
9.98638000897583e-08,928300
9.98707170464048e-08,928400
9.98776850783235e-08,928500
9.98847031050652e-08,928600
9.98917700228277e-08,928700
9.98988847047205e-08,928800
9.99060460010583e-08,928900
9.9913252739663e-08,929000
9.99205037261582e-08,929100
9.99277977442982e-08,929200
9.99351335562839e-08,929300
9.99425099031007e-08,929400
9.99499255048603e-08,929500
9.99573790611554e-08,929600
9.99648692514154e-08,929700
9.99723947352802e-08,929800
9.99799541529731e-08,929900
9.99875461256908e-08,930000
9.99951692559949e-08,930100
1.0000282212821e-07,930200
1.00010503308841e-07,930300
1.00018211346981e-07,930400
1.00025944774741e-07,930500
1.00033702107682e-07,930600
1.00041481845244e-07,930700
1.00049282471206e-07,930800
1.00057102454124e-07,930900
1.00064940247798e-07,931000
1.00072794291732e-07,931100
1.00080663011605e-07,931200
1.00088544819751e-07,931300
1.00096438115636e-07,931400
1.00104341286348e-07,931500
1.0011225270709e-07,931600
1.0012017074168e-07,931700
1.00128093743047e-07,931800
1.00136020053746e-07,931900
1.00143948006463e-07,932000
1.0015187592454e-07,932100
1.00159802122481e-07,932200
1.00167724906491e-07,932300
1.00175642574994e-07,932400
1.00183553419166e-07,932500
1.00191455723469e-07,932600
1.00199347766188e-07,932700
1.00207227819968e-07,932800
1.00215094152359e-07,932900
1.00222945026357e-07,933000
1.00230778700956e-07,933100
1.00238593431687e-07,933200
1.00246387471172e-07,933300
1.00254159069677e-07,933400
1.00261906475659e-07,933500
1.00269627936321e-07,933600
1.00277321698167e-07,933700
1.00284986007549e-07,933800
1.00292619111231e-07,933900
1.00300219256933e-07,934000
1.00307784693891e-07,934100
1.00315313673407e-07,934200
1.00322804449404e-07,934300
1.00330255278972e-07,934400
1.00337664422925e-07,934500
1.00345030146344e-07,934600
1.0035235071913e-07,934700
1.00359624416542e-07,934800
1.0036684951975e-07,934900
1.00374024316367e-07,935000
1.00381147100993e-07,935100
1.00388216175747e-07,935200
1.00395229850809e-07,935300
1.00402186444935e-07,935400
1.00409084285999e-07,935500
1.00415921711507e-07,935600
1.00422697069118e-07,935700
1.0042940871716e-07,935800
1.00436055025148e-07,935900
1.00442634374276e-07,936000
1.00449145157937e-07,936100
1.00455585782206e-07,936200
1.00461954666344e-07,936300
1.00468250243279e-07,936400
1.00474470960094e-07,936500
1.004806152785e-07,936600
1.00486681675309e-07,936700
1.00492668642902e-07,936800
1.00498574689686e-07,936900
1.00504398340551e-07,937000
1.00510138137313e-07,937100
1.0051579263916e-07,937200
1.00521360423086e-07,937300
1.00526840084312e-07,937400
1.00532230236717e-07,937500
1.00537529513246e-07,937600
1.00542736566318e-07,937700
1.00547850068223e-07,937800
1.00552868711518e-07,937900
1.0055779120941e-07,938000
1.00562616296126e-07,938100
1.00567342727294e-07,938200
1.00571969280295e-07,938300
1.00576494754618e-07,938400
1.00580917972203e-07,938500
1.00585237777779e-07,938600
1.0058945303919e-07,938700
1.00593562647717e-07,938800
1.00597565518387e-07,938900
1.00601460590271e-07,939000
1.00605246826786e-07,939100
1.00608923215968e-07,939200
1.00612488770761e-07,939300
1.00615942529267e-07,939400
1.00619283555018e-07,939500
1.00622510937213e-07,939600
1.00625623790966e-07,939700
1.00628621257526e-07,939800
1.00631502504504e-07,939900
1.00634266726084e-07,940000
1.00636913143214e-07,940100
1.00639441003815e-07,940200
1.00641849582947e-07,940300
1.0064413818299e-07,940400
1.00646306133808e-07,940500
1.00648352792897e-07,940600
1.00650277545533e-07,940700
1.00652079804904e-07,940800
1.00653759012238e-07,940900
1.00655314636912e-07,941000
1.00656746176563e-07,941100
1.00658053157181e-07,941200
1.00659235133192e-07,941300
1.00660291687543e-07,941400
1.00661222431756e-07,941500
1.00662027005994e-07,941600
1.00662705079109e-07,941700
1.00663256348672e-07,941800
1.00663680541006e-07,941900
1.00663977411207e-07,942000
1.00664146743147e-07,942100
1.00664188349478e-07,942200
1.0066410207162e-07,942300
1.00663887779743e-07,942400
1.00663545372739e-07,942500
1.00663074778183e-07,942600
1.00662475952284e-07,942700
1.00661748879833e-07,942800
1.00660893574136e-07,942900
1.00659910076939e-07,943000
1.00658798458345e-07,943100
1.0065755881672e-07,943200
1.00656191278598e-07,943300
1.00654695998565e-07,943400
1.00653073159142e-07,943500
1.00651322970662e-07,943600
1.00649445671132e-07,943700
1.00647441526085e-07,943800
1.00645310828436e-07,943900
1.00643053898316e-07,944000
1.00640671082908e-07,944100
1.00638162756264e-07,944200
1.00635529319132e-07,944300
1.00632771198752e-07,944400
1.00629888848665e-07,944500
1.00626882748501e-07,944600
1.00623753403769e-07,944700
1.00620501345629e-07,944800
1.00617127130672e-07,944900
1.00613631340674e-07,945000
1.00610014582361e-07,945100
1.00606277487155e-07,945200
1.00602420710918e-07,945300
1.0059844493369e-07,945400
1.00594350859421e-07,945500
1.00590139215692e-07,945600
1.00585810753435e-07,945700
1.00581366246647e-07,945800
1.00576806492092e-07,945900
1.00572132309004e-07,946000
1.00567344538784e-07,946100
1.00562444044686e-07,946200
1.00557431711503e-07,946300
1.00552308445245e-07,946400
1.0054707517282e-07,946500
1.00541732841687e-07,946600
1.0053628241954e-07,946700
1.00530724893955e-07,946800
1.00525061272051e-07,946900
1.00519292580138e-07,947000
1.00513419863369e-07,947100
1.00507444185378e-07,947200
1.00501366627925e-07,947300
1.00495188290526e-07,947400
1.00488910290091e-07,947500
1.0048253376055e-07,947600
1.00476059852479e-07,947700
1.00469489732723e-07,947800
1.00462824584021e-07,947900
1.00456065604612e-07,948000
1.00449214007862e-07,948100
1.0044227102187e-07,948200
1.00435237889081e-07,948300
1.0042811586589e-07,948400
1.00420906222253e-07,948500
1.0041361024129e-07,948600
1.00406229218885e-07,948700
1.00398764463295e-07,948800
1.0039121729474e-07,948900
1.00383589045009e-07,949000
1.00375881057058e-07,949100
1.00368094684602e-07,949200
1.00360231291719e-07,949300
1.0035229225244e-07,949400
1.00344278950348e-07,949500
1.0033619277817e-07,949600
1.00328035137376e-07,949700
1.00319807437777e-07,949800
1.00311511097107e-07,949900
1.00303147540638e-07,950000
1.00294718200766e-07,950100
1.00286224516606e-07,950200
1.00277667933596e-07,950300
1.00269049903096e-07,950400
1.00260371881982e-07,950500
1.00251635332253e-07,950600
1.00242841720634e-07,950700
1.00233992518175e-07,950800
1.00225089199862e-07,950900
1.00216133244224e-07,951000
1.00207126132938e-07,951100
1.00198069350448e-07,951200
1.00188964383571e-07,951300
1.00179812721122e-07,951400
1.00170615853522e-07,951500
1.0016137527243e-07,951600
1.00152092470356e-07,951700
1.00142768940298e-07,951800
1.00133406175364e-07,951900
1.00124005668406e-07,952000
1.00114568911659e-07,952100
1.00105097396379e-07,952200
1.00095592612479e-07,952300
1.00086056048187e-07,952400
1.0007648918968e-07,952500
1.00066893520752e-07,952600
1.00057270522465e-07,952700
1.00047621672802e-07,952800
1.00037948446348e-07,952900
1.00028252313944e-07,953000
1.0001853474237e-07,953100
1.00008797194016e-07,953200
9.99990411265695e-08,953300
9.99892679926962e-08,953400
9.99794792397354e-08,953500
9.99696763093961e-08,953600
9.99598606374491e-08,953700
9.99500336534439e-08,953800
9.99401967804105e-08,953900
9.99303514345759e-08,954000
9.99204990250875e-08,954100
9.99106409537304e-08,954200
9.99007786146689e-08,954300
9.98909133941734e-08,954400
9.98810466703626e-08,954500
9.98711798129511e-08,954600
9.98613141830015e-08,954700
9.98514511326794e-08,954800
9.98415920050197e-08,954900
9.98317381336872e-08,955000
9.98218908427608e-08,955100
9.98120514465034e-08,955200
9.98022212491541e-08,955300
9.9792401544713e-08,955400
9.97825936167436e-08,955500
9.97727987381727e-08,955600
9.97630181710977e-08,955700
9.97532531666038e-08,955800
9.974350496458e-08,955900
9.9733774793551e-08,956000
9.97240638705022e-08,956100
9.97143734007284e-08,956200
9.97047045776632e-08,956300
9.96950585827433e-08,956400
9.96854365852594e-08,956500
9.96758397422128e-08,956600
9.9666269198191e-08,956700
9.96567260852442e-08,956800
9.96472115227541e-08,956900
9.96377266173341e-08,957000
9.96282724627104e-08,957100
9.96188501396309e-08,957200
9.96094607157601e-08,957300
9.96001052455972e-08,957400
9.95907847703882e-08,957500
9.95815003180544e-08,957600
9.95722529031134e-08,957700
9.95630435266192e-08,957800
9.95538731761013e-08,957900
9.95447428255105e-08,958000
9.95356534351762e-08,958100
9.95266059517557e-08,958200
9.95176013082081e-08,958300
9.95086404237583e-08,958400
9.94997242038738e-08,958500
9.94908535402474e-08,958600
9.94820293107859e-08,958700
9.94732523795992e-08,958800
9.94645235969999e-08,958900
9.94558437995101e-08,959000
9.94472138098684e-08,959100
9.9438634437045e-08,959200
9.94301064762643e-08,959300
9.94216307090262e-08,959400
9.94132079031416e-08,959500
9.94048388127681e-08,959600
9.93965241784461e-08,959700
9.93882647271542e-08,959800
9.93800611723534e-08,959900
9.93719142140463e-08,960000
9.93638245388378e-08,960100
9.93557928200043e-08,960200
9.93478197175581e-08,960300
9.933990587833e-08,960400
9.93320519360455e-08,960500
9.93242585114094e-08,960600
9.93165262121969e-08,960700
9.93088556333434e-08,960800
9.93012473570489e-08,960900
9.92937019528724e-08,961000
9.92862199778403e-08,961100
9.92788019765568e-08,961200
9.92714484813214e-08,961300
9.92641600122371e-08,961400
9.92569370773397e-08,961500
9.92497801727213e-08,961600
9.92426897826521e-08,961700
9.92356663797238e-08,961800
9.92287104249738e-08,961900
9.9221822368027e-08,962000
9.92150026472407e-08,962100
9.92082516898433e-08,962200
9.92015699120846e-08,962300
9.91949577193849e-08,962400
9.91884155064872e-08,962500
9.91819436576142e-08,962600
9.91755425466198e-08,962700
9.91692125371597e-08,962800
9.91629539828435e-08,962900
9.91567672274007e-08,963000
9.91506526048551e-08,963100
9.91446104396783e-08,963200
9.91386410469741e-08,963300
9.91327447326408e-08,963400
9.91269217935446e-08,963500
9.91211725176998e-08,963600
9.9115497184439e-08,963700
9.91098960645904e-08,963800
9.91043694206583e-08,963900
9.9098917506999e-08,964000
9.90935405700037e-08,964100
9.9088238848272e-08,964200
9.90830125728029e-08,964300
9.9077861967167e-08,964400
9.90727872476913e-08,964500
9.90677886236442e-08,964600
9.90628662974084e-08,964700
9.90580204646762e-08,964800
9.9053251314616e-08,964900
9.90485590300666e-08,965000
9.904394378771e-08,965100
9.90394057582541e-08,965200
9.90349451066161e-08,965300
9.90305619920957e-08,965400
9.90262565685552e-08,965500
9.90220289846002e-08,965600
9.9017879383751e-08,965700
9.90138079046199e-08,965800
9.90098146810835e-08,965900
9.90058998424579e-08,966000
9.90020635136627e-08,966100
9.89983058153972e-08,966200
9.89946268643034e-08,966300
9.899102677313e-08,966400
9.89875056508998e-08,966500
9.89840636030661e-08,966600
9.89807007316733e-08,966700
9.89774171355141e-08,966800
9.8974212910285e-08,966900
9.89710881487325e-08,967000
9.89680429408055e-08,967100
9.89650773738015e-08,967200
9.89621915325087e-08,967300
9.89593854993468e-08,967400
9.89566593545033e-08,967500
9.8954013176068e-08,967600
9.89514470401676e-08,967700
9.89489610210837e-08,967800
9.89465551913885e-08,967900
9.89442296220579e-08,968000
9.8941984382589e-08,968100
9.89398195411185e-08,968200
9.8937735164526e-08,968300
9.8935731318546e-08,968400
9.89338080678632e-08,968500
9.89319654762187e-08,968600
9.89302036064947e-08,968700
9.89285225208146e-08,968800
9.89269222806189e-08,968900
9.89254029467538e-08,969000
9.89239645795454e-08,969100
9.89226072388732e-08,969200
9.89213309842362e-08,969300
9.89201358748269e-08,969400
9.89190219695725e-08,969500
9.89179893272094e-08,969600
9.89170380063203e-08,969700
9.89161680653865e-08,969800
9.89153795628257e-08,969900
9.89146725570299e-08,970000
9.89140471063974e-08,970100
9.89135032693586e-08,970200
9.89130411043995e-08,970300
9.89126606700747e-08,970400
9.89123620250258e-08,970500
9.89121452279859e-08,970600
9.89120103377804e-08,970700
9.89119574133241e-08,970800
9.89119865136237e-08,970900
9.89120976977517e-08,971000
9.89122910248393e-08,971100
9.89125665540485e-08,971200
9.89129243445499e-08,971300
9.89133644554866e-08,971400
9.89138869459424e-08,971500
9.89144918748949e-08,971600
9.89151793011723e-08,971700
9.89159492834016e-08,971800
9.89168018799529e-08,971900
9.89177371488757e-08,972000
9.89187551478389e-08,972100
9.89198559340522e-08,972200
9.89210395641996e-08,972300
9.8922306094353e-08,972400
9.89236555798938e-08,972500
9.89250880754139e-08,972600
9.89266036346377e-08,972700
9.89282023103068e-08,972800
9.8929884154093e-08,972900
9.89316492164787e-08,973000
9.89334975466563e-08,973100
9.89354291924061e-08,973200
9.89374441999793e-08,973300
9.8939542613976e-08,973400
9.89417244772118e-08,973500
9.89439898305978e-08,973600
9.8946338712991e-08,973700
9.89487711610658e-08,973800
9.89512872091648e-08,973900
9.89538868891591e-08,974000
9.89565702302901e-08,974100
9.89593372590256e-08,974200
9.89621879988923e-08,974300
9.89651224703264e-08,974400
9.89681406905025e-08,974500
9.89712426731736e-08,974600
9.89744284284988e-08,974700
9.89776979628725e-08,974800
9.89810512787482e-08,974900
9.89844883744681e-08,975000
9.89880092440718e-08,975100
9.89916138771303e-08,975200
9.89953022585477e-08,975300
9.89990743683851e-08,975400
9.90029301816642e-08,975500
9.90068696681869e-08,975600
9.90108927923385e-08,975700
9.90149995128944e-08,975800
9.90191897828285e-08,975900
9.90234635491144e-08,976000
9.90278207525298e-08,976100
9.90322613274638e-08,976200
9.90367852017082e-08,976300
9.90413922962673e-08,976400
9.9046082525153e-08,976500
9.90508557951861e-08,976600
9.90557120057944e-08,976700
9.90606510488158e-08,976800
9.90656728082921e-08,976900
9.90707771602733e-08,977000
9.90759639726132e-08,977100
9.90812331047722e-08,977200
9.90865844076209e-08,977300
9.90920177232326e-08,977400
9.90975328846977e-08,977500
9.91031297159156e-08,977600
9.91088080314124e-08,977700
9.91145676361354e-08,977800
9.91204083252684e-08,977900
9.91263298840384e-08,978000
9.91323320875262e-08,978100
9.91384147004845e-08,978200
9.91445774771458e-08,978300
9.91508201610503e-08,978400
9.9157142484857e-08,978500
9.91635441701716e-08,978600
9.91700249273758e-08,978700
9.91765844554464e-08,978800
9.91832224417953e-08,978900
9.91899385621043e-08,979000
9.91967324801603e-08,979100
9.92036038476965e-08,979200
9.92105523042476e-08,979300
9.92175774769855e-08,979400
9.92246789805845e-08,979500
9.92318564170747e-08,979600
9.92391093757023e-08,979700
9.92464374327986e-08,979800
9.92538401516525e-08,979900
9.92613170823822e-08,980000
9.92688677618187e-08,980100
9.9276491713391e-08,980200
9.92841884470166e-08,980300
9.92919574589937e-08,980400
9.92997982319092e-08,980500
9.93077102345419e-08,980600
9.9315692921772e-08,980700
9.9323745734503e-08,980800
9.93318680995835e-08,980900
9.93400594297378e-08,981000
9.93483191235006e-08,981100
9.93566465651598e-08,981200
9.93650411247037e-08,981300
9.93735021577749e-08,981400
9.93820290056352e-08,981500
9.93906209951249e-08,981600
9.93992774386455e-08,981700
9.94079976341345e-08,981800
9.94167808650577e-08,981900
9.94256264003978e-08,982000
9.94345334946618e-08,982100
9.94435013878817e-08,982200
9.94525293056425e-08,982300
9.9461616459088e-08,982400
9.94707620449679e-08,982500
9.94799652456622e-08,982600
9.94892252292298e-08,982700
9.94985411494649e-08,982800
9.95079121459484e-08,982900
9.95173373441183e-08,983000
9.95268158553455e-08,983100
9.95363467770157e-08,983200
9.95459291926119e-08,983300
9.95555621718195e-08,983400
9.95652447706294e-08,983500
9.95749760314452e-08,983600
9.95847549832094e-08,983700
9.95945806415224e-08,983800
9.96044520087877e-08,983900
9.96143680743446e-08,984000
9.96243278146285e-08,984100
9.96343301933197e-08,984200
9.9644374161514e-08,984300
9.96544586578927e-08,984400
9.9664582608905e-08,984500
9.9674744928956e-08,984600
9.96849445206012e-08,984700
9.96951802747528e-08,984800
9.97054510708806e-08,984900
9.97157557772419e-08,985000
9.97260932511012e-08,985100
9.97364623389552e-08,985200
9.97468618767841e-08,985300
9.97572906902919e-08,985400
9.97677475951569e-08,985500
9.97782313972989e-08,985600
9.97887408931406e-08,985700
9.97992748698844e-08,985800
9.98098321057911e-08,985900
9.98204113704676e-08,986000
9.98310114251643e-08,986100
9.98416310230656e-08,986200
9.98522689096069e-08,986300
9.98629238227816e-08,986400
9.9873594493456e-08,986500
9.98842796457019e-08,986600
9.98949779971201e-08,986700
9.99056882591773e-08,986800
9.99164091375524e-08,986900
9.99271393324728e-08,987000
9.99378775390756e-08,987100
9.99486224477585e-08,987200
9.99593727445491e-08,987300
9.99701271114611e-08,987400
9.99808842268736e-08,987500
9.99916427659034e-08,987600
1.00002401400784e-07,987700
1.00013158801252e-07,987800
1.00023913634936e-07,987900
1.00034664567745e-07,988000
1.00045410264265e-07,988100
1.0005614938816e-07,988200
1.00066880602568e-07,988300
1.00077602570516e-07,988400
1.00088313955318e-07,988500
1.00099013420994e-07,988600
1.00109699632676e-07,988700
1.00120371257025e-07,988800
1.00131026962655e-07,988900
1.00141665420545e-07,989000
1.0015228530446e-07,989100
1.00162885291377e-07,989200
1.00173464061912e-07,989300
1.00184020300735e-07,989400
1.00194552697004e-07,989500
1.00205059944785e-07,989600
1.00215540743488e-07,989700
1.00225993798285e-07,989800
1.00236417820537e-07,989900
1.00246811528228e-07,990000
1.00257173646388e-07,990100
1.00267502907512e-07,990200
1.00277798051996e-07,990300
1.0028805782855e-07,990400
1.00298280994629e-07,990500
1.00308466316848e-07,990600
1.00318612571401e-07,990700
1.00328718544485e-07,990800
1.00338783032704e-07,990900
1.0034880484349e-07,991000
1.00358782795508e-07,991100
1.00368715719067e-07,991200
1.00378602456516e-07,991300
1.00388441862655e-07,991400
1.00398232805124e-07,991500
1.00407974164798e-07,991600
1.00417664836177e-07,991700
1.00427303727774e-07,991800
1.00436889762487e-07,991900
1.00446421877987e-07,992000
1.00455899027077e-07,992100
1.00465320178071e-07,992200
1.00474684315141e-07,992300
1.00483990438686e-07,992400
1.00493237565675e-07,992500
1.0050242472999e-07,992600
1.00511550982767e-07,992700
1.00520615392732e-07,992800
1.00529617046517e-07,992900
1.00538555048989e-07,993000
1.00547428523553e-07,993100
1.00556236612469e-07,993200
1.00564978477136e-07,993300
1.00573653298396e-07,993400
1.0058226027681e-07,993500
1.00590798632936e-07,993600
1.00599267607595e-07,993700
1.00607666462136e-07,993800
1.00615994478683e-07,993900
1.00624250960383e-07,994000
1.00632435231632e-07,994100
1.00640546638319e-07,994200
1.00648584548023e-07,994300
1.00656548350241e-07,994400
1.00664437456575e-07,994500
1.00672251300929e-07,994600
1.00679989339688e-07,994700
1.00687651051896e-07,994800
1.00695235939411e-07,994900
1.00702743527064e-07,995000
1.00710173362802e-07,995100
1.00717525017821e-07,995200
1.00724798086687e-07,995300
1.00731992187458e-07,995400
1.00739106961782e-07,995500
1.0074614207499e-07,995600
1.00753097216186e-07,995700
1.00759972098314e-07,995800
1.00766766458226e-07,995900
1.00773480056731e-07,996000
1.0078011267864e-07,996100
1.00786664132795e-07,996200
1.00793134252099e-07,996300
1.00799522893512e-07,996400
1.00805829938064e-07,996500
1.00812055290842e-07,996600
1.00818198880963e-07,996700
1.00824260661551e-07,996800
1.00830240609684e-07,996900
1.00836138726357e-07,997000
1.00841955036402e-07,997100
1.00847689588421e-07,997200
1.00853342454707e-07,997300
1.00858913731137e-07,997400
1.00864403537076e-07,997500
1.00869812015253e-07,997600
1.00875139331643e-07,997700
1.00880385675318e-07,997800
1.00885551258313e-07,997900
1.00890636315456e-07,998000
1.00895641104206e-07,998100
1.00900565904474e-07,998200
1.00905411018433e-07,998300
1.00910176770319e-07,998400
1.00914863506228e-07,998500
1.00919471593885e-07,998600
1.00924001422433e-07,998700
1.00928453402179e-07,998800
1.00932827964358e-07,998900
1.00937125560871e-07,999000
1.00941346664018e-07,999100
1.00945491766226e-07,999200
1.00949561379763e-07,999300
1.00953556036445e-07,999400
1.00957476287331e-07,999500
1.00961322702418e-07,999600
1.00965095870316e-07,999700
1.00968796397924e-07,999800
1.00972424910094e-07,999900
1.00975982049283e-07,1000000
1.00979468475204e-07,1000100
1.00982884864472e-07,1000200
1.00986231910225e-07,1000300
1.00989510321762e-07,1000400
1.00992720824153e-07,1000500
1.00995864157852e-07,1000600
1.00998941078309e-07,1000700
1.01001952355556e-07,1000800
1.01004898773809e-07,1000900
1.01007781131052e-07,1001000
1.01010600238609e-07,1001100
1.0101335692073e-07,1001200
1.01016052014147e-07,1001300
1.01018686367648e-07,1001400
1.01021260841628e-07,1001500
1.01023776307645e-07,1001600
1.01026233647963e-07,1001700
1.0102863375511e-07,1001800
1.01030977531398e-07,1001900
1.01033265888477e-07,1002000
1.01035499746853e-07,1002100
1.01037680035427e-07,1002200
1.01039807691014e-07,1002300
1.01041883657871e-07,1002400
1.01043908887204e-07,1002500
1.01045884336704e-07,1002600
1.01047810970046e-07,1002700
1.01049689756408e-07,1002800
1.01051521669981e-07,1002900
1.01053307689482e-07,1003000
1.01055048797652e-07,1003100
1.01056745980774e-07,1003200
1.01058400228174e-07,1003300
1.0106001253173e-07,1003400
1.01061583885369e-07,1003500
1.01063115284585e-07,1003600
1.01064607725932e-07,1003700
1.01066062206541e-07,1003800
1.01067479723619e-07,1003900
1.01068861273963e-07,1004000
1.01070207853463e-07,1004100
1.01071520456614e-07,1004200
1.01072800076037e-07,1004300
1.01074047701978e-07,1004400
1.01075264321838e-07,1004500
1.01076450919683e-07,1004600
1.0107760847577e-07,1004700
1.01078737966074e-07,1004800
1.0107984036181e-07,1004900
1.01080916628968e-07,1005000
1.01081967727847e-07,1005100
1.01082994612595e-07,1005200
1.01083998230752e-07,1005300
1.01084979522793e-07,1005400
1.01085939421691e-07,1005500
1.01086878852461e-07,1005600
1.01087798731733e-07,1005700
1.01088699967309e-07,1005800
1.01089583457747e-07,1005900
1.01090450091932e-07,1006000
1.01091300748662e-07,1006100
1.0109213629624e-07,1006200
1.0109295759207e-07,1006300
1.01093765482263e-07,1006400
1.01094560801244e-07,1006500
1.01095344371374e-07,1006600
1.01096117002563e-07,1006700
1.0109687949192e-07,1006800
1.0109763262338e-07,1006900
1.0109837716735e-07,1007000
1.01099113880372e-07,1007100
1.01099843504778e-07,1007200
1.01100566768367e-07,1007300
1.01101284384082e-07,1007400
1.01101997049697e-07,1007500
1.01102705447518e-07,1007600
1.0110341024408e-07,1007700
1.01104112089873e-07,1007800
1.01104811619057e-07,1007900
1.01105509449197e-07,1008000
1.01106206181006e-07,1008100
1.01106902398096e-07,1008200
1.01107598666742e-07,1008300
1.01108295535648e-07,1008400
1.01108993535731e-07,1008500
1.01109693179912e-07,1008600
1.01110394962914e-07,1008700
1.01111099361079e-07,1008800
1.01111806832179e-07,1008900
1.01112517815258e-07,1009000
1.01113232730467e-07,1009100
1.01113951978918e-07,1009200
1.01114675942544e-07,1009300
1.0111540498398e-07,1009400
1.01116139446438e-07,1009500
1.01116879653605e-07,1009600
1.01117625909544e-07,1009700
1.01118378498621e-07,1009800
1.01119137685417e-07,1009900
1.01119903714673e-07,1010000
1.01120676811242e-07,1010100
1.01121457180033e-07,1010200
1.01122245006e-07,1010300
1.01123040454105e-07,1010400
1.0112384366932e-07,1010500
1.01124654776626e-07,1010600
1.01125473881022e-07,1010700
1.01126301067554e-07,1010800
1.01127136401345e-07,1010900
1.01127979927642e-07,1011000
1.01128831671872e-07,1011100
1.01129691639702e-07,1011200
1.01130559817126e-07,1011300
1.01131436170544e-07,1011400
1.01132320646859e-07,1011500
1.01133213173589e-07,1011600
1.01134113658986e-07,1011700
1.01135021992158e-07,1011800
1.01135938043215e-07,1011900
1.01136861663407e-07,1012000
1.01137792685298e-07,1012100
1.01138730922917e-07,1012200
1.01139676171949e-07,1012300
1.01140628209915e-07,1012400
1.01141586796373e-07,1012500
1.01142551673125e-07,1012600
1.01143522564427e-07,1012700
1.01144499177221e-07,1012800
1.01145481201367e-07,1012900
1.01146468309883e-07,1013000
1.01147460159197e-07,1013100
1.01148456389414e-07,1013200
1.01149456624574e-07,1013300
1.01150460472938e-07,1013400
1.01151467527269e-07,1013500
1.01152477365124e-07,1013600
1.0115348954916e-07,1013700
1.01154503627435e-07,1013800
1.0115551913373e-07,1013900
1.01156535587874e-07,1014000
1.0115755249607e-07,1014100
1.01158569351229e-07,1014200
1.01159585633325e-07,1014300
1.01160600809737e-07,1014400
1.0116161433561e-07,1014500
1.01162625654217e-07,1014600
1.01163634197328e-07,1014700
1.01164639385588e-07,1014800
1.01165640628893e-07,1014900
1.01166637326783e-07,1015000
1.01167628868826e-07,1015100
1.01168614635018e-07,1015200
1.01169593996184e-07,1015300
1.01170566314384e-07,1015400
1.0117153094332e-07,1015500
1.01172487228756e-07,1015600
1.0117343450893e-07,1015700
1.01174372114976e-07,1015800
1.01175299371356e-07,1015900
1.01176215596279e-07,1016000
1.01177120102138e-07,1016100
1.01178012195944e-07,1016200
1.01178891179761e-07,1016300
1.01179756351145e-07,1016400
1.01180607003588e-07,1016500
1.01181442426955e-07,1016600
1.01182261907939e-07,1016700
1.01183064730495e-07,1016800
1.01183850176295e-07,1016900
1.01184617525176e-07,1017000
1.01185366055586e-07,1017100
1.01186095045037e-07,1017200
1.01186803770553e-07,1017300
1.01187491509116e-07,1017400
1.01188157538128e-07,1017500
1.01188801135846e-07,1017600
1.0118942158184e-07,1017700
1.01190018157437e-07,1017800
1.0119059014617e-07,1017900
1.01191136834225e-07,1018000
1.01191657510881e-07,1018100
1.01192151468954e-07,1018200
1.01192618005241e-07,1018300
1.01193056420953e-07,1018400
1.01193466022157e-07,1018500
1.01193846120202e-07,1018600
1.01194196032157e-07,1018700
1.01194515081237e-07,1018800
1.01194802597221e-07,1018900
1.01195057916883e-07,1019000
1.01195280384402e-07,1019100
1.0119546935178e-07,1019200
1.01195624179251e-07,1019300
1.01195744235685e-07,1019400
1.01195828898988e-07,1019500
1.01195877556503e-07,1019600
1.01195889605398e-07,1019700
1.01195864453053e-07,1019800
1.01195801517447e-07,1019900
1.01195700227524e-07,1020000
1.01195560023576e-07,1020100
1.01195380357598e-07,1020200
1.01195160693654e-07,1020300
1.01194900508229e-07,1020400
1.01194599290572e-07,1020500
1.01194256543048e-07,1020600
1.01193871781457e-07,1020700
1.01193444535376e-07,1020800
1.01192974348472e-07,1020900
1.01192460778819e-07,1021000
1.01191903399207e-07,1021100
1.01191301797435e-07,1021200
1.01190655576617e-07,1021300
1.01189964355452e-07,1021400
1.01189227768513e-07,1021500
1.01188445466513e-07,1021600
1.01187617116567e-07,1021700
1.01186742402446e-07,1021800
1.01185821024826e-07,1021900
1.01184852701524e-07,1022000
1.01183837167729e-07,1022100
1.01182774176223e-07,1022200
1.01181663497596e-07,1022300
1.01180504920447e-07,1022400
1.01179298251587e-07,1022500
1.0117804331622e-07,1022600
1.01176739958126e-07,1022700
1.01175388039824e-07,1022800
1.01173987442748e-07,1022900
1.01172538067382e-07,1023000
1.01171039833417e-07,1023100
1.01169492679876e-07,1023200
1.01167896565244e-07,1023300
1.01166251467581e-07,1023400
1.01164557384636e-07,1023500
1.01162814333932e-07,1023600
1.0116102235287e-07,1023700
1.01159181498791e-07,1023800
1.01157291849064e-07,1023900
1.01155353501131e-07,1024000
1.01153366572567e-07,1024100
1.0115133120112e-07,1024200
1.01149247544744e-07,1024300
1.01147115781619e-07,1024400
1.01144936110171e-07,1024500
1.01142708749072e-07,1024600
1.01140433937235e-07,1024700
1.01138111933804e-07,1024800
1.01135743018125e-07,1024900
1.01133327489723e-07,1025000
1.01130865668248e-07,1025100
1.01128357893433e-07,1025200
1.01125804525032e-07,1025300
1.01123205942747e-07,1025400
1.01120562546158e-07,1025500
1.01117874754626e-07,1025600
1.01115143007203e-07,1025700
1.01112367762524e-07,1025800
1.01109549498698e-07,1025900
1.01106688713176e-07,1026000
1.01103785922629e-07,1026100
1.01100841662803e-07,1026200
1.01097856488368e-07,1026300
1.0109483097277e-07,1026400
1.01091765708051e-07,1026500
1.01088661304688e-07,1026600
1.01085518391403e-07,1026700
1.01082337614978e-07,1026800
1.01079119640052e-07,1026900
1.01075865148914e-07,1027000
1.01072574841294e-07,1027100
1.01069249434134e-07,1027200
1.01065889661365e-07,1027300
1.01062496273663e-07,1027400
1.01059070038209e-07,1027500
1.01055611738432e-07,1027600
1.01052122173758e-07,1027700
1.01048602159333e-07,1027800
1.01045052525757e-07,1027900
1.01041474118799e-07,1028000
1.01037867799114e-07,1028100
1.01034234441946e-07,1028200
1.01030574936829e-07,1028300
1.01026890187281e-07,1028400
1.01023181110491e-07,1028500
1.01019448636999e-07,1028600
1.01015693710374e-07,1028700
1.01011917286878e-07,1028800
1.01008120335137e-07,1028900
1.01004303835796e-07,1029000
1.0100046878117e-07,1029100
1.00996616174896e-07,1029200
1.0099274703157e-07,1029300
1.00988862376393e-07,1029400
1.00984963244796e-07,1029500
1.00981050682075e-07,1029600
1.00977125743009e-07,1029700
1.00973189491486e-07,1029800
1.00969243000115e-07,1029900
1.00965287349837e-07,1030000
1.00961323629535e-07,1030100
1.0095735293564e-07,1030200
1.00953376371727e-07,1030300
1.00949395048116e-07,1030400
1.00945410081468e-07,1030500
1.00941422594369e-07,1030600
1.00937433714927e-07,1030700
1.00933444576355e-07,1030800
1.00929456316552e-07,1030900
1.00925470077687e-07,1031000
1.00921487005775e-07,1031100
1.0091750825026e-07,1031200
1.00913534963583e-07,1031300
1.00909568300759e-07,1031400
1.00905609418952e-07,1031500
1.00901659477036e-07,1031600
1.00897719635176e-07,1031700
1.00893791054391e-07,1031800
1.00889874896119e-07,1031900
1.0088597232179e-07,1032000
1.00882084492391e-07,1032100
1.00878212568027e-07,1032200
1.00874357707496e-07,1032300
1.00870521067848e-07,1032400
1.00866703803954e-07,1032500
1.00862907068074e-07,1032600
1.0085913200942e-07,1032700
1.0085537977373e-07,1032800
1.0085165150283e-07,1032900
1.00847948334208e-07,1033000
1.00844271400586e-07,1033100
1.00840621829486e-07,1033200
1.00837000742811e-07,1033300
1.00833409256417e-07,1033400
1.00829848479684e-07,1033500
1.00826319515108e-07,1033600
1.0082282345787e-07,1033700
1.00819361395426e-07,1033800
1.00815934407091e-07,1033900
1.00812543563627e-07,1034000
1.00809189926832e-07,1034100
1.00805874549137e-07,1034200
1.00802598473204e-07,1034300
1.00799362731519e-07,1034400
1.00796168346001e-07,1034500
1.00793016327611e-07,1034600
1.00789907675954e-07,1034700
1.00786843378898e-07,1034800
1.00783824412191e-07,1034900
1.00780851739085e-07,1035000
1.00777926309959e-07,1035100
1.00775049061943e-07,1035200
1.00772220918568e-07,1035300
1.0076944278939e-07,1035400
1.00766715569643e-07,1035500
1.00764040139876e-07,1035600
1.00761417365625e-07,1035700
1.00758848097047e-07,1035800
1.00756333168606e-07,1035900
1.00753873398724e-07,1036000
1.00751469589466e-07,1036100
1.00749122526213e-07,1036200
1.00746832977351e-07,1036300
1.00744601693954e-07,1036400
1.00742429409491e-07,1036500
1.00740316839519e-07,1036600
1.00738264681393e-07,1036700
1.00736273613988e-07,1036800
1.00734344297403e-07,1036900
1.00732477372703e-07,1037000
1.00730673461645e-07,1037100
1.00728933166418e-07,1037200
1.00727257069387e-07,1037300
1.0072564573285e-07,1037400
1.00724099698791e-07,1037500
1.00722619488651e-07,1037600
1.00721205603104e-07,1037700
1.00719858521821e-07,1037800
1.00718578703277e-07,1037900
1.00717366584528e-07,1038000
1.00716222581028e-07,1038100
1.00715147086417e-07,1038200
1.00714140472355e-07,1038300
1.00713203088335e-07,1038400
1.00712335261517e-07,1038500
1.0071153729656e-07,1038600
1.00710809475473e-07,1038700
1.00710152057468e-07,1038800
1.00709565278812e-07,1038900
1.00709049352703e-07,1039000
1.00708604469147e-07,1039100
1.0070823079483e-07,1039200
1.0070792847302e-07,1039300
1.0070769762346e-07,1039400
1.00707538342281e-07,1039500
1.00707450701908e-07,1039600
1.00707434750985e-07,1039700
1.00707490514311e-07,1039800
1.00707617992769e-07,1039900
1.00707817163283e-07,1040000
1.00708087978763e-07,1040100
1.00708430368067e-07,1040200
1.0070884423598e-07,1040300
1.00709329463184e-07,1040400
1.00709885906248e-07,1040500
1.00710513397619e-07,1040600
1.00711211745628e-07,1040700
1.00711980734498e-07,1040800
1.00712820124363e-07,1040900
1.00713729651293e-07,1041000
1.00714709027329e-07,1041100
1.00715757940527e-07,1041200
1.00716876055008e-07,1041300
1.00718063011009e-07,1041400
1.00719318424964e-07,1041500
1.0072064188956e-07,1041600
1.00722032973836e-07,1041700
1.00723491223259e-07,1041800
1.00725016159832e-07,1041900
1.00726607282193e-07,1042000
1.00728264065731e-07,1042100
1.00729985962707e-07,1042200
1.00731772402382e-07,1042300
1.00733622791156e-07,1042400
1.00735536512704e-07,1042500
1.00737512928139e-07,1042600
1.00739551376165e-07,1042700
1.00741651173242e-07,1042800
1.00743811613761e-07,1042900
1.00746031970232e-07,1043000
1.00748311493462e-07,1043100
1.00750649412759e-07,1043200
1.00753044936133e-07,1043300
1.00755497250503e-07,1043400
1.00758005521917e-07,1043500
1.00760568895784e-07,1043600
1.00763186497087e-07,1043700
1.00765857430636e-07,1043800
1.00768580781311e-07,1043900
1.0077135561431e-07,1044000
1.00774180975406e-07,1044100
1.00777055891215e-07,1044200
1.00779979369468e-07,1044300
1.00782950399282e-07,1044400
1.00785967951453e-07,1044500
1.0078903097874e-07,1044600
1.00792138416157e-07,1044700
1.00795289181289e-07,1044800
1.00798482174581e-07,1044900
1.0080171627967e-07,1045000
1.0080499036369e-07,1045100
1.00808303277606e-07,1045200
1.00811653856537e-07,1045300
1.00815040920103e-07,1045400
1.00818463272751e-07,1045500
1.00821919704113e-07,1045600
1.00825408989355e-07,1045700
1.00828929889525e-07,1045800
1.00832481151929e-07,1045900
1.00836061510481e-07,1046000
1.00839669686082e-07,1046100
1.00843304386995e-07,1046200
1.00846964309222e-07,1046300
1.00850648136885e-07,1046400
1.00854354542617e-07,1046500
1.00858082187953e-07,1046600
1.00861829723721e-07,1046700
1.00865595790448e-07,1046800
1.00869379018758e-07,1046900
1.00873178029772e-07,1047000
1.00876991435534e-07,1047100
1.00880817839405e-07,1047200
1.00884655836488e-07,1047300
1.00888504014048e-07,1047400
1.00892360951926e-07,1047500
1.00896225222969e-07,1047600
1.00900095393452e-07,1047700
1.0090397002351e-07,1047800
1.00907847667566e-07,1047900
1.00911726874766e-07,1048000
1.00915606189412e-07,1048100
1.00919484151401e-07,1048200
1.00923359296658e-07,1048300
1.00927230157584e-07,1048400
1.00931095263489e-07,1048500
1.00934953141041e-07,1048600
1.00938802314701e-07,1048700
1.00942641307177e-07,1048800
1.0094646863986e-07,1048900
1.00950282833277e-07,1049000
1.00954082407533e-07,1049100
1.00957865882756e-07,1049200
1.00961631779547e-07,1049300
1.00965378619423e-07,1049400
1.00969104925271e-07,1049500
1.00972809221782e-07,1049600
1.00976490035907e-07,1049700
1.00980145897296e-07,1049800
1.00983775338744e-07,1049900
1.00987376896637e-07,1050000
1.00990949111391e-07,1050100
1.00994490527894e-07,1050200
1.00997999695948e-07,1050300
1.01001475170701e-07,1050400
1.01004915513094e-07,1050500
1.01008319290287e-07,1050600
1.01011685076092e-07,1050700
1.01015011451415e-07,1050800
1.0101829700467e-07,1050900
1.01021540332213e-07,1051000
1.0102474003877e-07,1051100
1.01027894737846e-07,1051200
1.01031003052151e-07,1051300
1.01034063614021e-07,1051400
1.01037075065816e-07,1051500
1.01040036060343e-07,1051600
1.01042945261251e-07,1051700
1.0104580134344e-07,1051800
1.01048602993457e-07,1051900
1.01051348909891e-07,1052000
1.0105403780376e-07,1052100
1.01056668398908e-07,1052200
1.01059239432376e-07,1052300
1.01061749654787e-07,1052400
1.01064197830715e-07,1052500
1.01066582739061e-07,1052600
1.0106890317341e-07,1052700
1.01071157942396e-07,1052800
1.01073345870054e-07,1052900
1.01075465796169e-07,1053000
1.01077516576623e-07,1053100
1.01079497083734e-07,1053200
1.01081406206584e-07,1053300
1.01083242851355e-07,1053400
1.01085005941645e-07,1053500
1.01086694418788e-07,1053600
1.01088307242167e-07,1053700
1.01089843389509e-07,1053800
1.01091301857195e-07,1053900
1.01092681660547e-07,1054000
1.01093981834114e-07,1054100
1.01095201431953e-07,1054200
1.010963395279e-07,1054300
1.01097395215839e-07,1054400
1.01098367609962e-07,1054500
1.01099255845021e-07,1054600
1.01100059076572e-07,1054700
1.01100776481219e-07,1054800
1.01101407256844e-07,1054900
1.01101950622834e-07,1055000
1.01102405820293e-07,1055100
1.0110277211226e-07,1055200
1.01103048783911e-07,1055300
1.01103235142748e-07,1055400
1.011033305188e-07,1055500
1.01103334264794e-07,1055600
1.01103245756329e-07,1055700
1.0110306439205e-07,1055800
1.01102789593797e-07,1055900
1.0110242080676e-07,1056000
1.01101957499621e-07,1056100
1.01101399164687e-07,1056200
1.0110074531802e-07,1056300
1.01099995499553e-07,1056400
1.01099149273203e-07,1056500
1.01098206226973e-07,1056600
1.01097165973045e-07,1056700
1.01096028147872e-07,1056800
1.01094792412253e-07,1056900
1.01093458451403e-07,1057000
1.0109202597502e-07,1057100
1.0109049471733e-07,1057200
1.0108886443715e-07,1057300
1.01087134917906e-07,1057400
1.0108530596768e-07,1057500
1.0108337741922e-07,1057600
1.01081349129961e-07,1057700
1.01079220982028e-07,1057800
1.0107699288223e-07,1057900
1.01074664762057e-07,1058000
1.01072236577652e-07,1058100
1.01069708309792e-07,1058200
1.01067079963842e-07,1058300
1.01064351569728e-07,1058400
1.0106152318187e-07,1058500
1.0105859487913e-07,1058600
1.01055566764745e-07,1058700
1.01052438966248e-07,1058800
1.01049211635388e-07,1058900
1.01045884948036e-07,1059000
1.01042459104089e-07,1059100
1.01038934327362e-07,1059200
1.0103531086547e-07,1059300
1.01031588989712e-07,1059400
1.01027768994937e-07,1059500
1.01023851199404e-07,1059600
1.01019835944644e-07,1059700
1.01015723595301e-07,1059800
1.01011514538973e-07,1059900
1.0100720918605e-07,1060000
1.01002807969533e-07,1060100
1.00998311344854e-07,1060200
1.00993719789691e-07,1060300
1.00989033803764e-07,1060400
1.00984253908641e-07,1060500
1.00979380647521e-07,1060600
1.00974414585024e-07,1060700
1.00969356306964e-07,1060800
1.00964206420117e-07,1060900
1.00958965551989e-07,1061000
1.00953634350571e-07,1061100
1.0094821348409e-07,1061200
1.00942703640758e-07,1061300
1.00937105528503e-07,1061400
1.00931419874704e-07,1061500
1.00925647425926e-07,1061600
1.00919788947628e-07,1061700
1.00913845223888e-07,1061800
1.00907817057108e-07,1061900
1.0090170526772e-07,1062000
1.00895510693886e-07,1062100
1.00889234191188e-07,1062200
1.00882876632322e-07,1062300
1.00876438906777e-07,1062400
1.00869921920519e-07,1062500
1.0086332659566e-07,1062600
1.0085665387013e-07,1062700
1.00849904697343e-07,1062800
1.00843080045858e-07,1062900
1.00836180899034e-07,1063000
1.00829208254685e-07,1063100
1.00822163124727e-07,1063200
1.00815046534824e-07,1063300
1.00807859524028e-07,1063400
1.0080060314442e-07,1063500
1.00793278460744e-07,1063600
1.0078588655003e-07,1063700
1.00778428501238e-07,1063800
1.00770905414873e-07,1063900
1.00763318402603e-07,1064000
1.00755668586895e-07,1064100
1.00747957100615e-07,1064200
1.00740185086656e-07,1064300
1.00732353697543e-07,1064400
1.0072446409505e-07,1064500
1.00716517449802e-07,1064600
1.0070851494089e-07,1064700
1.00700457755468e-07,1064800
1.00692347088367e-07,1064900
1.00684184141688e-07,1065000
1.00675970124412e-07,1065100
1.00667706251994e-07,1065200
1.00659393745967e-07,1065300
1.00651033833539e-07,1065400
1.00642627747194e-07,1065500
1.00634176724285e-07,1065600
1.00625682006638e-07,1065700
1.00617144840144e-07,1065800
1.0060856647436e-07,1065900
1.00599948162108e-07,1066000
1.00591291159066e-07,1066100
1.00582596723377e-07,1066200
1.00573866115238e-07,1066300
1.00565100596507e-07,1066400
1.00556301430302e-07,1066500
1.00547469880599e-07,1066600
1.00538607211839e-07,1066700
1.00529714688533e-07,1066800
1.00520793574861e-07,1066900
1.00511845134289e-07,1067000
1.00502870629168e-07,1067100
1.00493871320356e-07,1067200
1.00484848466815e-07,1067300
1.00475803325244e-07,1067400
1.00466737149682e-07,1067500
1.00457651191135e-07,1067600
1.00448546697195e-07,1067700
1.00439424911666e-07,1067800
1.0043028707419e-07,1067900
1.0042113441988e-07,1068000
1.00411968178949e-07,1068100
1.00402789576349e-07,1068200
1.00393599831413e-07,1068300
1.00384400157494e-07,1068400
1.00375191761612e-07,1068500
1.00365975844108e-07,1068600
1.00356753598294e-07,1068700
1.0034752621011e-07,1068800
1.00338294857791e-07,1068900
1.00329060711523e-07,1069000
1.00319824933125e-07,1069100
1.00310588675715e-07,1069200
1.00301353083389e-07,1069300
1.00292119290905e-07,1069400
1.00282888423372e-07,1069500
1.00273661595938e-07,1069600
1.00264439913489e-07,1069700
1.00255224470355e-07,1069800
1.00246016350005e-07,1069900
1.00236816624771e-07,1070000
1.00227626355558e-07,1070100
1.00218446591562e-07,1070200
1.00209278370009e-07,1070300
1.00200122715871e-07,1070400
1.00190980641619e-07,1070500
1.00181853146957e-07,1070600
1.0017274121857e-07,1070700
1.00163645829887e-07,1070800
1.00154567940828e-07,1070900
1.00145508497581e-07,1071000
1.00136468432365e-07,1071100
1.00127448663216e-07,1071200
1.00118450093758e-07,1071300
1.00109473613005e-07,1071400
1.00100520095144e-07,1071500
1.00091590399347e-07,1071600
1.0008268536957e-07,1071700
1.00073805834367e-07,1071800
1.00064952606716e-07,1071900
1.00056126483838e-07,1072000
1.0004732824703e-07,1072100
1.00038558661507e-07,1072200
1.0002981847624e-07,1072300
1.00021108423814e-07,1072400
1.00012429220279e-07,1072500
1.00003781565018e-07,1072600
9.99951661406133e-08,1072700
9.99865836127264e-08,1072800
9.99780346299788e-08,1072900
9.99695198238406e-08,1073000
9.99610398085294e-08,1073100
9.99525951809081e-08,1073200
9.99441865203999e-08,1073300
9.99358143888963e-08,1073400
9.99274793306837e-08,1073500
9.99191818723714e-08,1073600
9.99109225228233e-08,1073700
9.99027017731015e-08,1073800
9.98945200964159e-08,1073900
9.98863779480765e-08,1074000
9.98782757654496e-08,1074100
9.98702139679319e-08,1074200
9.98621929569226e-08,1074300
9.98542131158023e-08,1074400
9.98462748099175e-08,1074500
9.98383783865764e-08,1074600
9.98305241750469e-08,1074700
9.98227124865622e-08,1074800
9.98149436143348e-08,1074900
9.98072178335702e-08,1075000
9.97995354014953e-08,1075100
9.97918965573848e-08,1075200
9.97843015226067e-08,1075300
9.97767505006534e-08,1075400
9.97692436771983e-08,1075500
9.9761781220153e-08,1075600
9.97543632797207e-08,1075700
9.97469899884701e-08,1075800
9.9739661461406e-08,1075900
9.9732377796047e-08,1076000
9.97251390725147e-08,1076100
9.97179453536196e-08,1076200
9.97107966849641e-08,1076300
9.97036930950337e-08,1076400
9.96966345953169e-08,1076500
9.96896211804124e-08,1076600
9.96826528281483e-08,1076700
9.96757294997107e-08,1076800
9.96688511397659e-08,1076900
9.96620176766036e-08,1077000
9.96552290222753e-08,1077100
9.96484850727352e-08,1077200
9.96417857079998e-08,1077300
9.96351307922955e-08,1077400
9.96285201742275e-08,1077500
9.96219536869397e-08,1077600
9.96154311482933e-08,1077700
9.96089523610306e-08,1077800
9.96025171129686e-08,1077900
9.95961251771788e-08,1078000
9.95897763121748e-08,1078100
9.9583470262112e-08,1078200
9.95772067569834e-08,1078300
9.9570985512825e-08,1078400
9.95648062319223e-08,1078500
9.95586686030243e-08,1078600
9.95525723015546e-08,1078700
9.954651698984e-08,1078800
9.95405023173288e-08,1078900
9.95345279208199e-08,1079000
9.9528593424698e-08,1079100
9.95226984411677e-08,1079200
9.95168425704916e-08,1079300
9.95110254012371e-08,1079400
9.95052465105189e-08,1079500
9.94995054642554e-08,1079600
9.94938018174146e-08,1079700
9.94881351142815e-08,1079800
9.94825048887039e-08,1079900
9.9476910664371e-08,1080000
9.94713519550698e-08,1080100
9.94658282649557e-08,1080200
9.94603390888284e-08,1080300
9.94548839124019e-08,1080400
9.94494622125907e-08,1080500
9.94440734577751e-08,1080600
9.94387171080992e-08,1080700
9.94333926157454e-08,1080800
9.9428099425228e-08,1080900
9.94228369736813e-08,1081000
9.94176046911488e-08,1081100
9.94124020008791e-08,1081200
9.94072283196241e-08,1081300
9.94020830579314e-08,1081400
9.9396965620448e-08,1081500
9.93918754062202e-08,1081600
9.9386811808997e-08,1081700
9.93817742175337e-08,1081800
9.93767620158969e-08,1081900
9.93717745837735e-08,1082000
9.93668112967792e-08,1082100
9.93618715267659e-08,1082200
9.93569546421352e-08,1082300
9.93520600081479e-08,1082400
9.93471869872347e-08,1082500
9.93423349393167e-08,1082600
9.93375032221111e-08,1082700
9.93326911914511e-08,1082800
9.9327898201599e-08,1082900
9.93231236055618e-08,1083000
9.93183667554091e-08,1083100
9.93136270025867e-08,1083200
9.9308903698237e-08,1083300
9.93041961935089e-08,1083400
9.92995038398803e-08,1083500
9.92948259894743e-08,1083600
9.92901619953696e-08,1083700
9.92855112119235e-08,1083800
9.92808729950829e-08,1083900
9.92762467027011e-08,1084000
9.92716316948544e-08,1084100
9.92670273341501e-08,1084200
9.92624329860437e-08,1084300
9.92578480191546e-08,1084400
9.92532718055694e-08,1084500
9.92487037211583e-08,1084600
9.92441431458856e-08,1084700
9.92395894641094e-08,1084800
9.92350420649018e-08,1084900
9.92305003423395e-08,1085000
9.92259636958226e-08,1085100
9.92214315303644e-08,1085200
9.92169032569014e-08,1085300
9.9212378292588e-08,1085400
9.92078560610944e-08,1085500
9.92033359929065e-08,1085600
9.91988175256142e-08,1085700
9.91943001042031e-08,1085800
9.91897831813494e-08,1085900
9.9185266217703e-08,1086000
9.91807486821713e-08,1086100
9.91762300522038e-08,1086200
9.91717098140738e-08,1086300
9.91671874631526e-08,1086400
9.91626625041877e-08,1086500
9.91581344515697e-08,1086600
9.9153602829607e-08,1086700
9.91490671727916e-08,1086800
9.9144527026057e-08,1086900
9.91399819450464e-08,1087000
9.91354314963647e-08,1087100
9.91308752578329e-08,1087200
9.91263128187395e-08,1087300
9.91217437800906e-08,1087400
9.91171677548459e-08,1087500
9.91125843681695e-08,1087600
9.91079932576577e-08,1087700
9.91033940735753e-08,1087800
9.90987864790828e-08,1087900
9.90941701504673e-08,1088000
9.90895447773544e-08,1088100
9.90849100629325e-08,1088200
9.90802657241654e-08,1088300
9.90756114919964e-08,1088400
9.90709471115585e-08,1088500
9.9066272342369e-08,1088600
9.90615869585324e-08,1088700
9.90568907489238e-08,1088800
9.90521835173811e-08,1088900
9.9047465082887e-08,1089000
9.90427352797431e-08,1089100
9.90379939577432e-08,1089200
9.90332409823467e-08,1089300
9.90284762348346e-08,1089400
9.90236996124687e-08,1089500
9.9018911028646e-08,1089600
9.90141104130482e-08,1089700
9.90092977117801e-08,1089800
9.90044728875081e-08,1089900
9.89996359195954e-08,1090000
9.89947868042223e-08,1090100
9.89899255545141e-08,1090200
9.89850522006516e-08,1090300
9.8980166789984e-08,1090400
9.89752693871295e-08,1090500
9.89703600740786e-08,1090600
9.89654389502869e-08,1090700
9.89605061327557e-08,1090800
9.89555617561225e-08,1090900
9.89506059727266e-08,1091000
9.89456389526902e-08,1091100
9.89406608839682e-08,1091200
9.89356719724175e-08,1091300
9.89306724418387e-08,1091400
9.89256625340296e-08,1091500
9.89206425088179e-08,1091600
9.89156126440945e-08,1091700
9.89105732358409e-08,1091800
9.89055245981511e-08,1091900
9.89004670632412e-08,1092000
9.88954009814601e-08,1092100
9.88903267212832e-08,1092200
9.88852446693181e-08,1092300
9.88801552302815e-08,1092400
9.88750588269857e-08,1092500
9.88699559003103e-08,1092600
9.88648469091726e-08,1092700
9.88597323304878e-08,1092800
9.88546126591229e-08,1092900
9.88494884078432e-08,1093000
9.88443601072578e-08,1093100
9.88392283057478e-08,1093200
9.88340935694002e-08,1093300
9.88289564819249e-08,1093400
9.88238176445664e-08,1093500
9.88186776760204e-08,1093600
9.88135372123232e-08,1093700
9.88083969067492e-08,1093800
9.88032574297036e-08,1093900
9.87981194685923e-08,1094000
9.87929837277031e-08,1094100
9.87878509280677e-08,1094200
9.87827218073227e-08,1094300
9.87775971195632e-08,1094400
9.8772477635187e-08,1094500
9.87673641407333e-08,1094600
9.87622574387165e-08,1094700
9.87571583474517e-08,1094800
9.87520677008737e-08,1094900
9.8746986348347e-08,1095000
9.8741915154473e-08,1095100
9.87368549988897e-08,1095200
9.87318067760595e-08,1095300
9.87267713950595e-08,1095400
9.87217497793574e-08,1095500
9.8716742866586e-08,1095600
9.87117516083034e-08,1095700
9.87067769697614e-08,1095800
9.87018199296488e-08,1095900
9.86968814798433e-08,1096000
9.86919626251523e-08,1096100
9.86870643830443e-08,1096200
9.86821877833725e-08,1096300
9.86773338681054e-08,1096400
9.86725036910358e-08,1096500
9.86676983174882e-08,1096600
9.86629188240284e-08,1096700
9.86581662981539e-08,1096800
9.86534418379913e-08,1096900
9.86487465519754e-08,1097000
9.86440815585347e-08,1097100
9.86394479857623e-08,1097200
9.86348469710848e-08,1097300
9.86302796609252e-08,1097400
9.86257472103615e-08,1097500
9.86212507827802e-08,1097600
9.86167915495178e-08,1097700
9.861237068951e-08,1097800
9.86079893889208e-08,1097900
9.86036488407859e-08,1098000
9.85993502446253e-08,1098100
9.85950948060764e-08,1098200
9.85908837365064e-08,1098300
9.85867182526321e-08,1098400
9.85825995761172e-08,1098500
9.85785289331894e-08,1098600
9.85745075542297e-08,1098700
9.85705366733758e-08,1098800
9.85666175281138e-08,1098900
9.85627513588629e-08,1099000
9.85589394085621e-08,1099100
9.8555182922253e-08,1099200
9.8551483146655e-08,1099300
9.85478413297395e-08,1099400
9.85442587203025e-08,1099500
9.85407365675357e-08,1099600
9.85372761205835e-08,1099700
9.85338786281134e-08,1099800
9.85305453378723e-08,1099900
9.85272774962432e-08,1100000
9.85240763478037e-08,1100100
9.8520943134874e-08,1100200
9.85178790970735e-08,1100300
9.85148854708641e-08,1100400
9.85119634891007e-08,1100500
9.85091143805755e-08,1100600
9.85063393695641e-08,1100700
9.85036396753666e-08,1100800
9.85010165118488e-08,1100900
9.84984710869877e-08,1101000
9.84960046024042e-08,1101100
9.84936182529113e-08,1101200
9.84913132260453e-08,1101300
9.84890907016099e-08,1101400
9.84869518512139e-08,1101500
9.84848978378106e-08,1101600
9.84829298152327e-08,1101700
9.84810489277339e-08,1101800
9.84792563095391e-08,1101900
9.84775530843667e-08,1102000
9.84759403649845e-08,1102100
9.84744192527472e-08,1102200
9.84729908371422e-08,1102300
9.84716561953355e-08,1102400
9.84704163917159e-08,1102500
9.84692724774495e-08,1102600
9.84682254900235e-08,1102700
9.84672764528103e-08,1102800
9.84664263746115e-08,1102900
9.84656762492216e-08,1103000
9.84650270549947e-08,1103100
9.84644797543937e-08,1103200
9.84640352935731e-08,1103300
9.8463694601938e-08,1103400
9.84634585917219e-08,1103500
9.8463328157565e-08,1103600
9.84633041760925e-08,1103700
9.84633875055003e-08,1103800
9.84635789851479e-08,1103900
9.84638794351405e-08,1104000
9.84642896559428e-08,1104100
9.84648104279677e-08,1104200
9.84654425111912e-08,1104300
9.84661866447614e-08,1104400
9.84670435466188e-08,1104500
9.84680139131139e-08,1104600
9.84690984186419e-08,1104700
9.84702977152743e-08,1104800
9.84716124323926e-08,1104900
9.84730431763439e-08,1105000
9.84745905300875e-08,1105100
9.84762550528527e-08,1105200
9.84780372798055e-08,1105300
9.84799377217193e-08,1105400
9.84819568646513e-08,1105500
9.84840951696289e-08,1105600
9.84863530723443e-08,1105700
9.8488730982848e-08,1105800
9.84912292852629e-08,1105900
9.84938483374903e-08,1106000
9.84965884709387e-08,1106100
9.84994499902502e-08,1106200
9.85024331730371e-08,1106300
9.85055382696316e-08,1106400
9.85087655028348e-08,1106500
9.85121150676816e-08,1106600
9.85155871312125e-08,1106700
9.85191818322491e-08,1106800
9.85228992811849e-08,1106900
9.85267395597806e-08,1107000
9.85307027209699e-08,1107100
9.85347887886743e-08,1107200
9.85389977576251e-08,1107300
9.85433295931995e-08,1107400
9.85477842312593e-08,1107500
9.85523615780051e-08,1107600
9.85570615098355e-08,1107700
9.85618838732168e-08,1107800
9.85668284845692e-08,1107900
9.85718951301471e-08,1108000
9.85770835659495e-08,1108100
9.85823935176208e-08,1108200
9.8587824680376e-08,1108300
9.85933767189288e-08,1108400
9.85990492674269e-08,1108500
9.86048419294143e-08,1108600
9.86107542777776e-08,1108700
9.86167858547216e-08,1108800
9.86229361717543e-08,1108900
9.86292047096715e-08,1109000
9.86355909185583e-08,1109100
9.86420942178089e-08,1109200
9.86487139961364e-08,1109300
9.86554496116146e-08,1109400
9.86623003917169e-08,1109500
9.86692656333735e-08,1109600
9.86763446030279e-08,1109700
9.86835365367174e-08,1109800
9.86908406401583e-08,1109900
9.86982560888373e-08,1110000
9.87057820281195e-08,1110100
9.87134175733624e-08,1110200
9.87211618100469e-08,1110300
9.87290137939108e-08,1110400
9.87369725510955e-08,1110500
9.87450370783066e-08,1110600
9.87532063429812e-08,1110700
9.87614792834646e-08,1110800
9.87698548091979e-08,1110900
9.87783318009234e-08,1111000
9.87869091108846e-08,1111100
9.87955855630506e-08,1111200
9.88043599533432e-08,1111300
9.88132310498775e-08,1111400
9.88221975932093e-08,1111500
9.88312582965908e-08,1111600
9.88404118462464e-08,1111700
9.88496569016406e-08,1111800
9.88589920957757e-08,1111900
9.88684160354822e-08,1112000
9.88779273017242e-08,1112100
9.88875244499199e-08,1112200
9.88972060102636e-08,1112300
9.89069704880576e-08,1112400
9.89168163640594e-08,1112500
9.89267420948296e-08,1112600
9.89367461130889e-08,1112700
9.89468268280965e-08,1112800
9.89569826260193e-08,1112900
9.89672118703201e-08,1113000
9.89775129021504e-08,1113100
9.89878840407528e-08,1113200
9.89983235838725e-08,1113300
9.90088298081671e-08,1113400
9.90194009696443e-08,1113500
9.90300353040824e-08,1113600
9.90407310274778e-08,1113700
9.90514863364871e-08,1113800
9.90622994088836e-08,1113900
9.9073168404017e-08,1114000
9.90840914632824e-08,1114100
9.90950667105926e-08,1114200
9.91060922528574e-08,1114300
9.91171661804722e-08,1114400
9.91282865678088e-08,1114500
9.91394514737133e-08,1114600
9.91506589420108e-08,1114700
9.91619070020146e-08,1114800
9.91731936690388e-08,1114900
9.91845169449178e-08,1115000
9.9195874818535e-08,1115100
9.92072652663397e-08,1115200
9.92186862528974e-08,1115300
9.92301357314144e-08,1115400
9.924161164428e-08,1115500
9.92531119236209e-08,1115600
9.9264634491841e-08,1115700
9.92761772621764e-08,1115800
9.92877381392547e-08,1115900
9.92993150196488e-08,1116000
9.93109057924418e-08,1116100
9.93225083397897e-08,1116200
9.93341205374874e-08,1116300
9.93457402555396e-08,1116400
9.93573653587308e-08,1116500
9.93689937071966e-08,1116600
9.93806231569964e-08,1116700
9.93922515606957e-08,1116800
9.94038767679352e-08,1116900
9.94154966260111e-08,1117000
9.94271089804534e-08,1117100
9.94387116756072e-08,1117200
9.94503025552043e-08,1117300
9.94618794629525e-08,1117400
9.94734402431061e-08,1117500
9.94849827410479e-08,1117600
9.94965048038655e-08,1117700
9.95080042809341e-08,1117800
9.95194790244843e-08,1117900
9.95309268901838e-08,1118000
9.95423457377059e-08,1118100
9.95537334313087e-08,1118200
9.95650878403975e-08,1118300
9.95764068400972e-08,1118400
9.95876883118197e-08,1118500
9.95989301438203e-08,1118600
9.96101302317689e-08,1118700
9.96212864792996e-08,1118800
9.96323967985696e-08,1118900
9.96434591108097e-08,1119000
9.9654471346876e-08,1119100
9.96654314477883e-08,1119200
9.96763373652762e-08,1119300
9.96871870623154e-08,1119400
9.96979785136592e-08,1119500
9.97087097063685e-08,1119600
9.97193786403329e-08,1119700
9.97299833287925e-08,1119800
9.97405217988527e-08,1119900
9.97509920919906e-08,1120000
9.97613922645616e-08,1120100
9.97717203882954e-08,1120200
9.97819745507935e-08,1120300
9.97921528560095e-08,1120400
9.9802253424739e-08,1120500
9.98122743950877e-08,1120600
9.98222139229434e-08,1120700
9.98320701824384e-08,1120800
9.98418413664072e-08,1120900
9.98515256868322e-08,1121000
9.98611213752929e-08,1121100
9.98706266833935e-08,1121200
9.98800398832009e-08,1121300
9.98893592676576e-08,1121400
9.98985831510028e-08,1121500
9.99077098691724e-08,1121600
9.99167377802081e-08,1121700
9.99256652646393e-08,1121800
9.99344907258708e-08,1121900
9.99432125905611e-08,1122000
9.99518293089848e-08,1122100
9.99603393553979e-08,1122200
9.99687412283868e-08,1122300
9.99770334512102e-08,1122400
9.99852145721394e-08,1122500
9.9993283164777e-08,1122600
1.00001237828381e-07,1122700
1.00009077188172e-07,1122800
1.00016799895635e-07,1122900
1.00024404628803e-07,1123000
1.00031890092557e-07,1123100
1.00039255018883e-07,1123200
1.00046498167148e-07,1123300
1.00053618324349e-07,1123400
1.00060614305363e-07,1123500
1.00067484953188e-07,1123600
1.00074229139168e-07,1123700
1.00080845763211e-07,1123800
1.00087333754003e-07,1123900
1.0009369206921e-07,1124000
1.00099919695665e-07,1124100
1.00106015649553e-07,1124200
1.00111978976587e-07,1124300
1.00117808752167e-07,1124400
1.00123504081537e-07,1124500
1.00129064099932e-07,1124600
1.00134487972707e-07,1124700
1.00139774895477e-07,1124800
1.00144924094217e-07,1124900
1.00149934825382e-07,1125000
1.00154806376003e-07,1125100
1.00159538063772e-07,1125200
1.00164129237128e-07,1125300
1.00168579275323e-07,1125400
1.00172887588486e-07,1125500
1.00177053617674e-07,1125600
1.00181076834915e-07,1125700
1.00184956743243e-07,1125800
1.00188692876724e-07,1125900
1.00192284800466e-07,1126000
1.00195732110636e-07,1126100
1.00199034434446e-07,1126200
1.00202191430151e-07,1126300
1.00205202787028e-07,1126400
1.00208068225344e-07,1126500
1.00210787496318e-07,1126600
1.00213360382082e-07,1126700
1.0021578669562e-07,1126800
1.00218066280708e-07,1126900
1.00220199011842e-07,1127000
1.00222184794158e-07,1127100
1.00224023563346e-07,1127200
1.00225715285551e-07,1127300
1.00227259957271e-07,1127400
1.00228657605246e-07,1127500
1.00229908286333e-07,1127600
1.00231012087386e-07,1127700
1.00231969125113e-07,1127800
1.00232779545938e-07,1127900
1.00233443525847e-07,1128000
1.00233961270234e-07,1128100
1.00234333013728e-07,1128200
1.00234559020036e-07,1128300
1.00234639581743e-07,1128400
1.00234575020142e-07,1128500
1.00234365685032e-07,1128600
1.00234011954525e-07,1128700
1.0023351423483e-07,1128800
1.00232872960047e-07,1128900
1.00232088591945e-07,1129000
1.00231161619739e-07,1129100
1.00230092559852e-07,1129200
1.00228881955682e-07,1129300
1.00227530377361e-07,1129400
1.00226038421494e-07,1129500
1.00224406710915e-07,1129600
1.00222635894427e-07,1129700
1.00220726646522e-07,1129800
1.00218679667125e-07,1129900
1.00216495681312e-07,1130000
1.00214175439025e-07,1130100
1.0021171971479e-07,1130200
1.00209129307427e-07,1130300
1.00206405039746e-07,1130400
1.0020354775826e-07,1130500
1.00200558332868e-07,1130600
1.00197437656555e-07,1130700
1.00194186645076e-07,1130800
1.00190806236637e-07,1130900
1.00187297391579e-07,1131000
1.00183661092054e-07,1131100
1.0017989834169e-07,1131200
1.00176010165271e-07,1131300
1.00171997608393e-07,1131400
1.00167861737131e-07,1131500
1.00163603637702e-07,1131600
1.00159224416111e-07,1131700
1.0015472519782e-07,1131800
1.00150107127385e-07,1131900
1.00145371368112e-07,1132000
1.00140519101705e-07,1132100
1.00135551527904e-07,1132200
1.00130469864135e-07,1132300
1.00125275345144e-07,1132400
1.00119969222638e-07,1132500
1.00114552764919e-07,1132600
1.00109027256528e-07,1132700
1.00103393997862e-07,1132800
1.00097654304824e-07,1132900
1.00091809508443e-07,1133000
1.00085860954508e-07,1133100
1.00079810003194e-07,1133200
1.00073658028696e-07,1133300
1.00067406418847e-07,1133400
1.00061056574753e-07,1133500
1.00054609910417e-07,1133600
1.00048067852361e-07,1133700
1.00041431839255e-07,1133800
1.00034703321543e-07,1133900
1.00027883761063e-07,1134000
1.00020974630679e-07,1134100
1.00013977413898e-07,1134200
1.00006893604507e-07,1134300
9.99997247061837e-08,1134400
9.99924722321375e-08,1134500
9.99851377047249e-08,1134600
9.99777226550857e-08,1134700
9.99702286227631e-08,1134800
9.99626571553379e-08,1134900
9.99550098080555e-08,1135000
9.99472881434588e-08,1135100
9.99394937310194e-08,1135200
9.99316281467672e-08,1135300
9.99236929729308e-08,1135400
9.99156897975661e-08,1135500
9.99076202141993e-08,1135600
9.98994858214621e-08,1135700
9.98912882227324e-08,1135800
9.98830290257736e-08,1135900
9.9874709842383e-08,1136000
9.98663322880327e-08,1136100
9.98578979815184e-08,1136200
9.98494085446062e-08,1136300
9.9840865601686e-08,1136400
9.98322707794255e-08,1136500
9.98236257064181e-08,1136600
9.981493201285e-08,1136700
9.98061913301531e-08,1136800
9.97974052906654e-08,1136900
9.97885755273046e-08,1137000
9.9779703673222e-08,1137100
9.97707913614808e-08,1137200
9.9761840224724e-08,1137300
9.97528518948484e-08,1137400
9.97438280026829e-08,1137500
9.97347701776649e-08,1137600
9.97256800475261e-08,1137700
9.97165592379723e-08,1137800
9.97074093723759e-08,1137900
9.96982320714639e-08,1138000
9.96890289530127e-08,1138100
9.96798016315404e-08,1138200
9.96705517180101e-08,1138300
9.96612808195316e-08,1138400
9.96519905390618e-08,1138500
9.96426824751181e-08,1138600
9.96333582214881e-08,1138700
9.96240193669427e-08,1138800
9.96146674949542e-08,1138900
9.96053041834177e-08,1139000
9.95959310043708e-08,1139100
9.95865495237276e-08,1139200
9.95771613010015e-08,1139300
9.95677678890447e-08,1139400
9.95583708337803e-08,1139500
9.9548971673944e-08,1139600
9.95395719408267e-08,1139700
9.95301731580232e-08,1139800
9.95207768411772e-08,1139900
9.95113844977431e-08,1140000
9.95019976267315e-08,1140100
9.94926177184775e-08,1140200
9.94832462544025e-08,1140300
9.94738847067767e-08,1140400
9.9464534538494e-08,1140500
9.94551972028459e-08,1140600
9.94458741432923e-08,1140700
9.94365667932502e-08,1140800
9.94272765758714e-08,1140900
9.9418004903832e-08,1141000
9.94087531791252e-08,1141100
9.93995227928515e-08,1141200
9.93903151250189e-08,1141300
9.93811315443475e-08,1141400
9.93719734080637e-08,1141500
9.93628420617202e-08,1141600
9.93537388390036e-08,1141700
9.93446650615465e-08,1141800
9.93356220387476e-08,1141900
9.93266110675983e-08,1142000
9.93176334325015e-08,1142100
9.93086904051069e-08,1142200
9.92997832441391e-08,1142300
9.92909131952369e-08,1142400
9.92820814907902e-08,1142500
9.9273289349786e-08,1142600
9.92645379776571e-08,1142700
9.92558285661239e-08,1142800
9.9247162293057e-08,1142900
9.92385403223285e-08,1143000
9.92299638036779e-08,1143100
9.92214338725715e-08,1143200
9.92129516500744e-08,1143300
9.92045182427195e-08,1143400
9.91961347423801e-08,1143500
9.91878022261532e-08,1143600
9.91795217562389e-08,1143700
9.91712943798219e-08,1143800
9.91631211289703e-08,1143900
9.9155003020517e-08,1144000
9.91469410559584e-08,1144100
9.91389362213615e-08,1144200
9.91309894872568e-08,1144300
9.91231018085488e-08,1144400
9.91152741244246e-08,1144500
9.91075073582701e-08,1144600
9.90998024175826e-08,1144700
9.90921601938967e-08,1144800
9.90845815626999e-08,1144900
9.90770673833691e-08,1145000
9.90696184990935e-08,1145100
9.90622357368163e-08,1145200
9.90549199071625e-08,1145300
9.90476718043932e-08,1145400
9.90404922063388e-08,1145500
9.90333818743527e-08,1145600
9.90263415532643e-08,1145700
9.90193719713293e-08,1145800
9.90124738401926e-08,1145900
9.90056478548507e-08,1146000
9.89988946936137e-08,1146100
9.89922150180779e-08,1146200
9.89856094730988e-08,1146300
9.89790786867647e-08,1146400
9.89726232703782e-08,1146500
9.89662438184392e-08,1146600
9.89599409086311e-08,1146700
9.89537151018108e-08,1146800
9.89475669420083e-08,1146900
9.8941496956409e-08,1147000
9.89355056553729e-08,1147100
9.89295935324267e-08,1147200
9.89237610642732e-08,1147300
9.89180087108074e-08,1147400
9.89123369151243e-08,1147500
9.89067461035447e-08,1147600
9.89012366856301e-08,1147700
9.88958090542112e-08,1147800
9.88904635854146e-08,1147900
9.88852006386993e-08,1148000
9.88800205568871e-08,1148100
9.88749236662047e-08,1148200
9.88699102763228e-08,1148300
9.88649806804094e-08,1148400
9.88601351551721e-08,1148500
9.88553739609103e-08,1148600
9.88506973415815e-08,1148700
9.88461055248475e-08,1148800
9.88415987221515e-08,1148900
9.88371771287718e-08,1149000
9.88328409239032e-08,1149100
9.88285902707214e-08,1149200
9.88244253164669e-08,1149300
9.88203461925222e-08,1149400
9.88163530144954e-08,1149500
9.8812445882309e-08,1149600
9.88086248802869e-08,1149700
9.88048900772558e-08,1149800
9.88012415266319e-08,1149900
9.87976792665324e-08,1150000
9.87942033198716e-08,1150100
9.87908136944723e-08,1150200
9.87875103831721e-08,1150300
9.87842933639442e-08,1150400
9.87811626000055e-08,1150500
9.87781180399474e-08,1150600
9.8775159617849e-08,1150700
9.8772287253411e-08,1150800
9.8769500852082e-08,1150900
9.87668003051935e-08,1151000
9.87641854900954e-08,1151100
9.87616562702941e-08,1151200
9.87592124956006e-08,1151300
9.87568540022649e-08,1151400
9.87545806131346e-08,1151500
9.87523921378059e-08,1151600
9.87502883727703e-08,1151700
9.87482691015801e-08,1151800
9.87463340950021e-08,1151900
9.87444831111896e-08,1152000
9.87427158958391e-08,1152100
9.8741032182366e-08,1152200
9.87394316920699e-08,1152300
9.87379141343165e-08,1152400
9.87364792067096e-08,1152500
9.87351265952715e-08,1152600
9.87338559746246e-08,1152700
9.87326670081817e-08,1152800
9.87315593483245e-08,1152900
9.87305326366038e-08,1153000
9.87295865039188e-08,1153100
9.87287205707279e-08,1153200
9.87279344472335e-08,1153300
9.8727227733584e-08,1153400
9.87266000200774e-08,1153500
9.87260508873657e-08,1153600
9.87255799066566e-08,1153700
9.87251866399276e-08,1153800
9.87248706401299e-08,1153900
9.87246314514036e-08,1154000
9.87244686092917e-08,1154100
9.87243816409535e-08,1154200
9.87243700653843e-08,1154300
9.87244333936319e-08,1154400
9.87245711290218e-08,1154500
9.87247827673754e-08,1154600
9.87250677972344e-08,1154700
9.87254257000871e-08,1154800
9.87258559505953e-08,1154900
9.87263580168213e-08,1155000
9.87269313604579e-08,1155100
9.87275754370561e-08,1155200
9.87282896962604e-08,1155300
9.87290735820412e-08,1155400
9.87299265329211e-08,1155500
9.87308479822176e-08,1155600
9.87318373582755e-08,1155700
9.87328940846993e-08,1155800
9.87340175805912e-08,1155900
9.87352072607895e-08,1156000
9.87364625361061e-08,1156100
9.87377828135601e-08,1156200
9.87391674966185e-08,1156300
9.8740615985434e-08,1156400
9.87421276770832e-08,1156500
9.8743701965803e-08,1156600
9.87453382432333e-08,1156700
9.87470358986463e-08,1156800
9.87487943191948e-08,1156900
9.87506128901388e-08,1157000
9.87524909950942e-08,1157100
9.87544280162578e-08,1157200
9.87564233346487e-08,1157300
9.87584763303435e-08,1157400
9.87605863827099e-08,1157500
9.87627528706397e-08,1157600
9.87649751727801e-08,1157700
9.87672526677688e-08,1157800
9.87695847344604e-08,1157900
9.87719707521562e-08,1158000
9.87744101008324e-08,1158100
9.87769021613671e-08,1158200
9.87794463157639e-08,1158300
9.87820419473733e-08,1158400
9.87846884411161e-08,1158500
9.87873851837026e-08,1158600
9.87901315638492e-08,1158700
9.8792926972497e-08,1158800
9.87957708030173e-08,1158900
9.87986624514338e-08,1159000
9.8801601316622e-08,1159100
9.88045868005201e-08,1159200
9.88076183083353e-08,1159300
9.88106952487409e-08,1159400
9.88138170340761e-08,1159500
9.88169830805434e-08,1159600
9.8820192808403e-08,1159700
9.88234456421612e-08,1159800
9.88267410107564e-08,1159900
9.88300783477484e-08,1160000
9.88334570914933e-08,1160100
9.88368766853284e-08,1160200
9.88403365777388e-08,1160300
9.88438362225355e-08,1160400
9.88473750790186e-08,1160500
9.88509526121444e-08,1160600
9.88545682926831e-08,1160700
9.88582215973742e-08,1160800
9.88619120090868e-08,1160900
9.88656390169583e-08,1161000
9.88694021165464e-08,1161100
9.88732008099665e-08,1161200
9.88770346060298e-08,1161300
9.88809030203778e-08,1161400
9.88848055756032e-08,1161500
9.88887418013847e-08,1161600
9.88927112345967e-08,1161700
9.88967134194307e-08,1161800
9.89007479075029e-08,1161900
9.89048142579608e-08,1162000
9.89089120375823e-08,1162100
9.89130408208809e-08,1162200
9.89172001901862e-08,1162300
9.89213897357375e-08,1162400
9.89256090557665e-08,1162500
9.89298577565717e-08,1162600
9.89341354525934e-08,1162700
9.8938441766479e-08,1162800
9.89427763291474e-08,1162900
9.89471387798465e-08,1163000
9.89515287662029e-08,1163100
9.89559459442734e-08,1163200
9.89603899785828e-08,1163300
9.89648605421616e-08,1163400
9.89693573165815e-08,1163500
9.89738799919768e-08,1163600
9.89784282670713e-08,1163700
9.89830018491833e-08,1163800
9.89876004542505e-08,1163900
9.89922238068267e-08,1164000
9.89968716400785e-08,1164100
9.90015436957927e-08,1164200
9.90062397243514e-08,1164300
9.90109594847225e-08,1164400
9.90157027444423e-08,1164500
9.9020469279581e-08,1164600
9.90252588747131e-08,1164700
9.90300713228838e-08,1164800
9.90349064255617e-08,1164900
9.90397639925917e-08,1165000
9.90446438421445e-08,1165100
9.90495458006547e-08,1165200
9.90544697027584e-08,1165300
9.90594153912248e-08,1165400
9.90643827168769e-08,1165500
9.90693715385242e-08,1165600
9.90743817228614e-08,1165700
9.9079413144394e-08,1165800
9.90844656853344e-08,1165900
9.90895392355034e-08,1166000
9.90946336922295e-08,1166100
9.9099748960235e-08,1166200
9.91048849515247e-08,1166300
9.91100415852606e-08,1166400
9.91152187876482e-08,1166500
9.91204164917937e-08,1166600
9.91256346375837e-08,1166700
9.91308731715389e-08,1166800
9.91361320466748e-08,1166900
9.91414112223509e-08,1167000
9.91467106641261e-08,1167100
9.91520303435929e-08,1167200
9.91573702382254e-08,1167300
9.91627303312125e-08,1167400
9.91681106112884e-08,1167500
9.91735110725607e-08,1167600
9.91789317143329e-08,1167700
9.91843725409273e-08,1167800
9.91898335614978e-08,1167900
9.91953147898429e-08,1168000
9.9200816244217e-08,1168100
9.92063379471327e-08,1168200
9.92118799251625e-08,1168300
9.92174422087402e-08,1168400
9.92230248319541e-08,1168500
9.92286278323407e-08,1168600
9.92342512506754e-08,1168700
9.92398951307551e-08,1168800
9.92455595191842e-08,1168900
9.92512444651586e-08,1169000
9.92569500202408e-08,1169100
9.92626762381381e-08,1169200
9.92684231744756e-08,1169300
9.92741908865686e-08,1169400
9.92799794331945e-08,1169500
9.92857888743569e-08,1169600
9.92916192710577e-08,1169700
9.9297470685051e-08,1169800
9.93033431786208e-08,1169900
9.93092368143321e-08,1170000
9.9315151654793e-08,1170100
9.93210877624163e-08,1170200
9.93270451991797e-08,1170300
9.93330240263742e-08,1170400
9.93390243043721e-08,1170500
9.93450460923721e-08,1170600
9.93510894481663e-08,1170700
9.93571544278864e-08,1170800
9.93632410857606e-08,1170900
9.93693494738726e-08,1171000
9.93754796419109e-08,1171100
9.93816316369295e-08,1171200
9.93878055030983e-08,1171300
9.93940012814634e-08,1171400
9.94002190097006e-08,1171500
9.94064587218755e-08,1171600
9.94127204482017e-08,1171700
9.94190042147954e-08,1171800
9.94253100434442e-08,1171900
9.94316379513626e-08,1172000
9.94379879509603e-08,1172100
9.94443600495988e-08,1172200
9.94507542493682e-08,1172300
9.94571705468506e-08,1172400
9.94636089328918e-08,1172500
9.94700693923748e-08,1172600
9.94765519039918e-08,1172700
9.94830564400254e-08,1172800
9.94895829661289e-08,1172900
9.94961314411049e-08,1173000
9.95027018166977e-08,1173100
9.95092940373718e-08,1173200
9.95159080401156e-08,1173300
9.9522543754228e-08,1173400
9.95292011011178e-08,1173500
9.95358799941107e-08,1173600
9.95425803382474e-08,1173700
9.95493020300974e-08,1173800
9.95560449575705e-08,1173900
9.95628089997325e-08,1174000
9.95695940266321e-08,1174100
9.95763998991153e-08,1174200
9.95832264686661e-08,1174300
9.95900735772338e-08,1174400
9.95969410570745e-08,1174500
9.96038287305901e-08,1174600
9.96107364101843e-08,1174700
9.96176638981067e-08,1174800
9.96246109863145e-08,1174900
9.96315774563379e-08,1175000
9.9638563079145e-08,1175100
9.96455676150127e-08,1175200
9.96525908134122e-08,1175300
9.96596324128883e-08,1175400
9.96666921409493e-08,1175500
9.96737697139639e-08,1175600
9.96808648370622e-08,1175700
9.96879772040412e-08,1175800
9.96951064972777e-08,1175900
9.97022523876521e-08,1176000
9.9709414534462e-08,1176100
9.97165925853655e-08,1176200
9.97237861763086e-08,1176300
9.97309949314749e-08,1176400
9.97382184632296e-08,1176500
9.97454563720809e-08,1176600
9.97527082466373e-08,1176700
9.97599736635797e-08,1176800
9.97672521876337e-08,1176900
9.97745433715536e-08,1177000
9.97818467561107e-08,1177100
9.97891618700845e-08,1177200
9.97964882302724e-08,1177300
9.98038253414849e-08,1177400
9.98111726965758e-08,1177500
9.98185297764492e-08,1177600
9.98258960501021e-08,1177700
9.98332709746468e-08,1177800
9.98406539953591e-08,1177900
9.98480445457289e-08,1178000
9.98554420475127e-08,1178100
9.98628459107963e-08,1178200
9.98702555340631e-08,1178300
9.98776703042704e-08,1178400
9.98850895969374e-08,1178500
9.98925127762264e-08,1178600
9.98999391950476e-08,1178700
9.99073681951511e-08,1178800
9.99147991072508e-08,1178900
9.99222312511272e-08,1179000
9.99296639357628e-08,1179100
9.99370964594618e-08,1179200
9.99445281099939e-08,1179300
9.9951958164733e-08,1179400
9.99593858908118e-08,1179500
9.99668105452672e-08,1179600
9.99742313752189e-08,1179700
9.99816476180231e-08,1179800
9.99890585014594e-08,1179900
9.9996463243903e-08,1180000
1.00003861054518e-07,1180100
1.00011251133453e-07,1180200
1.00018632672031e-07,1180300
1.00026004852971e-07,1180400
1.00033366850587e-07,1180500
1.00040717831007e-07,1180600
1.00048056952407e-07,1180700
1.00055383365226e-07,1180800
1.00062696212411e-07,1180900
1.00069994629651e-07,1181000
1.00077277745629e-07,1181100
1.00084544682268e-07,1181200
1.00091794554985e-07,1181300
1.00099026472962e-07,1181400
1.001062395394e-07,1181500
1.00113432851799e-07,1181600
1.0012060550223e-07,1181700
1.00127756577619e-07,1181800
1.00134885160024e-07,1181900
1.00141990326936e-07,1182000
1.00149071151561e-07,1182100
1.00156126703128e-07,1182200
1.00163156047184e-07,1182300
1.00170158245903e-07,1182400
1.00177132358397e-07,1182500
1.00184077441022e-07,1182600
1.00190992547704e-07,1182700
1.00197876730256e-07,1182800
1.00204729038696e-07,1182900
1.00211548521581e-07,1183000
1.00218334226331e-07,1183100
1.00225085199564e-07,1183200
1.0023180048743e-07,1183300
1.00238479135949e-07,1183400
1.00245120191345e-07,1183500
1.00251722700397e-07,1183600
1.00258285710775e-07,1183700
1.00264808271387e-07,1183800
1.00271289432731e-07,1183900
1.0027772824724e-07,1184000
1.00284123769628e-07,1184100
1.00290475057251e-07,1184200
1.00296781170449e-07,1184300
1.00303041172908e-07,1184400
1.00309254132009e-07,1184500
1.00315419119183e-07,1184600
1.00321535210271e-07,1184700
1.00327601485868e-07,1184800
1.00333617031692e-07,1184900
1.00339580938927e-07,1185000
1.00345492304587e-07,1185100
1.00351350231862e-07,1185200
1.00357153830481e-07,1185300
1.00362902217055e-07,1185400
1.00368594515437e-07,1185500
1.00374229857069e-07,1185600
1.00379807381332e-07,1185700
1.00385326235894e-07,1185800
1.00390785577058e-07,1185900
1.00396184570103e-07,1186000
1.00401522389628e-07,1186100
1.00406798219898e-07,1186200
1.0041201125517e-07,1186300
1.00417160700045e-07,1186400
1.00422245769784e-07,1186500
1.00427265690648e-07,1186600
1.00432219700228e-07,1186700
1.00437107047757e-07,1186800
1.00441926994445e-07,1186900
1.00446678813785e-07,1187000
1.00451361791874e-07,1187100
1.00455975227718e-07,1187200
1.00460518433542e-07,1187300
1.00464990735087e-07,1187400
1.00469391471916e-07,1187500
1.00473719997694e-07,1187600
1.00477975680495e-07,1187700
1.00482157903069e-07,1187800
1.00486266063126e-07,1187900
1.00490299573619e-07,1188000
1.00494257863002e-07,1188100
1.00498140375497e-07,1188200
1.00501946571359e-07,1188300
1.00505675927119e-07,1188400
1.00509327935837e-07,1188500
1.00512902107343e-07,1188600
1.00516397968471e-07,1188700
1.00519815063291e-07,1188800
1.00523152953327e-07,1188900
1.00526411217784e-07,1189000
1.00529589453747e-07,1189100
1.00532687276393e-07,1189200
1.00535704319186e-07,1189300
1.00538640234067e-07,1189400
1.00541494691638e-07,1189500
1.00544267381343e-07,1189600
1.00546958011629e-07,1189700
1.00549566310122e-07,1189800
1.00552092023766e-07,1189900
1.00554534918986e-07,1190000
1.00556894781824e-07,1190100
1.00559171418065e-07,1190200
1.00561364653373e-07,1190300
1.00563474333405e-07,1190400
1.0056550032392e-07,1190500
1.00567442510882e-07,1190600
1.00569300800556e-07,1190700
1.00571075119596e-07,1190800
1.0057276541512e-07,1190900
1.00574371654783e-07,1191000
1.00575893826839e-07,1191100
1.00577331940196e-07,1191200
1.00578686024463e-07,1191300
1.00579956129986e-07,1191400
1.0058114232788e-07,1191500
1.0058224471005e-07,1191600
1.00583263389202e-07,1191700
1.00584198498852e-07,1191800
1.00585050193319e-07,1191900
1.00585818647719e-07,1192000
1.00586504057933e-07,1192100
1.00587106640591e-07,1192200
1.00587626633029e-07,1192300
1.00588064293244e-07,1192400
1.00588419899842e-07,1192500
1.00588693751973e-07,1192600
1.00588886169261e-07,1192700
1.0058899749173e-07,1192800
1.00589028079708e-07,1192900
1.00588978313741e-07,1193000
1.00588848594479e-07,1193100
1.00588639342574e-07,1193200
1.00588350998551e-07,1193300
1.00587984022685e-07,1193400
1.00587538894864e-07,1193500
1.00587016114437e-07,1193600
1.00586416200073e-07,1193700
1.00585739689589e-07,1193800
1.00584987139789e-07,1193900
1.00584159126281e-07,1194000
1.005832562433e-07,1194100
1.00582279103506e-07,1194200
1.00581228337794e-07,1194300
1.0058010459508e-07,1194400
1.00578908542086e-07,1194500
1.00577640863122e-07,1194600
1.00576302259852e-07,1194700
1.00574893451059e-07,1194800
1.00573415172399e-07,1194900
1.0057186817615e-07,1195000
1.00570253230957e-07,1195100
1.00568571121564e-07,1195200
1.00566822648538e-07,1195300
1.00565008628001e-07,1195400
1.00563129891333e-07,1195500
1.00561187284892e-07,1195600
1.00559181669706e-07,1195700
1.00557113921178e-07,1195800
1.00554984928766e-07,1195900
1.00552795595679e-07,1196000
1.00550546838546e-07,1196100
1.00548239587094e-07,1196200
1.00545874783811e-07,1196300
1.00543453383613e-07,1196400
1.00540976353498e-07,1196500
1.00538444672196e-07,1196600
1.00535859329818e-07,1196700
1.00533221327499e-07,1196800
1.00530531677032e-07,1196900
1.00527791400505e-07,1197000
1.00525001529925e-07,1197100
1.00522163106846e-07,1197200
1.0051927718199e-07,1197300
1.00516344814858e-07,1197400
1.00513367073352e-07,1197500
1.00510345033376e-07,1197600
1.00507279778448e-07,1197700
1.00504172399301e-07,1197800
1.00501023993483e-07,1197900
1.00497835664956e-07,1198000
1.00494608523685e-07,1198100
1.0049134368524e-07,1198200
1.00488042270379e-07,1198300
1.0048470540464e-07,1198400
1.00481334217921e-07,1198500
1.0047792984407e-07,1198600
1.00474493420471e-07,1198700
1.00471026087615e-07,1198800
1.00467528988688e-07,1198900
1.00464003269151e-07,1199000
1.00460450076315e-07,1199100
1.00456870558919e-07,1199200
1.00453265866712e-07,1199300
1.00449637150026e-07,1199400
1.00445985559351e-07,1199500
1.00442312244926e-07,1199600
1.00438618356294e-07,1199700
1.00434905041904e-07,1199800
1.00431173448674e-07,1199900
1.00427424721579e-07,1200000
1.00423660003225e-07,1200100
1.00419880433441e-07,1200200
1.00416087148852e-07,1200300
1.00412281282472e-07,1200400
1.0040846396329e-07,1200500
1.00404636315855e-07,1200600
1.00400799459871e-07,1200700
1.0039695450979e-07,1200800
1.00393102574408e-07,1200900
1.00389244756465e-07,1201000
1.00385382152245e-07,1201100
1.00381515851178e-07,1201200
1.0037764693546e-07,1201300
1.00373776479649e-07,1201400
1.00369905550293e-07,1201500
1.0036603520554e-07,1201600
1.00362166494768e-07,1201700
1.00358300458207e-07,1201800
1.00354438126573e-07,1201900
1.00350580520699e-07,1202000
1.00346728651186e-07,1202100
1.00342883518036e-07,1202200
1.0033904611031e-07,1202300
1.00335217405778e-07,1202400
1.00331398370585e-07,1202500
1.0032758995891e-07,1202600
1.00323793112641e-07,1202700
1.00320008761055e-07,1202800
1.00316237820493e-07,1202900
1.00312481194055e-07,1203000
1.00308739771289e-07,1203100
1.00305014427901e-07,1203200
1.00301306025451e-07,1203300
1.00297615411074e-07,1203400
1.002939434172e-07,1203500
1.00290290861277e-07,1203600
1.00286658545509e-07,1203700
1.00283047256594e-07,1203800
1.00279457765477e-07,1203900
1.00275890827093e-07,1204000
1.00272347180144e-07,1204100
1.0026882754686e-07,1204200
1.00265332632781e-07,1204300
1.00261863126533e-07,1204400
1.00258419699631e-07,1204500
1.00255003006276e-07,1204600
1.00251613683157e-07,1204700
1.00248252349275e-07,1204800
1.00244919605762e-07,1204900
1.00241616035716e-07,1205000
1.00238342204037e-07,1205100
1.00235098657282e-07,1205200
1.00231885923514e-07,1205300
1.00228704512171e-07,1205400
1.00225554913941e-07,1205500
1.0022243760064e-07,1205600
1.00219353025101e-07,1205700
1.00216301621082e-07,1205800
1.00213283803158e-07,1205900
1.00210299966654e-07,1206000
1.00207350487553e-07,1206100
1.00204435722442e-07,1206200
1.00201556008448e-07,1206300
1.00198711663184e-07,1206400
1.0019590298472e-07,1206500
1.00193130251538e-07,1206600
1.00190393722518e-07,1206700
1.00187693636916e-07,1206800
1.00185030214363e-07,1206900
1.00182403654866e-07,1207000
1.00179814138817e-07,1207100
1.00177261827017e-07,1207200
1.001747468607e-07,1207300
1.00172269361574e-07,1207400
1.00169829431862e-07,1207500
1.00167427154365e-07,1207600
1.00165062592513e-07,1207700
1.00162735790446e-07,1207800
1.00160446773087e-07,1207900
1.00158195546236e-07,1208000
1.00155982096664e-07,1208100
1.00153806392214e-07,1208200
1.00151668381917e-07,1208300
1.00149567996118e-07,1208400
1.00147505146595e-07,1208500
1.00145479726705e-07,1208600
1.00143491611521e-07,1208700
1.00141540657997e-07,1208800
1.00139626705114e-07,1208900
1.0013774957406e-07,1209000
1.001359090684e-07,1209100
1.00134104974263e-07,1209200
1.00132337060528e-07,1209300
1.00130605079029e-07,1209400
1.00128908764756e-07,1209500
1.00127247836069e-07,1209600
1.00125621994915e-07,1209700
1.0012403092706e-07,1209800
1.00122474302317e-07,1209900
1.00120951774789e-07,1210000
1.00119462983114e-07,1210100
1.00118007550717e-07,1210200
1.0011658508607e-07,1210300
1.0011519518296e-07,1210400
1.00113837420753e-07,1210500
1.00112511364678e-07,1210600
1.00111216566111e-07,1210700
1.00109952562853e-07,1210800
1.00108718879434e-07,1210900
1.00107515027408e-07,1211000
1.00106340505659e-07,1211100
1.00105194800705e-07,1211200
1.00104077387022e-07,1211300
1.00102987727352e-07,1211400
1.00101925273033e-07,1211500
1.00100889464324e-07,1211600
1.0009987973074e-07,1211700
1.00098895491379e-07,1211800
1.00097936155278e-07,1211900
1.00097001121735e-07,1212000
1.00096089780677e-07,1212100
1.00095201512997e-07,1212200
1.00094335690908e-07,1212300
1.0009349167831e-07,1212400
1.00092668831138e-07,1212500
1.00091866497727e-07,1212600
1.00091084019181e-07,1212700
1.00090320729736e-07,1212800
1.00089575957128e-07,1212900
1.00088849022967e-07,1213000
1.0008813924311e-07,1213100
1.00087445928034e-07,1213200
1.00086768383206e-07,1213300
1.00086105909474e-07,1213400
1.00085457803433e-07,1213500
1.00084823357807e-07,1213600
1.00084201861831e-07,1213700
1.00083592601631e-07,1213800
1.00082994860601e-07,1213900
1.00082407919788e-07,1214000
1.0008183105827e-07,1214100
1.00081263553538e-07,1214200
1.00080704681875e-07,1214300
1.00080153718737e-07,1214400
1.00079609939129e-07,1214500
1.00079072617988e-07,1214600
1.00078541030553e-07,1214700
1.00078014452747e-07,1214800
1.00077492161546e-07,1214900
1.00076973435357e-07,1215000
1.00076457554382e-07,1215100
1.00075943800991e-07,1215200
1.00075431460089e-07,1215300
1.00074919819479e-07,1215400
1.00074408170224e-07,1215500
1.00073895807002e-07,1215600
1.00073382028473e-07,1215700
1.00072866137621e-07,1215800
1.0007234744211e-07,1215900
1.00071825254631e-07,1216000
1.00071298893245e-07,1216100
1.00070767681722e-07,1216200
1.00070230949874e-07,1216300
1.00069688033898e-07,1216400
1.00069138276692e-07,1216500
1.00068581028185e-07,1216600
1.00068015645659e-07,1216700
1.00067441494059e-07,1216800
1.00066857946306e-07,1216900
1.00066264383602e-07,1217000
1.00065660195731e-07,1217100
1.00065044781359e-07,1217200
1.0006441754832e-07,1217300
1.00063777913901e-07,1217400
1.00063125305125e-07,1217500
1.00062459159024e-07,1217600
1.0006177892291e-07,1217700
1.00061084054637e-07,1217800
1.00060374022854e-07,1217900
1.00059648307266e-07,1218000
1.00058906398871e-07,1218100
1.00058147800202e-07,1218200
1.0005737202556e-07,1218300
1.0005657860124e-07,1218400
1.00055767065752e-07,1218500
1.00054936970036e-07,1218600
1.00054087877663e-07,1218700
1.00053219365042e-07,1218800
1.00052331021609e-07,1218900
1.00051422450017e-07,1219000
1.00050493266313e-07,1219100
1.0004954310011e-07,1219200
1.00048571594757e-07,1219300
1.00047578407495e-07,1219400
1.00046563209605e-07,1219500
1.00045525686559e-07,1219600
1.00044465538149e-07,1219700
1.00043382478627e-07,1219800
1.00042276236815e-07,1219900
1.0004114655623e-07,1220000
1.00039993195186e-07,1220100
1.00038815926896e-07,1220200
1.00037614539564e-07,1220300
1.00036388836471e-07,1220400
1.0003513863605e-07,1220500
1.00033863771962e-07,1220600
1.0003256409315e-07,1220700
1.00031239463899e-07,1220800
1.00029889763885e-07,1220900
1.00028514888215e-07,1221000
1.00027114747451e-07,1221100
1.00025689267646e-07,1221200
1.00024238390356e-07,1221300
1.00022762072651e-07,1221400
1.00021260287115e-07,1221500
1.00019733021846e-07,1221600
1.00018180280437e-07,1221700
1.00016602081963e-07,1221800
1.00014998460949e-07,1221900
1.00013369467338e-07,1222000
1.0001171516645e-07,1222100
1.00010035638928e-07,1222200
1.00008330980688e-07,1222300
1.00006601302854e-07,1222400
1.00004846731683e-07,1222500
1.00003067408497e-07,1222600
1.00001263489587e-07,1222700
9.99994351461326e-08,1222800
9.99975825640982e-08,1222900
9.9995705944129e-08,1223000
9.99938055014417e-08,1223100
9.99918814657014e-08,1223200
9.99899340809062e-08,1223300
9.99879636052448e-08,1223400
9.99859703109685e-08,1223500
9.9983954484244e-08,1223600
9.9981916425004e-08,1223700
9.99798564467904e-08,1223800
9.99777748765955e-08,1223900
9.99756720546925e-08,1224000
9.99735483344591e-08,1224100
9.99714040822052e-08,1224200
9.99692396769853e-08,1224300
9.99670555104046e-08,1224400
9.9964851986432e-08,1224500
9.99626295211902e-08,1224600
9.99603885427586e-08,1224700
9.99581294909563e-08,1224800
9.99558528171306e-08,1224900
9.99535589839339e-08,1225000
9.99512484651032e-08,1225100
9.99489217452268e-08,1225200
9.99465793195115e-08,1225300
9.99442216935465e-08,1225400
9.99418493830594e-08,1225500
9.99394629136726e-08,1225600
9.99370628206507e-08,1225700
9.99346496486506e-08,1225800
9.99322239514612e-08,1225900
9.99297862917463e-08,1226000
9.99273372407777e-08,1226100
9.99248773781713e-08,1226200
9.99224072916153e-08,1226300
9.99199275765976e-08,1226400
9.99174388361342e-08,1226500
9.99149416804852e-08,1226600
9.99124367268815e-08,1226700
9.99099245992356e-08,1226800
9.99074059278603e-08,1226900
9.99048813491829e-08,1227000
9.99023515054564e-08,1227100
9.98998170444637e-08,1227200
9.98972786192378e-08,1227300
9.98947368877548e-08,1227400
9.98921925126487e-08,1227500
9.98896461609169e-08,1227600
9.98870985036136e-08,1227700
9.98845502155643e-08,1227800
9.98820019750614e-08,1227900
9.98794544635646e-08,1228000
9.987690836541e-08,1228100
9.98743643675003e-08,1228200
9.98718231590156e-08,1228300
9.9869285431104e-08,1228400
9.98667518765959e-08,1228500
9.98642231896921e-08,1228600
9.98617000656727e-08,1228700
9.98591832006014e-08,1228800
9.98566732910231e-08,1228900
9.98541710336706e-08,1229000
9.98516771251725e-08,1229100
9.98491922617565e-08,1229200
9.9846717138955e-08,1229300
9.98442524513205e-08,1229400
9.98417988921319e-08,1229500
9.98393571531054e-08,1229600
9.98369279241138e-08,1229700
9.98345118928994e-08,1229800
9.98321097447899e-08,1229900
9.98297221624233e-08,1230000
9.98273498254692e-08,1230100
9.98249934103516e-08,1230200
9.98226535899794e-08,1230300
9.98203310334742e-08,1230400
9.9818026405909e-08,1230500
9.98157403680317e-08,1230600
9.98134735760205e-08,1230700
9.98112266812135e-08,1230800
9.98090003298578e-08,1230900
9.98067951628598e-08,1231000
9.98046118155367e-08,1231100
9.98024509173672e-08,1231200
9.98003130917573e-08,1231300
9.97981989558005e-08,1231400
9.97961091200415e-08,1231500
9.97940441882516e-08,1231600
9.9792004757198e-08,1231700
9.97899914164264e-08,1231800
9.97880047480409e-08,1231900
9.9786045326492e-08,1232000
9.97841137183667e-08,1232100
9.97822104821844e-08,1232200
9.97803361681961e-08,1232300
9.97784913181905e-08,1232400
9.97766764652988e-08,1232500
9.97748921338112e-08,1232600
9.9773138838996e-08,1232700
9.97714170869175e-08,1232800
9.97697273742688e-08,1232900
9.97680701881983e-08,1233000
9.97664460061526e-08,1233100
9.97648552957194e-08,1233200
9.97632985144642e-08,1233300
9.9761776109795e-08,1233400
9.97602885188125e-08,1233500
9.97588361681714e-08,1233600
9.97574194739518e-08,1233700
9.97560388415304e-08,1233800
9.97546946654531e-08,1233900
9.9753387329328e-08,1234000
9.97521172056984e-08,1234100
9.97508846559501e-08,1234200
9.97496900302041e-08,1234300
9.97485336672163e-08,1234400
9.97474158942889e-08,1234500
9.97463370271894e-08,1234600
9.97452973700631e-08,1234700
9.97442972153585e-08,1234800
9.97433368437597e-08,1234900
9.97424165241181e-08,1235000
9.97415365133992e-08,1235100
9.9740697056614e-08,1235200
9.97398983867878e-08,1235300
9.97391407248984e-08,1235400
9.97384242798524e-08,1235500
9.97377492484387e-08,1235600
9.97371158153072e-08,1235700
9.97365241529408e-08,1235800
9.97359744216414e-08,1235900
9.97354667695109e-08,1236000
9.97350013324468e-08,1236100
9.9734578234133e-08,1236200
9.97341975860492e-08,1236300
9.97338594874713e-08,1236400
9.97335640254829e-08,1236500
9.97333112749906e-08,1236600
9.9733101298748e-08,1236700
9.97329341473772e-08,1236800
9.97328098594007e-08,1236900
9.9732728461275e-08,1237000
9.97326899674273e-08,1237100
9.97326943803083e-08,1237200
9.97327416904249e-08,1237300
9.97328318764085e-08,1237400
9.97329649050593e-08,1237500
9.97331407314149e-08,1237600
9.97333592988105e-08,1237700
9.97336205389516e-08,1237800
9.97339243719845e-08,1237900
9.97342707065765e-08,1238000
9.97346594399944e-08,1238100
9.97350904581883e-08,1238200
9.97355636358873e-08,1238300
9.97360788366817e-08,1238400
9.97366359131266e-08,1238500
9.97372347068397e-08,1238600
9.97378750486028e-08,1238700
9.97385567584702e-08,1238800
9.97392796458734e-08,1238900
9.97400435097432e-08,1239000
9.97408481386145e-08,1239100
9.97416933107574e-08,1239200
9.97425787942853e-08,1239300
9.97435043472943e-08,1239400
9.97444697179776e-08,1239500
9.97454746447681e-08,1239600
9.97465188564601e-08,1239700
9.97476020723516e-08,1239800
9.97487240023821e-08,1239900
9.97498843472677e-08,1240000
9.97510827986511e-08,1240100
9.97523190392393e-08,1240200
9.97535927429554e-08,1240300
9.97549035750833e-08,1240400
9.97562511924236e-08,1240500
9.97576352434377e-08,1240600
9.97590553684124e-08,1240700
9.9760511199608e-08,1240800
9.97620023614175e-08,1240900
9.97635284705271e-08,1241000
9.97650891360759e-08,1241100
9.9766683959815e-08,1241200
9.97683125362732e-08,1241300
9.97699744529179e-08,1241400
9.97716692903249e-08,1241500
9.97733966223349e-08,1241600
9.97751560162302e-08,1241700
9.97769470328972e-08,1241800
9.97787692269917e-08,1241900
9.97806221471105e-08,1242000
9.97825053359642e-08,1242100
9.97844183305362e-08,1242200
9.9786360662262e-08,1242300
9.97883318571968e-08,1242400
9.97903314361808e-08,1242500
9.9792358915017e-08,1242600
9.97944138046333e-08,1242700
9.97964956112596e-08,1242800
9.97986038365948e-08,1242900
9.9800737977974e-08,1243000
9.98028975285427e-08,1243100
9.98050819774214e-08,1243200
9.98072908098785e-08,1243300
9.98095235074919e-08,1243400
9.9811779548326e-08,1243500
9.98140584070868e-08,1243600
9.98163595552965e-08,1243700
9.98186824614555e-08,1243800
9.98210265912057e-08,1243900
9.98233914074971e-08,1244000
9.98257763707457e-08,1244100
9.98281809389969e-08,1244200
9.98306045680875e-08,1244300
9.98330467118003e-08,1244400
9.98355068220228e-08,1244500
9.98379843489089e-08,1244600
9.98404787410256e-08,1244700
9.98429894455096e-08,1244800
9.98455159082242e-08,1244900
9.9848057573899e-08,1245000
9.98506138862914e-08,1245100
9.98531842883265e-08,1245200
9.98557682222383e-08,1245300
9.9858365129725e-08,1245400
9.98609744520817e-08,1245500
9.98635956303456e-08,1245600
9.98662281054344e-08,1245700
9.98688713182767e-08,1245800
9.98715247099539e-08,1245900
9.98741877218315e-08,1246000
9.98768597956853e-08,1246100
9.98795403738353e-08,1246200
9.98822288992677e-08,1246300
9.98849248157656e-08,1246400
9.98876275680231e-08,1246500
9.9890336601773e-08,1246600
9.9893051363899e-08,1246700
9.98957713025565e-08,1246800
9.98984958672839e-08,1246900
9.99012245091118e-08,1247000
9.99039566806766e-08,1247100
9.99066918363254e-08,1247200
9.99094294322184e-08,1247300
9.99121689264356e-08,1247400
9.99149097790734e-08,1247500
9.99176514523428e-08,1247600
9.99203934106662e-08,1247700
9.99231351207697e-08,1247800
9.99258760517699e-08,1247900
9.99286156752723e-08,1248000
9.99313534654451e-08,1248100
9.99340888991119e-08,1248200
9.99368214558287e-08,1248300
9.99395506179611e-08,1248400
9.99422758707668e-08,1248500
9.9944996702464e-08,1248600
9.9947712604307e-08,1248700
9.99504230706534e-08,1248800
9.99531275990314e-08,1248900
9.99558256902072e-08,1249000
9.99585168482425e-08,1249100
9.99612005805618e-08,1249200
9.9963876398002e-08,1249300
9.99665438148746e-08,1249400
9.99692023490168e-08,1249500
9.99718515218414e-08,1249600
9.99744908583863e-08,1249700
9.9977119887365e-08,1249800
9.99797381412018e-08,1249900
9.99823451560849e-08,1250000
9.99849404719998e-08,1250100
9.99875236327688e-08,1250200
9.99900941860852e-08,1250300
9.99926516835518e-08,1250400
9.99951956807078e-08,1250500
9.99977257370613e-08,1250600
1.00000241416113e-07,1250700
1.00002742285389e-07,1250800
1.00005227916456e-07,1250900
1.00007697884951e-07,1251000
1.00010151770592e-07,1251100
1.00012589157205e-07,1251200
1.00015009632736e-07,1251300
1.00017412789265e-07,1251400
1.00019798223019e-07,1251500
1.00022165534381e-07,1251600
1.00024514327901e-07,1251700
1.00026844212309e-07,1251800
1.00029154800504e-07,1251900
1.00031445709577e-07,1252000
1.00033716560803e-07,1252100
1.00035966979642e-07,1252200
1.00038196595742e-07,1252300
1.00040405042937e-07,1252400
1.00042591959238e-07,1252500
1.00044756986835e-07,1252600
1.00046899772084e-07,1252700
1.00049019965508e-07,1252800
1.00051117221776e-07,1252900
1.00053191199706e-07,1253000
1.00055241562242e-07,1253100
1.00057267976451e-07,1253200
1.00059270113501e-07,1253300
1.0006124764865e-07,1253400
1.00063200261232e-07,1253500
1.00065127634633e-07,1253600
1.00067029456287e-07,1253700
1.00068905417634e-07,1253800
1.00070755214126e-07,1253900
1.00072578545186e-07,1254000
1.00074375114196e-07,1254100
1.00076144628475e-07,1254200
1.00077886799251e-07,1254300
1.00079601341637e-07,1254400
1.00081287974615e-07,1254500
1.00082946420998e-07,1254600
1.00084576407412e-07,1254700
1.00086177664268e-07,1254800
1.00087749925733e-07,1254900
1.00089292929706e-07,1255000
1.00090806417784e-07,1255100
1.00092290135239e-07,1255200
1.00093743830984e-07,1255300
1.0009516725755e-07,1255400
1.00096560171047e-07,1255500
1.00097922331142e-07,1255600
1.00099253501027e-07,1255700
1.00100553447385e-07,1255800
1.0010182194036e-07,1255900
1.00103058753528e-07,1256000
1.00104263663865e-07,1256100
1.00105436451715e-07,1256200
1.00106576900759e-07,1256300
1.00107684797982e-07,1256400
1.00108759933644e-07,1256500
1.00109802101246e-07,1256600
1.00110811097501e-07,1256700
1.00111786722299e-07,1256800
1.00112728778681e-07,1256900
1.00113637072798e-07,1257000
1.00114511413893e-07,1257100
1.00115351614259e-07,1257200
1.00116157489214e-07,1257300
1.00116928857067e-07,1257400
1.00117665539091e-07,1257500
1.0011836735949e-07,1257600
1.00119034145371e-07,1257700
1.00119665726713e-07,1257800
1.00120261936339e-07,1257900
1.00120822609887e-07,1258000
1.00121347585779e-07,1258100
1.00121836705199e-07,1258200
1.00122289812058e-07,1258300
1.00122706752972e-07,1258400
1.00123087377234e-07,1258500
1.00123431536784e-07,1258600
1.00123739086189e-07,1258700
1.00124009882617e-07,1258800
1.00124243785805e-07,1258900
1.00124440658042e-07,1259000
1.00124600364145e-07,1259100
1.00124722771433e-07,1259200
1.00124807749705e-07,1259300
1.00124855171218e-07,1259400
1.00124864910669e-07,1259500
1.00124836845169e-07,1259600
1.00124770854225e-07,1259700
1.00124666819726e-07,1259800
1.00124524625911e-07,1259900
1.00124344159367e-07,1260000
1.00124125308999e-07,1260100
1.0012386796602e-07,1260200
1.00123572023931e-07,1260300
1.00123237378511e-07,1260400
1.00122863927795e-07,1260500
1.00122451572068e-07,1260600
1.00122000213846e-07,1260700
1.00121509757865e-07,1260800
1.00120980111068e-07,1260900
1.00120411182603e-07,1261000
1.00119802883797e-07,1261100
1.00119155128163e-07,1261200
1.00118467831375e-07,1261300
1.00117740911276e-07,1261400
1.00116974287859e-07,1261500
1.00116167883268e-07,1261600
1.00115321621787e-07,1261700
1.00114435429836e-07,1261800
1.00113509235974e-07,1261900
1.00112542970886e-07,1262000
1.00111536567384e-07,1262100
1.00110489960407e-07,1262200
1.00109403087019e-07,1262300
1.00108275886405e-07,1262400
1.00107108299881e-07,1262500
1.00105900270884e-07,1262600
1.0010465174498e-07,1262700
1.00103362669868e-07,1262800
1.0010203299538e-07,1262900
1.00100662673486e-07,1263000
1.00099251658301e-07,1263100
1.00097799906089e-07,1263200
1.00096307375271e-07,1263300
1.00094774026429e-07,1263400
1.00093199822319e-07,1263500
1.00091584727875e-07,1263600
1.0008992871022e-07,1263700
1.00088231738678e-07,1263800
1.00086493784784e-07,1263900
1.00084714822289e-07,1264000
1.00082894827186e-07,1264100
1.0008103377771e-07,1264200
1.00079131654355e-07,1264300
1.00077188439893e-07,1264400
1.00075204119383e-07,1264500
1.00073178680189e-07,1264600
1.00071112111996e-07,1264700
1.00069004406828e-07,1264800
1.00066855559059e-07,1264900
1.00064665565445e-07,1265000
1.00062434425122e-07,1265100
1.00060162139646e-07,1265200
1.00057848712996e-07,1265300
1.00055494151607e-07,1265400
1.00053098464381e-07,1265500
1.00050661662715e-07,1265600
1.00048183760519e-07,1265700
1.00045664774239e-07,1265800
1.00043104722882e-07,1265900
1.00040503628038e-07,1266000
1.00037861513901e-07,1266100
1.00035178407299e-07,1266200
1.00032454337713e-07,1266300
1.00029689337307e-07,1266400
1.00026883440948e-07,1266500
1.00024036686238e-07,1266600
1.00021149113536e-07,1266700
1.00018220765987e-07,1266800
1.00015251689547e-07,1266900
1.00012241933013e-07,1267000
1.00009191548049e-07,1267100
1.00006100589212e-07,1267200
1.00002969113984e-07,1267300
9.99997971828027e-08,1267400
9.99965848590831e-08,1267500
9.99933322092508e-08,1267600
9.99900393027712e-08,1267700
9.99867062121805e-08,1267800
9.99833330131108e-08,1267900
9.99799197843267e-08,1268000
9.99764666077495e-08,1268100
9.99729735684878e-08,1268200
9.99694407548752e-08,1268300
9.99658682584923e-08,1268400
9.99622561741963e-08,1268500
9.99586046001617e-08,1268600
9.99549136379037e-08,1268700
9.9951183392309e-08,1268800
9.99474139716675e-08,1268900
9.9943605487705e-08,1269000
9.99397580556077e-08,1269100
9.99358717940647e-08,1269200
9.9931946825286e-08,1269300
9.99279832750394e-08,1269400
9.99239812726826e-08,1269500
9.99199409511866e-08,1269600
9.99158624471735e-08,1269700
9.9911745900943e-08,1269800
9.99075914565006e-08,1269900
9.99033992615942e-08,1270000
9.98991694677329e-08,1270100
9.98949022302257e-08,1270200
9.9890597708205e-08,1270300
9.98862560646582e-08,1270400
9.9881877466456e-08,1270500
9.98774620843788e-08,1270600
9.9873010093143e-08,1270700
9.98685216714351e-08,1270800
9.98639970019315e-08,1270900
9.98594362713285e-08,1271000
9.98548396703679e-08,1271100
9.98502073938639e-08,1271200
9.98455396407265e-08,1271300
9.98408366139871e-08,1271400
9.98360985208245e-08,1271500
9.9831325572586e-08,1271600
9.98265179848096e-08,1271700
9.98216759772539e-08,1271800
9.9816799773913e-08,1271900
9.98118896030388e-08,1272000
9.98069456971662e-08,1272100
9.98019682931284e-08,1272200
9.97969576320781e-08,1272300
9.97919139595103e-08,1272400
9.97868375252734e-08,1272500
9.97817285835921e-08,1272600
9.97765873930817e-08,1272700
9.97714142167641e-08,1272800
9.97662093220855e-08,1272900
9.9760972980925e-08,1273000
9.97557054696141e-08,1273100
9.97504070689454e-08,1273200
9.97450780641876e-08,1273300
9.97397187450944e-08,1273400
9.97343294059105e-08,1273500
9.97289103453896e-08,1273600
9.9723461866795e-08,1273700
9.97179842779085e-08,1273800
9.97124778910386e-08,1273900
9.97069430230235e-08,1274000
9.9701379995235e-08,1274100
9.96957891335817e-08,1274200
9.96901707685133e-08,1274300
9.96845252350206e-08,1274400
9.96788528726272e-08,1274500
9.96731540254029e-08,1274600
9.96674290419494e-08,1274700
9.96616782754021e-08,1274800
9.96559020834246e-08,1274900
9.96501008281966e-08,1275000
9.96442748764193e-08,1275100
9.9638424599294e-08,1275200
9.96325503725214e-08,1275300
9.9626652576286e-08,1275400
9.96207315952467e-08,1275500
9.96147878185196e-08,1275600
9.96088216396675e-08,1275700
9.96028334566811e-08,1275800
9.95968236719665e-08,1275900
9.95907926923161e-08,1276000
9.9584740928901e-08,1276100
9.95786687972407e-08,1276200
9.9572576717186e-08,1276300
9.95664651128907e-08,1276400
9.95603344127898e-08,1276500
9.95541850495718e-08,1276600
9.95480174601491e-08,1276700
9.95418320856259e-08,1276800
9.95356293712751e-08,1276900
9.95294097664985e-08,1277000
9.95231737247989e-08,1277100
9.95169217037371e-08,1277200
9.95106541649048e-08,1277300
9.9504371573877e-08,1277400
9.949807440018e-08,1277500
9.94917631172458e-08,1277600
9.94854382023739e-08,1277700
9.94791001366794e-08,1277800
9.94727494050579e-08,1277900
9.94663864961329e-08,1278000
9.94600119022063e-08,1278100
9.94536261192126e-08,1278200
9.94472296466659e-08,1278300
9.94408229876087e-08,1278400
9.94344066485536e-08,1278500
9.94279811394326e-08,1278600
9.94215469735396e-08,1278700
9.94151046674702e-08,1278800
9.94086547410611e-08,1278900
9.94021977173344e-08,1279000
9.93957341224265e-08,1279100
9.93892644855351e-08,1279200
9.93827893388412e-08,1279300
9.93763092174538e-08,1279400
9.93698246593337e-08,1279500
9.93633362052296e-08,1279600
9.93568443986045e-08,1279700
9.93503497855612e-08,1279800
9.93438529147759e-08,1279900
9.93373543374166e-08,1280000
9.93308546070718e-08,1280100
9.93243542796667e-08,1280200
9.93178539133956e-08,1280300
9.93113540686281e-08,1280400
9.93048553078419e-08,1280500
9.92983581955298e-08,1280600
9.92918632981225e-08,1280700
9.92853711839018e-08,1280800
9.92788824229148e-08,1280900
9.92723975868864e-08,1281000
9.92659172491348e-08,1281100
9.92594419844781e-08,1281200
9.92529723691455e-08,1281300
9.9246508980687e-08,1281400
9.92400523978857e-08,1281500
9.92336032006531e-08,1281600
9.92271619699468e-08,1281700
9.92207292876679e-08,1281800
9.92143057365716e-08,1281900
9.9207891900165e-08,1282000
9.92014883626106e-08,1282100
9.91950957086315e-08,1282200
9.91887145234105e-08,1282300
9.91823453924847e-08,1282400
9.91759889016564e-08,1282500
9.91696456368813e-08,1282600
9.91633161841731e-08,1282700
9.91570011294972e-08,1282800
9.91507010586711e-08,1282900
9.91444165572577e-08,1283000
9.91381482104643e-08,1283100
9.91318966030365e-08,1283200
9.91256623191509e-08,1283300
9.91194459423166e-08,1283400
9.91132480552624e-08,1283500
9.91070692398338e-08,1283600
9.91009100768888e-08,1283700
9.90947711461881e-08,1283800
9.90886530262892e-08,1283900
9.90825562944429e-08,1284000
9.90764815264811e-08,1284100
9.90704292967146e-08,1284200
9.90644001778217e-08,1284300
9.90583947407466e-08,1284400
9.90524135545887e-08,1284500
9.90464571864932e-08,1284600
9.90405262015514e-08,1284700
9.9034621162691e-08,1284800
9.90287426305643e-08,1284900
9.90228911634551e-08,1285000
9.90170673171588e-08,1285100
9.90112716448845e-08,1285200
9.90055046971507e-08,1285300
9.89997670216774e-08,1285400
9.89940591632829e-08,1285500
9.89883816637816e-08,1285600
9.89827350618805e-08,1285700
9.89771198930742e-08,1285800
9.8971536689548e-08,1285900
9.89659859800727e-08,1286000
9.89604682899055e-08,1286100
9.8954984140691e-08,1286200
9.89495340503602e-08,1286300
9.89441185330377e-08,1286400
9.89387380989371e-08,1286500
9.8933393254271e-08,1286600
9.89280845011555e-08,1286700
9.89228123375087e-08,1286800
9.89175772569683e-08,1286900
9.89123797487936e-08,1287000
9.89072202977736e-08,1287100
9.89020993841393e-08,1287200
9.88970174834762e-08,1287300
9.8891975066636e-08,1287400
9.88869725996506e-08,1287500
9.88820105436424e-08,1287600
9.8877089354752e-08,1287700
9.88722094840478e-08,1287800
9.88673713774456e-08,1287900
9.88625754756334e-08,1288000
9.88578222139922e-08,1288100
9.88531120225174e-08,1288200
9.88484453257471e-08,1288300
9.88438225426883e-08,1288400
9.88392440867481e-08,1288500
9.88347103656568e-08,1288600
9.88302217814074e-08,1288700
9.8825778730185e-08,1288800
9.8821381602303e-08,1288900
9.88170307821406e-08,1289000
9.88127266480826e-08,1289100
9.8808469572456e-08,1289200
9.88042599214788e-08,1289300
9.88000980551942e-08,1289400
9.879598432743e-08,1289500
9.87919190857358e-08,1289600
9.87879026713363e-08,1289700
9.87839354190847e-08,1289800
9.87800176574149e-08,1289900
9.87761497082932e-08,1290000
9.87723318871853e-08,1290100
9.8768564503007e-08,1290200
9.87648478580888e-08,1290300
9.87611822481402e-08,1290400
9.87575679622125e-08,1290500
9.87540052826725e-08,1290600
9.87504944851604e-08,1290700
9.87470358385738e-08,1290800
9.87436296050321e-08,1290900
9.87402760398599e-08,1291000
9.87369753915564e-08,1291100
9.87337279017788e-08,1291200
9.87305338053255e-08,1291300
9.87273933301165e-08,1291400
9.87243066971805e-08,1291500
9.87212741206429e-08,1291600
9.87182958077141e-08,1291700
9.87153719586827e-08,1291800
9.87125027669076e-08,1291900
9.87096884188159e-08,1292000
9.87069290938963e-08,1292100
9.87042249647017e-08,1292200
9.87015761968528e-08,1292300
9.86989829490351e-08,1292400
9.86964453730103e-08,1292500
9.86939636136213e-08,1292600
9.86915378088006e-08,1292700
9.86891680895828e-08,1292800
9.8686854580115e-08,1292900
9.86845973976736e-08,1293000
9.86823966526832e-08,1293100
9.86802524487279e-08,1293200
9.8678164882579e-08,1293300
9.86761340442095e-08,1293400
9.86741600168252e-08,1293500
9.86722428768814e-08,1293600
9.86703826941202e-08,1293700
9.86685795315876e-08,1293800
9.86668334456716e-08,1293900
9.86651444861305e-08,1294000
9.86635126961261e-08,1294100
9.86619381122598e-08,1294200
9.86604207646056e-08,1294300
9.86589606767524e-08,1294400
9.8657557865838e-08,1294500
9.86562123425927e-08,1294600
9.86549241113779e-08,1294700
9.86536931702324e-08,1294800
9.86525195109127e-08,1294900
9.86514031189426e-08,1295000
9.86503439736549e-08,1295100
9.86493420482414e-08,1295200
9.86483973098014e-08,1295300
9.86475097193917e-08,1295400
9.86466792320757e-08,1295500
9.8645905796976e-08,1295600
9.86451893573272e-08,1295700
9.86445298505256e-08,1295800
9.86439272081909e-08,1295900
9.86433813562143e-08,1296000
9.86428922148124e-08,1296100
9.86424596985927e-08,1296200
9.86420837166022e-08,1296300
9.86417641723862e-08,1296400
9.86415009640508e-08,1296500
9.86412939843135e-08,1296600
9.86411431205696e-08,1296700
9.8641048254947e-08,1296800
9.86410092643704e-08,1296900
9.86410260206102e-08,1297000
9.86410983903576e-08,1297100
9.86412262352739e-08,1297200
9.86414094120548e-08,1297300
9.86416477724897e-08,1297400
9.86419411635267e-08,1297500
9.86422894273248e-08,1297600
9.86426924013232e-08,1297700
9.86431499182936e-08,1297800
9.86436618064099e-08,1297900
9.86442278892959e-08,1298000
9.86448479861007e-08,1298100
9.86455219115433e-08,1298200
9.86462494759813e-08,1298300
9.86470304854665e-08,1298400
9.86478647418028e-08,1298500
9.86487520426077e-08,1298600
9.86496921813679e-08,1298700
9.86506849474903e-08,1298800
9.8651730126372e-08,1298900
9.8652827499443e-08,1299000
9.86539768442279e-08,1299100
9.8655177934399e-08,1299200
9.86564305398333e-08,1299300
9.86577344266573e-08,1299400
9.86590893573077e-08,1299500
9.86604950905794e-08,1299600
9.86619513816744e-08,1299700
9.86634579822555e-08,1299800
9.86650146404886e-08,1299900
