6.79156312090349e-12,-1300000
6.84894966223711e-12,-1299900
6.91352158683313e-12,-1299800
6.98520131528987e-12,-1299700
7.06389333300189e-12,-1299600
7.1494843756216e-12,-1299500
7.24184366755477e-12,-1299400
7.34082321281451e-12,-1299300
7.44625813737618e-12,-1299200
7.55796708201057e-12,-1299100
7.67575264439716e-12,-1299000
7.79940186916295e-12,-1298900
7.92868678432502e-12,-1298800
8.063364982464e-12,-1298700
8.20318024481158e-12,-1298600
8.34786320628334e-12,-1298500
8.4971320593643e-12,-1298400
8.65069329462014e-12,-1298300
8.80824247548896e-12,-1298200
8.96946504489796e-12,-1298100
9.13403716114903e-12,-1298000
9.30162656041532e-12,-1297900
9.4718934431194e-12,-1297800
9.64449138137541e-12,-1297700
9.81906824462402e-12,-1297600
9.99526714052742e-12,-1297500
1.01727273681492e-11,-1297400
1.03510853804117e-11,-1297300
1.05299757527975e-11,-1297200
1.07090321552478e-11,-1297100
1.08878883242139e-11,-1297000
1.10661790318188e-11,-1296900
1.12435410491092e-11,-1296800
1.14196141004066e-11,-1296700
1.15940418058057e-11,-1296600
1.1766472608915e-11,-1296500
1.19365606869999e-11,-1296400
1.21039668407516e-11,-1296300
1.22683593609876e-11,-1296200
1.24294148696752e-11,-1296100
1.25868191327684e-11,-1296000
1.27402678424474e-11,-1295900
1.2889467366472e-11,-1295800
1.30341354624711e-11,-1295700
1.31740019551231e-11,-1295600
1.33088093743159e-11,-1295500
1.3438313552511e-11,-1295400
1.3562284179688e-11,-1295300
1.36805053143914e-11,-1295200
1.37927758495567e-11,-1295100
1.38989099319568e-11,-1295000
1.39987373342651e-11,-1294900
1.40921037789016e-11,-1294800
1.41788712129906e-11,-1294700
1.42589180339351e-11,-1294600
1.433213926527e-11,-1294500
1.43984466826373e-11,-1294400
1.44577688898876e-11,-1294300
1.4510051345488e-11,-1294200
1.45552563395704e-11,-1294100
1.45933629221345e-11,-1294000
1.4624366783068e-11,-1293900
1.46482800848103e-11,-1293800
1.46651312486414e-11,-1293700
1.46749646957239e-11,-1293600
1.4677840544171e-11,-1293500
1.46738342635563e-11,-1293400
1.46630362884112e-11,-1293300
1.4645551592382e-11,-1293200
1.46214992248399e-11,-1293100
1.45910118118515e-11,-1293000
1.45542350235186e-11,-1292900
1.45113270097961e-11,-1292800
1.44624578069852e-11,-1292700
1.44078087171761e-11,-1292600
1.43475716629898e-11,-1292500
1.42819485200322e-11,-1292400
1.42111504295166e-11,-1292300
1.41353970935691e-11,-1292200
1.40549160557537e-11,-1292100
1.39699419693863e-11,-1292000
1.3880715856215e-11,-1291900
1.3787484358059e-11,-1291800
1.36904989839844e-11,-1291700
1.3590015355589e-11,-1291600
1.34862924529454e-11,-1291500
1.33795918637128e-11,-1291400
1.32701770378985e-11,-1291300
1.31583125506882e-11,-1291200
1.30442633757184e-11,-1291100
1.29282941710865e-11,-1291000
1.28106685803286e-11,-1290900
1.26916485505084e-11,-1290800
1.25714936694743e-11,-1290700
1.24504605242416e-11,-1290600
1.23288020823606e-11,-1290500
1.22067670980165e-11,-1290400
1.20845995444983e-11,-1290300
1.1962538074553e-11,-1290200
1.18408155100145e-11,-1290100
1.17196583619755e-11,-1290000
1.15992863826342e-11,-1289900
1.14799121498168e-11,-1289800
1.13617406850363e-11,-1289700
1.12449691058152e-11,-1289600
1.11297863128524e-11,-1289500
1.10163727124831e-11,-1289400
1.09048999747304e-11,-1289300
1.07955308271105e-11,-1289200
1.0688418884218e-11,-1289100
1.05837085129701e-11,-1289000
1.04815347332596e-11,-1288900
1.03820231536292e-11,-1288800
1.02852899414498e-11,-1288700
1.01914418269548e-11,-1288600
1.01005761403641e-11,-1288500
1.00127808812067e-11,-1288400
9.92813481883989e-12,-1288300
9.84670762305098e-12,-1288200
9.76856002352649e-12,-1288100
9.69374399687492e-12,-1288000
9.62230297979722e-12,-1287900
9.5542721069148e-12,-1287800
9.48967847169019e-12,-1287700
9.42854140879944e-12,-1287600
9.37087279625723e-12,-1287500
9.31667737553984e-12,-1287400
9.26595308790071e-12,-1287300
9.2186914250357e-12,-1287200
9.17487779222685e-12,-1287100
9.13449188206379e-12,-1287000
9.09750805683123e-12,-1286900
9.06389573764491e-12,-1286800
9.03361979841403e-12,-1286700
9.00664096272584e-12,-1286600
8.98291620175553e-12,-1286500
8.96239913133843e-12,-1286400
8.94504040636986e-12,-1286300
8.93078811073636e-12,-1286200
8.91958814103806e-12,-1286100
8.91138458240337e-12,-1286000
8.90612007477102e-12,-1285900
8.90373616807694e-12,-1285800
8.90417366485356e-12,-1285700
8.90737294883851e-12,-1285600
8.91327429826295e-12,-1285500
8.92181818259365e-12,-1285400
8.93294554158034e-12,-1285300
8.94659804557941e-12,-1285200
8.96271833620674e-12,-1285100
8.98125024649501e-12,-1285000
9.00213899982998e-12,-1284900
9.02533138705392e-12,-1284800
9.05077592123942e-12,-1284700
9.07842296974528e-12,-1284600
9.10822486328792e-12,-1284500
9.14013598187375e-12,-1284400
9.1741128175516e-12,-1284300
9.21011401406096e-12,-1284200
9.24810038356732e-12,-1284100
9.2880349007833e-12,-1284000
9.3298826748856e-12,-1283900
9.37361089974908e-12,-1283800
9.4191887831144e-12,-1283700
9.46658745541729e-12,-1283600
9.51577985909684e-12,-1283500
9.56674061929513e-12,-1283400
9.61944589695019e-12,-1283300
9.67387322536194e-12,-1283200
9.73000133139867e-12,-1283100
9.78780994257194e-12,-1283000
9.84727958128075e-12,-1282900
9.90839134758587e-12,-1282800
9.97112669192441e-12,-1282700
1.00354671792253e-11,-1282600
1.01013942459266e-11,-1282500
1.01688889514211e-11,-1282400
1.02379317254951e-11,-1282300
1.03085021133322e-11,-1282200
1.03805785196693e-11,-1282100
1.04541379536996e-11,-1282000
1.05291557763065e-11,-1281900
1.06056054512079e-11,-1281800
1.06834583015713e-11,-1281700
1.07626832736292e-11,-1281600
1.08432467088018e-11,-1281500
1.09251121257865e-11,-1281400
1.10082400140343e-11,-1281300
1.10925876399739e-11,-1281200
1.11781088672964e-11,-1281100
1.12647539925347e-11,-1281000
1.1352469597118e-11,-1280900
1.14411984169924e-11,-1280800
1.1530879230824e-11,-1280700
1.16214467677185e-11,-1280600
1.17128316352935e-11,-1280500
1.18049602688562e-11,-1280400
1.18977549023316e-11,-1280300
1.19911335614936e-11,-1280200
1.20850100799467e-11,-1280100
1.21792941381997e-11,-1280000
1.22738913260624e-11,-1279900
1.23687032284994e-11,-1279800
1.24636275349511e-11,-1279700
1.25585581720313e-11,-1279600
1.26533854594034e-11,-1279500
1.27479962885183e-11,-1279400
1.28422743238019e-11,-1279300
1.29361002257575e-11,-1279200
1.30293518953658e-11,-1279100
1.31219047390382e-11,-1279000
1.32136319533004e-11,-1278900
1.33044048282751e-11,-1278800
1.33940930689451e-11,-1278700
1.34825651330882e-11,-1278600
1.35696885846929e-11,-1278500
1.3655330461582e-11,-1278400
1.37393576559009e-11,-1278300
1.38216373060563e-11,-1278200
1.39020371986288e-11,-1278100
1.3980426178728e-11,-1278000
1.40566745672057e-11,-1277900
1.41306545831003e-11,-1277800
1.42022407696521e-11,-1277700
1.427131042219e-11,-1277600
1.43377440161762e-11,-1277500
1.44014256336763e-11,-1277400
1.4462243386511e-11,-1277300
1.45200898343478e-11,-1277200
1.45748623959946e-11,-1277100
1.46264637521713e-11,-1277000
1.46748022380576e-11,-1276900
1.47197922239374e-11,-1276800
1.47613544823002e-11,-1276700
1.47994165398035e-11,-1276600
1.48339130125371e-11,-1276500
1.48647859231025e-11,-1276400
1.48919849980625e-11,-1276300
1.49154679444077e-11,-1276200
1.493520070373e-11,-1276100
1.49511576829047e-11,-1276000
1.49633219601432e-11,-1275900
1.49716854653752e-11,-1275800
1.49762491340217e-11,-1275700
1.49770230333019e-11,-1275600
1.49740264603394e-11,-1275500
1.49672880114142e-11,-1275400
1.49568456218454e-11,-1275300
1.49427465760691e-11,-1275200
1.49250474876179e-11,-1275100
1.49038142487998e-11,-1275000
1.48791219500075e-11,-1274900
1.48510547687007e-11,-1274800
1.48197058282121e-11,-1274700
1.47851770266627e-11,-1274600
1.47475788363709e-11,-1274500
1.47070300742683e-11,-1274400
1.46636576439377e-11,-1274300
1.461759625001e-11,-1274200
1.45689880857579e-11,-1274100
1.45179824948371e-11,-1274000
1.44647356082191e-11,-1273900
1.44094099574692e-11,-1273800
1.43521740656104e-11,-1273700
1.42932020169042e-11,-1273600
1.42326730069662e-11,-1273500
1.41707708747158e-11,-1273400
1.41076836177272e-11,-1273300
1.40436028926203e-11,-1273200
1.39787235021924e-11,-1273100
1.3913242871045e-11,-1273000
1.384736051151e-11,-1272900
1.37812774817141e-11,-1272800
1.37151958376692e-11,-1272700
1.36493180812834e-11,-1272600
1.35838466062258e-11,-1272500
1.35189831435786e-11,-1272400
1.34549282092145e-11,-1272300
1.33918805548447e-11,-1272200
1.33300366246578e-11,-1272100
1.32695900194632e-11,-1272000
1.32107309702191e-11,-1271900
1.31536458227986e-11,-1271800
1.30985165358031e-11,-1271700
1.30455201931836e-11,-1271600
1.29948285333792e-11,-1271500
1.29466074966218e-11,-1271400
1.29010167919844e-11,-1271300
1.28582094856793e-11,-1271200
1.28183316120346e-11,-1271100
1.27815218084837e-11,-1271000
1.27479109758292e-11,-1270900
1.27176219649235e-11,-1270800
1.26907692908307e-11,-1270700
1.26674588754166e-11,-1270600
1.26477878192089e-11,-1270500
1.26318442032616e-11,-1270400
1.26197069216399e-11,-1270300
1.26114455450269e-11,-1270200
1.26071202158349e-11,-1270100
1.26067815750842e-11,-1270000
1.2610470721192e-11,-1269900
1.26182192006901e-11,-1269800
1.26300490307709e-11,-1269700
1.26459727534417e-11,-1269600
1.26659935209421e-11,-1269500
1.26901052119655e-11,-1269400
1.27182925781065e-11,-1269300
1.27505314198427e-11,-1269200
1.27867887912433e-11,-1269100
1.28270232324995e-11,-1269000
1.28711850292518e-11,-1268900
1.29192164976015e-11,-1268800
1.29710522935903e-11,-1268700
1.30266197458446e-11,-1268600
1.30858392099898e-11,-1268500
1.3148624443369e-11,-1268400
1.3214882998513e-11,-1268300
1.32845166337517e-11,-1268200
1.33574217392915e-11,-1268100
1.34334897770223e-11,-1268000
1.35126077322799e-11,-1267900
1.35946585757407e-11,-1267800
1.36795217335946e-11,-1267700
1.37670735641182e-11,-1267600
1.38571878387447e-11,-1267500
1.39497362257248e-11,-1267400
1.40445887744643e-11,-1267300
1.41416143986228e-11,-1267200
1.42406813560903e-11,-1267100
1.43416577239446e-11,-1267000
1.44444118665561e-11,-1266900
1.45488128950123e-11,-1266800
1.46547311160943e-11,-1266700
1.47620384690699e-11,-1266600
1.48706089486464e-11,-1266500
1.49803190124617e-11,-1266400
1.50910479715827e-11,-1266300
1.52026783625451e-11,-1266200
1.53150962995473e-11,-1266100
1.54281918055072e-11,-1266000
1.55418591207682e-11,-1265900
1.56559969883544e-11,-1265800
1.57705089147524e-11,-1265700
1.58853034053304e-11,-1265600
1.60002941735826e-11,-1265500
1.61154003235249e-11,-1265400
1.62305465046638e-11,-1265300
1.63456630390824e-11,-1265200
1.6460686020311e-11,-1265100
1.6575557383756e-11,-1265000
1.6690224948593e-11,-1264900
1.68046424311388e-11,-1264800
1.69187694298513e-11,-1264700
1.70325713822051e-11,-1264600
1.71460194938324e-11,-1264500
1.72590906404091e-11,-1264400
1.73717672429034e-11,-1264300
1.74840371169019e-11,-1264200
1.7595893296837e-11,-1264100
1.77073338360496e-11,-1264000
1.78183615837217e-11,-1263900
1.79289839397986e-11,-1263800
1.80392125891319e-11,-1263700
1.81490632161382e-11,-1263600
1.82585552013721e-11,-1263500
1.8367711301463e-11,-1263400
1.84765573139621e-11,-1263300
1.85851217286779e-11,-1263200
1.86934353671595e-11,-1263100
1.88015310120251e-11,-1263000
1.89094430278709e-11,-1262900
1.901720697554e-11,-1262800
1.91248592215498e-11,-1262700
1.92324365444978e-11,-1262600
1.93399757402848e-11,-1262500
1.944751322798e-11,-1262400
1.95550846581727e-11,-1262300
1.96627245256261e-11,-1262200
1.97704657880353e-11,-1262100
1.98783394926651e-11,-1262000
1.99863744126116e-11,-1261900
2.00945966943848e-11,-1261800
2.02030295184571e-11,-1261700
2.03116927743912e-11,-1261600
2.0420602752053e-11,-1261500
2.0529771850398e-11,-1261400
2.06392083052013e-11,-1261300
2.07489159370485e-11,-1261200
2.08588939207981e-11,-1261100
2.09691365776545e-11,-1261000
2.10796331908665e-11,-1260900
2.11903678459966e-11,-1260800
2.13013192965681e-11,-1260700
2.1412460855819e-11,-1260600
2.15237603151508e-11,-1260500
2.16351798897665e-11,-1260400
2.1746676191864e-11,-1260300
2.18582002316304e-11,-1260200
2.19696974461787e-11,-1260100
2.20811077564123e-11,-1260000
2.21923656517283e-11,-1259900
2.23034003023048e-11,-1259800
2.24141356986283e-11,-1259700
2.25244908177782e-11,-1259600
2.26343798158771e-11,-1259500
2.27437122460062e-11,-1259400
2.28523933007512e-11,-1259300
2.29603240784596e-11,-1259200
2.30674018721668e-11,-1259100
2.31735204800543e-11,-1259000
2.32785705362068e-11,-1258900
2.3382439860335e-11,-1258800
2.34850138250582e-11,-1258700
2.35861757392368e-11,-1258600
2.36858072458032e-11,-1258500
2.37837887324334e-11,-1258400
2.38799997533652e-11,-1258300
2.39743194606062e-11,-1258200
2.40666270427285e-11,-1258100
2.41568021693995e-11,-1258000
2.42447254397748e-11,-1257900
2.43302788328507e-11,-1257800
2.44133461578512e-11,-1257700
2.44938135027304e-11,-1257600
2.45715696788516e-11,-1257500
2.46465066599194e-11,-1257400
2.4718520013268e-11,-1257300
2.4787509321609e-11,-1257200
2.48533785933945e-11,-1257100
2.49160366599777e-11,-1257000
2.49753975578053e-11,-1256900
2.50313808939277e-11,-1256800
2.50839121931849e-11,-1256700
2.51329232254751e-11,-1256600
2.51783523116088e-11,-1256500
2.52201446063289e-11,-1256400
2.52582523571513e-11,-1256300
2.52926351378057e-11,-1256200
2.53232600551206e-11,-1256100
2.53501019283329e-11,-1256000
2.53731434398976e-11,-1255900
2.5392375256989e-11,-1255800
2.54077961230054e-11,-1255700
2.54194129185157e-11,-1255600
2.54272406912051e-11,-1255500
2.54313026545055e-11,-1255400
2.54316301547276e-11,-1255300
2.54282626066482e-11,-1255200
2.54212473976231e-11,-1255100
2.54106397604388e-11,-1255000
2.53965026152584e-11,-1254900
2.53789063811131e-11,-1254800
2.53579287575678e-11,-1254700
2.53336544772754e-11,-1254600
2.53061750302884e-11,-1254500
2.52755883610999e-11,-1254400
2.52419985395237e-11,-1254300
2.52055154066209e-11,-1254200
2.51662541970033e-11,-1254100
2.51243351389483e-11,-1254000
2.50798830338526e-11,-1253900
2.50330268166647e-11,-1253800
2.49838990990007e-11,-1253700
2.49326356967565e-11,-1253600
2.48793751440858e-11,-1253500
2.48242581956877e-11,-1253400
2.47674273194124e-11,-1253300
2.47090261812403e-11,-1253200
2.46491991247408e-11,-1253100
2.4588090647142e-11,-1253000
2.45258448741883e-11,-1252900
2.44626050359623e-11,-1252800
2.43985129458745e-11,-1252700
2.43337084850149e-11,-1252600
2.42683290940551e-11,-1252500
2.42025092748818e-11,-1252400
2.41363801040996e-11,-1252300
2.40700687605275e-11,-1252200
2.40036980687519e-11,-1252100
2.39373860607601e-11,-1252000
2.38712455576105e-11,-1251900
2.38053837730325e-11,-1251800
2.37399019407635e-11,-1251700
2.36748949673599e-11,-1251600
2.36104511121117e-11,-1251500
2.3546651695602e-11,-1251400
2.34835708383397e-11,-1251300
2.3421275230786e-11,-1251200
2.33598239359744e-11,-1251100
2.3299268225796e-11,-1251000
2.3239651451897e-11,-1250900
2.31810089520047e-11,-1250800
2.31233679923472e-11,-1250700
2.30667477467009e-11,-1250600
2.30111593124504e-11,-1250500
2.29566057639061e-11,-1250400
2.29030822429487e-11,-1250300
2.28505760869596e-11,-1250200
2.27990669938061e-11,-1250100
2.27485272235221e-11,-1250000
2.26989218361564e-11,-1249900
2.26502089651318e-11,-1249800
2.26023401252785e-11,-1249700
2.25552605545886e-11,-1249600
2.2508909588573e-11,-1249500
2.24632210659662e-11,-1249400
2.24181237643967e-11,-1249300
2.23735418644942e-11,-1249200
2.23293954407826e-11,-1249100
2.22856009775869e-11,-1249000
2.22420719080668e-11,-1248900
2.21987191743758e-11,-1248800
2.21554518068432e-11,-1248700
2.21121775199831e-11,-1248600
2.20688033230427e-11,-1248500
2.20252361427349e-11,-1248400
2.19813834557063e-11,-1248300
2.19371539282569e-11,-1248200
2.1892458060754e-11,-1248100
2.18472088341546e-11,-1248000
2.18013223560048e-11,-1247900
2.17547185032707e-11,-1247800
2.1707321559337e-11,-1247700
2.16590608425068e-11,-1247600
2.16098713233435e-11,-1247500
2.15596942282174e-11,-1247400
2.15084776264267e-11,-1247300
2.14561769983417e-11,-1247200
2.14027557820105e-11,-1247100
2.13481858957859e-11,-1247000
2.12924482345445e-11,-1246900
2.12355331371796e-11,-1246800
2.1177440823137e-11,-1246700
2.11181817958269e-11,-1246600
2.10577772108946e-11,-1246500
2.09962592074007e-11,-1246400
2.09336712001265e-11,-1246300
2.08700681313109e-11,-1246200
2.08055166802819e-11,-1246100
2.07400954295915e-11,-1246000
2.06738949863967e-11,-1245900
2.06070180579969e-11,-1245800
2.05395794805976e-11,-1245700
2.04717062005288e-11,-1245600
2.04035372073174e-11,-1245500
2.03352234181969e-11,-1245400
2.02669275137942e-11,-1245300
2.01988237249277e-11,-1245200
2.01310975706214e-11,-1245100
2.00639455476223e-11,-1245000
1.99975747718924e-11,-1244900
1.99322025727202e-11,-1244800
1.98680560402813e-11,-1244700
1.98053715276555e-11,-1244600
1.97443941084762e-11,-1244500
1.96853769915716e-11,-1244400
1.96285808941145e-11,-1244300
1.95742733749636e-11,-1244200
1.95227281300535e-11,-1244100
1.94742242518139e-11,-1244000
1.9429045454778e-11,-1243900
1.93874792696654e-11,-1243800
1.93498162083485e-11,-1243700
1.93163489022682e-11,-1243600
1.92873712169399e-11,-1243500
1.926317734535e-11,-1243400
1.9244060883081e-11,-1243300
1.92303138881678e-11,-1243200
1.92222259286874e-11,-1243100
1.92200831212279e-11,-1243000
1.92241671633881e-11,-1242900
1.92347543635365e-11,-1242800
1.92521146710842e-11,-1242700
1.92765107105575e-11,-1242600
1.93081968227674e-11,-1242500
1.9347418116374e-11,-1242400
1.93944095331472e-11,-1242300
1.94493949301882e-11,-1242200
1.95125861823555e-11,-1242100
1.95841823080983e-11,-1242000
1.96643686218331e-11,-1241900
1.97533159159483e-11,-1241800
1.98511796754367e-11,-1241700
1.99580993280615e-11,-1241600
2.0074197532884e-11,-1241500
2.01995795098506e-11,-1241400
2.0334332413025e-11,-1241300
2.04785247499389e-11,-1241200
2.0632205849364e-11,-1241100
2.07954053797062e-11,-1241000
2.09681329200171e-11,-1240900
2.11503775855122e-11,-1240800
2.13421077092689e-11,-1240700
2.15432705816275e-11,-1240600
2.17537922486286e-11,-1240500
2.19735773706419e-11,-1240400
2.22025091421354e-11,-1240300
2.24404492733477e-11,-1240200
2.26872380344321e-11,-1240100
2.29426943624237e-11,-1240000
2.32066160311944e-11,-1239900
2.34787798843432e-11,-1239800
2.37589421307638e-11,-1239700
2.40468387024431e-11,-1239600
2.43421856738096e-11,-1239500
2.46446797417719e-11,-1239400
2.49539987653804e-11,-1239300
2.5269802363842e-11,-1239200
2.55917325714225e-11,-1239100
2.59194145475924e-11,-1239000
2.62524573405726e-11,-1238900
2.65904547022652e-11,-1238800
2.69329859523836e-11,-1238700
2.72796168894149e-11,-1238600
2.76299007459107e-11,-1238500
2.798337918543e-11,-1238400
2.83395833383314e-11,-1238300
2.86980348734674e-11,-1238200
2.90582471027192e-11,-1238100
2.94197261151816e-11,-1238000
2.97819719377253e-11,-1237900
3.0144479718551e-11,-1237800
3.05067409302821e-11,-1237700
3.08682445890546e-11,-1237600
3.12284784860343e-11,-1237500
3.15869304277015e-11,-1237400
3.19430894812598e-11,-1237300
3.2296447221444e-11,-1237200
3.26464989750472e-11,-1237100
3.29927450594515e-11,-1237000
3.33346920114688e-11,-1236900
3.36718538028377e-11,-1236800
3.40037530387367e-11,-1236700
3.4329922135749e-11,-1236600
3.46499044757504e-11,-1236500
3.49632555322893e-11,-1236400
3.52695439660892e-11,-1236300
3.55683526864243e-11,-1236200
3.58592798751957e-11,-1236100
3.61419399706815e-11,-1236000
3.64159646080418e-11,-1235900
3.66810035137949e-11,-1235800
3.69367253516446e-11,-1235700
3.71828185171684e-11,-1235600
3.74189918790549e-11,-1235500
3.76449754647341e-11,-1235400
3.78605210884408e-11,-1235300
3.80654029199006e-11,-1235200
3.82594179920575e-11,-1235100
3.8442386646411e-11,-1235000
3.86141529147638e-11,-1234900
3.87745848363583e-11,-1234800
3.89235747095949e-11,-1234700
3.90610392777344e-11,-1234600
3.91869198481655e-11,-1234500
3.93011823450821e-11,-1234400
3.94038172955605e-11,-1234300
3.949483974928e-11,-1234200
3.95742891323154e-11,-1234100
3.96422290356365e-11,-1234000
3.96987469391671e-11,-1233900
3.97439538724253e-11,-1233800
3.97779840129841e-11,-1233700
3.98009942241907e-11,-1233600
3.9813163533716e-11,-1233500
3.98146925547624e-11,-1233400
3.98058028518536e-11,-1233300
3.97867362533481e-11,-1233200
3.97577541129492e-11,-1233100
3.97191365226444e-11,-1233000
3.96711814796452e-11,-1232900
3.96142040100222e-11,-1232800
3.95485352518738e-11,-1232700
3.9474521500949e-11,-1232600
3.93925232217802e-11,-1232500
3.93029140274451e-11,-1232400
3.92060796311728e-11,-1232300
3.91024167730838e-11,-1232200
3.89923321253936e-11,-1232100
3.88762411794821e-11,-1232000
3.87545671182395e-11,-1231900
3.86277396771554e-11,-1231800
3.84961939976003e-11,-1231700
3.83603694757743e-11,-1231600
3.82207086107723e-11,-1231500
3.8077655855204e-11,-1231400
3.79316564717671e-11,-1231300
3.77831553991404e-11,-1231200
3.76325961304871e-11,-1231100
3.74804196078163e-11,-1231000
3.73270631353779e-11,-1230900
3.71729593151392e-11,-1230800
3.70185350073653e-11,-1230700
3.68642103191432e-11,-1230600
3.67103976236558e-11,-1230500
3.65575006128244e-11,-1230400
3.64059133858326e-11,-1230300
3.6256019575943e-11,-1230200
3.61081915177979e-11,-1230100
3.59627894573194e-11,-1230000
3.58201608061345e-11,-1229900
3.56806394422733e-11,-1229800
3.5544545058768e-11,-1229700
3.541218256156e-11,-1229600
3.52838415179903e-11,-1229500
3.51597956569511e-11,-1229400
3.50403024215919e-11,-1229300
3.49256025753172e-11,-1229200
3.48159198616093e-11,-1229100
3.4711460718039e-11,-1229000
3.46124140446551e-11,-1228900
3.45189510267299e-11,-1228800
3.44312250117152e-11,-1228700
3.43493714400245e-11,-1228600
3.42735078291417e-11,-1228500
3.4203733810346e-11,-1228400
3.41401312171901e-11,-1228300
3.40827642247249e-11,-1228200
3.4031679538283e-11,-1228100
3.39869066304809e-11,-1228000
3.39484580249975e-11,-1227900
3.39163296254897e-11,-1227800
3.38905010879237e-11,-1227700
3.38709362344446e-11,-1227600
3.38575835068179e-11,-1227500
3.38503764573459e-11,-1227400
3.38492342750698e-11,-1227300
3.38540623450023e-11,-1227200
3.38647528380052e-11,-1227100
3.38811853288987e-11,-1227000
3.39032274403055e-11,-1226900
3.3930735509683e-11,-1226800
3.3963555276954e-11,-1226700
3.4001522590103e-11,-1226600
3.40444641261071e-11,-1226500
3.40921981245131e-11,-1226400
3.41445351310091e-11,-1226300
3.42012787483178e-11,-1226200
3.42622263917629e-11,-1226100
3.43271700468661e-11,-1226000
3.43958970264056e-11,-1225900
3.44681907243491e-11,-1225800
3.45438313641731e-11,-1225700
3.46225967391159e-11,-1225600
3.47042629419826e-11,-1225500
3.47886050821955e-11,-1225400
3.48753979878551e-11,-1225300
3.49644168906885e-11,-1225200
3.50554380918265e-11,-1225100
3.514823960648e-11,-1225000
3.52426017856732e-11,-1224900
3.5338307913317e-11,-1224800
3.54351447770185e-11,-1224700
3.55329032111359e-11,-1224600
3.56313786107377e-11,-1224500
3.57303714152212e-11,-1224400
3.58296875605048e-11,-1224300
3.59291388988347e-11,-1224200
3.60285435853703e-11,-1224100
3.61277264308687e-11,-1224000
3.62265192199201e-11,-1223900
3.63247609943078e-11,-1223800
3.64222983012414e-11,-1223700
3.65189854063085e-11,-1223600
3.66146844711484e-11,-1223500
3.67092656959903e-11,-1223400
3.68026074273006e-11,-1223300
3.68945962309667e-11,-1223200
3.69851269314928e-11,-1223100
3.70741026178847e-11,-1223000
3.71614346169725e-11,-1222900
3.72470424350268e-11,-1222800
3.73308536686817e-11,-1222700
3.74128038862015e-11,-1222600
3.74928364803356e-11,-1222500
3.7570902493961e-11,-1222400
3.76469604199298e-11,-1222300
3.77209759765304e-11,-1222200
3.77929218600649e-11,-1222100
3.78627774761441e-11,-1222000
3.7930528651298e-11,-1221900
3.79961673266157e-11,-1221800
3.8059691235115e-11,-1221700
3.8121103564626e-11,-1221600
3.81804126079625e-11,-1221500
3.82376314022078e-11,-1221400
3.82927773589328e-11,-1221300
3.83458718871759e-11,-1221200
3.83969400110345e-11,-1221100
3.84460099836617e-11,-1221000
3.84931128995047e-11,-1220900
3.85382823065494e-11,-1220800
3.85815538203388e-11,-1220700
3.86229647414764e-11,-1220600
3.86625536782961e-11,-1220500
3.87003601763208e-11,-1220400
3.873642435609e-11,-1220300
3.87707865608632e-11,-1220200
3.88034870156479e-11,-1220100
3.88345654989293e-11,-1220000
3.88640610283957e-11,-1219900
3.88920115618959e-11,-1219800
3.89184537147473e-11,-1219700
3.89434224944592e-11,-1219600
3.89669510538246e-11,-1219500
3.89890704632482e-11,-1219400
3.90098095030812e-11,-1219300
3.90291944766469e-11,-1219200
3.90472490445089e-11,-1219100
3.90639940804911e-11,-1219000
3.9079447549787e-11,-1218900
3.90936244094684e-11,-1218800
3.91065365315332e-11,-1218700
3.91181926485949e-11,-1218600
3.91285983221635e-11,-1218500
3.9137755933412e-11,-1218400
3.91456646961992e-11,-1218300
3.9152320692033e-11,-1218200
3.91577169265783e-11,-1218100
3.91618434072093e-11,-1218000
3.91646872410225e-11,-1217900
3.91662327526641e-11,-1217800
3.91664616212113e-11,-1217700
3.9165353035315e-11,-1217600
3.91628838657061e-11,-1217500
3.91590288541185e-11,-1217400
3.91537608176268e-11,-1217300
3.91470508673326e-11,-1217200
3.91388686402625e-11,-1217100
3.91291825433633e-11,-1217000
3.91179600083377e-11,-1216900
3.91051677561346e-11,-1216800
3.9090772069798e-11,-1216700
3.90747390744053e-11,-1216600
3.90570350227819e-11,-1216500
3.90376265856866e-11,-1216400
3.90164811451255e-11,-1216300
3.89935670895073e-11,-1216200
3.89688541092688e-11,-1216100
3.89423134917306e-11,-1216000
3.89139184138247e-11,-1215900
3.88836442314695e-11,-1215800
3.88514687643337e-11,-1215700
3.88173725747562e-11,-1215600
3.8781339239684e-11,-1215500
3.87433556144403e-11,-1215400
3.87034120872731e-11,-1215300
3.86615028235993e-11,-1215200
3.86176259989863e-11,-1215100
3.85717840198946e-11,-1215000
3.85239837313327e-11,-1214900
3.84742366105779e-11,-1214800
3.84225589462341e-11,-1214700
3.83689720019066e-11,-1214600
3.83135021639035e-11,-1214500
3.82561810723875e-11,-1214400
3.81970457355145e-11,-1214300
3.81361386261441e-11,-1214200
3.80735077607767e-11,-1214100
3.80092067604901e-11,-1214000
3.7943294893637e-11,-1213900
3.78758371002316e-11,-1213800
3.78069039979575e-11,-1213700
3.77365718698315e-11,-1213600
3.76649226336341e-11,-1213500
3.75920437932382e-11,-1213400
3.75180283721231e-11,-1213300
3.74429748293256e-11,-1213200
3.7366986958216e-11,-1213100
3.72901737685153e-11,-1213000
3.72126493520248e-11,-1212900
3.71345327326257e-11,-1212800
3.70559477010946e-11,-1212700
3.69770226354117e-11,-1212600
3.68978903072043e-11,-1212500
3.68186876750622e-11,-1212400
3.67395556654779e-11,-1212300
3.666063894219e-11,-1212200
3.65820856647591e-11,-1212100
3.65040472372124e-11,-1212000
3.64266780476156e-11,-1211900
3.63501351994631e-11,-1211800
3.62745782357693e-11,-1211700
3.62001688567689e-11,-1211600
3.61270706321273e-11,-1211500
3.60554487085685e-11,-1211400
3.59854695138312e-11,-1211300
3.59173004578367e-11,-1211200
3.5851109631957e-11,-1211100
3.5787065507268e-11,-1211000
3.57253366326173e-11,-1210900
3.56660913333492e-11,-1210800
3.56094974114986e-11,-1210700
3.55557218482181e-11,-1210600
3.55049305092044e-11,-1210500
3.54572878538153e-11,-1210400
3.54129566485861e-11,-1210300
3.53720976857646e-11,-1210200
3.53348695074754e-11,-1210100
3.53014281360872e-11,-1210000
3.52719268112785e-11,-1209900
3.5246515734299e-11,-1209800
3.52253418198574e-11,-1209700
3.52085484560016e-11,-1209600
3.51962752723581e-11,-1209500
3.51886579170056e-11,-1209400
3.51858278422506e-11,-1209300
3.51879120994914e-11,-1209200
3.51950331433423e-11,-1209100
3.52073086451275e-11,-1209000
3.52248513158262e-11,-1208900
3.52477687384917e-11,-1208800
3.52761632101443e-11,-1208700
3.53101315930843e-11,-1208600
3.53497651755528e-11,-1208500
3.53951495416166e-11,-1208400
3.54463644501379e-11,-1208300
3.55034837226364e-11,-1208200
3.55665751398605e-11,-1208100
3.56357003468309e-11,-1208000
3.57109147660951e-11,-1207900
3.57922675189576e-11,-1207800
3.58798013543644e-11,-1207700
3.59735525851871e-11,-1207600
3.60735510315703e-11,-1207500
3.61798199710514e-11,-1207400
3.62923760951422e-11,-1207300
3.6411229472046e-11,-1207200
3.65363835152171e-11,-1207100
3.666783495745e-11,-1207000
3.68055738302173e-11,-1206900
3.69495834479571e-11,-1206800
3.70998403970701e-11,-1206700
3.72563145293504e-11,-1206600
3.74189689596499e-11,-1206500
3.75877600675479e-11,-1206400
3.77626375028585e-11,-1206300
3.79435441948267e-11,-1206200
3.81304163648649e-11,-1206100
3.83231835427742e-11,-1206000
3.85217685863407e-11,-1205900
3.87260877043174e-11,-1205800
3.89360504827799e-11,-1205700
3.91515599148776e-11,-1205600
3.93725124340901e-11,-1205500
3.95987979510616e-11,-1205400
3.98302998941871e-11,-1205300
4.00668952541033e-11,-1205200
4.03084546323221e-11,-1205100
4.05548422942337e-11,-1205000
4.0805916226773e-11,-1204900
4.10615282010552e-11,-1204800
4.13215238403221e-11,-1204700
4.15857426935667e-11,-1204600
4.1854018315236e-11,-1204500
4.21261783514137e-11,-1204400
4.24020446329608e-11,-1204300
4.26814332760172e-11,-1204200
4.2964154790385e-11,-1204100
4.32500141962542e-11,-1204000
4.35388111497749e-11,-1203900
4.3830340077965e-11,-1203800
4.41243903234719e-11,-1203700
4.44207462996749e-11,-1203600
4.47191876566358e-11,-1203500
4.50194894583635e-11,-1203400
4.53214223718885e-11,-1203300
4.56247528685844e-11,-1203200
4.59292434381791e-11,-1203100
4.62346528158566e-11,-1203000
4.65407362228359e-11,-1202900
4.68472456207572e-11,-1202800
4.71539299802033e-11,-1202700
4.74605355635922e-11,-1202600
4.77668062227009e-11,-1202500
4.80724837109345e-11,-1202400
4.83773080105278e-11,-1202300
4.86810176746718e-11,-1202200
4.89833501846259e-11,-1202100
4.9284042321712e-11,-1202000
4.95828305540988e-11,-1201900
4.98794514381597e-11,-1201800
5.01736420341606e-11,-1201700
5.04651403359235e-11,-1201600
5.07536857140835e-11,-1201500
5.10390193724277e-11,-1201400
5.13208848167781e-11,-1201300
5.15990283357683e-11,-1201200
5.18731994928113e-11,-1201100
5.21431516284471e-11,-1201000
5.24086423722225e-11,-1200900
5.26694341631466e-11,-1200800
5.29252947776772e-11,-1200700
5.31759978641855e-11,-1200600
5.34213234826907e-11,-1200500
5.36610586486267e-11,-1200400
5.38949978793494e-11,-1200300
5.41229437419881e-11,-1200200
5.43447074012074e-11,-1200100
5.45601091653909e-11,-1200000
5.47689790296703e-11,-1199900
5.49711572142209e-11,-1199800
5.51664946961461e-11,-1199700
5.53548537332891e-11,-1199600
5.55361083782018e-11,-1199500
5.57101449805461e-11,-1199400
5.58768626761195e-11,-1199300
5.6036173860704e-11,-1199200
5.6188004646931e-11,-1199100
5.6332295302309e-11,-1199000
5.64690006666216e-11,-1198900
5.65980905468435e-11,-1198800
5.67195500877948e-11,-1198700
5.68333801167375e-11,-1198600
5.69395974601382e-11,-1198500
5.7038235230915e-11,-1198400
5.71293430844386e-11,-1198300
5.72129874417008e-11,-1198200
5.72892516780343e-11,-1198100
5.7358236275899e-11,-1198000
5.74200589402821e-11,-1197900
5.74748546753488e-11,-1197800
5.75227758210672e-11,-1197700
5.75639920486061e-11,-1197600
5.75986903134334e-11,-1197500
5.76270747651086e-11,-1197400
5.76493666129148e-11,-1197300
5.76658039465273e-11,-1197200
5.7676641511128e-11,-1197100
5.76821504364043e-11,-1197000
5.76826179190729e-11,-1196900
5.76783468586767e-11,-1196800
5.76696554465136e-11,-1196700
5.76568767077783e-11,-1196600
5.76403579970356e-11,-1196500
5.7620460447392e-11,-1196400
5.75975583738145e-11,-1196300
5.75720386312237e-11,-1196200
5.7544299928147e-11,-1196100
5.7514752096849e-11,-1196000
5.74838153210324e-11,-1195900
5.74519193223308e-11,-1195800
5.74195025069985e-11,-1195700
5.73870110743109e-11,-1195600
5.73548980883798e-11,-1195500
5.7323622515198e-11,-1195400
5.72936482268937e-11,-1195300
5.72654429752863e-11,-1195200
5.72394773370122e-11,-1195100
5.72162236325487e-11,-1195000
5.71961548216883e-11,-1194900
5.71797433780007e-11,-1194800
5.71674601450591e-11,-1194700
5.71597731772478e-11,-1194600
5.7157146568019e-11,-1194500
5.71600392686927e-11,-1194400
5.71689039008077e-11,-1194300
5.7184185565239e-11,-1194200
5.72063206512705e-11,-1194100
5.72357356489139e-11,-1194000
5.72728459678052e-11,-1193900
5.73180547659959e-11,-1193800
5.73717517920489e-11,-1193700
5.74343122438117e-11,-1193600
5.75060956472613e-11,-1193500
5.75874447588065e-11,-1193400
5.76786844944036e-11,-1193300
5.77801208888275e-11,-1193200
5.78920400883823e-11,-1193100
5.80147073803009e-11,-1193000
5.81483662619925e-11,-1192900
5.82932375532689e-11,-1192800
5.84495185545312e-11,-1192700
5.86173822538755e-11,-1192600
5.87969765859088e-11,-1192500
5.89884237449863e-11,-1192400
5.91918195554502e-11,-1192300
5.94072329012879e-11,-1192200
5.96347052175445e-11,-1192100
5.98742500455903e-11,-1192000
6.01258526542462e-11,-1191900
6.03894697285731e-11,-1191800
6.06650291279522e-11,-1191700
6.09524297149297e-11,-1191600
6.1251541256032e-11,-1191500
6.15622043956687e-11,-1191400
6.18842307039526e-11,-1191300
6.2217402799085e-11,-1191200
6.2561474544766e-11,-1191100
6.29161713228428e-11,-1191000
6.32811903812081e-11,-1190900
6.36562012567434e-11,-1190800
6.4040846272871e-11,-1190700
6.44347411110784e-11,-1190600
6.4837475455507e-11,-1190500
6.52486137095731e-11,-1190400
6.56676957832377e-11,-1190300
6.60942379494626e-11,-1190200
6.65277337680648e-11,-1190100
6.69676550750428e-11,-1190000
6.74134530352051e-11,-1189900
6.78645592557566e-11,-1189800
6.83203869582756e-11,-1189700
6.87803322063467e-11,-1189600
6.92437751859301e-11,-1189500
6.97100815353746e-11,-1189400
7.01786037218052e-11,-1189300
7.06486824604622e-11,-1189200
7.11196481734672e-11,-1189100
7.15908224842547e-11,-1189000
7.20615197438982e-11,-1188900
7.25310485853604e-11,-1188800
7.29987135016268e-11,-1188700
7.34638164435986e-11,-1188600
7.39256584335063e-11,-1188500
7.43835411895836e-11,-1188400
7.48367687576478e-11,-1188300
7.5284649145216e-11,-1188200
7.57264959537543e-11,-1188100
7.61616300046242e-11,-1188000
7.65893809543205e-11,-1187900
7.70090888945767e-11,-1187800
7.74201059329708e-11,-1187700
7.78217977496839e-11,-1187600
7.82135451260951e-11,-1187500
7.85947454410427e-11,-1187400
7.89648141305597e-11,-1187300
7.93231861070545e-11,-1187200
7.96693171339952e-11,-1187100
8.00026851522653e-11,-1187000
8.03227915544999e-11,-1186900
8.06291624038386e-11,-1186800
8.09213495937133e-11,-1186700
8.11989319454216e-11,-1186600
8.14615162404266e-11,-1186500
8.17087381845182e-11,-1186400
8.19402633011406e-11,-1186300
8.21557877514183e-11,-1186200
8.23550390785995e-11,-1186100
8.25377768748861e-11,-1186000
8.27037933687904e-11,-1185900
8.28529139314788e-11,-1185800
8.29849975006769e-11,-1185700
8.30999369210653e-11,-1185600
8.31976592002789e-11,-1185500
8.32781256798758e-11,-1185400
8.33413321208879e-11,-1185300
8.33873087038678e-11,-1185200
8.34161199434882e-11,-1185100
8.34278645181262e-11,-1185000
8.34226750150353e-11,-1184900
8.34007175919438e-11,-1184800
8.33621915562628e-11,-1184700
8.33073288631852e-11,-1184600
8.3236393534326e-11,-1184500
8.31496809986915e-11,-1184400
8.30475173580613e-11,-1184300
8.29302585790125e-11,-1184200
8.27982896141127e-11,-1184100
8.26520234549216e-11,-1184000
8.24919001197383e-11,-1183900
8.23183855790939e-11,-1183800
8.21319706222889e-11,-1183700
8.19331696683684e-11,-1183600
8.17225195250639e-11,-1183500
8.15005780994702e-11,-1183400
8.12679230642291e-11,-1183300
8.10251504832249e-11,-1183200
8.0772873400827e-11,-1183100
8.05117203988223e-11,-1183000
8.0242334125318e-11,-1182900
7.99653697998399e-11,-1182800
7.96814936990413e-11,-1182700
7.9391381627369e-11,-1182600
7.90957173771111e-11,-1182500
7.87951911822331e-11,-1182400
7.84904981704467e-11,-1182300
7.81823368178544e-11,-1182200
7.78714074105808e-11,-1182100
7.7558410517667e-11,-1182000
7.72440454795197e-11,-1181900
7.69290089160449e-11,-1181800
7.6613993258597e-11,-1181700
7.62996853097208e-11,-1181600
7.59867648345533e-11,-1181500
7.56759031876569e-11,-1181400
7.5367761978874e-11,-1181300
7.50629917816996e-11,-1181200
7.47622308874596e-11,-1181100
7.44661041084371e-11,-1181000
7.41752216329185e-11,-1180900
7.38901779349181e-11,-1180800
7.36115507411884e-11,-1180700
7.33399000578533e-11,-1180600
7.3075767258873e-11,-1180500
7.28196742382596e-11,-1180400
7.25721226277908e-11,-1180300
7.23335930817377e-11,-1180200
7.2104544629853e-11,-1180100
7.18854140996958e-11,-1180000
7.16766156090847e-11,-1179900
7.14785401292708e-11,-1179800
7.12915551191402e-11,-1179700
7.11160042305986e-11,-1179600
7.09522070849566e-11,-1179500
7.08004591199888e-11,-1179400
7.06610315070562e-11,-1179300
7.05341711374794e-11,-1179200
7.04201006771229e-11,-1179100
7.03190186879162e-11,-1179000
7.02310998148836e-11,-1178900
7.01564950369452e-11,-1178800
7.00953319796855e-11,-1178700
7.0047715287971e-11,-1178600
7.00137270562107e-11,-1178500
6.99934273138363e-11,-1178400
6.9986854563397e-11,-1178300
6.99940263685934e-11,-1178200
7.00149399893157e-11,-1178100
7.00495730607294e-11,-1178000
7.00978843132623e-11,-1177900
7.01598143302675e-11,-1177800
7.02352863400435e-11,-1177700
7.03242070387856e-11,-1177600
7.04264674410121e-11,-1177500
7.05419437539101e-11,-1177400
7.06704982720198e-11,-1177300
7.08119802886781e-11,-1177200
7.09662270205334e-11,-1177100
7.11330645415468e-11,-1177000
7.13123087228401e-11,-1176900
7.15037661747662e-11,-1176800
7.17072351876515e-11,-1176700
7.19225066676864e-11,-1176600
7.21493650644754e-11,-1176500
7.23875892868913e-11,-1176400
7.26369536038722e-11,-1176300
7.28972285270142e-11,-1176200
7.31681816717756e-11,-1176100
7.34495785943563e-11,-1176000
7.37411836013745e-11,-1175900
7.40427605295762e-11,-1175800
7.43540734930596e-11,-1175700
7.4674887595521e-11,-1175600
7.50049696053005e-11,-1175500
7.5344088591106e-11,-1175400
7.56920165165102e-11,-1175300
7.60485287914695e-11,-1175200
7.64134047793292e-11,-1175100
7.6786428257935e-11,-1175000
7.71673878337222e-11,-1174900
7.75560773077805e-11,-1174800
7.79522959931556e-11,-1174700
7.83558489828428e-11,-1174600
7.87665473680673e-11,-1174500
7.91842084067764e-11,-1174400
7.96086556423117e-11,-1174300
8.00397189725972e-11,-1174200
8.04772346702365e-11,-1174100
8.09210453542078e-11,-1174000
8.13709999139818e-11,-1173900
8.18269533871112e-11,-1173800
8.22887667915063e-11,-1173700
8.27563069137853e-11,-1173600
8.32294460552759e-11,-1173500
8.37080617374115e-11,-1173400
8.41920363683804e-11,-1173300
8.46812568731268e-11,-1173200
8.51756142888243e-11,-1173100
8.56750033281772e-11,-1173000
8.61793219129755e-11,-1172900
8.66884706804417e-11,-1172800
8.72023524650523e-11,-1172700
8.77208717585277e-11,-1172600
8.8243934150868e-11,-1172500
8.87714457552902e-11,-1172400
8.93033126200223e-11,-1172300
8.98394401299853e-11,-1172200
9.03797324013227e-11,-1172100
9.09240916719247e-11,-1172000
9.14724176909203e-11,-1171900
9.20246071102676e-11,-1171800
9.25805528814533e-11,-1171700
9.31401436603418e-11,-1171600
9.3703263223165e-11,-1171500
9.42697898965823e-11,-1171400
9.48395960046916e-11,-1171300
9.5412547335824e-11,-1171200
9.59885026318239e-11,-1171100
9.65673131024701e-11,-1171000
9.71488219675721e-11,-1170900
9.77328640291793e-11,-1170800
9.83192652761746e-11,-1170700
9.89078425234888e-11,-1170600
9.94984030879331e-11,-1170500
1.00090744502552e-10,-1170400
1.00684654271277e-10,-1170300
1.01279909665428e-10,-1170200
1.01876277563531e-10,-1170100
1.02473514335664e-10,-1170000
1.03071365773463e-10,-1169900
1.03669567066656e-10,-1169800
1.04267842826888e-10,-1169700
1.04865907159338e-10,-1169600
1.05463463782543e-10,-1169500
1.06060206196548e-10,-1169400
1.06655817899408e-10,-1169300
1.0724997265183e-10,-1169200
1.07842334789561e-10,-1169100
1.08432559582985e-10,-1169000
1.09020293643136e-10,-1168900
1.09605175373243e-10,-1168800
1.10186835464686e-10,-1168700
1.10764897436071e-10,-1168600
1.11338978214033e-10,-1168500
1.11908688754128e-10,-1168400
1.12473634700066e-10,-1168300
1.13033417079409e-10,-1168200
1.1358763303366e-10,-1168100
1.14135876580602e-10,-1168000
1.14677739406557e-10,-1167900
1.15212811686169e-10,-1167800
1.15740682927175e-10,-1167700
1.16260942837551e-10,-1167600
1.16773182212335e-10,-1167500
1.17276993837291e-10,-1167400
1.17771973406612e-10,-1167300
1.18257720451716e-10,-1167200
1.18733839278163e-10,-1167100
1.19199939907724e-10,-1167000
1.19655639022535e-10,-1166900
1.2010056090832e-10,-1166800
1.20534338393623e-10,-1166700
1.20956613782024e-10,-1166600
1.21367039774281e-10,-1166500
1.2176528037743e-10,-1166400
1.22151011797885e-10,-1166300
1.22523923315599e-10,-1166200
1.2288371813647e-10,-1166100
1.23230114220175e-10,-1166000
1.23562845080778e-10,-1165900
1.23881660557413e-10,-1165800
1.24186327552613e-10,-1165700
1.24476630735805e-10,-1165600
1.24752373209695e-10,-1165500
1.25013377137361e-10,-1165400
1.25259484327981e-10,-1165300
1.25490556779331e-10,-1165200
1.25706477175171e-10,-1165100
1.25907149336024e-10,-1165000
1.26092498621764e-10,-1164900
1.26262472284721e-10,-1164800
1.26417039772173e-10,-1164700
1.26556192977168e-10,-1164600
1.26679946436908e-10,-1164500
1.26788337477975e-10,-1164400
1.26881426307948e-10,-1164300
1.26959296053073e-10,-1164200
1.27022052741826e-10,-1164100
1.27069825234417e-10,-1164000
1.27102765098409e-10,-1163900
1.27121046430805e-10,-1163800
1.27124865627157e-10,-1163700
1.27114441098369e-10,-1163600
1.27090012936055e-10,-1163500
1.27051842527446e-10,-1163400
1.27000212121037e-10,-1163300
1.26935424344263e-10,-1163200
1.26857801674663e-10,-1163100
1.26767685866126e-10,-1163000
1.26665437331912e-10,-1162900
1.26551434486356e-10,-1162800
1.26426073047133e-10,-1162700
1.26289765300212e-10,-1162600
1.2614293932967e-10,-1162500
1.25986038214566e-10,-1162400
1.25819519195331e-10,-1162300
1.25643852811983e-10,-1162200
1.25459522016769e-10,-1162100
1.25267021263698e-10,-1162000
1.2506685557762e-10,-1161900
1.24859539605487e-10,-1161800
1.24645596652445e-10,-1161700
1.2442555770547e-10,-1161600
1.24199960447263e-10,-1161500
1.23969348263104e-10,-1161400
1.23734269243362e-10,-1161300
1.23495275184389e-10,-1161200
1.23252920590406e-10,-1161100
1.23007761679073e-10,-1161000
1.22760355393314e-10,-1160900
1.22511258421926e-10,-1160800
1.2226102623148e-10,-1160700
1.22010212111927e-10,-1160600
1.21759366238284e-10,-1160500
1.21509034750609e-10,-1160400
1.21259758854515e-10,-1160300
1.21012073944282e-10,-1160200
1.20766508750557e-10,-1160100
1.20523584514552e-10,-1160000
1.20283814190491e-10,-1159900
1.20047701678001e-10,-1159800
1.19815741085978e-10,-1159700
1.19588416029358e-10,-1159600
1.19366198960111e-10,-1159500
1.19149550533592e-10,-1159400
1.18938919011366e-10,-1159300
1.18734739701352e-10,-1159200
1.18537434436107e-10,-1159100
1.18347411089914e-10,-1159000
1.18165063135139e-10,-1158900
1.17990769238315e-10,-1158800
1.1782489289615e-10,-1158700
1.17667782111614e-10,-1158600
1.175197691101e-10,-1158500
1.17381170095516e-10,-1158400
1.17252285046071e-10,-1158300
1.17133397549382e-10,-1158200
1.17024774676401e-10,-1158100
1.16926666893579e-10,-1158000
1.16839308012535e-10,-1157900
1.16762915176452e-10,-1157800
1.16697688882256e-10,-1157700
1.16643813037577e-10,-1157600
1.16601455051431e-10,-1157500
1.16570765957415e-10,-1157400
1.16551880568177e-10,-1157300
1.16544917659848e-10,-1157200
1.16549980185042e-10,-1157100
1.16567155513003e-10,-1157000
1.16596515695386e-10,-1156900
1.16638117756154e-10,-1156800
1.16692004004035e-10,-1156700
1.16758202365896e-10,-1156600
1.16836726739483e-10,-1156500
1.16927577363802e-10,-1156400
1.17030741205578e-10,-1156300
1.17146192360089e-10,-1156200
1.17273892464734e-10,-1156100
1.17413791123731e-10,-1156000
1.17565826342279e-10,-1155900
1.17729924968628e-10,-1155800
1.17906003142457e-10,-1155700
1.18093966748022e-10,-1155600
1.18293711870623e-10,-1155500
1.18505125254862e-10,-1155400
1.18728084763346e-10,-1155300
1.18962459834461e-10,-1155200
1.19208111937905e-10,-1155100
1.19464895026777e-10,-1155000
1.19732655985027e-10,-1154900
1.20011235069173e-10,-1154800
1.20300466343245e-10,-1154700
1.20600178105993e-10,-1154600
1.2091019330949e-10,-1154500
1.2123032996828e-10,-1154400
1.21560401558369e-10,-1154300
1.21900217405408e-10,-1154200
1.22249583061413e-10,-1154100
1.22608300669639e-10,-1154000
1.22976169317066e-10,-1153900
1.2335298537423e-10,-1153800
1.23738542822077e-10,-1153700
1.24132633565678e-10,-1153600
1.2453504773463e-10,-1153500
1.24945573970145e-10,-1153400
1.25363999698798e-10,-1153300
1.25790111393018e-10,-1153200
1.26223694818462e-10,-1153100
1.26664535268495e-10,-1153000
1.27112417785973e-10,-1152900
1.27567127372699e-10,-1152800
1.28028449186853e-10,-1152700
1.28496168728829e-10,-1152600
1.28970072015897e-10,-1152500
1.29449945746163e-10,-1152400
1.29935577452342e-10,-1152300
1.30426755645858e-10,-1152200
1.30923269951847e-10,-1152100
1.314249112356e-10,-1152000
1.31931471721053e-10,-1151900
1.32442745101911e-10,-1151800
1.32958526645988e-10,-1151700
1.33478613293367e-10,-1151600
1.34002803748967e-10,-1151500
1.34530898570095e-10,-1151400
1.35062700249545e-10,-1151300
1.35598013294778e-10,-1151200
1.36136644303758e-10,-1151100
1.36678402037879e-10,-1151000
1.3722309749251e-10,-1150900
1.37770543965558e-10,-1150800
1.38320557124487e-10,-1150700
1.38872955072147e-10,-1150600
1.39427558411745e-10,-1150500
1.39984190311236e-10,-1150400
1.40542676567405e-10,-1150300
1.41102845669795e-10,-1150200
1.41664528864689e-10,-1150100
1.42227560219207e-10,-1150000
1.42791776685574e-10,-1149900
1.43357018165618e-10,-1149800
1.43923127575402e-10,-1149700
1.44489950909934e-10,-1149600
1.45057337307799e-10,-1149500
1.45625139115578e-10,-1149400
1.46193211951778e-10,-1149300
1.4676141477003e-10,-1149200
1.47329609921254e-10,-1149100
1.47897663214439e-10,-1149000
1.48465443975624e-10,-1148900
1.49032825104733e-10,-1148800
1.49599683129752e-10,-1148700
1.5016589825778e-10,-1148600
1.50731354422519e-10,-1148500
1.51295939327591e-10,-1148400
1.51859544485233e-10,-1148300
1.52422065249759e-10,-1148200
1.52983400845282e-10,-1148100
1.53543454387104e-10,-1148000
1.54102132896227e-10,-1147900
1.54659347306453e-10,-1147800
1.55215012463478e-10,-1147700
1.55769047115506e-10,-1147600
1.56321373894832e-10,-1147500
1.56871919289929e-10,-1147400
1.57420613607547e-10,-1147300
1.5796739092443e-10,-1147200
1.58512189028234e-10,-1147100
1.59054949347277e-10,-1147000
1.59595616868843e-10,-1146900
1.6013414004575e-10,-1146800
1.60670470690964e-10,-1146700
1.61204563860128e-10,-1146600
1.61736377721882e-10,-1146500
1.62265873415908e-10,-1146400
1.62793014898796e-10,-1146300
1.63317768777715e-10,-1146200
1.63840104132155e-10,-1146100
1.64359992323835e-10,-1146000
1.648774067952e-10,-1145900
1.65392322856762e-10,-1145800
1.65904717463795e-10,-1145700
1.66414568982833e-10,-1145600
1.66921856948612e-10,-1145500
1.6742656181203e-10,-1145400
1.67928664679923e-10,-1145300
1.68428147047409e-10,-1145200
1.68924990523622e-10,-1145100
1.69419176551854e-10,-1145000
1.69910686124998e-10,-1144900
1.70399499497372e-10,-1144800
1.70885595894077e-10,-1144700
1.71368953218941e-10,-1144600
1.71849547762358e-10,-1144500
1.72327353910226e-10,-1144400
1.72802343855281e-10,-1144300
1.73274487312147e-10,-1144200
1.7374375123752e-10,-1144100
1.74210099556781e-10,-1144000
1.74673492898534e-10,-1143900
1.75133888338425e-10,-1143800
1.75591239153701e-10,-1143700
1.76045494589946e-10,-1143600
1.76496599641395e-10,-1143500
1.76944494846255e-10,-1143400
1.77389116098428e-10,-1143300
1.77830394477004e-10,-1143200
1.78268256094879e-10,-1143100
1.78702621967764e-10,-1143000
1.79133407904896e-10,-1142900
1.79560524422577e-10,-1142800
1.79983876681807e-10,-1142700
1.80403364450936e-10,-1142600
1.80818882094503e-10,-1142500
1.81230318589065e-10,-1142400
1.8163755756696e-10,-1142300
1.82040477388684e-10,-1142200
1.82438951244626e-10,-1142100
1.82832847286652e-10,-1142000
1.83222028790015e-10,-1141900
1.83606354346003e-10,-1141800
1.83985678085442e-10,-1141700
1.84359849933284e-10,-1141600
1.84728715894182e-10,-1141500
1.85092118368995e-10,-1141400
1.85449896501921e-10,-1141300
1.85801886557884e-10,-1141200
1.86147922329653e-10,-1141100
1.86487835574062e-10,-1141000
1.86821456476526e-10,-1140900
1.87148614142961e-10,-1140800
1.87469137118032e-10,-1140700
1.87782853928594e-10,-1140600
1.88089593650983e-10,-1140500
1.88389186500761e-10,-1140400
1.88681464443322e-10,-1140300
1.88966261823694e-10,-1140200
1.89243416013768e-10,-1140100
1.89512768075016e-10,-1140000
1.89774163434696e-10,-1139900
1.90027452573397e-10,-1139800
1.90272491721803e-10,-1139700
1.90509143564243e-10,-1139600
1.90737277946734e-10,-1139500
1.90956772587035e-10,-1139400
1.91167513784156e-10,-1139300
1.91369397124758e-10,-1139200
1.91562328183802e-10,-1139100
1.91746223216761e-10,-1139000
1.91921009840661e-10,-1138900
1.92086627701241e-10,-1138800
1.9224302912348e-10,-1138700
1.92390179742718e-10,-1138600
1.92528059113622e-10,-1138500
1.92656661294283e-10,-1138400
1.9277599540275e-10,-1138300
1.92886086143301e-10,-1138200
1.9298697429987e-10,-1138100
1.93078717194056e-10,-1138000
1.93161389105243e-10,-1137900
1.93235081650444e-10,-1137800
1.93299904121491e-10,-1137700
1.93355983777441e-10,-1137600
1.93403466090076e-10,-1137500
1.93442514940464e-10,-1137400
1.93473312764842e-10,-1137300
1.93496060648006e-10,-1137200
1.9351097836273e-10,-1137100
1.93518304353764e-10,-1137000
1.93518295665222e-10,-1136900
1.93511227810259e-10,-1136800
1.93497394582161e-10,-1136700
1.93477107806175e-10,-1136600
1.93450697031555e-10,-1136500
1.93418509163503e-10,-1136400
1.93380908034942e-10,-1136300
1.93338273918149e-10,-1136200
1.93291002976632e-10,-1136100
1.93239506657717e-10,-1136000
1.93184211026577e-10,-1135900
1.9312555604267e-10,-1135800
1.93063994779711e-10,-1135700
1.92999992590595e-10,-1135600
1.92934026218792e-10,-1135500
1.92866582858029e-10,-1135400
1.92798159162301e-10,-1135300
1.92729260208329e-10,-1135200
1.9266039841293e-10,-1135100
1.92592092407861e-10,-1135000
1.92524865874933e-10,-1134900
1.92459246344336e-10,-1134800
1.92395763959318e-10,-1134700
1.92334950210557e-10,-1134600
1.92277336643571e-10,-1134500
1.92223453542911e-10,-1134400
1.92173828596751e-10,-1134300
1.92128985545839e-10,-1134200
1.92089442820678e-10,-1134100
1.92055712171125e-10,-1134000
1.92028297292491e-10,-1133900
1.92007692452456e-10,-1133800
1.91994381123023e-10,-1133700
1.91988834621965e-10,-1133600
1.91991510768069e-10,-1133500
1.92002852554656e-10,-1133400
1.92023286845751e-10,-1133300
1.9205322309933e-10,-1133200
1.92093052122021e-10,-1133100
1.92143144859604e-10,-1133000
1.92203851227637e-10,-1132900
1.92275498986324e-10,-1132800
1.923583926639e-10,-1132700
1.92452812532449e-10,-1132600
1.9255901364013e-10,-1132500
1.9267722490361e-10,-1132400
1.92807648264293e-10,-1132300
1.92950457911865e-10,-1132200
1.93105799578503e-10,-1132100
1.93273789906802e-10,-1132000
1.93454515894377e-10,-1131900
1.93648034417895e-10,-1131800
1.9385437183898e-10,-1131700
1.94073523694277e-10,-1131600
1.9430545447169e-10,-1131500
1.94550097474547e-10,-1131400
1.94807354775229e-10,-1131300
1.95077097259417e-10,-1131200
1.95359164762018e-10,-1131100
1.95653366295322e-10,-1131000
1.95959480369863e-10,-1130900
1.96277255407998e-10,-1130800
1.96606410250045e-10,-1130700
1.96946634752414e-10,-1130600
1.97297590476926e-10,-1130500
1.97658911470248e-10,-1130400
1.98030205131918e-10,-1130300
1.98411053169336e-10,-1130200
1.988010126376e-10,-1130100
1.99199617061972e-10,-1130000
1.99606377640234e-10,-1129900
2.00020784522136e-10,-1129800
2.0044230816271e-10,-1129700
2.00870400746004e-10,-1129600
2.01304497675512e-10,-1129500
2.01744019127356e-10,-1129400
2.02188371661975e-10,-1129300
2.02636949889886e-10,-1129200
2.03089138186877e-10,-1129100
2.03544312453701e-10,-1129000
2.04001841915251e-10,-1128900
2.0446109095397e-10,-1128800
2.04921420972048e-10,-1128700
2.05382192276876e-10,-1128600
2.05842765984086e-10,-1128500
2.06302505932329e-10,-1128400
2.06760780603915e-10,-1128300
2.07216965045396e-10,-1128200
2.07670442781951e-10,-1128100
2.08120607719572e-10,-1128000
2.08566866028983e-10,-1127900
2.09008638005087e-10,-1127800
2.09445359896005e-10,-1127700
2.09876485695579e-10,-1127600
2.1030148889337e-10,-1127500
2.10719864176298e-10,-1127400
2.11131129076072e-10,-1127300
2.11534825556786e-10,-1127200
2.11930521537071e-10,-1127100
2.12317812341453e-10,-1127000
2.1269632207573e-10,-1126900
2.13065704921279e-10,-1126800
2.13425646343578e-10,-1126700
2.13775864210249e-10,-1126600
2.14116109814425e-10,-1126500
2.14446168799267e-10,-1126400
2.14765861979868e-10,-1126300
2.15075046059079e-10,-1126200
2.15373614233995e-10,-1126100
2.15661496690277e-10,-1126000
2.15938660981735e-10,-1125900
2.16205112292974e-10,-1125800
2.16460893583217e-10,-1125700
2.16706085609862e-10,-1125600
2.16940806830582e-10,-1125500
2.17165213183256e-10,-1125400
2.17379497743305e-10,-1125300
2.17583890258481e-10,-1125200
2.17778656561483e-10,-1125100
2.17964097861141e-10,-1125000
2.18140549913403e-10,-1124900
2.18308382073608e-10,-1124800
2.18467996232034e-10,-1124700
2.18619825635009e-10,-1124600
2.18764333594291e-10,-1124500
2.18902012087793e-10,-1124400
2.19033380255108e-10,-1124300
2.1915898279154e-10,-1124200
2.19279388244925e-10,-1124100
2.19395187219566e-10,-1124000
2.19506990492184e-10,-1123900
2.19615427044958e-10,-1123800
2.19721142021084e-10,-1123700
2.19824794608533e-10,-1123600
2.19927055857956e-10,-1123500
2.2002860644102e-10,-1123400
2.20130134355521e-10,-1123300
2.20232332584019e-10,-1123200
2.20335896712792e-10,-1123100
2.20441522518208e-10,-1123000
2.205499035276e-10,-1122900
2.20661728562065e-10,-1122800
2.20777679268548e-10,-1122700
2.20898427648743e-10,-1122600
2.21024633592399e-10,-1122500
2.21156942422649e-10,-1122400
2.21295982461014e-10,-1122300
2.2144236261968e-10,-1122200
2.21596670028691e-10,-1122100
2.21759467705648e-10,-1122000
2.21931292275263e-10,-1121900
2.22112651746315e-10,-1121800
2.22304023353135e-10,-1121700
2.22505851468776e-10,-1121600
2.22718545596841e-10,-1121500
2.22942478448613e-10,-1121400
2.23177984112177e-10,-1121300
2.23425356319683e-10,-1121200
2.23684846818869e-10,-1121100
2.23956663854638e-10,-1121000
2.2424097076609e-10,-1120900
2.24537884704218e-10,-1120800
2.24847475475105e-10,-1120700
2.2516976451308e-10,-1120600
2.25504723987962e-10,-1120500
2.25852276050135e-10,-1120400
2.26212292216846e-10,-1120300
2.26584592902613e-10,-1120200
2.26968947096324e-10,-1120100
2.27365072187136e-10,-1120000
2.27772633940863e-10,-1119900
2.28191246628081e-10,-1119800
2.28620473304789e-10,-1119700
2.29059826245884e-10,-1119600
2.29508767531516e-10,-1119500
2.29966709785592e-10,-1119400
2.30433017065534e-10,-1119300
2.30907005901805e-10,-1119200
2.31387946485262e-10,-1119100
2.31875064000022e-10,-1119000
2.32367540099021e-10,-1118900
2.32864514519027e-10,-1118800
2.33365086831456e-10,-1118700
2.33868318324916e-10,-1118600
2.34373234015001e-10,-1118500
2.34878824776442e-10,-1118400
2.35384049592358e-10,-1118300
2.35887837914995e-10,-1118200
2.3638909213196e-10,-1118100
2.36886690131643e-10,-1118000
2.37379487961198e-10,-1117900
2.37866322570156e-10,-1117800
2.38346014632445e-10,-1117700
2.38817371439382e-10,-1117600
2.39279189855917e-10,-1117500
2.39730259332205e-10,-1117400
2.40169364962404e-10,-1117300
2.40595290582454e-10,-1117200
2.41006821898353e-10,-1117100
2.41402749636434e-10,-1117000
2.41781872707015e-10,-1116900
2.42143001372683e-10,-1116800
2.42484960412501e-10,-1116700
2.4280659227333e-10,-1116600
2.4310676019956e-10,-1116500
2.43384351332487e-10,-1116400
2.43638279770672e-10,-1116300
2.43867489582738e-10,-1116200
2.44070957764087e-10,-1116100
2.44247697129248e-10,-1116000
2.44396759131635e-10,-1115900
2.44517236602769e-10,-1115800
2.44608266403185e-10,-1115700
2.446690319774e-10,-1115600
2.44698765805745e-10,-1115500
2.44696751745986e-10,-1115400
2.44662327258009e-10,-1115300
2.44594885505161e-10,-1115200
2.44493877326196e-10,-1115100
2.44358813072084e-10,-1115000
2.44189264302342e-10,-1114900
2.43984865335892e-10,-1114800
2.43745314651955e-10,-1114700
2.43470376136749e-10,-1114600
2.43159880172314e-10,-1114500
2.42813724564167e-10,-1114400
2.42431875304972e-10,-1114300
2.42014367171776e-10,-1114200
2.41561304154985e-10,-1114100
2.41072859717551e-10,-1114000
2.40549276883428e-10,-1113900
2.39990868154784e-10,-1113800
2.39398015257946e-10,-1113700
2.38771168718514e-10,-1113600
2.38110847266591e-10,-1113500
2.37417637073481e-10,-1113400
2.36692190821808e-10,-1113300
2.35935226611257e-10,-1113200
2.35147526702826e-10,-1113100
2.34329936104776e-10,-1113000
2.3348336100393e-10,-1112900
2.32608767046414e-10,-1112800
2.31707177472429e-10,-1112700
2.30779671109788e-10,-1112600
2.29827380231691e-10,-1112500
2.28851488284272e-10,-1112400
2.27853227490024e-10,-1112300
2.26833876333357e-10,-1112200
2.25794756935039e-10,-1112100
2.24737232322448e-10,-1112000
2.23662703602868e-10,-1111900
2.2257260704734e-10,-1111800
2.21468411092772e-10,-1111700
2.20351613270299e-10,-1111600
2.19223737067946e-10,-1111500
2.18086328735937e-10,-1111400
2.16940954043054e-10,-1111300
2.15789194992609e-10,-1111200
2.14632646506618e-10,-1111100
2.13472913086941e-10,-1111000
2.12311605462067e-10,-1110900
2.11150337228326e-10,-1110800
2.09990721494259e-10,-1110700
2.08834367536862e-10,-1110600
2.07682877478353e-10,-1110500
2.06537842992008e-10,-1110400
2.05400842045541e-10,-1110300
2.04273435690326e-10,-1110200
2.03157164904649e-10,-1110100
2.02053547498974e-10,-1110000
2.0096407509095e-10,-1109900
1.99890210157849e-10,-1109800
1.98833383173611e-10,-1109700
1.97794989837645e-10,-1109600
1.96776388402123e-10,-1109500
1.95778897104263e-10,-1109400
1.94803791709706e-10,-1109300
1.9385230317288e-10,-1109200
1.92925615419759e-10,-1109100
1.92024863258158e-10,-1109000
1.91151130420267e-10,-1108900
1.9030544774183e-10,-1108800
1.89488791481808e-10,-1108700
1.88702081786157e-10,-1108600
1.87946181298806e-10,-1108500
1.87221893922498e-10,-1108400
1.8652996373181e-10,-1108300
1.85871074040163e-10,-1108200
1.85245846622206e-10,-1108100
1.8465484109255e-10,-1108000
1.84098554441376e-10,-1107900
1.83577420726965e-10,-1107800
1.83091810924862e-10,-1107700
1.82642032932789e-10,-1107600
1.82228331730206e-10,-1107500
1.81850889690812e-10,-1107400
1.81509827045941e-10,-1107300
1.8120520249644e-10,-1107200
1.80937013970149e-10,-1107100
1.80705199521724e-10,-1107000
1.80509638371255e-10,-1106900
1.80350152077635e-10,-1106800
1.80226505842411e-10,-1106700
1.80138409939432e-10,-1106600
1.80085521265337e-10,-1106500
1.80067445005602e-10,-1106400
1.80083736410584e-10,-1106300
1.80133902675759e-10,-1106200
1.80217404920033e-10,-1106100
1.80333660255888e-10,-1106000
1.80482043944808e-10,-1105900
1.80661891631274e-10,-1105800
1.80872501648519e-10,-1105700
1.81113137388968e-10,-1105600
1.81383029732245e-10,-1105500
1.81681379523497e-10,-1105400
1.82007360094739e-10,-1105300
1.82360119821756e-10,-1105200
1.8273878470921e-10,-1105100
1.83142460996464e-10,-1105000
1.83570237776693e-10,-1104900
1.84021189621875e-10,-1104800
1.84494379206238e-10,-1104700
1.84988859920981e-10,-1104600
1.85503678472917e-10,-1104500
1.86037877460031e-10,-1104400
1.86590497916955e-10,-1104300
1.87160581823512e-10,-1104200
1.8774717456969e-10,-1104100
1.88349327370584e-10,-1104000
1.88966099625012e-10,-1103900
1.89596561211751e-10,-1103800
1.90239794717586e-10,-1103700
1.9089489759163e-10,-1103600
1.91560984220549e-10,-1103500
1.92237187919732e-10,-1103400
1.92922662835611e-10,-1103300
1.93616585754763e-10,-1103200
1.94318157815593e-10,-1103100
1.95026606118898e-10,-1103000
1.95741185233723e-10,-1102900
1.96461178595479e-10,-1102800
1.97185899793485e-10,-1102700
1.97914693745492e-10,-1102600
1.98646937757143e-10,-1102500
1.99382042464565e-10,-1102400
2.00119452658841e-10,-1102300
2.00858647991202e-10,-1102200
2.01599143558454e-10,-1102100
2.02340490368195e-10,-1102000
2.03082275684007e-10,-1101900
2.03824123250989e-10,-1101800
2.04565693402384e-10,-1101700
2.05306683048488e-10,-1101600
2.06046825549198e-10,-1101500
2.06785890472078e-10,-1101400
2.07523683237959e-10,-1101300
2.08260044656597e-10,-1101200
2.08994850355021e-10,-1101100
2.09728010101648e-10,-1101000
2.10459467029472e-10,-1100900
2.11189196761871e-10,-1100800
2.11917206444891e-10,-1100700
2.1264353369008e-10,-1100600
2.13368245432181e-10,-1100500
2.1409143670623e-10,-1100400
2.14813229348746e-10,-1100300
2.15533770627953e-10,-1100200
2.16253231808149e-10,-1100100
2.16971806653399e-10,-1100000
2.1768970987595e-10,-1099900
2.18407175534914e-10,-1099800
2.1912445539072e-10,-1099700
2.19841817221105e-10,-1099600
2.20559543104356e-10,-1099500
2.21277927675622e-10,-1099400
2.21997276362103e-10,-1099300
2.22717903603018e-10,-1099200
2.2344013106017e-10,-1099100
2.24164285824949e-10,-1099000
2.24890698627573e-10,-1098900
2.2561970205433e-10,-1098800
2.26351628778459e-10,-1098700
2.27086809810341e-10,-1098600
2.27825572772374e-10,-1098500
2.28568240204051e-10,-1098400
2.29315127902396e-10,-1098300
2.30066543302876e-10,-1098200
2.30822783905763e-10,-1098100
2.31584135752718e-10,-1098000
2.32350871958134e-10,-1097900
2.33123251299728e-10,-1097800
2.33901516872462e-10,-1097700
2.34685894809837e-10,-1097600
2.35476593076265e-10,-1097500
2.36273800334029e-10,-1097400
2.3707768488809e-10,-1097300
2.37888393711711e-10,-1097200
2.38706051555695e-10,-1097100
2.39530760143662e-10,-1097000
2.40362597455571e-10,-1096900
2.41201617101427e-10,-1096800
2.42047847786804e-10,-1096700
2.42901292871545e-10,-1096600
2.43761930022709e-10,-1096500
2.44629710962532e-10,-1096400
2.45504561311951e-10,-1096300
2.4638638052983e-10,-1096200
2.47275041947858e-10,-1096100
2.48170392900763e-10,-1096000
2.4907225495114e-10,-1095900
2.49980424208049e-10,-1095800
2.50894671738131e-10,-1095700
2.51814744067799e-10,-1095600
2.52740363774768e-10,-1095500
2.53671230166949e-10,-1095400
2.54607020046451e-10,-1095300
2.55547388556243e-10,-1095200
2.56491970106719e-10,-1095100
2.57440379379262e-10,-1095000
2.58392212403656e-10,-1094900
2.59347047705954e-10,-1094800
2.60304447523246e-10,-1094700
2.61263959081633e-10,-1094600
2.62225115933441e-10,-1094500
2.63187439349583e-10,-1094400
2.64150439762929e-10,-1094300
2.65113618258199e-10,-1094200
2.66076468103979e-10,-1094100
2.67038476322211e-10,-1094000
2.67999125290484e-10,-1093900
2.68957894372297e-10,-1093800
2.69914261570472e-10,-1093700
2.70867705198791e-10,-1093600
2.71817705566871e-10,-1093500
2.72763746673307e-10,-1093400
2.73705317902065e-10,-1093300
2.746419157171e-10,-1093200
2.75573045350176e-10,-1093100
2.7649822247698e-10,-1093000
2.77416974876457e-10,-1092900
2.78328844068627e-10,-1092800
2.79233386925861e-10,-1092700
2.80130177253064e-10,-1092600
2.81018807331916e-10,-1092500
2.81898889424717e-10,-1092400
2.82770057233318e-10,-1092300
2.83631967308824e-10,-1092200
2.84484300407888e-10,-1092100
2.85326762791519e-10,-1092000
2.86159087462482e-10,-1091900
2.86981035337643e-10,-1091800
2.8779239635161e-10,-1091700
2.88592990488368e-10,-1091600
2.89382668737685e-10,-1091500
2.90161313973336e-10,-1091400
2.90928841750398e-10,-1091300
2.91685201018994e-10,-1091200
2.92430374752245e-10,-1091100
2.93164380486266e-10,-1091000
2.93887270770331e-10,-1090900
2.94599133525632e-10,-1090800
2.95300092311188e-10,-1090700
2.95990306495769e-10,-1090600
2.96669971334907e-10,-1090500
2.97339317952476e-10,-1090400
2.97998613226196e-10,-1090300
2.98648159577165e-10,-1090200
2.99288294663388e-10,-1090100
2.99919390977642e-10,-1090000
3.00541855350387e-10,-1089900
3.01156128358478e-10,-1089800
3.01762683640849e-10,-1089700
3.02362027122457e-10,-1089600
3.02954696148149e-10,-1089500
3.03541258528194e-10,-1089400
3.04122311497634e-10,-1089300
3.04698480591617e-10,-1089200
3.05270418439382e-10,-1089100
3.05838803479441e-10,-1089000
3.06404338599066e-10,-1088900
3.0696774970106e-10,-1088800
3.0752978420129e-10,-1088700
3.08091209460387e-10,-1088600
3.08652811153377e-10,-1088500
3.09215391581079e-10,-1088400
3.09779767927339e-10,-1088300
3.10346770466193e-10,-1088200
3.10917240723424e-10,-1088100
3.11492029596806e-10,-1088000
3.12071995439691e-10,-1087900
3.12658002112661e-10,-1087800
3.13250917007899e-10,-1087700
3.13851609051263e-10,-1087600
3.14460946686952e-10,-1087500
3.15079795849744e-10,-1087400
3.15709017929933e-10,-1087300
3.16349467735968e-10,-1087200
3.17001991460016e-10,-1087100
3.17667424651464e-10,-1087000
3.18346590203643e-10,-1086900
3.19040296358767e-10,-1086800
3.19749334736269e-10,-1086700
3.20474478389604e-10,-1086600
3.21216479896496e-10,-1086500
3.21976069487657e-10,-1086400
3.22753953218818e-10,-1086300
3.23550811190904e-10,-1086200
3.24367295823086e-10,-1086100
3.25204030183283e-10,-1086000
3.26061606380638e-10,-1085900
3.26940584024299e-10,-1085800
3.27841488752747e-10,-1085700
3.28764810837739e-10,-1085600
3.29711003866758e-10,-1085500
3.30680483507737e-10,-1085400
3.31673626359563e-10,-1085300
3.32690768891775e-10,-1085200
3.33732206476634e-10,-1085100
3.34798192516419e-10,-1085000
3.35888937668845e-10,-1084900
3.37004609173e-10,-1084800
3.38145330278133e-10,-1084700
3.39311179777357e-10,-1084600
3.40502191648062e-10,-1084500
3.41718354800609e-10,-1084400
3.42959612936541e-10,-1084300
3.44225864517517e-10,-1084200
3.45516962845551e-10,-1084100
3.46832716255247e-10,-1084000
3.48172888418203e-10,-1083900
3.4953719875952e-10,-1083800
3.50925322986277e-10,-1083700
3.52336893727184e-10,-1083600
3.53771501282829e-10,-1083500
3.55228694485191e-10,-1083400
3.56707981665149e-10,-1083300
3.58208831726344e-10,-1083200
3.59730675323393e-10,-1083100
3.61272906142366e-10,-1083000
3.62834882280973e-10,-1082900
3.64415927725883e-10,-1082800
3.66015333924106e-10,-1082700
3.67632361445262e-10,-1082600
3.69266241731387e-10,-1082500
3.709161789304e-10,-1082400
3.72581351809529e-10,-1082300
3.74260915744452e-10,-1082200
3.75954004779826e-10,-1082100
3.77659733756676e-10,-1082000
3.79377200501922e-10,-1081900
3.81105488075123e-10,-1081800
3.82843667067324e-10,-1081700
3.84590797946748e-10,-1081600
3.86345933446013e-10,-1081500
3.88108120985215e-10,-1081400
3.89876405125286e-10,-1081300
3.91649830045845e-10,-1081200
3.93427442041634e-10,-1081100
3.95208292031567e-10,-1081000
3.96991438074385e-10,-1080900
3.98775947884805e-10,-1080800
4.0056090134399e-10,-1080700
4.02345392998163e-10,-1080600
4.04128534539243e-10,-1080500
4.0590945726122e-10,-1080400
4.07687314486096e-10,-1080300
4.09461283953302e-10,-1080200
4.11230570166421e-10,-1080100
4.12994406691176e-10,-1080000
4.14752058398703e-10,-1079900
4.16502823648223e-10,-1079800
4.18246036403332e-10,-1079700
4.19981068276172e-10,-1079600
4.21707330494053e-10,-1079500
4.23424275783021e-10,-1079400
4.25131400163197e-10,-1079300
4.26828244650798e-10,-1079200
4.28514396862011e-10,-1079100
4.30189492513966e-10,-1079000
4.31853216818409e-10,-1078900
4.33505305763841e-10,-1078800
4.35145547282067e-10,-1078700
4.36773782295488e-10,-1078600
4.38389905641526e-10,-1078500
4.39993866871113e-10,-1078400
4.41585670918172e-10,-1078300
4.43165378637494e-10,-1078200
4.44733107208634e-10,-1078100
4.462890304038e-10,-1078000
4.47833378717965e-10,-1077900
4.49366439359785e-10,-1077800
4.50888556102243e-10,-1077700
4.52400128992187e-10,-1077600
4.53901613918422e-10,-1077500
4.55393522038153e-10,-1077400
4.56876419062075e-10,-1077300
4.58350924398662e-10,-1077200
4.59817710158559e-10,-1077100
4.6127750002037e-10,-1077000
4.62731067959405e-10,-1076900
4.6417923684131e-10,-1076800
4.65622876882898e-10,-1076700
4.67062903982724e-10,-1076600
4.68500277924394e-10,-1076500
4.69936000455765e-10,-1076400
4.71371113247766e-10,-1076300
4.72806695736516e-10,-1076200
4.74243862853066e-10,-1076100
4.75683762645252e-10,-1076000
4.77127573796242e-10,-1075900
4.78576503045065e-10,-1075800
4.80031782514164e-10,-1075700
4.81494666949781e-10,-1075600
4.82966430880733e-10,-1075500
4.84448365701721e-10,-1075400
4.85941776687429e-10,-1075300
4.87447979943767e-10,-1075200
4.88968299302912e-10,-1075100
4.90504063168935e-10,-1075000
4.9205660132098e-10,-1074900
4.93627241681042e-10,-1074800
4.95217307053538e-10,-1074700
4.96828111844053e-10,-1074600
4.98460958764565e-10,-1074500
5.00117135532614e-10,-1074400
5.01797911572061e-10,-1074300
5.03504534722794e-10,-1074200
5.05238227967094e-10,-1074100
5.07000186180112e-10,-1074000
5.08791572912112e-10,-1073900
5.10613517209803e-10,-1073800
5.1246711048442e-10,-1073700
5.14353403433658e-10,-1073600
5.16273403024923e-10,-1073500
5.18228069546952e-10,-1073400
5.20218313736813e-10,-1073300
5.22244993989162e-10,-1073200
5.24308913654456e-10,-1073100
5.26410818432613e-10,-1073000
5.2855139386843e-10,-1072900
5.30731262954871e-10,-1072800
5.32950983850022e-10,-1072700
5.35211047713357e-10,-1072600
5.37511876666723e-10,-1072500
5.39853821884909e-10,-1072400
5.42237161820836e-10,-1072300
5.44662100569613e-10,-1072200
5.47128766375762e-10,-1072100
5.49637210287393e-10,-1072000
5.52187404960777e-10,-1071900
5.54779243618583e-10,-1071800
5.5741253916446e-10,-1071700
5.6008702345648e-10,-1071600
5.62802346741478e-10,-1071500
5.65558077251975e-10,-1071400
5.68353700967055e-10,-1071300
5.7118862153806e-10,-1071200
5.74062160379749e-10,-1071100
5.76973556926992e-10,-1071000
5.79921969056827e-10,-1070900
5.82906473675331e-10,-1070800
5.85926067468203e-10,-1070700
5.88979667813797e-10,-1070600
5.92066113856753e-10,-1070500
5.95184167740231e-10,-1070400
5.98332515994132e-10,-1070300
6.01509771076504e-10,-1070200
6.04714473064978e-10,-1070100
6.07945091494539e-10,-1070000
6.11200027337897e-10,-1069900
6.14477615124136e-10,-1069800
6.17776125191108e-10,-1069700
6.21093766066789e-10,-1069600
6.24428686974383e-10,-1069500
6.27778980455856e-10,-1069400
6.31142685108109e-10,-1069300
6.34517788425981e-10,-1069200
6.37902229745806e-10,-1069100
6.41293903283267e-10,-1069000
6.44690661258832e-10,-1068900
6.48090317104158e-10,-1068800
6.51490648742355e-10,-1068700
6.54889401935251e-10,-1068600
6.58284293690206e-10,-1068500
6.61673015719394e-10,-1068400
6.65053237943923e-10,-1068300
6.68422612035515e-10,-1068200
6.71778774988052e-10,-1068100
6.75119352711443e-10,-1068000
6.78441963640395e-10,-1067900
6.81744222350229e-10,-1067800
6.85023743172421e-10,-1067700
6.88278143802276e-10,-1067600
6.9150504889129e-10,-1067500
6.94702093616778e-10,-1067400
6.97866927221678e-10,-1067300
7.00997216517225e-10,-1067200
7.04090649341514e-10,-1067100
7.07144937967209e-10,-1067000
7.10157822451645e-10,-1066900
7.13127073922788e-10,-1066800
7.16050497794866e-10,-1066700
7.18925936907578e-10,-1066600
7.21751274582993e-10,-1066500
7.24524437594642e-10,-1066400
7.2724339904341e-10,-1066300
7.29906181135189e-10,-1066200
7.325108578556e-10,-1066100
7.35055557537176e-10,-1066000
7.37538465314983e-10,-1065900
7.39957825466698e-10,-1065800
7.42311943633707e-10,-1065700
7.44599188919908e-10,-1065600
7.4681799586552e-10,-1065500
7.4896686629314e-10,-1065400
7.5104437102393e-10,-1065300
7.53049151462277e-10,-1065200
7.54979921047057e-10,-1065100
7.56835466568619e-10,-1065000
7.58614649350595e-10,-1064900
7.60316406296031e-10,-1064800
7.61939750797705e-10,-1064700
7.63483773512924e-10,-1064600
7.64947643003236e-10,-1064500
7.66330606240026e-10,-1064400
7.67631988977085e-10,-1064300
7.68851195991768e-10,-1064200
7.69987711196498e-10,-1064100
7.71041097622735e-10,-1064000
7.72010997279803e-10,-1063900
7.72897130891353e-10,-1063800
7.73699297512228e-10,-1063700
7.74417374029138e-10,-1063600
7.75051314548342e-10,-1063500
7.75601149674375e-10,-1063400
7.76066985683286e-10,-1063300
7.76449003594738e-10,-1063200
7.7674745814725e-10,-1063100
7.76962676680809e-10,-1063000
7.77095057931691e-10,-1062900
7.77145070744077e-10,-1062800
7.77113252703304e-10,-1062700
7.7700020869579e-10,-1062600
7.7680660940064e-10,-1062500
7.76533189717981e-10,-1062400
7.7618074713927e-10,-1062300
7.75750140064715e-10,-1062200
7.75242286073088e-10,-1062100
7.74658160149056e-10,-1062000
7.73998792873316e-10,-1061900
7.73265268580637e-10,-1061800
7.72458723490993e-10,-1061700
7.71580343818776e-10,-1061600
7.70631363865123e-10,-1061500
7.6961306409821e-10,-1061400
7.68526769226277e-10,-1061300
7.67373846268035e-10,-1061200
7.66155702625011e-10,-1061100
7.6487378416011e-10,-1061000
7.63529573286649e-10,-1060900
7.62124587071847e-10,-1060800
7.60660375358673e-10,-1060700
7.591385189096e-10,-1060600
7.5756062757575e-10,-1060500
7.55928338494687e-10,-1060400
7.54243314319801e-10,-1060300
7.52507241484051e-10,-1060200
7.50721828500664e-10,-1060100
7.48888804303058e-10,-1060000
7.47009916626031e-10,-1059900
7.45086930430055e-10,-1059800
7.43121626370219e-10,-1059700
7.41115799311156e-10,-1059600
7.39071256889009e-10,-1059500
7.36989818121194e-10,-1059400
7.34873312064689e-10,-1059300
7.32723576522936e-10,-1059200
7.30542456801659e-10,-1059100
7.28331804513293e-10,-1059000
7.26093476429717e-10,-1058900
7.23829333382625e-10,-1058800
7.21541239210722e-10,-1058700
7.19231059752734e-10,-1058600
7.16900661884865e-10,-1058500
7.14551912601458e-10,-1058400
7.12186678136966e-10,-1058300
7.09806823127712e-10,-1058200
7.07414209811273e-10,-1058100
7.05010697261432e-10,-1058000
7.025981406565e-10,-1057900
7.00178390578559e-10,-1057800
6.97753292341126e-10,-1057700
6.95324685342775e-10,-1057600
6.92894402443877e-10,-1057500
6.90464269363819e-10,-1057400
6.88036104095826e-10,-1057300
6.85611716336699e-10,-1057200
6.83192906928411e-10,-1057100
6.8078146730876e-10,-1057000
6.78379178968268e-10,-1056900
6.75987812910387e-10,-1056800
6.73609129112193e-10,-1056700
6.71244875982832e-10,-1056600
6.68896789816996e-10,-1056500
6.6656659424075e-10,-1056400
6.64255999647208e-10,-1056300
6.619667026196e-10,-1056200
6.59700385339393e-10,-1056100
6.57458714977255e-10,-1056000
6.55243343064869e-10,-1055900
6.53055904845591e-10,-1055800
6.50898018602299e-10,-1055700
6.48771284960796e-10,-1055600
6.46677286167431e-10,-1055500
6.44617585339763e-10,-1055400
6.42593725689164e-10,-1055300
6.40607229714692e-10,-1055200
6.38659598367632e-10,-1055100
6.36752310186299e-10,-1055000
6.34886820401029e-10,-1054900
6.33064560009425e-10,-1054800
6.31286934822215e-10,-1054700
6.2955532448024e-10,-1054600
6.27871081443399e-10,-1054500
6.26235529952534e-10,-1054400
6.24649964965635e-10,-1054300
6.23115651069594e-10,-1054200
6.21633821369556e-10,-1054100
6.20205676357567e-10,-1054000
6.18832382762704e-10,-1053900
6.17515072385192e-10,-1053800
6.16254840916934e-10,-1053700
6.15052746751309e-10,-1053600
6.13909809785179e-10,-1053500
6.12827010216303e-10,-1053400
6.11805287339358e-10,-1053300
6.10845538344175e-10,-1053200
6.099486171198e-10,-1053100
6.09115333068025e-10,-1053000
6.08346449930468e-10,-1052900
6.07642684632992e-10,-1052800
6.07004706151784e-10,-1052700
6.06433134405071e-10,-1052600
6.05928539174814e-10,-1052500
6.05491439062696e-10,-1052400
6.05122300484639e-10,-1052300
6.04821536708279e-10,-1052200
6.0458950693771e-10,-1052100
6.04426515449825e-10,-1052000
6.04332810786567e-10,-1051900
6.04308585007298e-10,-1051800
6.04353973005568e-10,-1051700
6.0446905189421e-10,-1051600
6.04653840462944e-10,-1051500
6.04908298712242e-10,-1051400
6.05232327467203e-10,-1051300
6.05625768075133e-10,-1051200
6.06088402190103e-10,-1051100
6.06619951647838e-10,-1051000
6.07220078433968e-10,-1050900
6.0788838474836e-10,-1050800
6.08624413168287e-10,-1050700
6.094276469127e-10,-1050600
6.10297510209716e-10,-1050500
6.11233368769162e-10,-1050400
6.12234530361731e-10,-1050300
6.13300245506098e-10,-1050200
6.14429708264831e-10,-1050100
6.15622057149833e-10,-1050000
6.16876376137738e-10,-1049900
6.18191695795073e-10,-1049800
6.19566994513188e-10,-1049700
6.21001199852004e-10,-1049600
6.22493189991828e-10,-1049500
6.24041795291814e-10,-1049400
6.25645799953443e-10,-1049300
6.27303943786998e-10,-1049200
6.29014924078751e-10,-1049100
6.3077739755606e-10,-1049000
6.32589982447489e-10,-1048900
6.34451260634484e-10,-1048800
6.36359779890969e-10,-1048700
6.38314056206855e-10,-1048600
6.40312576191074e-10,-1048500
6.42353799549607e-10,-1048400
6.44436161633436e-10,-1048300
6.46558076051352e-10,-1048200
6.48717937341987e-10,-1048100
6.50914123699366e-10,-1048000
6.53144999745988e-10,-1047900
6.55408919347185e-10,-1047800
6.57704228460215e-10,-1047700
6.60029268011523e-10,-1047600
6.62382376795313e-10,-1047500
6.647618943863e-10,-1047400
6.67166164059582e-10,-1047300
6.69593535710316e-10,-1047200
6.72042368765741e-10,-1047100
6.74511035082091e-10,-1047000
6.76997921818801e-10,-1046900
6.79501434282471e-10,-1046800
6.82019998732847e-10,-1046700
6.84552065143282e-10,-1046600
6.8709610990799e-10,-1046500
6.89650638488592e-10,-1046400
6.92214187992395e-10,-1046300
6.94785329675035e-10,-1046200
6.97362671360179e-10,-1046100
6.99944859769105e-10,-1046000
7.02530582753196e-10,-1045900
7.05118571422493e-10,-1045800
7.07707602163733e-10,-1045700
7.10296498541452e-10,-1045600
7.12884133075989e-10,-1045500
7.15469428892629e-10,-1045400
7.18051361236169e-10,-1045300
7.20628958845702e-10,-1045200
7.23201305184617e-10,-1045100
7.25767539521352e-10,-1045000
7.28326857856451e-10,-1044900
7.30878513692232e-10,-1044800
7.33421818641554e-10,-1044700
7.35956142872547e-10,-1044600
7.38480915386822e-10,-1044500
7.40995624128811e-10,-1044400
7.43499815924608e-10,-1044300
7.45993096248904e-10,-1044200
7.48475128819277e-10,-1044100
7.50945635017446e-10,-1044000
7.53404393137586e-10,-1043900
7.55851237462312e-10,-1043800
7.58286057167488e-10,-1043700
7.6070879505735e-10,-1043600
7.63119446132023e-10,-1043500
7.65518055990136e-10,-1043400
7.67904719069306e-10,-1043300
7.70279576728306e-10,-1043200
7.72642815174718e-10,-1043100
7.74994663242693e-10,-1043000
7.77335390025672e-10,-1042900
7.7966530236941e-10,-1042800
7.81984742231443e-10,-1042700
7.84294083912839e-10,-1042600
7.86593731169284e-10,-1042500
7.88884114208435e-10,-1042400
7.91165686581075e-10,-1042300
7.93438921973937e-10,-1042200
7.95704310912392e-10,-1042100
7.97962357381552e-10,-1042000
8.00213575374697e-10,-1041900
8.02458485378106e-10,-1041800
8.04697610801785e-10,-1041700
8.06931474365693e-10,-1041600
8.09160594451502e-10,-1041500
8.11385481429719e-10,-1041400
8.13606633972715e-10,-1041300
8.1582453536387e-10,-1041200
8.18039649813455e-10,-1041100
8.2025241879174e-10,-1041000
8.22463257390126e-10,-1040900
8.24672550720931e-10,-1040800
8.26880650366474e-10,-1040700
8.29087870888231e-10,-1040600
8.31294486406598e-10,-1040500
8.33500727261825e-10,-1040400
8.35706776766468e-10,-1040300
8.37912768059732e-10,-1040200
8.40118781073635e-10,-1040100
8.42324839621034e-10,-1040000
8.44530908615079e-10,-1039900
8.46736891429445e-10,-1039800
8.48942627408497e-10,-1039700
8.51147889536233e-10,-1039600
8.53352382272258e-10,-1039500
8.55555739563059e-10,-1039400
8.57757523036129e-10,-1039300
8.59957220384189e-10,-1039200
8.62154243946503e-10,-1039100
8.64347929493359e-10,-1039000
8.66537535219814e-10,-1038900
8.68722240953982e-10,-1038800
8.709011475847e-10,-1038700
8.73073276712864e-10,-1038600
8.75237570530252e-10,-1038500
8.77392891928906e-10,-1038400
8.79538024843704e-10,-1038300
8.81671674830219e-10,-1038200
8.83792469879021e-10,-1038100
8.85898961467429e-10,-1038000
8.87989625848712e-10,-1037900
8.90062865578352e-10,-1037800
8.92117011276178e-10,-1037700
8.9415032362269e-10,-1037600
8.9616099558718e-10,-1037500
8.98147154884623e-10,-1037400
9.00106866657719e-10,-1037300
9.02038136379795e-10,-1037200
9.03938912973686e-10,-1037100
9.05807092141203e-10,-1037000
9.07640519896814e-10,-1036900
9.09436996299214e-10,-1036800
9.11194279373204e-10,-1036700
9.12910089214258e-10,-1036600
9.14582112267239e-10,-1036500
9.16208005770533e-10,-1036400
9.17785402355994e-10,-1036300
9.19311914794969e-10,-1036200
9.20785140879836e-10,-1036100
9.22202668430498e-10,-1036000
9.23562080414297e-10,-1035900
9.24860960167931e-10,-1035800
9.26096896709306e-10,-1035700
9.2726749012694e-10,-1035600
9.28370357034376e-10,-1035500
9.29403136076516e-10,-1035400
9.30363493474917e-10,-1035300
9.31249128598439e-10,-1035200
9.3205777954584e-10,-1035100
9.32787228726555e-10,-1035000
9.33435308425679e-10,-1034900
9.33999906339447e-10,-1034800
9.34478971067214e-10,-1034700
9.34870517545696e-10,-1034600
9.35172632411952e-10,-1034500
9.35383479280767e-10,-1034400
9.35501303923072e-10,-1034300
9.35524439331354e-10,-1034200
9.35451310658798e-10,-1034100
9.35280440018802e-10,-1034000
9.35010451131759e-10,-1033900
9.34640073806429e-10,-1033800
9.34168148243247e-10,-1033700
9.33593629147611e-10,-1033600
9.32915589641285e-10,-1033500
9.32133224960479e-10,-1033400
9.31245855929867e-10,-1033300
9.30252932201871e-10,-1033200
9.29154035251348e-10,-1033100
9.2794888111619e-10,-1033000
9.26637322875011e-10,-1032900
9.25219352853359e-10,-1032800
9.23695104551037e-10,-1032700
9.22064854283218e-10,-1032600
9.20329022528881e-10,-1032500
9.18488174980856e-10,-1032400
9.16543023292263e-10,-1032300
9.14494425515015e-10,-1032200
9.12343386226539e-10,-1032100
9.10091056341823e-10,-1032000
9.07738732608469e-10,-1031900
9.05287856783343e-10,-1031800
9.02740014489902e-10,-1031700
9.00096933756341e-10,-1031600
8.9736048323532e-10,-1031500
8.94532670106726e-10,-1031400
8.91615637665793e-10,-1031300
8.88611662599807e-10,-1031200
8.85523151956965e-10,-1031100
8.82352639812192e-10,-1031000
8.79102783635102e-10,-1030900
8.75776360366375e-10,-1030800
8.7237626220911e-10,-1030700
8.6890549214289e-10,-1030600
8.65367159168671e-10,-1030500
8.61764473293412e-10,-1030400
8.58100740264139e-10,-1030300
8.54379356061405e-10,-1030200
8.50603801163357e-10,-1030100
8.46777634591542e-10,-1030000
8.42904487750637e-10,-1029900
8.38988058074642e-10,-1029800
8.35032102492676e-10,-1029700
8.31040430727881e-10,-1029600
8.27016898443557e-10,-1029500
8.22965400251039e-10,-1029400
8.18889862594097e-10,-1029300
8.14794236525162e-10,-1029200
8.10682490389051e-10,-1029100
8.06558602429816e-10,-1029000
8.02426553337137e-10,-1028900
7.98290318748323e-10,-1028800
7.94153861722665e-10,-1028700
7.90021125204635e-10,-1028600
7.85896024492811e-10,-1028500
7.81782439731288e-10,-1028400
7.77684208440417e-10,-1028300
7.73605118103808e-10,-1028200
7.6954889882817e-10,-1028100
7.65519216092875e-10,-1028000
7.61519663605654e-10,-1027900
7.57553756280753e-10,-1027800
7.53624923355883e-10,-1027700
7.4973650166358e-10,-1027600
7.45891729072771e-10,-1027500
7.42093738115707e-10,-1027400
7.3834554981522e-10,-1027300
7.34650067726672e-10,-1027200
7.31010072208784e-10,-1027100
7.27428214936768e-10,-1027000
7.23907013670941e-10,-1026900
7.20448847293245e-10,-1026800
7.17055951123707e-10,-1026700
7.13730412528063e-10,-1026600
7.10474166827389e-10,-1026500
7.07288993519695e-10,-1026400
7.04176512822946e-10,-1026300
7.01138182548099e-10,-1026200
6.98175295310134e-10,-1026100
6.9528897608433e-10,-1026000
6.92480180114142e-10,-1025900
6.89749691176347e-10,-1025800
6.87098120208331e-10,-1025700
6.84525904301628e-10,-1025600
6.82033306064768e-10,-1025500
6.79620413357978e-10,-1025400
6.77287139401304e-10,-1025300
6.75033223256733e-10,-1025200
6.72858230684319e-10,-1025100
6.7076155537137e-10,-1025000
6.68742420532691e-10,-1024900
6.66799880879517e-10,-1024800
6.64932824953364e-10,-1024700
6.6313997782073e-10,-1024600
6.61419904123342e-10,-1024500
6.59771011478076e-10,-1024400
6.58191554219856e-10,-1024300
6.56679637479929e-10,-1024200
6.55233221591351e-10,-1024100
6.53850126812529e-10,-1024000
6.52528038359257e-10,-1023900
6.51264511734645e-10,-1023800
6.50056978345893e-10,-1023700
6.48902751396189e-10,-1023600
6.47799032039206e-10,-1023500
6.46742915783425e-10,-1023400
6.45731399132424e-10,-1023300
6.4476138644743e-10,-1023200
6.43829697017159e-10,-1023100
6.42933072320245e-10,-1023000
6.42068183464441e-10,-1022900
6.4123163878701e-10,-1022800
6.4041999159984e-10,-1022700
6.39629748062838e-10,-1022600
6.38857375168686e-10,-1022500
6.38099308821956e-10,-1022400
6.37351961995159e-10,-1022300
6.36611732944373e-10,-1022200
6.35875013466803e-10,-1022100
6.35138197182643e-10,-1022000
6.34397687823443e-10,-1021900
6.33649907509348e-10,-1021800
6.32891304997514e-10,-1021700
6.32118363883997e-10,-1021600
6.31327610741791e-10,-1021500
6.30515623177526e-10,-1021400
6.29679037789845e-10,-1021300
6.28814558012396e-10,-1021200
6.27918961825022e-10,-1021100
6.26989109316634e-10,-1021000
6.26021950083982e-10,-1020900
6.25014530450635e-10,-1020800
6.23964000491084e-10,-1020700
6.22867620845192e-10,-1020600
6.21722769308867e-10,-1020500
6.20526947187187e-10,-1020400
6.1927778539682e-10,-1020300
6.17973050305206e-10,-1020200
6.16610649294494e-10,-1020100
6.1518863603884e-10,-1020000
6.1370521548442e-10,-1019900
6.12158748522122e-10,-1019800
6.10547756343533e-10,-1019700
6.08870924471621e-10,-1019600
6.07127106458206e-10,-1019500
6.05315327241109e-10,-1019400
6.03434786154484e-10,-1019300
6.01484859586801e-10,-1019200
5.99465103281553e-10,-1019100
5.97375254276693e-10,-1019000
5.95215232479419e-10,-1018900
5.92985141873954e-10,-1018800
5.90685271360552e-10,-1018700
5.88316095224833e-10,-1018600
5.8587827323741e-10,-1018500
5.83372650384488e-10,-1018400
5.8080025623088e-10,-1018300
5.78162303917758e-10,-1018200
5.75460188798112e-10,-1018100
5.72695486713756e-10,-1018000
5.69869951918375e-10,-1017900
5.66985514651866e-10,-1017800
5.64044278371976e-10,-1017700
5.6104851664991e-10,-1017600
5.58000669737189e-10,-1017500
5.54903340811833e-10,-1017400
5.5175929191245e-10,-1017300
5.48571439569493e-10,-1017200
5.4534285014351e-10,-1017100
5.42076734880717e-10,-1017000
5.38776444696902e-10,-1016900
5.35445464700993e-10,-1016800
5.32087408470143e-10,-1016700
5.28706012088819e-10,-1016600
5.2530512796442e-10,-1016500
5.21888718432683e-10,-1016400
5.18460849166303e-10,-1016300
5.15025682400525e-10,-1016200
5.11587469989731e-10,-1016100
5.08150546309422e-10,-1016000
5.04719321017989e-10,-1015900
5.0129827169303e-10,-1015800
4.97891936357015e-10,-1015700
4.94504905907237e-10,-1015600
4.91141816465081e-10,-1015500
4.87807341659609e-10,-1015400
4.84506184860572e-10,-1015300
4.81243071375841e-10,-1015200
4.78022740628204e-10,-1015100
4.74849938326458e-10,-1015000
4.71729408645444e-10,-1014900
4.68665886429726e-10,-1014800
4.65664089435177e-10,-1014700
4.62728710622756e-10,-1014600
4.59864410518336e-10,-1014500
4.57075809652271e-10,-1014400
4.54367481091998e-10,-1014300
4.51743943080792e-10,-1014200
4.49209651795212e-10,-1014100
4.46768994233618e-10,-1014000
4.44426281247612e-10,-1013900
4.42185740727884e-10,-1013800
4.40051510955454e-10,-1013700
4.38027634128936e-10,-1013600
4.3611805007785e-10,-1013500
4.34326590171626e-10,-1013400
4.32656971433403e-10,-1013300
4.31112790867146e-10,-1013200
4.29697520006161e-10,-1013100
4.2841449969056e-10,-1013000
4.27266935080521e-10,-1012900
4.26257890911886e-10,-1012800
4.25390286999842e-10,-1012700
4.24666893996021e-10,-1012600
4.24090329403712e-10,-1012500
4.23663053855409e-10,-1012400
4.23387367656158e-10,-1012300
4.23265407595856e-10,-1012200
4.23299144032939e-10,-1012100
4.23490378251309e-10,-1012000
4.23840740091958e-10,-1011900
4.24351685860088e-10,-1011800
4.25024496507946e-10,-1011700
4.25860276093338e-10,-1011600
4.26859950512843e-10,-1011500
4.28024266508707e-10,-1011400
4.29353790947568e-10,-1011300
4.30848910368885e-10,-1011200
4.32509830800414e-10,-1011100
4.34336577837605e-10,-1011000
4.36328996983515e-10,-1010900
4.3848675424519e-10,-1010800
4.4080933698236e-10,-1010700
4.43296055003647e-10,-1010600
4.4594604190537e-10,-1010500
4.48758256647553e-10,-1010400
4.51731485361487e-10,-1010300
4.54864343382913e-10,-1010200
4.58155277504611e-10,-1010100
4.61602568441907e-10,-1010000
4.65204333504497e-10,-1009900
4.68958529467569e-10,-1009800
4.72862955635278e-10,-1009700
4.76915257089225e-10,-1009600
4.81112928114665e-10,-1009500
4.85453315796828e-10,-1009400
4.89933623779855e-10,-1009300
4.94550916180542e-10,-1009200
4.99302121649294e-10,-1009100
5.04184037570319e-10,-1009000
5.09193334393385e-10,-1008900
5.14326560089221e-10,-1008800
5.19580144720763e-10,-1008700
5.24950405122504e-10,-1008600
5.3043354968008e-10,-1008500
5.36025683202523e-10,-1008400
5.41722811879457e-10,-1008300
5.47520848315736e-10,-1008200
5.53415616636107e-10,-1008100
5.59402857652485e-10,-1008000
5.654782340867e-10,-1007900
5.71637335841624e-10,-1007800
5.77875685313626e-10,-1007700
5.84188742739757e-10,-1007600
5.90571911572788e-10,-1007500
5.97020543877818e-10,-1007400
6.03529945744004e-10,-1007300
6.10095382705317e-10,-1007200
6.16712085164357e-10,-1007100
6.23375253813421e-10,-1007000
6.300800650472e-10,-1006900
6.36821676361696e-10,-1006800
6.43595231734067e-10,-1006700
6.50395866978388e-10,-1006600
6.57218715072317e-10,-1006500
6.64058911450107e-10,-1006400
6.70911599257249e-10,-1006300
6.77771934562499e-10,-1006200
6.84635091522985e-10,-1006100
6.91496267498401e-10,-1006000
6.98350688110382e-10,-1005900
7.05193612243249e-10,-1005800
7.12020336982624e-10,-1005700
7.1882620248837e-10,-1005600
7.25606596798517e-10,-1005500
7.32356960561047e-10,-1005400
7.39072791690254e-10,-1005300
7.45749649944941e-10,-1005200
7.5238316142528e-10,-1005100
7.58969022985732e-10,-1005000
7.6550300656123e-10,-1004900
7.71980963403936e-10,-1004800
7.78398828228066e-10,-1004700
7.84752623260213e-10,-1004600
7.91038462192683e-10,-1004500
7.97252554037473e-10,-1004400
8.03391206878397e-10,-1004300
8.0945083151911e-10,-1004200
8.15427945024635e-10,-1004100
8.21319174154024e-10,-1004000
8.27121258681935e-10,-1003900
8.3283105460674e-10,-1003800
8.38445537242909e-10,-1003700
8.43961804195338e-10,-1003600
8.49377078213292e-10,-1003500
8.54688709921714e-10,-1003400
8.59894180427495e-10,-1003300
8.64991103798363e-10,-1003200
8.69977229412107e-10,-1003100
8.74850444173661e-10,-1003000
8.79608774597801e-10,-1002900
8.84250388754921e-10,-1002800
8.88773598077567e-10,-1002700
8.93176859025333e-10,-1002600
8.97458774605643e-10,-1002500
9.01618095748137e-10,-1002400
9.05653722530034e-10,-1002300
9.0956470525037e-10,-1002200
9.13350245350561e-10,-1002100
9.17009696178894e-10,-1002000
9.2054256359692e-10,-1001900
9.23948506425104e-10,-1001800
9.27227336725837e-10,-1001700
9.30379019921502e-10,-1001600
9.33403674745537e-10,-1001500
9.36301573024491e-10,-1001400
9.39073139289173e-10,-1001300
9.41718950213151e-10,-1001200
9.44239733876778e-10,-1001100
9.46636368855312e-10,-1001000
9.48909883129634e-10,-1000900
9.51061452818351e-10,-1000800
9.53092400730128e-10,-1000700
9.55004194735363e-10,-1000600
9.56798445956446e-10,-1000500
9.58476906776138e-10,-1000400
9.60041468663599e-10,-1000300
9.61494159818209e-10,-1000200
9.62837142631102e-10,-1000100
9.64072710964986e-10,-1000000
9.65203287252876e-10,-999900
9.66231419416649e-10,-999800
9.67159777606678e-10,-999700
9.67991150764127e-10,-999600
9.68728443007671e-10,-999500
9.69374669846823e-10,-999400
9.69932954224388e-10,-999300
9.70406522390777e-10,-999200
9.70798699613416e-10,-999100
9.71112905724649e-10,-999000
9.71352650512108e-10,-998900
9.71521528955603e-10,-998800
9.71623216315205e-10,-998700
9.71661463075412e-10,-998600
9.71640089750626e-10,-998500
9.71562981557648e-10,-998400
9.71434082961146e-10,-998300
9.71257392098525e-10,-998200
9.71036955090807e-10,-998100
9.70776860246682e-10,-998000
9.70481232167121e-10,-997900
9.70154225758241e-10,-997800
9.69800020160622e-10,-997700
9.69422812603349e-10,-997600
9.69026812191595e-10,-997500
9.68616233636704e-10,-997400
9.68195290938077e-10,-997300
9.67768191026487e-10,-997200
9.67339127378562e-10,-997100
9.66912273612597e-10,-997000
9.66491777075946e-10,-996900
9.66081752434515e-10,-996800
9.65686275275009e-10,-996700
9.65309375730857e-10,-996600
9.64955032142729e-10,-996500
9.64627164764879e-10,-996400
9.64329629528393e-10,-996300
9.64066211872788e-10,-996200
9.63840620657205e-10,-996100
9.63656482162627e-10,-996000
9.6351733419649e-10,-995900
9.63426620311021e-10,-995800
9.63387684146618e-10,-995700
9.63403763911501e-10,-995600
9.63477987008699e-10,-995500
9.63613364821435e-10,-995400
9.63812787667633e-10,-995300
9.64079019934245e-10,-995200
9.64414695401758e-10,-995100
9.64822312769059e-10,-995000
9.65304231388585e-10,-994900
9.65862667221275e-10,-994800
9.66499689020654e-10,-994700
9.67217214754899e-10,-994600
9.68017008275474e-10,-994500
9.68900676240441e-10,-994400
9.69869665300102e-10,-994300
9.70925259552261e-10,-994200
9.72068578273902e-10,-994100
9.73300573935432e-10,-994000
9.74622030503421e-10,-993900
9.76033562036845e-10,-993800
9.77535611581704e-10,-993700
9.79128450367898e-10,-993600
9.80812177311982e-10,-993500
9.82586718828642e-10,-993400
9.84451828953119e-10,-993300
9.86407089776309e-10,-993200
9.88451912193407e-10,-993100
9.90585536966534e-10,-993000
9.92807036100977e-10,-992900
9.95115314534078e-10,-992800
9.97509112135125e-10,-992700
9.99987006013886e-10,-992600
1.00254741313485e-09,-992500
1.00518859323347e-09,-992400
1.00790865203012e-09,-992300
1.01070554473665e-09,-992200
1.01357707985014e-09,-992100
1.01652092322726e-09,-992000
1.0195346024325e-09,-991900
1.02261551135267e-09,-991800
1.02576091506939e-09,-991700
1.02896795498096e-09,-991600
1.03223365416412e-09,-991500
1.03555492296581e-09,-991400
1.03892856481453e-09,-991300
1.04235128224024e-09,-991200
1.04581968309126e-09,-991100
1.04933028693637e-09,-991000
1.05287953163958e-09,-990900
1.05646378009468e-09,-990800
1.06007932710652e-09,-990700
1.06372240640517e-09,-990600
1.06738919777932e-09,-990500
1.07107583431436e-09,-990400
1.07477840972093e-09,-990300
1.07849298573896e-09,-990200
1.08221559960239e-09,-990100
1.08594227154938e-09,-990000
1.08966901236276e-09,-989900
1.0933918309254e-09,-989800
1.09710674177503e-09,-989700
1.10080977264309e-09,-989600
1.1044969719622e-09,-989500
1.10816441632679e-09,-989400
1.11180821789171e-09,-989300
1.11542453169345e-09,-989200
1.11900956287914e-09,-989100
1.12255957382844e-09,-989000
1.12607089115347e-09,-988900
1.12953991256296e-09,-988800
1.13296311357597e-09,-988700
1.13633705407198e-09,-988600
1.13965838466361e-09,-988500
1.14292385287928e-09,-988400
1.14613030914317e-09,-988300
1.1492747125404e-09,-988200
1.15235413635592e-09,-988100
1.15536577337596e-09,-988000
1.15830694094157e-09,-987900
1.16117508574429e-09,-987800
1.16396778835449e-09,-987700
1.16668276747378e-09,-987600
1.16931788390316e-09,-987500
1.17187114421961e-09,-987400
1.17434070415417e-09,-987300
1.17672487166548e-09,-987200
1.17902210970322e-09,-987100
1.18123103865687e-09,-987000
1.18335043848567e-09,-986900
1.18537925052649e-09,-986800
1.18731657897716e-09,-986700
1.18916169205331e-09,-986600
1.1909140228177e-09,-986500
1.19257316968173e-09,-986400
1.19413889657945e-09,-986300
1.19561113281525e-09,-986200
1.1969899725871e-09,-986100
1.19827567418783e-09,-986000
1.19946865888782e-09,-985900
1.20056950950314e-09,-985800
1.20157896865364e-09,-985700
1.20249793671652e-09,-985600
1.20332746948135e-09,-985500
1.20406877551315e-09,-985400
1.20472321323081e-09,-985300
1.20529228770883e-09,-985200
1.20577764721066e-09,-985100
1.20618107946287e-09,-985000
1.2065045076795e-09,-984900
1.20674998634672e-09,-984800
1.20691969677838e-09,-984700
1.2070159424533e-09,-984600
1.20704114414579e-09,-984500
1.20699783486116e-09,-984400
1.20688865458832e-09,-984300
1.20671634488193e-09,-984200
1.20648374328701e-09,-984100
1.20619377761869e-09,-984000
1.20584946011078e-09,-983900
1.20545388144618e-09,-983800
1.205010204683e-09,-983700
1.20452165908997e-09,-983600
1.20399153390495e-09,-983500
1.2034231720305e-09,-983400
1.20281996368022e-09,-983300
1.20218533998979e-09,-983200
1.20152276660666e-09,-983100
1.20083573727182e-09,-983000
1.20012776740756e-09,-982900
1.19940238772446e-09,-982800
1.1986631378611e-09,-982700
1.19791356006934e-09,-982600
1.1971571929582e-09,-982500
1.1963975653088e-09,-982400
1.19563818997263e-09,-982300
1.19488255786511e-09,-982200
1.19413413206606e-09,-982100
1.19339634203821e-09,-982000
1.19267257797462e-09,-981900
1.19196618528536e-09,-981800
1.19128045923347e-09,-981700
1.19061863972951e-09,-981600
1.18998390629393e-09,-981500
1.18937937319553e-09,-981400
1.18880808477413e-09,-981300
1.18827301095485e-09,-981200
1.18777704296096e-09,-981100
1.18732298923156e-09,-981000
1.18691357155003e-09,-980900
1.18655142138838e-09,-980800
1.18623907647215e-09,-980700
1.18597897757009e-09,-980600
1.18577346551188e-09,-980500
1.18562477843705e-09,-980400
1.18553504927729e-09,-980300
1.18550630347394e-09,-980200
1.18554045693189e-09,-980100
1.18563931421042e-09,-980000
1.18580456695116e-09,-979900
1.18603779254246e-09,-979800
1.18634045301931e-09,-979700
1.18671389419719e-09,-979600
1.18715934503758e-09,-979500
1.18767791724268e-09,-979400
1.18827060507614e-09,-979300
1.18893828540622e-09,-979200
1.18968171796727e-09,-979100
1.19050154583504e-09,-979000
1.19139829611093e-09,-978900
1.1923723808097e-09,-978800
1.19342409794503e-09,-978700
1.19455363280672e-09,-978600
1.19576105942314e-09,-978500
1.1970463422021e-09,-978400
1.19840933774309e-09,-978300
1.19984979681349e-09,-978200
1.20136736648123e-09,-978100
1.20296159239587e-09,-978000
1.20463192121023e-09,-977900
1.2063777031343e-09,-977800
1.20819819461286e-09,-977700
1.21009256111857e-09,-977600
1.21205988005161e-09,-977500
1.21409914373738e-09,-977400
1.21620926251327e-09,-977300
1.21838906789585e-09,-977200
1.22063731581952e-09,-977100
1.22295268993786e-09,-977000
1.22533380497884e-09,-976900
1.22777921014519e-09,-976800
1.23028739255118e-09,-976700
1.23285678068736e-09,-976600
1.23548574790466e-09,-976500
1.23817261590959e-09,-976400
1.24091565826245e-09,-976300
1.24371310387041e-09,-976200
1.24656314046766e-09,-976100
1.24946391807522e-09,-976000
1.25241355243274e-09,-975900
1.25541012839537e-09,-975800
1.25845170328869e-09,-975700
1.26153631021507e-09,-975600
1.26466196130515e-09,-975500
1.26782665090826e-09,-975400
1.27102835871608e-09,-975300
1.27426505281405e-09,-975200
1.27753469265528e-09,-975100
1.28083523195214e-09,-975000
1.28416462148102e-09,-974900
1.28752081179598e-09,-974800
1.29090175584752e-09,-974700
1.29430541150274e-09,-974600
1.29772974396386e-09,-974500
1.30117272808212e-09,-974400
1.30463235056448e-09,-974300
1.30810661207107e-09,-974200
1.31159352920129e-09,-974100
1.3150911363672e-09,-974000
1.31859748755288e-09,-973900
1.32211065795891e-09,-973800
1.32562874553129e-09,-973700
1.3291498723747e-09,-973600
1.33267218605e-09,-973500
1.33619386075629e-09,-973400
1.3397130983983e-09,-973300
1.34322812953981e-09,-973200
1.3467372142445e-09,-973100
1.3502386428055e-09,-973000
1.35373073636542e-09,-972900
1.35721184742879e-09,-972800
1.36068036026915e-09,-972700
1.36413469123306e-09,-972600
1.36757328894374e-09,-972500
1.37099463440729e-09,-972400
1.37439724102415e-09,-972300
1.37777965450944e-09,-972200
1.38114045272518e-09,-972100
1.38447824542807e-09,-972000
1.38779167393655e-09,-971900
1.39107941072082e-09,-971800
1.39434015891979e-09,-971700
1.39757265178904e-09,-971600
1.40077565208386e-09,-971500
1.40394795138162e-09,-971400
1.40708836934777e-09,-971300
1.41019575294987e-09,-971200
1.41326897562395e-09,-971100
1.41630693639785e-09,-971000
1.4193085589759e-09,-970900
1.42227279078944e-09,-970800
1.42519860201791e-09,-970700
1.42808498458482e-09,-970600
1.43093095113328e-09,-970500
1.43373553398558e-09,-970400
1.4364977840913e-09,-970300
1.43921676996841e-09,-970200
1.44189157664189e-09,-970100
1.44452130458414e-09,-970000
1.44710506866147e-09,-969900
1.44964199709115e-09,-969800
1.45213123041297e-09,-969700
1.45457192047962e-09,-969600
1.45696322946981e-09,-969500
1.45930432892812e-09,-969400
1.4615943988355e-09,-969300
1.46383262671406e-09,-969200
1.46601820676994e-09,-969100
1.46815033907771e-09,-969000
1.47022822880977e-09,-968900
1.47225108551406e-09,-968800
1.47421812244329e-09,-968700
1.47612855593876e-09,-968600
1.47798160487163e-09,-968500
1.47977649014459e-09,-968400
1.48151243425643e-09,-968300
1.48318866093218e-09,-968200
1.48480439482107e-09,-968100
1.48635886126468e-09,-968000
1.48785128613723e-09,-967900
1.48928089576002e-09,-967800
1.49064691689181e-09,-967700
1.49194857679666e-09,-967600
1.49318510339079e-09,-967500
1.49435572546974e-09,-967400
1.49545967301682e-09,-967300
1.49649617759404e-09,-967200
1.49746447281608e-09,-967100
1.49836379490811e-09,-967000
1.49919338334772e-09,-966900
1.49995248159134e-09,-966800
1.50064033788529e-09,-966700
1.50125620616108e-09,-966600
1.50179934701511e-09,-966500
1.50226902877192e-09,-966400
1.50266452863049e-09,-966300
1.50298513389288e-09,-966200
1.50323014327388e-09,-966100
1.50339886829073e-09,-966000
1.5034906347314e-09,-965900
1.50350478419972e-09,-965800
1.50344067573566e-09,-965700
1.50329768750882e-09,-965600
1.50307521858278e-09,-965500
1.50277269074798e-09,-965400
1.50238955042062e-09,-965300
1.50192527060463e-09,-965200
1.50137935291386e-09,-965100
1.50075132965128e-09,-965000
1.50004076594161e-09,-964900
1.49924726191426e-09,-964800
1.4983704549322e-09,-964700
1.49741002186332e-09,-964600
1.49636568138984e-09,-964500
1.49523719635151e-09,-964400
1.49402437611803e-09,-964300
1.49272707898603e-09,-964200
1.49134521459574e-09,-964100
1.48987874636213e-09,-964000
1.48832769391554e-09,-963900
1.48669213554614e-09,-963800
1.48497221064694e-09,-963700
1.48316812214934e-09,-963600
1.48128013894569e-09,-963500
1.47930859829261e-09,-963400
1.47725390818913e-09,-963300
1.47511654972336e-09,-963200
1.4728970793813e-09,-963100
1.4705961313115e-09,-963000
1.46821441953877e-09,-962900
1.46575274012069e-09,-962800
1.46321197323986e-09,-962700
1.46059308522554e-09,-962600
1.45789713049746e-09,-962500
1.45512525342557e-09,-962400
1.45227869009826e-09,-962300
1.4493587699928e-09,-962200
1.44636691754087e-09,-962100
1.44330465358253e-09,-962000
1.4401735967018e-09,-961900
1.43697546443736e-09,-961800
1.43371207436168e-09,-961700
1.43038534502199e-09,-961600
1.42699729673699e-09,-961500
1.42355005224281e-09,-961400
1.42004583718221e-09,-961300
1.41648698043116e-09,-961200
1.41287591425702e-09,-961100
1.40921517430271e-09,-961000
1.40550739939175e-09,-960900
1.40175533114893e-09,-960800
1.39796181343187e-09,-960700
1.39412979156906e-09,-960600
1.3902623113999e-09,-960500
1.38636251811313e-09,-960400
1.38243365487986e-09,-960300
1.37847906127808e-09,-960200
1.37450217150581e-09,-960100
1.37050651238028e-09,-960000
1.36649570112137e-09,-959900
1.36247344291731e-09,-959800
1.35844352827169e-09,-959700
1.35440983013091e-09,-959600
1.35037630079181e-09,-959500
1.34634696858953e-09,-959400
1.34232593436648e-09,-959300
1.33831736772328e-09,-959200
1.33432550305363e-09,-959100
1.33035463536501e-09,-959000
1.32640911588813e-09,-958900
1.32249334747816e-09,-958800
1.31861177981165e-09,-958700
1.31476890438338e-09,-958600
1.31096924930792e-09,-958500
1.30721737393141e-09,-958400
1.30351786325937e-09,-958300
1.2998753222071e-09,-958200
1.29629436967956e-09,-958100
1.29277963248849e-09,-958000
1.28933573911453e-09,-957900
1.28596731332325e-09,-957800
1.28267896764401e-09,-957700
1.27947529672132e-09,-957600
1.27636087054883e-09,-957500
1.27334022759646e-09,-957400
1.27041786784186e-09,-957300
1.2675982457175e-09,-957200
1.26488576298556e-09,-957100
1.26228476155272e-09,-957000
1.25979951623774e-09,-956900
1.25743422750484e-09,-956800
1.25519301417642e-09,-956700
1.25307990613873e-09,-956600
1.25109883705468e-09,-956500
1.249253637098e-09,-956400
1.24754802572344e-09,-956300
1.24598560448756e-09,-956200
1.24456984993524e-09,-956100
1.24330410656693e-09,-956000
1.24219157990172e-09,-955900
1.24123532965162e-09,-955800
1.24043826302237e-09,-955700
1.23980312815585e-09,-955600
1.23933250772973e-09,-955500
1.23902881272926e-09,-955400
1.23889427640641e-09,-955300
1.2389309484414e-09,-955200
1.23914068932123e-09,-955100
1.23952516494992e-09,-955000
1.24008584150467e-09,-954900
1.24082398055198e-09,-954800
1.24174063443738e-09,-954700
1.24283664196213e-09,-954600
1.2441126243597e-09,-954500
1.24556898158449e-09,-954400
1.24720588892483e-09,-954300
1.24902329395165e-09,-954200
1.25102091381363e-09,-954100
1.25319823288936e-09,-954000
1.25555450080595e-09,-953900
1.25808873083323e-09,-953800
1.26079969866204e-09,-953700
1.26368594157385e-09,-953600
1.26674575800913e-09,-953500
1.26997720754018e-09,-953400
1.27337811125393e-09,-953300
1.27694605254928e-09,-953200
1.28067837835257e-09,-953100
1.28457220075409e-09,-953000
1.28862439906751e-09,-952900
1.29283162231345e-09,-952800
1.2971902921271e-09,-952700
1.30169660608948e-09,-952600
1.30634654148032e-09,-952500
1.31113585945025e-09,-952400
1.3160601096086e-09,-952300
1.32111463502231e-09,-952200
1.32629457762068e-09,-952100
1.33159488399945e-09,-952000
1.33701031161701e-09,-951900
1.34253543537455e-09,-951800
1.34816465457092e-09,-951700
1.35389220022226e-09,-951600
1.35971214273542e-09,-951500
1.36561839992348e-09,-951400
1.37160474535055e-09,-951300
1.37766481699254e-09,-951200
1.38379212619944e-09,-951100
1.38998006694422e-09,-951000
1.39622192534234e-09,-950900
1.4025108894255e-09,-950800
1.40884005915213e-09,-950700
1.415202456637e-09,-950600
1.42159103658116e-09,-950500
1.42799869688336e-09,-950400
1.43441828941297e-09,-950300
1.44084263092455e-09,-950200
1.44726451409332e-09,-950100
1.45367671865038e-09,-950000
1.46007202259654e-09,-949900
1.46644321347279e-09,-949800
1.47278309966562e-09,-949700
1.47908452172479e-09,-949600
1.48534036367136e-09,-949500
1.49154356427328e-09,-949400
1.49768712826614e-09,-949300
1.5037641374964e-09,-949200
1.50976776196452e-09,-949100
1.51569127074572e-09,-949000
1.52152804276574e-09,-948900
1.52727157740984e-09,-948800
1.53291550494293e-09,-948700
1.53845359671933e-09,-948600
1.543879775161e-09,-948500
1.54918812348349e-09,-948400
1.55437289514908e-09,-948300
1.55942852302752e-09,-948200
1.56434962824496e-09,-948100
1.56913102870239e-09,-948000
1.57376774724576e-09,-947900
1.57825501947024e-09,-947800
1.58258830114219e-09,-947700
1.58676327522303e-09,-947600
1.59077585848008e-09,-947500
1.59462220767018e-09,-947400
1.59829872528301e-09,-947300
1.60180206483174e-09,-947200
1.60512913567983e-09,-947100
1.60827710739356e-09,-947000
1.61124341361103e-09,-946900
1.61402575541956e-09,-946800
1.61662210423402e-09,-946700
1.61903070417035e-09,-946600
1.62125007390905e-09,-946500
1.6232790080449e-09,-946400
1.62511657792024e-09,-946300
1.62676213194014e-09,-946200
1.62821529536908e-09,-946100
1.62947596960995e-09,-946000
1.630544330967e-09,-945900
1.63142082889606e-09,-945800
1.6321061837461e-09,-945700
1.63260138399724e-09,-945600
1.6329076830019e-09,-945500
1.63302659523648e-09,-945400
1.63295989207224e-09,-945300
1.632709597075e-09,-945200
1.63227798084449e-09,-945100
1.63166755540509e-09,-945000
1.63088106816069e-09,-944900
1.62992149542743e-09,-944800
1.628792035559e-09,-944700
1.62749610167998e-09,-944600
1.62603731404375e-09,-944500
1.62441949203216e-09,-944400
1.62264664581497e-09,-944300
1.62072296768778e-09,-944200
1.61865282310811e-09,-944100
1.6164407414495e-09,-944000
1.61409140649428e-09,-943900
1.61160964668661e-09,-943800
1.60900042516707e-09,-943700
1.60626882961137e-09,-943600
1.60342006189538e-09,-943500
1.60045942760974e-09,-943400
1.59739232544687e-09,-943300
1.5942242364841e-09,-943200
1.59096071338619e-09,-943100
1.5876073695512e-09,-943000
1.58416986822308e-09,-942900
1.58065391159508e-09,-942800
1.57706522992735e-09,-942700
1.57340957070229e-09,-942600
1.56969268784122e-09,-942500
1.56592033100518e-09,-942400
1.56209823500295e-09,-942300
1.55823210932868e-09,-942200
1.55432762785117e-09,-942100
1.5503904186766e-09,-942000
1.54642605420579e-09,-941900
1.54244004140646e-09,-941800
1.5384378123209e-09,-941700
1.53442471482788e-09,-941600
1.530406003678e-09,-941500
1.52638683182009e-09,-941400
1.52237224203606e-09,-941300
1.51836715890044e-09,-941200
1.51437638108023e-09,-941100
1.51040457398982e-09,-941000
1.50645626281441e-09,-940900
1.50253582591519e-09,-940800
1.49864748862777e-09,-940700
1.4947953174649e-09,-940600
1.49098321473326e-09,-940500
1.48721491357324e-09,-940400
1.48349397342927e-09,-940300
1.47982377595772e-09,-940200
1.4762075213777e-09,-940100
1.47264822526955e-09,-940000
1.46914871582437e-09,-939900
1.46571163154705e-09,-939800
1.46233941941407e-09,-939700
1.45903433348628e-09,-939600
1.45579843397588e-09,-939500
1.45263358676551e-09,-939400
1.44954146337672e-09,-939300
1.44652354138353e-09,-939200
1.44358110526617e-09,-939100
1.44071524769892e-09,-939000
1.43792687126501e-09,-938900
1.43521669059047e-09,-938800
1.43258523488808e-09,-938700
1.43003285090155e-09,-938600
1.42755970623915e-09,-938500
1.42516579308516e-09,-938400
1.42285093227686e-09,-938300
1.42061477773387e-09,-938200
1.4184568212257e-09,-938100
1.41637639746329e-09,-938000
1.414372689499e-09,-937900
1.41244473441915e-09,-937800
1.41059142931286e-09,-937700
1.40881153750016e-09,-937600
1.40710369500167e-09,-937500
1.40546641723237e-09,-937400
1.40389810590092e-09,-937300
1.40239705609597e-09,-937200
1.40096146354066e-09,-937100
1.39958943199609e-09,-937000
1.39827898079451e-09,-936900
1.39702805248275e-09,-936800
1.39583452055635e-09,-936700
1.39469619726483e-09,-936600
1.39361084146854e-09,-936500
1.39257616652747e-09,-936400
1.39158984820283e-09,-936300
1.39064953255196e-09,-936200
1.38975284379752e-09,-936100
1.38889739215241e-09,-936000
1.3880807815815e-09,-935900
1.3873006174824e-09,-935800
1.38655451426713e-09,-935700
1.38584010282758e-09,-935600
1.38515503786765e-09,-935500
1.38449700508574e-09,-935400
1.38386372819159e-09,-935300
1.38325297574231e-09,-935200
1.38266256778265e-09,-935100
1.3820903822756e-09,-935000
1.38153436130973e-09,-934900
1.38099251707061e-09,-934800
1.38046293756423e-09,-934700
1.37994379208108e-09,-934600
1.37943333639036e-09,-934500
1.37892991765455e-09,-934400
1.37843197905532e-09,-934300
1.37793806412257e-09,-934200
1.37744682075931e-09,-934100
1.3769570049557e-09,-934000
1.37646748418671e-09,-933900
1.3759772404883e-09,-933800
1.37548537320834e-09,-933700
1.37499110142887e-09,-933600
1.37449376605746e-09,-933500
1.3739928315861e-09,-933400
1.37348788751705e-09,-933300
1.37297864945558e-09,-933200
1.37246495987082e-09,-933100
1.37194678852628e-09,-933000
1.37142423258264e-09,-932900
1.37089751637625e-09,-932800
1.37036699087715e-09,-932700
1.36983313283175e-09,-932600
1.36929654359543e-09,-932500
1.36875794766137e-09,-932400
1.36821819089261e-09,-932300
1.36767823846458e-09,-932200
1.36713917252657e-09,-932100
1.36660218959064e-09,-932000
1.36606859765733e-09,-931900
1.36553981308796e-09,-931800
1.36501735723386e-09,-931700
1.36450285283327e-09,-931600
1.36399802018702e-09,-931500
1.36350467312478e-09,-931400
1.36302471477356e-09,-931300
1.36256013314095e-09,-931200
1.36211299652553e-09,-931100
1.36168544876731e-09,-931000
1.36127970435117e-09,-930900
1.36089804337658e-09,-930800
1.36054280640686e-09,-930700
1.36021638921152e-09,-930600
1.35992123741508e-09,-930500
1.35965984106613e-09,-930400
1.35943472913987e-09,-930300
1.35924846398809e-09,-930200
1.35910363574953e-09,-930100
1.35900285673448e-09,-930000
1.35894875579642e-09,-929900
1.358943972704e-09,-929800
1.35899115252609e-09,-929700
1.35909294004264e-09,-929600
1.35925197419348e-09,-929500
1.35947088257739e-09,-929400
1.35975227601305e-09,-929300
1.36009874317336e-09,-929200
1.36051284530409e-09,-929100
1.36099711103767e-09,-929000
1.36155403131223e-09,-928900
1.36218605440588e-09,-928800
1.36289558109551e-09,-928700
1.36368495994901e-09,-928600
1.36455648275949e-09,-928500
1.3655123801293e-09,-928400
1.36655481721133e-09,-928300
1.36768588961462e-09,-928200
1.36890761948048e-09,-928100
1.3702219517351e-09,-928000
1.37163075052404e-09,-927900
1.37313579583313e-09,-927800
1.37473878030025e-09,-927700
1.37644130622149e-09,-927600
1.37824488275487e-09,-927500
1.38015092332422e-09,-927400
1.38216074322517e-09,-927300
1.38427555743468e-09,-927200
1.38649647862527e-09,-927100
1.38882451538404e-09,-927000
1.39126057063669e-09,-926900
1.39380544027562e-09,-926800
1.39645981199127e-09,-926700
1.3992242643048e-09,-926600
1.40209926580032e-09,-926500
1.40508517455389e-09,-926400
1.40818223775645e-09,-926300
1.4113905915272e-09,-926200
1.41471026091369e-09,-926100
1.41814116007426e-09,-926000
1.42168309263844e-09,-925900
1.4253357522403e-09,-925800
1.42909872321942e-09,-925700
1.43297148148408e-09,-925600
1.43695339553068e-09,-925500
1.44104372761338e-09,-925400
1.44524163505753e-09,-925300
1.44954617171043e-09,-925200
1.45395628952251e-09,-925100
1.4584708402522e-09,-925000
1.46308857728725e-09,-924900
1.46780815757536e-09,-924800
1.47262814365695e-09,-924700
1.47754700579242e-09,-924600
1.4825631241769e-09,-924500
1.48767479123456e-09,-924400
1.49288021398551e-09,-924300
1.49817751647753e-09,-924200
1.50356474227538e-09,-924100
1.50903985700035e-09,-924000
1.5146007509128e-09,-923900
1.52024524153063e-09,-923800
1.52597107627647e-09,-923700
1.53177593514697e-09,-923600
1.53765743339735e-09,-923500
1.54361312423464e-09,-923400
1.54964050151342e-09,-923300
1.55573700242783e-09,-923200
1.56190001019402e-09,-923100
1.56812685671734e-09,-923000
1.57441482523894e-09,-922900
1.58076115295661e-09,-922800
1.58716303361502e-09,-922700
1.5936176200608e-09,-922600
1.60012202675823e-09,-922500
1.60667333226148e-09,-922400
1.61326858163991e-09,-922300
1.61990478885295e-09,-922200
1.62657893907162e-09,-922100
1.63328799094404e-09,-922000
1.64002887880248e-09,-921900
1.64679851480999e-09,-921800
1.65359379104492e-09,-921700
1.66041158152192e-09,-921600
1.66724874414838e-09,-921500
1.67410212261559e-09,-921400
1.68096854822423e-09,-921300
1.68784484164416e-09,-921200
1.6947278146085e-09,-921100
1.70161427154282e-09,-921000
1.70850101113008e-09,-920900
1.71538482781232e-09,-920800
1.72226251323075e-09,-920700
1.72913085760561e-09,-920600
1.7359866510577e-09,-920500
1.74282668487397e-09,-920400
1.7496477527191e-09,-920300
1.75644665179598e-09,-920200
1.7632201839577e-09,-920100
1.76996515677396e-09,-920000
1.77667838455508e-09,-919900
1.78335668933692e-09,-919800
1.78999690182999e-09,-919700
1.79659586233638e-09,-919600
1.80315042163803e-09,-919500
1.80965744186028e-09,-919400
1.81611379731425e-09,-919300
1.822516375322e-09,-919200
1.82886207702839e-09,-919100
1.83514781820349e-09,-919000
1.84137053003948e-09,-918900
1.84752715994588e-09,-918800
1.85361467234705e-09,-918700
1.85963004948571e-09,-918600
1.86557029223627e-09,-918500
1.87143242093163e-09,-918400
1.87721347620694e-09,-918300
1.882910519864e-09,-918200
1.88852063575935e-09,-918100
1.89404093071945e-09,-918000
1.89946853548596e-09,-917900
1.90480060569384e-09,-917800
1.91003432288522e-09,-917700
1.91516689556126e-09,-917600
1.92019556027449e-09,-917500
1.92511758276361e-09,-917400
1.9299302591327e-09,-917300
1.9346309170762e-09,-917200
1.93921691715149e-09,-917100
1.94368565409968e-09,-917000
1.94803455821592e-09,-916900
1.95226109676948e-09,-916800
1.9563627754743e-09,-916700
1.96033714000971e-09,-916600
1.96418177759143e-09,-916500
1.96789431859224e-09,-916400
1.97147243821151e-09,-916300
1.97491385819271e-09,-916200
1.97821634858753e-09,-916100
1.98137772956501e-09,-916000
1.98439587326384e-09,-915900
1.98726870568586e-09,-915800
1.9899942086282e-09,-915700
1.99257042165149e-09,-915600
1.99499544408148e-09,-915500
1.99726743704054e-09,-915400
1.99938462550616e-09,-915300
2.0013453003925e-09,-915200
2.00314782065149e-09,-915100
2.00479061538929e-09,-915000
2.00627218599407e-09,-914900
2.00759110827065e-09,-914800
2.00874603457761e-09,-914700
2.00973569596206e-09,-914600
2.01055890428729e-09,-914500
2.01121455434841e-09,-914400
2.01170162597099e-09,-914300
2.01201918608726e-09,-914200
2.012166390785e-09,-914100
2.01214248732373e-09,-914000
2.01194681611266e-09,-913900
2.01157881264534e-09,-913800
2.01103800938552e-09,-913700
2.01032403759873e-09,-913600
2.00943662912438e-09,-913500
2.00837561808316e-09,-913400
2.00714094251417e-09,-913300
2.00573264593696e-09,-913200
2.00415087883316e-09,-913100
2.00239590004279e-09,-913000
2.00046807807047e-09,-912900
1.99836789229668e-09,-912800
1.99609593408957e-09,-912700
1.99365290781299e-09,-912600
1.99103963172645e-09,-912500
1.988257038773e-09,-912400
1.98530617725131e-09,-912300
1.98218821136838e-09,-912200
1.97890442166947e-09,-912100
1.97545620534225e-09,-912000
1.97184507639239e-09,-911900
1.96807266568793e-09,-911800
1.96414072087031e-09,-911700
1.96005110613008e-09,-911600
1.95580580184548e-09,-911500
1.95140690408274e-09,-911400
1.94685662395692e-09,-911300
1.94215728685261e-09,-911200
1.93731133150405e-09,-911100
1.93232130893469e-09,-911000
1.92718988125623e-09,-910900
1.92191982032793e-09,-910800
1.91651400627697e-09,-910700
1.91097542588114e-09,-910600
1.90530717081524e-09,-910500
1.8995124357634e-09,-910400
1.89359451639912e-09,-910300
1.88755680723581e-09,-910200
1.88140279935046e-09,-910100
1.87513607798363e-09,-910000
1.86876032001912e-09,-909900
1.86227929134702e-09,-909800
1.85569684411394e-09,-909700
1.84901691386488e-09,-909600
1.84224351658087e-09,-909500
1.83538074561738e-09,-909400
1.82843276854807e-09,-909300
1.82140382391934e-09,-909200
1.81429821792061e-09,-909100
1.80712032097619e-09,-909000
1.79987456426404e-09,-908900
1.79256543616735e-09,-908800
1.78519747866499e-09,-908700
1.77777528366649e-09,-908600
1.77030348929801e-09,-908500
1.76278677614525e-09,-908400
1.75522986345964e-09,-908300
1.74763750533411e-09,-908200
1.74001448685448e-09,-908100
1.73236562023311e-09,-908000
1.72469574093079e-09,-907900
1.71700970377318e-09,-907800
1.70931237906792e-09,-907700
1.70160864872858e-09,-907600
1.69390340241124e-09,-907500
1.68620153366974e-09,-907400
1.67850793613528e-09,-907300
1.67082749972578e-09,-907200
1.66316510689069e-09,-907100
1.65552562889619e-09,-907000
1.64791392215604e-09,-906900
1.64033482461269e-09,-906800
1.63279315217331e-09,-906700
1.62529369520513e-09,-906600
1.61784121509408e-09,-906500
1.6104404408706e-09,-906400
1.60309606590607e-09,-906300
1.59581274468327e-09,-906200
1.58859508964366e-09,-906100
1.58144766811427e-09,-906000
1.57437499931644e-09,-905900
1.56738155145849e-09,-905800
1.56047173891407e-09,-905700
1.55364991948754e-09,-905600
1.54692039176742e-09,-905500
1.54028739256876e-09,-905400
1.53375509446481e-09,-905300
1.52732760340808e-09,-905200
1.52100895644057e-09,-905100
1.5148031194928e-09,-905000
1.5087139852706e-09,-904900
1.5027453712288e-09,-904800
1.49690101763009e-09,-904700
1.49118458568778e-09,-904600
1.4855996557901e-09,-904500
1.4801497258041e-09,-904400
1.4748382094566e-09,-904300
1.46966843478952e-09,-904200
1.46464364268668e-09,-904100
1.45976698546895e-09,-904000
1.45504152555461e-09,-903900
1.45047023418124e-09,-903800
1.44605599018579e-09,-903700
1.44180157883892e-09,-903600
1.43770969072996e-09,-903500
1.43378292069841e-09,-903400
1.43002376680819e-09,-903300
1.42643462936042e-09,-903200
1.42301780994098e-09,-903100
1.41977551049835e-09,-903000
1.41670983244834e-09,-902900
1.41382277580116e-09,-902800
1.41111623830727e-09,-902700
1.40859201461812e-09,-902600
1.406251795458e-09,-902500
1.40409716680363e-09,-902400
1.40212960906786e-09,-902300
1.40035049628439e-09,-902200
1.39876109529046e-09,-902100
1.39736256490477e-09,-902000
1.3961559550978e-09,-901900
1.39514220615261e-09,-901800
1.39432214781377e-09,-901700
1.39369649842276e-09,-901600
1.39326586403858e-09,-901500
1.39303073754208e-09,-901400
1.39299149772375e-09,-901300
1.39314840835396e-09,-901200
1.39350161723621e-09,-901100
1.3940511552431e-09,-901000
1.39479693533617e-09,-900900
1.39573875157046e-09,-900800
1.39687627808533e-09,-900700
1.39820906808331e-09,-900600
1.39973655279941e-09,-900500
1.40145804046338e-09,-900400
1.40337271525815e-09,-900300
1.40547963627771e-09,-900200
1.40777773648847e-09,-900100
1.41026582169816e-09,-900000
1.41294256953707e-09,-899900
1.41580652845641e-09,-899800
1.41885611674919e-09,-899700
1.42208962159945e-09,-899600
1.42550519816552e-09,-899500
1.42910086870396e-09,-899400
1.43287452174053e-09,-899300
1.43682391129527e-09,-899200
1.44094665616861e-09,-899100
1.44524023929606e-09,-899000
1.44970200717901e-09,-898900
1.45432916939924e-09,-898800
1.45911879822522e-09,-898700
1.46406782831818e-09,-898600
1.46917305654596e-09,-898500
1.47443114191292e-09,-898400
1.4798386056142e-09,-898300
1.48539183122236e-09,-898200
1.49108706501468e-09,-898100
1.49692041644935e-09,-898000
1.50288785879835e-09,-897900
1.50898522994505e-09,-897800
1.51520823335434e-09,-897700
1.52155243922247e-09,-897600
1.52801328581428e-09,-897500
1.53458608099452e-09,-897400
1.54126600396011e-09,-897300
1.54804810717954e-09,-897200
1.55492731854561e-09,-897100
1.56189844374674e-09,-897000
1.56895616886225e-09,-896900
1.5760950631861e-09,-896800
1.58330958228313e-09,-896700
1.59059407128161e-09,-896600
1.59794276840483e-09,-896500
1.60534980874439e-09,-896400
1.6128092282768e-09,-896300
1.62031496812461e-09,-896200
1.62786087906257e-09,-896100
1.63544072626854e-09,-896000
1.6430481943182e-09,-895900
1.65067689242203e-09,-895800
1.65832035990199e-09,-895700
1.66597207190484e-09,-895600
1.67362544534819e-09,-895500
1.6812738450945e-09,-895400
1.68891059034762e-09,-895300
1.69652896126552e-09,-895200
1.7041222057823e-09,-895100
1.71168354663142e-09,-895000
1.71920618856182e-09,-894900
1.72668332573722e-09,-894800
1.7341081493087e-09,-894700
1.74147385514956e-09,-894600
1.74877365174077e-09,-894500
1.75600076819472e-09,-894400
1.76314846240424e-09,-894300
1.77021002930299e-09,-894200
1.77717880922307e-09,-894100
1.78404819633472e-09,-894000
1.7908116471524e-09,-893900
1.79746268909145e-09,-893800
1.80399492905822e-09,-893700
1.81040206205689e-09,-893600
1.81667787979516e-09,-893500
1.8228162792709e-09,-893400
1.8288112713214e-09,-893300
1.83465698911652e-09,-893200
1.84034769657691e-09,-893100
1.84587779669806e-09,-893000
1.85124183976092e-09,-892900
1.85643453140978e-09,-892800
1.8614507405778e-09,-892700
1.86628550724087e-09,-892600
1.87093404998041e-09,-892500
1.87539177333571e-09,-892400
1.87965427492684e-09,-892300
1.88371735232927e-09,-892200
1.88757700968146e-09,-892100
1.89122946400742e-09,-892000
1.89467115123628e-09,-891900
1.89789873190146e-09,-891800
1.90090909650278e-09,-891700
1.9036993705151e-09,-891600
1.906266919028e-09,-891500
1.90860935100137e-09,-891400
1.91072452312299e-09,-891300
1.91261054325445e-09,-891200
1.91426577345307e-09,-891100
1.91568883255795e-09,-891000
1.91687859832973e-09,-890900
1.91783420913398e-09,-890800
1.91855506515984e-09,-890700
1.91904082916608e-09,-890600
1.91929142674811e-09,-890500
1.91930704612053e-09,-890400
1.91908813741109e-09,-890300
1.91863541146289e-09,-890200
1.91794983814313e-09,-890100
1.91703264415776e-09,-890000
1.91588531037291e-09,-889900
1.91450956864481e-09,-889800
1.91290739816173e-09,-889700
1.91108102130235e-09,-889600
1.90903289901644e-09,-889500
1.90676572573509e-09,-889400
1.90428242381887e-09,-889300
1.9015861375536e-09,-889200
1.89868022670491e-09,-889100
1.89556825964375e-09,-889000
1.89225400605626e-09,-888900
1.88874142925296e-09,-888800
1.8850346780929e-09,-888700
1.88113807854007e-09,-888600
1.87705612486993e-09,-888500
1.87279347054571e-09,-888400
1.86835491878434e-09,-888300
1.86374541283362e-09,-888200
1.85897002598267e-09,-888100
1.8540339513287e-09,-888000
1.84894249132426e-09,-887900
1.84370104712934e-09,-887800
1.83831510779403e-09,-887700
1.83279023929749e-09,-887600
1.82713207347009e-09,-887500
1.8213462968256e-09,-887400
1.8154386393312e-09,-887300
1.809414863143e-09,-887200
1.80328075133533e-09,-887100
1.79704209665224e-09,-887000
1.79070469030956e-09,-886900
1.78427431087615e-09,-886800
1.77775671326287e-09,-886700
1.77115761784755e-09,-886600
1.76448269976412e-09,-886500
1.75773757838391e-09,-886400
1.75092780701653e-09,-886300
1.74405886285739e-09,-886200
1.73713613720842e-09,-886100
1.73016492599791e-09,-886000
1.72315042062464e-09,-885900
1.71609769915087e-09,-885800
1.70901171786761e-09,-885700
1.70189730325499e-09,-885600
1.6947591443595e-09,-885500
1.68760178560841e-09,-885400
1.68042962008124e-09,-885300
1.67324688325636e-09,-885200
1.66605764724975e-09,-885100
1.65886581556186e-09,-885000
1.65167511834661e-09,-884900
1.64448910821582e-09,-884800
1.63731115659022e-09,-884700
1.63014445060724e-09,-884600
1.62299199059391e-09,-884500
1.61585658811166e-09,-884400
1.60874086457827e-09,-884300
1.60164725047059e-09,-884200
1.59457798510992e-09,-884100
1.58753511703022e-09,-884000
1.58052050492784e-09,-883900
1.57353581918961e-09,-883800
1.56658254399429e-09,-883700
1.55966197998119e-09,-883600
1.55277524747744e-09,-883500
1.54592329027432e-09,-883400
1.53910687994096e-09,-883300
1.53232662066241e-09,-883200
1.52558295458733e-09,-883100
1.51887616766909e-09,-883000
1.51220639598236e-09,-882900
1.50557363249616e-09,-882800
1.49897773428257e-09,-882700
1.49241843013903e-09,-882600
1.48589532860105e-09,-882500
1.47940792632058e-09,-882400
1.47295561678436e-09,-882300
1.46653769934542e-09,-882200
1.46015338853968e-09,-882100
1.45380182365894e-09,-882000
1.44748207855046e-09,-881900
1.44119317161257e-09,-881800
1.43493407595519e-09,-881700
1.42870372969329e-09,-881600
1.42250104634109e-09,-881500
1.41632492527399e-09,-881400
1.41017426222546e-09,-881300
1.40404795978516e-09,-881200
1.39794493786515e-09,-881100
1.39186414410048e-09,-881000
1.38580456415082e-09,-880900
1.37976523186983e-09,-880800
1.37374523930931e-09,-880700
1.36774374652547e-09,-880600
1.3617599911552e-09,-880500
1.35579329773073e-09,-880400
1.34984308670181e-09,-880300
1.34390888313522e-09,-880200
1.33799032506236e-09,-880100
1.33208717144655e-09,-880000
1.32619930974275e-09,-879900
1.32032676302353e-09,-879800
1.31446969664635e-09,-879700
1.30862842443851e-09,-879600
1.3028034143773e-09,-879500
1.29699529374479e-09,-879400
1.29120485373762e-09,-879300
1.28543305351417e-09,-879200
1.27968102366307e-09,-879100
1.27395006907832e-09,-879000
1.26824167122861e-09,-878900
1.26255748980979e-09,-878800
1.25689936377141e-09,-878700
1.25126931171015e-09,-878600
1.24566953162477e-09,-878500
1.24010240002921e-09,-878400
1.23457047042228e-09,-878300
1.22907647111453e-09,-878200
1.2236233024146e-09,-878100
1.21821403317949e-09,-878000
1.21285189673496e-09,-877900
1.2075402861745e-09,-877800
1.20228274904682e-09,-877700
1.19708298144402e-09,-877600
1.19194482150443e-09,-877500
1.18687224234564e-09,-877400
1.1818693444455e-09,-877300
1.17694034749024e-09,-877200
1.17208958171066e-09,-877100
1.16732147872899e-09,-877000
1.16264056194063e-09,-876900
1.15805143645636e-09,-876800
1.15355877863215e-09,-876700
1.14916732521497e-09,-876600
1.14488186213433e-09,-876500
1.14070721297045e-09,-876400
1.13664822713098e-09,-876300
1.13270976776935e-09,-876200
1.12889669947857e-09,-876100
1.12521387579519e-09,-876000
1.12166612654885e-09,-875900
1.11825824509338e-09,-875800
1.11499497545599e-09,-875700
1.11188099944136e-09,-875600
1.10892092372792e-09,-875500
1.10611926699345e-09,-875400
1.10348044710754e-09,-875300
1.10100876842812e-09,-875200
1.09870840923929e-09,-875100
1.09658340936722e-09,-875000
1.09463765801065e-09,-874900
1.09287488182193e-09,-874800
1.09129863327395e-09,-874700
1.08991227934763e-09,-874600
1.0887189905737e-09,-874500
1.08772173046168e-09,-874400
1.08692324534802e-09,-874300
1.08632605469393e-09,-874200
1.08593244186256e-09,-874100
1.08574444540362e-09,-874000
1.08576385087243e-09,-873900
1.08599218320847e-09,-873800
1.08643069969739e-09,-873700
1.08708038353858e-09,-873600
1.08794193803872e-09,-873500
1.08901578145e-09,-873400
1.09030204246994e-09,-873300
1.0918005564177e-09,-873200
1.09351086210013e-09,-873100
1.09543219937849e-09,-873000
1.09756350744517e-09,-872900
1.09990342381739e-09,-872800
1.10245028405299e-09,-872700
1.10520212219138e-09,-872600
1.1081566719206e-09,-872500
1.11131136846914e-09,-872400
1.11466335121978e-09,-872300
1.11820946703964e-09,-872200
1.12194627431963e-09,-872100
1.12587004771366e-09,-872000
1.12997678356639e-09,-871900
1.13426220601628e-09,-871800
1.13872177375868e-09,-871700
1.14335068745187e-09,-871600
1.14814389774716e-09,-871500
1.15309611392242e-09,-871400
1.1582018130966e-09,-871300
1.16345525000127e-09,-871200
1.16885046728353e-09,-871100
1.17438130631335e-09,-871000
1.18004141846676e-09,-870900
1.18582427685514e-09,-870800
1.19172318846965e-09,-870700
1.19773130670853e-09,-870600
1.20384164425424e-09,-870500
1.21004708626619e-09,-870400
1.21634040385422e-09,-870300
1.22271426779701e-09,-870200
1.22916126246934e-09,-870100
1.23567389994115e-09,-870000
1.2422446342114e-09,-869900
1.24886587553912e-09,-869800
1.25553000483403e-09,-869700
1.26222938806904e-09,-869600
1.26895639067686e-09,-869500
1.27570339189334e-09,-869400
1.28246279901024e-09,-869300
1.28922706150058e-09,-869200
1.29598868498026e-09,-869100
1.3027402449702e-09,-869000
1.30947440042401e-09,-868900
1.31618390698687e-09,-868800
1.32286162995243e-09,-868700
1.32950055688539e-09,-868600
1.33609380987855e-09,-868500
1.3426346574144e-09,-868400
1.34911652580243e-09,-868300
1.35553301016494e-09,-868200
1.36187788494532e-09,-868100
1.36814511391443e-09,-868000
1.37432885965228e-09,-867900
1.38042349248379e-09,-867800
1.38642359884918e-09,-867700
1.39232398909115e-09,-867600
1.39811970464307e-09,-867500
1.40380602460385e-09,-867400
1.40937847168752e-09,-867300
1.41483281753686e-09,-867200
1.42016508739294e-09,-867100
1.42537156411381e-09,-867000
1.43044879153805e-09,-866900
1.43539357719035e-09,-866800
1.44020299432856e-09,-866700
1.44487438333346e-09,-866600
1.44940535244452e-09,-866500
1.45379377784652e-09,-866400
1.45803780311424e-09,-866300
1.46213583802389e-09,-866200
1.46608655674183e-09,-866100
1.46988889540306e-09,-866000
1.47354204909342e-09,-865900
1.47704546825122e-09,-865800
1.48039885450573e-09,-865700
1.48360215597106e-09,-865600
1.48665556201602e-09,-865500
1.48955949753146e-09,-865400
1.49231461671796e-09,-865300
1.49492179641824e-09,-865200
1.49738212901952e-09,-865100
1.49969691495213e-09,-865000
1.50186765481178e-09,-864900
1.50389604113364e-09,-864800
1.50578394984721e-09,-864700
1.50753343144153e-09,-864600
1.50914670187096e-09,-864500
1.51062613323218e-09,-864400
1.51197424424341e-09,-864300
1.51319369055713e-09,-864200
1.51428725493779e-09,-864100
1.51525783733585e-09,-864000
1.51610844488973e-09,-863900
1.51684218188697e-09,-863800
1.51746223971549e-09,-863700
1.51797188683581e-09,-863600
1.51837445880442e-09,-863500
1.51867334837784e-09,-863400
1.51887199572681e-09,-863300
1.5189738787885e-09,-863200
1.5189825037846e-09,-863100
1.51890139593178e-09,-863000
1.51873409037014e-09,-862900
1.51848412333435e-09,-862800
1.51815502359079e-09,-862700
1.51775030416318e-09,-862600
1.51727345436736e-09,-862500
1.51672793217536e-09,-862400
1.51611715692662e-09,-862300
1.51544450240353e-09,-862200
1.51471329028664e-09,-862100
1.51392678400334e-09,-862000
1.5130881829826e-09,-861900
1.51220061732626e-09,-861800
1.51126714290637e-09,-861700
1.510290736896e-09,-861600
1.50927429373951e-09,-861500
1.50822062156672e-09,-861400
1.50713243905352e-09,-861300
1.50601237273026e-09,-861200
1.50486295473718e-09,-861100
1.50368662102489e-09,-861000
1.50248570999627e-09,-860900
1.5012624615844e-09,-860800
1.50001901675996e-09,-860700
1.49875741745986e-09,-860600
1.49747960692732e-09,-860500
1.49618743045265e-09,-860400
1.49488263650206e-09,-860300
1.4935668782212e-09,-860200
1.4922417152983e-09,-860100
1.4909086161711e-09,-860000
1.48956896056048e-09,-859900
1.48822404231256e-09,-859800
1.48687507253049e-09,-859700
1.4855231829758e-09,-859600
1.48416942971877e-09,-859500
1.48281479701657e-09,-859400
1.48146020139689e-09,-859300
1.48010649592488e-09,-859200
1.47875447463029e-09,-859100
1.47740487707147e-09,-859000
1.47605839301295e-09,-858900
1.47471566719239e-09,-858800
1.47337730415366e-09,-858700
1.4720438731217e-09,-858600
1.47071591289588e-09,-858500
1.46939393673801e-09,-858400
1.46807843723193e-09,-858300
1.46676989109169e-09,-858200
1.46546876389582e-09,-858100
1.46417551472584e-09,-858000
1.46289060068751e-09,-857900
1.46161448129425e-09,-857800
1.46034762269276e-09,-857700
1.45909050171171e-09,-857600
1.45784360971526e-09,-857500
1.45660745624419e-09,-857400
1.45538257242829e-09,-857300
1.45416951415492e-09,-857200
1.45296886497946e-09,-857100
1.451781238765e-09,-857000
1.45060728203926e-09,-856900
1.44944767605855e-09,-856800
1.44830313856937e-09,-856700
1.44717442525988e-09,-856600
1.44606233089468e-09,-856500
1.44496769012768e-09,-856400
1.44389137798928e-09,-856300
1.44283431004532e-09,-856200
1.44179744222684e-09,-856100
1.44078177033082e-09,-856000
1.43978832919371e-09,-855900
1.43881819154062e-09,-855800
1.43787246651469e-09,-855700
1.43695229789224e-09,-855600
1.43605886199072e-09,-855500
1.43519336527771e-09,-855400
1.43435704169042e-09,-855300
1.43355114967637e-09,-855200
1.4327769689672e-09,-855100
1.43203579709821e-09,-855000
1.43132894568801e-09,-854900
1.43065773649283e-09,-854800
1.43002349725162e-09,-854700
1.4294275573387e-09,-854600
1.42887124324137e-09,-854500
1.42835587388093e-09,-854400
1.42788275579593e-09,-854300
1.42745317820744e-09,-854200
1.42706840798616e-09,-854100
1.4267296845421e-09,-854000
1.42643821465762e-09,-853900
1.42619516728511e-09,-853800
1.42600166833055e-09,-853700
1.42585879544472e-09,-853600
1.42576757284337e-09,-853500
1.42572896617807e-09,-853400
1.42574387747916e-09,-853300
1.42581314019202e-09,-853200
1.4259375143275e-09,-853100
1.42611768174748e-09,-853000
1.42635424160545e-09,-852900
1.42664770596196e-09,-852800
1.42699849559411e-09,-852700
1.42740693601753e-09,-852600
1.42787325373879e-09,-852500
1.42839757275502e-09,-852400
1.4289799113173e-09,-852300
1.42962017897287e-09,-852200
1.43031817390065e-09,-852100
1.43107358055343e-09,-852000
1.43188596761912e-09,-851900
1.43275478631221e-09,-851800
1.43367936900567e-09,-851700
1.43465892821215e-09,-851600
1.43569255592235e-09,-851500
1.43677922330697e-09,-851400
1.43791778078764e-09,-851300
1.43910695848082e-09,-851200
1.44034536701735e-09,-851100
1.44163149873923e-09,-851000
1.44296372927366e-09,-850900
1.4443403194833e-09,-850800
1.44575941779029e-09,-850700
1.44721906287028e-09,-850600
1.44871718671162e-09,-850500
1.45025161803327e-09,-850400
1.45182008605421e-09,-850300
1.45342022460554e-09,-850200
1.45504957657542e-09,-850100
1.45670559867601e-09,-850000
1.4583856665202e-09,-849900
1.46008707999505e-09,-849800
1.46180706891777e-09,-849700
1.46354279895927e-09,-849600
1.46529137781894e-09,-849500
1.46704986163414e-09,-849400
1.46881526160642e-09,-849300
1.47058455082627e-09,-849200
1.47235467127717e-09,-849100
1.4741225409992e-09,-849000
1.47588506139209e-09,-848900
1.47763912463685e-09,-848800
1.47938162121485e-09,-848700
1.48110944750294e-09,-848600
1.48281951342275e-09,-848500
1.4845087501223e-09,-848400
1.48617411766783e-09,-848300
1.48781261272373e-09,-848200
1.48942127619849e-09,-848100
1.49099720083459e-09,-848000
1.49253753872068e-09,-847900
1.4940395087042e-09,-847800
1.49550040368338e-09,-847700
1.49691759775757e-09,-847600
1.49828855321541e-09,-847500
1.49961082734098e-09,-847400
1.50088207901837e-09,-847300
1.50210007511599e-09,-847200
1.50326269663252e-09,-847100
1.50436794458703e-09,-847000
1.50541394563675e-09,-846900
1.50639895740692e-09,-846800
1.50732137351749e-09,-846700
1.50817972829316e-09,-846600
1.50897270114345e-09,-846500
1.50969912060114e-09,-846400
1.51035796800786e-09,-846300
1.51094838083725e-09,-846200
1.51146965564668e-09,-846100
1.51192125064993e-09,-846000
1.51230278790441e-09,-845900
1.51261405510721e-09,-845800
1.51285500699608e-09,-845700
1.51302576635178e-09,-845600
1.51312662460031e-09,-845500
1.5131580420137e-09,-845400
1.51312064751006e-09,-845300
1.51301523805413e-09,-845200
1.51284277766091e-09,-845100
1.51260439600602e-09,-845000
1.51230138664759e-09,-844900
1.51193520486532e-09,-844800
1.51150746512362e-09,-844700
1.51101993816657e-09,-844600
1.51047454775345e-09,-844500
1.50987336704449e-09,-844400
1.50921861464737e-09,-844300
1.50851265033592e-09,-844200
1.50775797045314e-09,-844100
1.50695720301134e-09,-844000
1.50611310250329e-09,-843900
1.50522854443834e-09,-843800
1.5043065196186e-09,-843700
1.50335012817031e-09,-843600
1.50236257334659e-09,-843500
1.50134715511755e-09,-843400
1.50030726356477e-09,-843300
1.49924637209675e-09,-843200
1.498168030503e-09,-843100
1.4970758578639e-09,-843000
1.49597353533406e-09,-842900
1.49486479881696e-09,-842800
1.49375343154834e-09,-842700
1.49264325660632e-09,-842600
1.49153812936563e-09,-842500
1.49044192991371e-09,-842400
1.48935855544565e-09,-842300
1.48829191265537e-09,-842200
1.48724591013964e-09,-842100
1.48622445083151e-09,-842000
1.48523142447921e-09,-841900
1.48427070018617e-09,-841800
1.48334611902758e-09,-841700
1.48246148675791e-09,-841600
1.48162056662398e-09,-841500
1.48082707229691e-09,-841400
1.48008466093629e-09,-841300
1.47939692639881e-09,-841200
1.47876739260335e-09,-841100
1.47819950706355e-09,-841000
1.47769663459839e-09,-840900
1.47726205123062e-09,-840800
1.47689893828198e-09,-840700
1.47661037667383e-09,-840600
1.47639934144042e-09,-840500
1.47626869646223e-09,-840400
1.47622118942511e-09,-840300
1.47625944701105e-09,-840200
1.47638597032503e-09,-840100
1.47660313056234e-09,-840000
1.47691316491932e-09,-839900
1.4773181727506e-09,-839800
1.47782011197446e-09,-839700
1.47842079572796e-09,-839600
1.47912188927233e-09,-839500
1.47992490714894e-09,-839400
1.48083121058513e-09,-839300
1.48184200514912e-09,-839200
1.48295833865223e-09,-839100
1.48418109929651e-09,-839000
1.48551101406521e-09,-838900
1.48694864735301e-09,-838800
1.48849439983285e-09,-838700
1.49014850755543e-09,-838600
1.49191104127747e-09,-838500
1.49378190601429e-09,-838400
1.49576084081196e-09,-838300
1.49784741873445e-09,-838200
1.50004104706036e-09,-838100
1.50234096768439e-09,-838000
1.50474625771784e-09,-837900
1.50725583028301e-09,-837800
1.50986843549585e-09,-837700
1.51258266163142e-09,-837600
1.51539693646656e-09,-837500
1.5183095287945e-09,-837400
1.52131855010577e-09,-837300
1.52442195643031e-09,-837200
1.52761755033546e-09,-837100
1.53090298307489e-09,-837000
1.53427575688348e-09,-836900
1.53773322741356e-09,-836800
1.54127260630804e-09,-836700
1.54489096390602e-09,-836600
1.54858523207698e-09,-836500
1.55235220717981e-09,-836400
1.55618855314292e-09,-836300
1.56009080466242e-09,-836200
1.56405537051522e-09,-836100
1.56807853698434e-09,-836000
1.572156471394e-09,-835900
1.57628522575224e-09,-835800
1.58046074049913e-09,-835700
1.58467884835899e-09,-835600
1.58893527829498e-09,-835500
1.5932256595651e-09,-835400
1.59754552587831e-09,-835300
1.60189031965028e-09,-835200
1.60625539635794e-09,-835100
1.61063602899256e-09,-835000
1.61502741261087e-09,-834900
1.61942466898422e-09,-834800
1.62382285134571e-09,-834700
1.62821694923497e-09,-834600
1.63260189344112e-09,-834500
1.6369725610435e-09,-834400
1.64132378055043e-09,-834300
1.64565033713594e-09,-834200
1.64994697797436e-09,-834100
1.65420841767258e-09,-834000
1.65842934379955e-09,-833900
1.66260442251268e-09,-833800
1.66672830428024e-09,-833700
1.67079562969895e-09,-833600
1.67480103540536e-09,-833500
1.67873916007975e-09,-833400
1.68260465054051e-09,-833300
1.68639216792686e-09,-833200
1.69009639396741e-09,-833100
1.69371203733146e-09,-833000
1.69723384005974e-09,-832900
1.70065658407066e-09,-832800
1.70397509773774e-09,-832700
1.70718426253335e-09,-832600
1.7102790197336e-09,-832500
1.71325437717814e-09,-832400
1.71610541607894e-09,-832300
1.71882729787057e-09,-832200
1.72141527109496e-09,-832100
1.7238646783122e-09,-832000
1.72617096302894e-09,-831900
1.72832967663509e-09,-831800
1.73033648533912e-09,-831700
1.73218717709169e-09,-831600
1.73387766848657e-09,-831500
1.7354040116277e-09,-831400
1.73676240095038e-09,-831300
1.73794917998422e-09,-831200
1.7389608480449e-09,-831100
1.73979406684158e-09,-831000
1.74044566698616e-09,-830900
1.74091265439011e-09,-830800
1.74119221653471e-09,-830700
1.74128172859949e-09,-830600
1.74117875943408e-09,-830500
1.74088107735799e-09,-830400
1.74038665577278e-09,-830300
1.73969367857091e-09,-830200
1.73880054532553e-09,-830100
1.7377058762452e-09,-830000
1.73640851687781e-09,-829900
1.73490754254776e-09,-829800
1.73320226251067e-09,-829700
1.73129222381007e-09,-829600
1.72917721482067e-09,-829500
1.72685726846308e-09,-829400
1.72433266507528e-09,-829300
1.72160393492632e-09,-829200
1.71867186035836e-09,-829100
1.71553747754359e-09,-829000
1.71220207784314e-09,-828900
1.70866720875569e-09,-828800
1.70493467444409e-09,-828700
1.70100653582933e-09,-828600
1.69688511024147e-09,-828500
1.69257297061857e-09,-828400
1.68807294424501e-09,-828300
1.68338811102202e-09,-828200
1.67852180126367e-09,-828100
1.67347759301334e-09,-828000
1.66825930887585e-09,-827900
1.66287101236255e-09,-827800
1.65731700374685e-09,-827700
1.65160181542972e-09,-827600
1.64573020681523e-09,-827500
1.63970715869791e-09,-827400
1.63353786716466e-09,-827300
1.62722773701556e-09,-827200
1.62078237470883e-09,-827100
1.61420758083695e-09,-827000
1.60750934214186e-09,-826900
1.60069382307885e-09,-826800
1.59376735693987e-09,-826700
1.5867364365483e-09,-826600
1.57960770453869e-09,-826500
1.57238794323624e-09,-826400
1.56508406415183e-09,-826300
1.55770309711021e-09,-826200
1.5502521790295e-09,-826100
1.54273854237201e-09,-826000
1.53516950328712e-09,-825900
1.52755244946828e-09,-825800
1.51989482774723e-09,-825700
1.51220413144958e-09,-825600
1.50448788753687e-09,-825500
1.49675364356118e-09,-825400
1.48900895445921e-09,-825300
1.48126136921345e-09,-825200
1.47351841740908e-09,-825100
1.46578759571565e-09,-825000
1.45807635432306e-09,-824900
1.45039208336256e-09,-824800
1.4427420993428e-09,-824700
1.43513363163254e-09,-824600
1.42757380902102e-09,-824500
1.42006964638738e-09,-824400
1.41262803151123e-09,-824300
1.40525571205517e-09,-824200
1.39795928275166e-09,-824100
1.39074517282487e-09,-824000
1.38361963367908e-09,-823900
1.37658872688419e-09,-823800
1.36965831248864e-09,-823700
1.36283403768964e-09,-823600
1.35612132588974e-09,-823500
1.34952536616829e-09,-823400
1.34305110319544e-09,-823300
1.33670322761541e-09,-823200
1.33048616692487e-09,-823100
1.32440407687126e-09,-823000
1.31846083339455e-09,-822900
1.31266002513505e-09,-822800
1.30700494652826e-09,-822700
1.30149859150668e-09,-822600
1.29614364782701e-09,-822500
1.29094249203949e-09,-822400
1.28589718511495e-09,-822300
1.28100946874327e-09,-822200
1.27628076231541e-09,-822100
1.2717121605995e-09,-822000
1.26730443211962e-09,-821900
1.26305801824441e-09,-821800
1.25897303299053e-09,-821700
1.25504926354436e-09,-821600
1.25128617150347e-09,-821500
1.24768289483744e-09,-821400
1.24423825056594e-09,-821300
1.24095073814972e-09,-821200
1.23781854358887e-09,-821100
1.23483954422017e-09,-821000
1.23201131420417e-09,-820900
1.22933113069026e-09,-820800
1.22679598064646e-09,-820700
1.22440256833885e-09,-820600
1.22214732344388e-09,-820500
1.22002640977473e-09,-820400
1.21803573460189e-09,-820300
1.21617095854584e-09,-820200
1.21442750601857e-09,-820100
1.21280057618916e-09,-820000
1.21128515444708e-09,-819900
1.20987602433551e-09,-819800
1.20856777992587e-09,-819700
1.20735483860351e-09,-819600
1.20623145423307e-09,-819500
1.2051917306716e-09,-819400
1.20422963559596e-09,-819300
1.20333901461059e-09,-819200
1.20251360560078e-09,-819100
1.20174705329604e-09,-819000
1.20103292400745e-09,-818900
1.20036472050259e-09,-818800
1.19973589698122e-09,-818700
1.19913987411453e-09,-818600
1.19857005411089e-09,-818500
1.19801983577061e-09,-818400
1.19748262949279e-09,-818300
1.19695187219705e-09,-818200
1.19642104212334e-09,-818100
1.19588367347369e-09,-818000
1.19533337085987e-09,-817900
1.19476382352162e-09,-817800
1.19416881928106e-09,-817700
1.19354225819922e-09,-817600
1.19287816590198e-09,-817500
1.19217070654329e-09,-817400
1.19141419537489e-09,-817300
1.19060311089279e-09,-817200
1.18973210653188e-09,-817100
1.18879602188166e-09,-817000
1.18778989339715e-09,-816900
1.18670896458071e-09,-816800
1.18554869561189e-09,-816700
1.18430477240408e-09,-816600
1.18297311506851e-09,-816500
1.18154988576741e-09,-816400
1.18003149594048e-09,-816300
1.17841461289006e-09,-816200
1.17669616571255e-09,-816100
1.17487335056534e-09,-816000
1.17294363526031e-09,-815900
1.17090476317697e-09,-815800
1.16875475649029e-09,-815700
1.16649191870974e-09,-815600
1.16411483652856e-09,-815500
1.16162238098368e-09,-815400
1.15901370792886e-09,-815300
1.15628825782544e-09,-815200
1.15344575485671e-09,-815100
1.1504862053743e-09,-815000
1.14740989568587e-09,-814900
1.14421738919612e-09,-814800
1.14090952291391e-09,-814700
1.13748740334073e-09,-814600
1.1339524017567e-09,-814500
1.13030614892207e-09,-814400
1.12655052921394e-09,-814300
1.12268767421868e-09,-814200
1.11871995580238e-09,-814100
1.11464997868271e-09,-814000
1.11048057252671e-09,-813900
1.10621478360016e-09,-813800
1.10185586599519e-09,-813700
1.09740727246358e-09,-813600
1.09287264488419e-09,-813500
1.08825580439365e-09,-813400
1.08356074120974e-09,-813300
1.07879160417807e-09,-813200
1.07395269007242e-09,-813100
1.0690484326799e-09,-813000
1.06408339170213e-09,-812900
1.05906224150379e-09,-812800
1.05398975974004e-09,-812700
1.04887081589404e-09,-812600
1.043710359756e-09,-812500
1.03851340987448e-09,-812400
1.03328504201073e-09,-812300
1.02803037762624e-09,-812200
1.0227545724331e-09,-812100
1.01746280503635e-09,-812000
1.01216026569658e-09,-811900
1.00685214524043e-09,-811800
1.00154362414574e-09,-811700
9.962398618272e-10,-811600
9.90945986147217e-10,-811500
9.85667083175859e-10,-811400
9.80408187222492e-10,-811300
9.75174271160525e-10,-811200
9.69970237065531e-10,-811100
9.64800907185606e-10,-811000
9.59671015261659e-10,-810900
9.54585198213735e-10,-810800
9.49547988208385e-10,-810700
9.44563805120264e-10,-810600
9.39636949400095e-10,-810500
9.34771595359375e-10,-810400
9.29971784880827e-10,-810300
9.25241421562116e-10,-810200
9.20584265298797e-10,-810100
9.16003927311067e-10,-810000
9.11503865617269e-10,-809900
9.07087380955824e-10,-809800
9.02757613155525e-10,-809700
8.98517537953057e-10,-809600
8.94369964254912e-10,-809500
8.90317531839624e-10,-809400
8.86362709494951e-10,-809300
8.82507793583225e-10,-809200
8.7875490702701e-10,-809100
8.7510599870585e-10,-809000
8.71562843253874e-10,-808900
8.68127041246875e-10,-808800
8.64800019766466e-10,-808700
8.61583033328046e-10,-808600
8.5847716515824e-10,-808500
8.55483328806809e-10,-808400
8.52602270077239e-10,-808300
8.49834569259489e-10,-808200
8.47180643647813e-10,-808100
8.44640750326068e-10,-808000
8.4221498920233e-10,-807900
8.39903306274529e-10,-807800
8.37705497108232e-10,-807700
8.35621210507646e-10,-807600
8.33649952360765e-10,-807500
8.31791089639485e-10,-807400
8.30043854535501e-10,-807300
8.28407348713001e-10,-807200
8.26880547659203e-10,-807100
8.25462305114114e-10,-807000
8.24151357561154e-10,-806900
8.22946328760697e-10,-806800
8.21845734309036e-10,-806700
8.20847986205666e-10,-806600
8.199513974126e-10,-806500
8.19154186389804e-10,-806400
8.18454481591655e-10,-806300
8.17850325910089e-10,-806200
8.17339681050771e-10,-806100
8.1692043182957e-10,-806000
8.16590390377418e-10,-805900
8.16347300242558e-10,-805800
8.16188840380124e-10,-805700
8.16112629019953e-10,-805600
8.16116227404541e-10,-805500
8.16197143390011e-10,-805400
8.16352834904006e-10,-805300
8.16580713255504e-10,-805200
8.16878146292469e-10,-805100
8.17242461404394e-10,-805000
8.17670948367809e-10,-804900
8.18160862033704e-10,-804800
8.1870942485712e-10,-804700
8.19313829269833e-10,-804600
8.19971239898247e-10,-804500
8.20678795629453e-10,-804400
8.21433611529411e-10,-804300
8.2223278061795e-10,-804200
8.23073375506339e-10,-804100
8.23952449903723e-10,-804000
8.24867039999797e-10,-803900
8.25814165731454e-10,-803800
8.26790831942146e-10,-803700
8.27794029443039e-10,-803600
8.28820735985748e-10,-803500
8.29867917156914e-10,-803400
8.30932527205287e-10,-803300
8.32011509812387e-10,-803200
8.33101798818133e-10,-803100
8.34200318913056e-10,-803000
8.3530398630893e-10,-802900
8.36409709399782e-10,-802800
8.37514389425228e-10,-802700
8.38614921148163e-10,-802600
8.3970819355875e-10,-802500
8.40791090616401e-10,-802400
8.4186049204137e-10,-802300
8.4291327416729e-10,-802200
8.43946310865514e-10,-802100
8.4495647455199e-10,-802000
8.45940637286636e-10,-801900
8.46895671974967e-10,-801800
8.47818453680949e-10,-801700
8.48705861059547e-10,-801600
8.49554777916762e-10,-801500
8.50362094904205e-10,-801400
8.51124711354507e-10,-801300
8.51839537263132e-10,-801200
8.52503495421268e-10,-801100
8.53113523703559e-10,-801000
8.53666577513709e-10,-800900
8.54159632389934e-10,-800800
8.54589686771325e-10,-800700
8.54953764925241e-10,-800600
8.55248920034944e-10,-800500
8.55472237445568e-10,-800400
8.55620838065702e-10,-800300
8.55691881920708e-10,-800200
8.55682571853111e-10,-800100
8.55590157364232e-10,-800000
8.55411938590448e-10,-799900
8.55145270406438e-10,-799800
8.54787566646799e-10,-799700
8.5433630443672e-10,-799600
8.53789028621325e-10,-799500
8.53143356282584e-10,-799400
8.52396981331914e-10,-799300
8.51547679165744e-10,-799200
8.50593311370729e-10,-799100
8.49531830464558e-10,-799000
8.48361284657718e-10,-798900
8.47079822621116e-10,-798800
8.45685698243693e-10,-798700
8.4417727536416e-10,-798600
8.42553032460169e-10,-798500
8.40811567278214e-10,-798400
8.38951601387233e-10,-798300
8.36971984638621e-10,-798200
8.34871699515411e-10,-798100
8.32649865353177e-10,-798000
8.30305742415395e-10,-797900
8.27838735805966e-10,-797800
8.25248399201859e-10,-797700
8.22534438389079e-10,-797600
8.19696714585401e-10,-797500
8.16735247533801e-10,-797400
8.13650218350862e-10,-797300
8.1044197211506e-10,-797200
8.07111020180264e-10,-797100
8.03658042200684e-10,-797000
8.00083887853878e-10,-796900
7.96389578249592e-10,-796800
7.92576307012632e-10,-796700
7.88645441029184e-10,-796600
7.84598520846794e-10,-796500
7.80437260719106e-10,-796400
7.76163548287765e-10,-796300
7.71779443894654e-10,-796200
7.6728717951895e-10,-796100
7.62689157334578e-10,-796000
7.57987947884773e-10,-795900
7.53186287871707e-10,-795800
7.48287077560372e-10,-795700
7.43293377797073e-10,-795600
7.38208406644233e-10,-795500
7.3303553563444e-10,-795400
7.27778285647835e-10,-795300
7.22440322418377e-10,-795200
7.17025451675647e-10,-795100
7.11537613930099e-10,-795000
7.05980878910973e-10,-794900
7.00359439667259e-10,-794800
6.94677606343177e-10,-794700
6.88939799641051e-10,-794600
6.83150543985246e-10,-794500
6.77314460402227e-10,-794400
6.71436259132581e-10,-794300
6.65520731992079e-10,-794200
6.59572744499546e-10,-794100
6.53597227790452e-10,-794000
6.47599170335731e-10,-793900
6.41583609486302e-10,-793800
6.35555622864364e-10,-793700
6.29520319623149e-10,-793600
6.23482831597584e-10,-793500
6.17448304368458e-10,-793400
6.11421888263548e-10,-793300
6.05408729319109e-10,-793200
5.99413960225698e-10,-793100
5.93442691282288e-10,-793000
5.87500001382872e-10,-792900
5.81590929059744e-10,-792800
5.7572046360754e-10,-792700
5.69893536312104e-10,-792600
5.6411501180789e-10,-792500
5.58389679587456e-10,-792400
5.52722245686106e-10,-792300
5.47117324564381e-10,-792200
5.41579431210469e-10,-792100
5.36112973484103e-10,-792000
5.30722244722722e-10,-791900
5.25411416630016e-10,-791800
5.20184532466036e-10,-791700
5.15045500557273e-10,-791600
5.09998088144056e-10,-791500
5.05045915581652e-10,-791400
5.00192450910364e-10,-791300
4.95441004808755e-10,-791200
4.90794725943002e-10,-791100
4.86256596724111e-10,-791000
4.81829429483474e-10,-790900
4.77515863075895e-10,-790800
4.73318359917979e-10,-790700
4.69239203468257e-10,-790600
4.65280496154157e-10,-790500
4.61444157749442e-10,-790400
4.5773192420433e-10,-790300
4.54145346929071e-10,-790200
4.50685792530357e-10,-790100
4.47354442998397e-10,-790000
4.44152296341196e-10,-789900
4.41080167661025e-10,-789800
4.38138690666772e-10,-789700
4.35328319614382e-10,-789600
4.32649331666335e-10,-789500
4.30101829659699e-10,-789400
4.27685745271045e-10,-789300
4.254008425653e-10,-789200
4.23246721914293e-10,-789100
4.21222824269734e-10,-789000
4.19328435774158e-10,-788900
4.17562692692368e-10,-788800
4.15924586644948e-10,-788700
4.144129701244e-10,-788600
4.13026562273765e-10,-788500
4.11763954906644e-10,-788400
4.10623618746949e-10,-788300
4.09603909866029e-10,-788200
4.08703076294261e-10,-788100
4.07919264783764e-10,-788000
4.07250527698471e-10,-787900
4.06694830007491e-10,-787800
4.06250056357497e-10,-787700
4.05914018199732e-10,-787600
4.05684460947159e-10,-787500
4.05559071137347e-10,-787400
4.0553548357681e-10,-787300
4.05611288442663e-10,-787200
4.05784038317901e-10,-787100
4.06051255136797e-10,-787000
4.06410437017546e-10,-786900
4.06859064959714e-10,-786800
4.07394609384716e-10,-786700
4.08014536498302e-10,-786600
4.08716314454646e-10,-786500
4.09497419302677e-10,-786400
4.10355340696044e-10,-786300
4.1128758734917e-10,-786200
4.12291692222887e-10,-786100
4.13365217424173e-10,-786000
4.14505758805765e-10,-785900
4.15710950252544e-10,-785800
4.16978467642873e-10,-785700
4.1830603247433e-10,-785600
4.19691415144637e-10,-785500
4.21132437879912e-10,-785400
4.2262697730373e-10,-785300
4.24172966641969e-10,-785200
4.25768397559714e-10,-785100
4.27411321628005e-10,-785000
4.29099851419645e-10,-784900
4.30832161234668e-10,-784800
4.3260648745752e-10,-784700
4.34421128549503e-10,-784600
4.36274444681261e-10,-784500
4.38164857011671e-10,-784400
4.40090846620728e-10,-784300
4.42050953105375e-10,-784200
4.44043772848544e-10,-784100
4.46067956972921e-10,-784000
4.48122208992121e-10,-783900
4.502052821732e-10,-783800
4.52315976625404e-10,-783700
4.54453136131282e-10,-783600
4.56615644737101e-10,-783500
4.58802423120582e-10,-783400
4.61012424754682e-10,-783300
4.63244631887059e-10,-783200
4.65498051355507e-10,-783100
4.67771710260282e-10,-783000
4.7006465151479e-10,-782900
4.72375929296625e-10,-782800
4.74704604421264e-10,-782700
4.77049739661114e-10,-782600
4.79410395032758e-10,-782500
4.81785623075394e-10,-782400
4.8417446414355e-10,-782300
4.86575941737079e-10,-782200
4.88989057891301e-10,-782100
4.91412788649993e-10,-782000
4.93846079643569e-10,-781900
4.96287841794457e-10,-781800
4.98736947171202e-10,-781700
5.01192225012221e-10,-781600
5.03652457939611e-10,-781500
5.0611637838257e-10,-781400
5.08582665229363e-10,-781300
5.11049940725767e-10,-781200
5.13516767637089e-10,-781100
5.15981646689832e-10,-781000
5.18443014308071e-10,-780900
5.20899240658431e-10,-780800
5.23348628016405e-10,-780700
5.25789409465634e-10,-780600
5.28219747940329e-10,-780500
5.3063773561992e-10,-780400
5.3304139368348e-10,-780300
5.35428672430272e-10,-780200
5.37797451771265e-10,-780100
5.40145542095075e-10,-780000
5.42470685510363e-10,-779900
5.44770557465293e-10,-779800
5.47042768743136e-10,-779700
5.49284867831725e-10,-779600
5.51494343662995e-10,-779500
5.53668628717355e-10,-779400
5.55805102486351e-10,-779300
5.5790109528543e-10,-779200
5.59953892407593e-10,-779100
5.61960738606996e-10,-779000
5.6391884290052e-10,-778900
5.65825383673979e-10,-778800
5.67677514078302e-10,-778700
5.69472367700064e-10,-778600
5.71207064489394e-10,-778500
5.72878716927359e-10,-778400
5.74484436413875e-10,-778300
5.76021339856264e-10,-778200
5.77486556437676e-10,-778100
5.78877234543829e-10,-778000
5.80190548825787e-10,-777900
5.81423707375855e-10,-777800
5.8257395899305e-10,-777700
5.83638600514179e-10,-777600
5.84614984186184e-10,-777500
5.85500525054951e-10,-777400
5.8629270834575e-10,-777300
5.86989096810128e-10,-777200
5.87587338014215e-10,-777100
5.88085171543251e-10,-777000
5.88480436097427e-10,-776900
5.88771076454247e-10,-776800
5.88955150272875e-10,-776700
5.89030834716512e-10,-776600
5.88996432869029e-10,-776500
5.88850379922909e-10,-776400
5.8859124911596e-10,-776300
5.88217757395168e-10,-776200
5.87728770786678e-10,-776100
5.87123309451843e-10,-776000
5.86400552410303e-10,-775900
5.8555984191176e-10,-775800
5.8460068743961e-10,-775700
5.8352276933031e-10,-775600
5.82325941993849e-10,-775500
5.81010236721723e-10,-775400
5.79575864070269e-10,-775300
5.78023215808367e-10,-775200
5.76352866420067e-10,-775100
5.74565574153964e-10,-775000
5.72662281612639e-10,-774900
5.70644115876982e-10,-774800
5.6851238816156e-10,-774700
5.66268592998875e-10,-774600
5.63914406951652e-10,-774500
5.61451686854004e-10,-774400
5.58882467583668e-10,-774300
5.56208959369096e-10,-774200
5.53433544636651e-10,-774100
5.50558774404605e-10,-774000
5.47587364232141e-10,-773900
5.44522189732919e-10,-773800
5.41366281664223e-10,-773700
5.38122820603996e-10,-773600
5.34795131229452e-10,-773500
5.31386676212187e-10,-773400
5.2790104974592e-10,-773300
5.24341970724197e-10,-773200
5.20713275586478e-10,-773100
5.17018910852069e-10,-773000
5.1326292536241e-10,-772900
5.09449462252981e-10,-772800
5.0558275067716e-10,-772700
5.01667097304954e-10,-772600
4.97706877620268e-10,-772500
4.93706527041071e-10,-772400
4.89670531887215e-10,-772300
4.85603420221242e-10,-772200
4.8150975258778e-10,-772100
4.7739411267752e-10,-772000
4.73261097941819e-10,-771900
4.69115310184265e-10,-771800
4.64961346155413e-10,-771700
4.60803788176915e-10,-771600
4.56647194821097e-10,-771500
4.52496091671859e-10,-771400
4.48354962192355e-10,-771300
4.4422823872463e-10,-771200
4.40120293645831e-10,-771100
4.36035430705085e-10,-771000
4.31977876564513e-10,-770900
4.27951772567106e-10,-770800
4.23961166753479e-10,-770700
4.20010006148563e-10,-770600
4.16102129338498e-10,-770500
4.12241259356923e-10,-770400
4.08430996898889e-10,-770300
4.04674813879492e-10,-770200
4.00976047353182e-10,-770100
3.97337893808546e-10,-770000
3.93763403852113e-10,-769900
3.90255477293466e-10,-769800
3.86816858642604e-10,-769700
3.83450133029266e-10,-769600
3.8015772255245e-10,-769500
3.76941883067076e-10,-769400
3.73804701413305e-10,-769300
3.70748093092649e-10,-769200
3.67773800393561e-10,-769100
3.64883390967867e-10,-769000
3.62078256857899e-10,-768900
3.59359613972875e-10,-768800
3.56728502011656e-10,-768700
3.54185784827648e-10,-768600
3.51732151230314e-10,-768500
3.49368116216393e-10,-768400
3.47094022622704e-10,-768300
3.44910043191135e-10,-768200
3.42816183035239e-10,-768100
3.40812282496665e-10,-768000
3.38898020378596e-10,-767900
3.3707291754228e-10,-767800
3.3533634085169e-10,-767700
3.3368750745053e-10,-767600
3.32125489354779e-10,-767500
3.30649218343218e-10,-767400
3.29257491127648e-10,-767300
3.27948974783743e-10,-767200
3.26722212422963e-10,-767100
3.25575629085304e-10,-767000
3.24507537832272e-10,-766900
3.2351614601904e-10,-766800
3.22599561724405e-10,-766700
3.21755800316921e-10,-766600
3.20982791135456e-10,-766500
3.20278384262257e-10,-766400
3.19640357366618e-10,-766300
3.19066422597335e-10,-766200
3.18554233502159e-10,-766100
3.18101391952805e-10,-766000
3.17705455054192e-10,-765900
3.17363942017072e-10,-765800
3.17074340973493e-10,-765700
3.16834115715154e-10,-765600
3.16640712335111e-10,-765500
3.1649156575401e-10,-765400
3.16384106112619e-10,-765300
3.16315765013201e-10,-765200
3.16283981592981e-10,-765100
3.1628620841386e-10,-765000
3.16319917153325e-10,-764900
3.16382604082434e-10,-764800
3.16471795317785e-10,-764700
3.16585051835213e-10,-764600
3.16719974234131e-10,-764500
3.16874207242357e-10,-764400
3.17045443952417e-10,-764300
3.17231429781383e-10,-764200
3.17429966147348e-10,-764100
3.17638913856851e-10,-764000
3.17856196198633e-10,-763900
3.18079801740199e-10,-763800
3.18307786824863e-10,-763700
3.18538277767984e-10,-763600
3.18769472752279e-10,-763500
3.18999643423124e-10,-763400
3.192271361859e-10,-763300
3.19450373208433e-10,-763200
3.19667853132612e-10,-763100
3.19878151500344e-10,-763000
3.20079920899836e-10,-762900
3.20271890839268e-10,-762800
3.20452867355686e-10,-762700
3.20621732367896e-10,-762600
3.20777442782899e-10,-762500
3.20919029366128e-10,-762400
3.21045595386555e-10,-762300
3.21156315048301e-10,-762200
3.21250431721023e-10,-762100
3.21327255981913e-10,-762000
3.213861634826e-10,-761900
3.21426592654717e-10,-761800
3.21448042268221e-10,-761700
3.21450068856941e-10,-761600
3.21432284025959e-10,-761500
3.21394351655806e-10,-761400
3.21335985018336e-10,-761300
3.21256943819482e-10,-761200
3.21157031183867e-10,-761100
3.21036090596359e-10,-761000
3.20894002815449e-10,-760900
3.20730682773204e-10,-760800
3.20546076476304e-10,-760700
3.20340157922407e-10,-760600
3.20112926045724e-10,-760500
3.19864401705295e-10,-760400
3.19594624729076e-10,-760300
3.1930365102636e-10,-760200
3.18991549780634e-10,-760100
3.18658400734291e-10,-760000
3.18304291576097e-10,-759900
3.17929315441602e-10,-759800
3.17533568536017e-10,-759700
3.17117147888345e-10,-759600
3.16680149244848e-10,-759500
3.16222665109141e-10,-759400
3.15744782935374e-10,-759300
3.15246583480239e-10,-759200
3.14728139318632e-10,-759100
3.14189513527044e-10,-759000
3.1363075853782e-10,-758900
3.13051915166705e-10,-758800
3.12453011815119e-10,-758700
3.11834063847854e-10,-758600
3.11195073146047e-10,-758500
3.10536027834376e-10,-758400
3.09856902180723e-10,-758300
3.09157656665676e-10,-758200
3.08438238218526e-10,-758100
3.0769858061558e-10,-758000
3.06938605036007e-10,-757900
3.06158220769593e-10,-757800
3.05357326070253e-10,-757700
3.04535809148413e-10,-757600
3.03693549294833e-10,-757500
3.0283041812787e-10,-757400
3.0194628095566e-10,-757300
3.01040998244217e-10,-757200
3.00114427182055e-10,-757100
2.99166423331493e-10,-757000
2.98196842356504e-10,-756900
2.97205541816681e-10,-756800
2.96192383016648e-10,-756700
2.95157232900014e-10,-756600
2.94099965976889e-10,-756500
2.93020466273854e-10,-756400
2.91918629295203e-10,-756300
2.90794363984388e-10,-756200
2.89647594674522e-10,-756100
2.8847826301699e-10,-756000
2.87286329877389e-10,-755900
2.86071777188117e-10,-755800
2.84834609747314e-10,-755700
2.83574856954044e-10,-755600
2.82292574470014e-10,-755500
2.80987845798467e-10,-755400
2.79660783771324e-10,-755300
2.78311531936121e-10,-755200
2.76940265834726e-10,-755100
2.75547194166427e-10,-755000
2.74132559828488e-10,-754900
2.7269664082784e-10,-754800
2.7123975105826e-10,-754700
2.69762240937951e-10,-754600
2.68264497903137e-10,-754500
2.66746946753937e-10,-754400
2.65210049849484e-10,-754300
2.6365430714996e-10,-754200
2.62080256103881e-10,-754100
2.6048847137977e-10,-754000
2.58879564441936e-10,-753900
2.57254182970953e-10,-753800
2.55613010129985e-10,-753700
2.53956763678931e-10,-753600
2.52286194938976e-10,-753500
2.50602087610868e-10,-753400
2.48905256450845e-10,-753300
2.47196545808856e-10,-753200
2.45476828034305e-10,-753100
2.43747001755097e-10,-753000
2.42007990036475e-10,-752900
2.40260738426521e-10,-752800
2.38506212895833e-10,-752700
2.36745397679311e-10,-752600
2.34979293028427e-10,-752500
2.3320891288282e-10,-752400
2.31435282470333e-10,-752300
2.29659435845047e-10,-752200
2.27882413373047e-10,-752100
2.26105259176005e-10,-752000
2.24329018542785e-10,-751900
2.2255473531947e-10,-751800
2.20783449288327e-10,-751700
2.19016193546283e-10,-751600
2.17253991893494e-10,-751500
2.15497856242602e-10,-751400
2.13748784059175e-10,-751300
2.12007755843707e-10,-751200
2.10275732665428e-10,-751100
2.08553653757937e-10,-751000
2.06842434186452e-10,-750900
2.05142962596154e-10,-750800
2.03456099050818e-10,-750700
2.01782672970505e-10,-750600
2.00123481176716e-10,-750500
1.98479286052989e-10,-750400
1.96850813828363e-10,-750300
1.95238752990758e-10,-750200
1.93643752836637e-10,-750100
1.92066422162881e-10,-750000
1.90507328106122e-10,-749900
1.88966995134262e-10,-749800
1.8744590419416e-10,-749700
1.8594449201895e-10,-749600
1.84463150597684e-10,-749500
1.83002226809379e-10,-749400
1.81562022222856e-10,-749300
1.80142793063042e-10,-749200
1.78744750343769e-10,-749100
1.77368060166336e-10,-749000
1.76012844182493e-10,-748900
1.7467918021976e-10,-748800
1.73367103066361e-10,-748700
1.7207660541234e-10,-748600
1.70807638942842e-10,-748500
1.69560115578865e-10,-748400
1.68333908860163e-10,-748300
1.67128855464454e-10,-748200
1.65944756856428e-10,-748100
1.64781381059616e-10,-748000
1.63638464543562e-10,-747900
1.62515714218357e-10,-747800
1.61412809528076e-10,-747700
1.6032940463429e-10,-747600
1.59265130680444e-10,-747500
1.58219598127544e-10,-747400
1.57192399151299e-10,-747300
1.56183110090639e-10,-747200
1.5519129393728e-10,-747100
1.54216502855869e-10,-747000
1.53258280724087e-10,-746900
1.52316165682034e-10,-746800
1.51389692680177e-10,-746700
1.50478396015119e-10,-746600
1.49581811842573e-10,-746500
1.48699480656921e-10,-746400
1.47830949726993e-10,-746300
1.46975775477774e-10,-746200
1.46133525808085e-10,-746100
1.45303782334457e-10,-746000
1.44486142551805e-10,-745900
1.43680221901799e-10,-745800
1.42885655740276e-10,-745700
1.42102101195424e-10,-745600
1.41329238908917e-10,-745500
1.40566774652737e-10,-745400
1.39814440814875e-10,-745300
1.39071997747695e-10,-745200
1.3833923497331e-10,-745100
1.37615972240931e-10,-745000
1.36902060431782e-10,-744900
1.36197382307783e-10,-744800
1.35501853100917e-10,-744700
1.3481542094083e-10,-744600
1.34138067118922e-10,-744500
1.33469806187862e-10,-744400
1.3281068589618e-10,-744300
1.32160786958263e-10,-744200
1.31520222660831e-10,-744100
1.30889138307589e-10,-744000
1.30267710504518e-10,-743900
1.29656146288919e-10,-743800
1.29054682105966e-10,-743700
1.28463582637228e-10,-743600
1.27883139486227e-10,-743500
1.2731366972672e-10,-743400
1.26755514319979e-10,-743300
1.26209036407949e-10,-743200
1.25674619489631e-10,-743100
1.25152665488648e-10,-743000
1.24643592720324e-10,-742900
1.24147833767139e-10,-742800
1.23665833271771e-10,-742700
1.23198045657345e-10,-742600
1.22744932784818e-10,-742500
1.2230696155772e-10,-742400
1.21884601484747e-10,-742300
1.21478322210851e-10,-742200
1.21088591027712e-10,-742100
1.20715870374501e-10,-742000
1.20360615340001e-10,-741900
1.20023271177114e-10,-741800
1.19704270840802e-10,-741700
1.19404032560405e-10,-741600
1.19122957457207e-10,-741500
1.18861427217951e-10,-741400
1.18619801834742e-10,-741300
1.1839841742166e-10,-741200
1.1819758411796e-10,-741100
1.18017584087527e-10,-741000
1.17858669623816e-10,-740900
1.17721061369099e-10,-740800
1.1760494665643e-10,-740700
1.17510477982189e-10,-740600
1.17437771616614e-10,-740500
1.17386906359109e-10,-740400
1.17357922444603e-10,-740300
1.17350820606546e-10,-740200
1.17365561301581e-10,-740100
1.17402064100177e-10,-740000
1.17460207246927e-10,-739900
1.17539827393423e-10,-739800
1.17640719505993e-10,-739700
1.17762636949811e-10,-739600
1.17905291750176e-10,-739500
1.18068355031015e-10,-739400
1.18251457629944e-10,-739300
1.18454190888446e-10,-739200
1.1867610761503e-10,-739100
1.18916723218468e-10,-739000
1.19175517007501e-10,-738900
1.19451933652715e-10,-738800
1.1974538480555e-10,-738700
1.20055250868774e-10,-738600
1.2038088291206e-10,-738500
1.20721604725702e-10,-738400
1.21076715004884e-10,-738300
1.21445489656332e-10,-738200
1.21827184218646e-10,-738100
1.22221036387083e-10,-738000
1.22626268633095e-10,-737900
1.23042090908469e-10,-737800
1.2346770342352e-10,-737700
1.23902299488438e-10,-737600
1.24345068406555e-10,-737500
1.24795198408014e-10,-737400
1.25251879612138e-10,-737300
1.25714307006549e-10,-737200
1.26181683431001e-10,-737100
1.26653222553788e-10,-737000
1.2712815182852e-10,-736900
1.27605715419131e-10,-736800
1.28085177080947e-10,-736700
1.28565822985866e-10,-736600
1.29046964479735e-10,-736500
1.29527940760295e-10,-736400
1.30008121464291e-10,-736300
1.30486909152615e-10,-736200
1.30963741682735e-10,-736100
1.31438094458009e-10,-736000
1.31909482543935e-10,-735900
1.32377462641849e-10,-735800
1.32841634911096e-10,-735700
1.33301644631247e-10,-735600
1.33757183696501e-10,-735500
1.3420799193506e-10,-735400
1.34653858246884e-10,-735300
1.35094621553915e-10,-735200
1.35530171557576e-10,-735100
1.35960449299054e-10,-735000
1.36385447518645e-10,-734900
1.36805210811185e-10,-734800
1.37219835575386e-10,-734700
1.37629469755669e-10,-734600
1.38034312375904e-10,-734500
1.38434612865274e-10,-734400
1.38830670177251e-10,-734300
1.39222831703547e-10,-734200
1.39611491985641e-10,-734100
1.39997091227314e-10,-734000
1.40380113612424e-10,-733900
1.40761085432884e-10,-733800
1.41140573032613e-10,-733700
1.41519180573929e-10,-733600
1.41897547633607e-10,-733500
1.4227634663648e-10,-733400
1.4265628013516e-10,-733300
1.43038077945073e-10,-733200
1.43422494144601e-10,-733100
1.43810303950705e-10,-733000
1.44202300480916e-10,-732900
1.44599291413095e-10,-732800
1.45002095554776e-10,-732700
1.45411539334342e-10,-732600
1.45828453226634e-10,-732500
1.46253668125897e-10,-732400
1.46688011679236e-10,-732300
1.47132304593992e-10,-732200
1.47587356932574e-10,-732100
1.48053964408427e-10,-732000
1.48532904696885e-10,-731900
1.49024933774639e-10,-731800
1.49530782301533e-10,-731700
1.50051152058325e-10,-731600
1.50586712453842e-10,-731500
1.51138097114866e-10,-731400
1.51705900571724e-10,-731300
1.5229067505237e-10,-731200
1.5289292739732e-10,-731100
1.53513116107462e-10,-731000
1.54151648536298e-10,-730900
1.54808878237698e-10,-730800
1.5548510247974e-10,-730700
1.56180559934616e-10,-730600
1.56895428553995e-10,-730500
1.57629823638589e-10,-730400
1.58383796110006e-10,-730300
1.59157330992239e-10,-730200
1.59950346109435e-10,-730100
1.60762691005791e-10,-730000
1.61594146092688e-10,-729900
1.62444422027308e-10,-729800
1.63313159326196e-10,-729700
1.64199928216394e-10,-729600
1.65104228725881e-10,-729500
1.66025491014245e-10,-729400
1.66963075943623e-10,-729300
1.67916275889097e-10,-729200
1.6888431578684e-10,-729100
1.69866354417499e-10,-729000
1.70861485921402e-10,-728900
1.71868741541381e-10,-728800
1.72887091588145e-10,-728700
1.73915447622361e-10,-728600
1.74952664846793e-10,-728500
1.75997544701101e-10,-728400
1.77048837651183e-10,-728300
1.78105246164188e-10,-728200
1.79165427859714e-10,-728100
1.80227998827055e-10,-728000
1.8129153709771e-10,-727900
1.82354586261878e-10,-727800
1.83415659217095e-10,-727700
1.84473242036727e-10,-727600
1.85525797945547e-10,-727500
1.86571771389321e-10,-727400
1.87609592184934e-10,-727300
1.88637679737294e-10,-727200
1.89654447309085e-10,-727100
1.90658306329171e-10,-727000
1.91647670725406e-10,-726900
1.92620961267438e-10,-726800
1.93576609905169e-10,-726700
1.94513064088479e-10,-726600
1.95428791053933e-10,-726500
1.96322282064358e-10,-726400
1.971920565873e-10,-726300
1.98036666398671e-10,-726200
1.98854699598117e-10,-726100
1.99644784523067e-10,-726000
2.00405593548707e-10,-725900
2.01135846761645e-10,-725800
2.01834315495433e-10,-725700
2.02499825716721e-10,-725600
2.03131261251271e-10,-725500
2.03727566839759e-10,-725400
2.04287751013891e-10,-725300
2.04810888783981e-10,-725200
2.05296124129949e-10,-725100
2.05742672288325e-10,-725000
2.06149821828657e-10,-724900
2.06516936513499e-10,-724800
2.06843456936908e-10,-724700
2.07128901937285e-10,-724600
2.07372869781118e-10,-724500
2.07575039115111e-10,-724400
2.07735169684998e-10,-724300
2.07853102820171e-10,-724200
2.07928761684149e-10,-724100
2.07962151291741e-10,-724000
2.07953358294574e-10,-723900
2.07902550537566e-10,-723800
2.07809976389648e-10,-723700
2.07675963852931e-10,-723600
2.07500919455261e-10,-723500
2.07285326931865e-10,-723400
2.07029745702573e-10,-723300
2.06734809151748e-10,-723200
2.06401222718833e-10,-723100
2.0602976180798e-10,-723000
2.05621269525901e-10,-722900
2.05176654257665e-10,-722800
2.04696887090633e-10,-722700
2.04182999097343e-10,-722600
2.03636078488451e-10,-722500
2.03057267647416e-10,-722400
2.02447760058825e-10,-722300
2.01808797142662e-10,-722200
2.01141665007066e-10,-722100
2.00447691132299e-10,-722000
1.99728240998872e-10,-721900
1.98984714672831e-10,-721800
1.98218543361295e-10,-721700
1.97431185951329e-10,-721600
1.96624125545208e-10,-721500
1.95798866005004e-10,-721400
1.94956928519302e-10,-721300
1.94099848204656e-10,-721200
1.93229170754108e-10,-721100
1.92346449144868e-10,-721000
1.91453240416813e-10,-720900
1.90551102533184e-10,-720800
1.89641591334312e-10,-720700
1.88726257594829e-10,-720600
1.87806644194227e-10,-720500
1.86884283410127e-10,-720400
1.85960694342992e-10,-720300
1.850373804804e-10,-720200
1.84115827408382e-10,-720100
1.83197500676569e-10,-720000
1.82283843823249e-10,-719900
1.81376276565675e-10,-719800
1.80476193160224e-10,-719700
1.79584960936228e-10,-719600
1.78703919006528e-10,-719500
1.77834377157018e-10,-719400
1.76977614916634e-10,-719300
1.76134880808437e-10,-719200
1.75307391781688e-10,-719100
1.74496332823925e-10,-719000
1.73702856751359e-10,-718900
1.72928084175048e-10,-718800
1.72173103639589e-10,-718700
1.71438971930261e-10,-718600
1.70726714543901e-10,-718500
1.70037326317967e-10,-718400
1.69371772211674e-10,-718300
1.68730988232327e-10,-718200
1.68115882499421e-10,-718100
1.67527336438424e-10,-718000
1.66966206095641e-10,-717900
1.66433323564986e-10,-717800
1.65929498517069e-10,-717700
1.65455519820489e-10,-717600
1.65012157244856e-10,-717500
1.64600163234774e-10,-717400
1.64220274743557e-10,-717300
1.63873215115356e-10,-717200
1.63559696004082e-10,-717100
1.63280419317301e-10,-717000
1.63036079173324e-10,-716900
1.6282736385947e-10,-716800
1.62654957779609e-10,-716700
1.6251954337908e-10,-716600
1.62421803035177e-10,-716500
1.62362420901551e-10,-716400
1.62342084695086e-10,-716300
1.62361487414003e-10,-716200
1.6242132897634e-10,-716100
1.62522317768155e-10,-716000
1.62665172091347e-10,-715900
1.62850621501299e-10,-715800
1.63079408025079e-10,-715700
1.6335228725147e-10,-715600
1.63670029284584e-10,-715500
1.64033419553512e-10,-715400
1.64443259470975e-10,-715300
1.64900366934706e-10,-715200
1.65405576665897e-10,-715100
1.65959740379821e-10,-715000
1.66563726784423e-10,-714900
1.67218421403495e-10,-714800
1.67924726221743e-10,-714700
1.68683559149949e-10,-714600
1.6949585330911e-10,-714500
1.7036255613336e-10,-714400
1.71284628292202e-10,-714300
1.72263042433454e-10,-714200
1.7329878174909e-10,-714100
1.74392838366956e-10,-714000
1.7554621157218e-10,-713900
1.76759905862837e-10,-713800
1.78034928845206e-10,-713700
1.79372288974722e-10,-713600
1.80772993149445e-10,-713500
1.8223804416358e-10,-713400
1.83768438029222e-10,-713300
1.85365161175193e-10,-713200
1.87029187532431e-10,-713100
1.88761475515943e-10,-713000
1.90562964913917e-10,-712900
1.92434573695024e-10,-712800
1.94377194745473e-10,-712700
1.96391692547713e-10,-712600
1.98478899813084e-10,-712500
2.0063961408103e-10,-712400
2.02874594297723e-10,-712300
2.05184557387202e-10,-712200
2.07570174828265e-10,-712100
2.10032069250461e-10,-712000
2.125708110626e-10,-711900
2.15186915127194e-10,-711800
2.17880837494193e-10,-711700
2.20652972207264e-10,-711600
2.2350364819572e-10,-711500
2.26433126264986e-10,-711400
2.29441596198226e-10,-711300
2.32529173981434e-10,-711200
2.35695899163955e-10,-711100
2.38941732365928e-10,-711000
2.42266552943765e-10,-710900
2.45670156824207e-10,-710800
2.49152254516953e-10,-710700
2.52712469315327e-10,-710600
2.56350335693724e-10,-710500
2.60065297909999e-10,-710400
2.63856708820177e-10,-710300
2.67723828912204e-10,-710200
2.71665825564638e-10,-710100
2.75681772535411e-10,-710000
2.79770649685013e-10,-709900
2.83931342937542e-10,-709800
2.88162644482302e-10,-709700
2.92463253217711e-10,-709600
2.96831775438445e-10,-709500
3.01266725765859e-10,-709400
3.05766528320817e-10,-709300
3.10329518137265e-10,-709200
3.14953942813905e-10,-709100
3.19637964400585e-10,-709000
3.24379661515023e-10,-708900
3.29177031684784e-10,-708800
3.34027993908528e-10,-708700
3.38930391429775e-10,-708600
3.4388199471564e-10,-708500
3.48880504632301e-10,-708400
3.53923555808157e-10,-708300
3.59008720175087e-10,-708200
3.64133510677407e-10,-708100
3.69295385137686e-10,-708000
3.74491750267934e-10,-707900
3.79719965814119e-10,-707800
3.84977348821657e-10,-707700
3.90261178008867e-10,-707600
3.95568698235253e-10,-707500
4.0089712505097e-10,-707400
4.06243649313661e-10,-707300
4.11605441858604e-10,-707200
4.16979658207979e-10,-707100
4.22363443304935e-10,-707000
4.27753936258083e-10,-706900
4.33148275082128e-10,-706800
4.3854360142031e-10,-706700
4.43937065234554e-10,-706600
4.49325829449341e-10,-706500
4.54707074535573e-10,-706400
4.60078003021032e-10,-706300
4.65435843914265e-10,-706200
4.70777857029339e-10,-706100
4.76101337199047e-10,-706000
4.8140361836499e-10,-705900
4.86682077533217e-10,-705800
4.91934138584844e-10,-705700
4.97157275931706e-10,-705600
5.02349018007644e-10,-705500
5.07506950586928e-10,-705400
5.12628719921834e-10,-705300
5.17712035692392e-10,-705200
5.22754673761937e-10,-705100
5.2775447873302e-10,-705000
5.32709366299067e-10,-704900
5.37617325388008e-10,-704800
5.42476420095013e-10,-704700
5.47284791402317e-10,-704600
5.52040658685076e-10,-704500
5.56742321003014e-10,-704400
5.61388158178552e-10,-704300
5.65976631663059e-10,-704200
5.70506285193643e-10,-704100
5.74975745243826e-10,-704000
5.79383721272339e-10,-703900
5.83729005775013e-10,-703800
5.88010474145679e-10,-703700
5.92227084352604e-10,-703600
5.96377876437946e-10,-703500
6.00461971848266e-10,-703400
6.04478572604905e-10,-703300
6.08426960323649e-10,-703200
6.12306495093716e-10,-703100
6.16116614226635e-10,-703000
6.19856830886114e-10,-702900
6.2352673261048e-10,-702800
6.27125979739537e-10,-702700
6.30654303758283e-10,-702600
6.34111505569902e-10,-702500
6.37497453711052e-10,-702400
6.40812082522222e-10,-702300
6.44055390286456e-10,-702200
6.47227437349475e-10,-702100
6.50328344234398e-10,-702000
6.53358289764125e-10,-701900
6.56317509204319e-10,-701800
6.59206292439707e-10,-701700
6.62024982196236e-10,-701600
6.64773972321161e-10,-701500
6.67453706132934e-10,-701400
6.70064674852163e-10,-701300
6.72607416124541e-10,-701200
6.75082512645988e-10,-701100
6.77490590899764e-10,-701000
6.79832320014503e-10,-700900
6.82108410751545e-10,-700800
6.84319614629197e-10,-700700
6.8646672319057e-10,-700600
6.88550567421061e-10,-700500
6.90572017320541e-10,-700400
6.92531981634362e-10,-700300
6.94431407746511e-10,-700200
6.96271281737142e-10,-700100
6.98052628605778e-10,-700000
6.99776512660579e-10,-699900
7.01444038072829e-10,-699800
7.03056349595057e-10,-699700
7.04614633439914e-10,-699600
7.06120118316125e-10,-699500
7.07574076616644e-10,-699400
7.08977825753238e-10,-699300
7.10332729630656e-10,-699200
7.11640200252557e-10,-699100
7.1290169945052e-10,-699000
7.14118740726307e-10,-698900
7.15292891196896e-10,-698800
7.1642577363071e-10,-698700
7.17519068562776e-10,-698600
7.18574516475741e-10,-698500
7.19593920032833e-10,-698400
7.20579146348323e-10,-698300
7.21532129280227e-10,-698200
7.22454871729619e-10,-698100
7.23349447930154e-10,-698000
7.24218005711231e-10,-697900
7.25062768717558e-10,-697800
7.25886038567769e-10,-697700
7.26690196934458e-10,-697600
7.27477707527692e-10,-697500
7.28251117964145e-10,-697400
7.29013061503853e-10,-697300
7.29766258636744e-10,-697200
7.30513518501104e-10,-697100
7.31257740116492e-10,-697000
7.32001913413837e-10,-696900
7.32749120045822e-10,-696800
7.33502533961196e-10,-696700
7.34265421727039e-10,-696600
7.35041142583807e-10,-696500
7.35833148218489e-10,-696400
7.36644982242123e-10,-696300
7.37480279358653e-10,-696200
7.38342764213054e-10,-696100
7.39236249907646e-10,-696000
7.40164636176514e-10,-695900
7.41131907209116e-10,-695800
7.42142129115251e-10,-695700
7.43199447024843e-10,-695600
7.44308081817225e-10,-695500
7.45472326475952e-10,-695400
7.46696542066494e-10,-695300
7.47985153335622e-10,-695200
7.49342643932632e-10,-695100
7.50773551254179e-10,-695000
7.52282460915709e-10,-694900
7.53874000854324e-10,-694800
7.55552835069132e-10,-694700
7.57323657006744e-10,-694600
7.59191182601318e-10,-694500
7.61160142979613e-10,-694400
7.6323527684354e-10,-694300
7.65421322543792e-10,-694200
7.67723009859849e-10,-694100
7.70145051502978e-10,-694000
7.7269213436027e-10,-693900
7.75368910499233e-10,-693800
7.78179987953637e-10,-693700
7.8112992131272e-10,-693600
7.84223202136972e-10,-693500
7.87464249224995e-10,-693400
7.90857398756939e-10,-693300
7.94406894341113e-10,-693200
7.98116876991233e-10,-693100
8.01991375062771e-10,-693000
8.06034294177539e-10,-692900
8.10249407166382e-10,-692800
8.14640344060513e-10,-692700
8.19210582162454e-10,-692600
8.23963436228e-10,-692500
8.28902048790979e-10,-692400
8.34029380662682e-10,-692300
8.39348201638111e-10,-692200
8.44861081440943e-10,-692100
8.50570380939275e-10,-692000
8.56478243663774e-10,-691900
8.62586587659632e-10,-691800
8.6889709770327e-10,-691700
8.75411217914046e-10,-691600
8.82130144790862e-10,-691500
8.89054820702408e-10,-691400
8.96185927859164e-10,-691300
9.035238827942e-10,-691200
9.11068831378666e-10,-691100
9.18820644396787e-10,-691000
9.26778913703717e-10,-690900
9.34942948988343e-10,-690800
9.43311775161588e-10,-690700
9.51884130389126e-10,-690600
9.60658464785905e-10,-690500
9.69632939787892e-10,-690400
9.78805428214937e-10,-690300
9.88173515036448e-10,-690200
9.97734498849854e-10,-690100
1.00748539407968e-09,-690000
1.01742293390304e-09,-689900
1.02754357390523e-09,-689800
1.03784349646694e-09,-689700
1.04831861588242e-09,-689600
1.05896458420574e-09,-689500
1.06977679781997e-09,-689400
1.08075040472196e-09,-689300
1.09188031251311e-09,-689200
1.10316119708415e-09,-689100
1.11458751198002e-09,-689000
1.12615349842821e-09,-688900
1.13785319601233e-09,-688800
1.14968045396993e-09,-688700
1.16162894309192e-09,-688600
1.17369216819852e-09,-688500
1.18586348116482e-09,-688400
1.19813609446713e-09,-688300
1.21050309521905e-09,-688200
1.22295745966481e-09,-688100
1.23549206809539e-09,-688000
1.24809972015135e-09,-687900
1.26077315047472e-09,-687800
1.2735050446709e-09,-687700
1.28628805554005e-09,-687600
1.29911481953635e-09,-687500
1.31197797341213e-09,-687400
1.32487017100322e-09,-687300
1.33778410011059e-09,-687200
1.35071249943283e-09,-687100
1.36364817550337e-09,-687000
1.37658401958576e-09,-686900
1.38951302448001e-09,-686800
1.40242830119283e-09,-686700
1.41532309542442e-09,-686600
1.42819080382461e-09,-686500
1.44102498997143e-09,-686400
1.4538194000253e-09,-686300
1.46656797801285e-09,-686200
1.4792648806947e-09,-686100
1.49190449197271e-09,-686000
1.50448143679268e-09,-685900
1.51699059449992e-09,-685800
1.52942711160612e-09,-685700
1.54178641392749e-09,-685600
1.55406421805522e-09,-685500
1.56625654212139e-09,-685400
1.57835971582494e-09,-685300
1.59037038968404e-09,-685200
1.60228554348346e-09,-685100
1.61410249388731e-09,-685000
1.62581890118997e-09,-684900
1.63743277518002e-09,-684800
1.6489424800945e-09,-684700
1.6603467386434e-09,-684600
1.67164463508634e-09,-684500
1.6828356173467e-09,-684400
1.69391949815025e-09,-684300
1.70489645517893e-09,-684200
1.71576703023241e-09,-684100
1.72653212739347e-09,-684000
1.73719301019548e-09,-683900
1.74775129779368e-09,-683800
1.75820896014436e-09,-683700
1.76856831219915e-09,-683600
1.77883200712434e-09,-683500
1.78900302855818e-09,-683400
1.7990846819217e-09,-683300
1.80908058480149e-09,-683200
1.81899465642566e-09,-683100
1.82883110625694e-09,-683000
1.83859442172923e-09,-682900
1.84828935515694e-09,-682800
1.85792090984861e-09,-682700
1.86749432545885e-09,-682600
1.87701506261506e-09,-682500
1.88648878685744e-09,-682400
1.89592135193313e-09,-682300
1.90531878248723e-09,-682200
1.91468725619548e-09,-682100
1.92403308538491e-09,-682000
1.93336269819084e-09,-681900
1.94268261929979e-09,-681800
1.95199945032937e-09,-681700
1.96131984989753e-09,-681600
1.97065051343457e-09,-681500
1.9799981527923e-09,-681400
1.98936947570547e-09,-681300
1.99877116516135e-09,-681200
2.00820985873369e-09,-681100
2.01769212793771e-09,-681000
2.02722445766279e-09,-680900
2.03681322573983e-09,-680800
2.04646468269946e-09,-680700
2.05618493177784e-09,-680600
2.0659799092254e-09,-680500
2.07585536497375e-09,-680400
2.08581684371514e-09,-680300
2.09586966644751e-09,-680200
2.10601891253752e-09,-680100
2.11626940235229e-09,-680000
2.12662568050941e-09,-679900
2.13709199979295e-09,-679800
2.14767230578176e-09,-679700
2.1583702222342e-09,-679600
2.16918903727189e-09,-679500
2.18013169040233e-09,-679400
2.19120076041876e-09,-679300
2.20239845421271e-09,-679200
2.21372659653245e-09,-679100
2.22518662071831e-09,-679000
2.2367795604426e-09,-678900
2.24850604247982e-09,-678800
2.26036628052955e-09,-678700
2.27236007011195e-09,-678600
2.28448678455266e-09,-678500
2.29674537207097e-09,-678400
2.30913435398242e-09,-678300
2.32165182402343e-09,-678200
2.33429544880314e-09,-678100
2.34706246938414e-09,-678000
2.35994970399083e-09,-677900
2.37295355184136e-09,-677800
2.38606999809547e-09,-677700
2.39929461990831e-09,-677600
2.41262259357658e-09,-677500
2.42604870276096e-09,-677400
2.4395673477656e-09,-677300
2.4531725558526e-09,-677200
2.46685799256688e-09,-677100
2.48061697404387e-09,-677000
2.49444248026991e-09,-676900
2.50832716926277e-09,-676800
2.52226339213734e-09,-676700
2.53624320901883e-09,-676600
2.55025840576422e-09,-676500
2.56430051144985e-09,-676400
2.57836081658179e-09,-676300
2.59243039198304e-09,-676200
2.60650010831054e-09,-676100
2.62056065615289e-09,-676000
2.63460256665835e-09,-675900
2.64861623264171e-09,-675800
2.66259193011661e-09,-675700
2.67651984020005e-09,-675600
2.69039007133371e-09,-675500
2.7041926817671e-09,-675400
2.71791770224604e-09,-675300
2.73155515885036e-09,-675200
2.74509509592384e-09,-675100
2.75852759903976e-09,-675000
2.7718428179451e-09,-674900
2.78503098942709e-09,-674800
2.79808246004572e-09,-674700
2.81098770867659e-09,-674600
2.82373736880924e-09,-674500
2.83632225054649e-09,-674400
2.84873336225187e-09,-674300
2.86096193179278e-09,-674200
2.87299942732849e-09,-674100
2.88483757759351e-09,-674000
2.89646839162814e-09,-673900
2.90788417790983e-09,-673800
2.91907756284047e-09,-673700
2.9300415085468e-09,-673600
2.9407693299529e-09,-673500
2.95125471108569e-09,-673400
2.96149172057693e-09,-673300
2.97147482632644e-09,-673200
2.98119890929496e-09,-673100
2.99065927639596e-09,-673000
2.99985167245924e-09,-672900
3.00877229124091e-09,-672800
3.01741778545723e-09,-672700
3.02578527582235e-09,-672600
3.03387235907216e-09,-672500
3.04167711495978e-09,-672400
3.04919811221007e-09,-672300
3.05643441342376e-09,-672200
3.06338557892421e-09,-672100
3.07005166954242e-09,-672000
3.07643324833853e-09,-671900
3.08253138126081e-09,-671800
3.08834763674552e-09,-671700
3.09388408426358e-09,-671600
3.09914329182264e-09,-671500
3.10412832243541e-09,-671400
3.10884272956761e-09,-671300
3.11329055158114e-09,-671200
3.11747630519047e-09,-671100
3.12140497795234e-09,-671000
3.12508201981099e-09,-670900
3.1285133337231e-09,-670800
3.13170526538898e-09,-670700
3.1346645921176e-09,-670600
3.13739851085571e-09,-670500
3.13991462541242e-09,-670400
3.14222093291214e-09,-670300
3.14432580951067e-09,-670200
3.14623799541008e-09,-670100
3.14796657920965e-09,-670000
3.14952098163097e-09,-669900
3.15091093865654e-09,-669800
3.15214648412194e-09,-669700
3.15323793180261e-09,-669600
3.15419585703677e-09,-669500
3.15503107792651e-09,-669400
3.15575463616008e-09,-669300
3.15637777749769e-09,-669200
3.15691193196458e-09,-669100
3.1573686937941e-09,-669000
3.15775980116443e-09,-668900
3.15809711577182e-09,-668800
3.15839260228337e-09,-668700
3.15865830771194e-09,-668600
3.1589063407553e-09,-668500
3.15914885114125e-09,-668400
3.15939800901976e-09,-668300
3.15966598444233e-09,-668200
3.15996492696845e-09,-668100
3.16030694543747e-09,-668000
3.16070408794396e-09,-667900
3.16116832205319e-09,-667800
3.16171151529238e-09,-667700
3.16234541595228e-09,-667600
3.16308163423235e-09,-667500
3.16393162376177e-09,-667400
3.16490666352677e-09,-667300
3.16601784023394e-09,-667200
3.16727603113741e-09,-667100
3.16869188735652e-09,-667000
3.17027581770916e-09,-666900
3.17203797308442e-09,-666800
3.17398823137677e-09,-666700
3.17613618300235e-09,-666600
3.17849111701663e-09,-666500
3.18106200785098e-09,-666400
3.18385750268431e-09,-666300
3.18688590946428e-09,-666200
3.19015518559119e-09,-666100
3.19367292727617e-09,-666000
3.19744635958352e-09,-665900
3.20148232716621e-09,-665800
3.20578728570111e-09,-665700
3.21036729403034e-09,-665600
3.21522800701258e-09,-665500
3.22037466908757e-09,-665400
3.22581210855547e-09,-665300
3.2315447325713e-09,-665200
3.23757652285389e-09,-665100
3.2439110321069e-09,-665000
3.25055138114893e-09,-664900
3.25750025674842e-09,-664800
3.26475991015757e-09,-664700
3.27233215633924e-09,-664600
3.28021837387913e-09,-664500
3.28841950557501e-09,-664400
3.29693605969364e-09,-664300
3.30576811188541e-09,-664200
3.31491530774585e-09,-664100
3.32437686601219e-09,-664000
3.33415158238298e-09,-663900
3.34423783394762e-09,-663800
3.35463358421234e-09,-663700
3.36533638870849e-09,-663600
3.37634340116854e-09,-663500
3.38765138025481e-09,-663400
3.39925669682533e-09,-663300
3.41115534172087e-09,-663200
3.42334293405712e-09,-663100
3.43581473000519e-09,-663000
3.44856563204387e-09,-662900
3.46159019866623e-09,-662800
3.47488265452349e-09,-662700
3.48843690098861e-09,-662600
3.50224652712172e-09,-662500
3.51630482101983e-09,-662400
3.53060478153268e-09,-662300
3.54513913032665e-09,-662200
3.55990032427876e-09,-662100
3.57488056818228e-09,-662000
3.59007182774583e-09,-661900
3.60546584286755e-09,-661800
3.62105414116602e-09,-661700
3.63682805174939e-09,-661600
3.65277871920436e-09,-661500
3.66889711778657e-09,-661400
3.68517406579379e-09,-661300
3.70160024010344e-09,-661200
3.718166190856e-09,-661100
3.73486235626564e-09,-661000
3.75167907753953e-09,-660900
3.76860661388726e-09,-660800
3.7856351576018e-09,-660700
3.80275484919325e-09,-660600
3.81995579255676e-09,-660500
3.837228070156e-09,-660400
3.8545617582033e-09,-660300
3.87194694181785e-09,-660200
3.88937373014298e-09,-660100
3.90683227140383e-09,-660000
3.92431276788641e-09,-659900
3.94180549081925e-09,-659800
3.95930079513854e-09,-659700
3.97678913411784e-09,-659600
3.99426107384339e-09,-659500
4.01170730751589e-09,-659400
4.02911866955973e-09,-659300
4.04648614952058e-09,-659200
4.06380090573236e-09,-659100
4.08105427873444e-09,-659000
4.09823780442023e-09,-658900
4.11534322689797e-09,-658800
4.13236251104506e-09,-658700
4.14928785473709e-09,-658600
4.16611170073276e-09,-658500
4.1828267481964e-09,-658400
4.19942596383948e-09,-658300
4.21590259266319e-09,-658200
4.23225016828394e-09,-658100
4.24846252282429e-09,-658000
4.26453379635191e-09,-657900
4.28045844584952e-09,-657800
4.29623125369913e-09,-657700
4.31184733566459e-09,-657600
4.32730214835645e-09,-657500
4.34259149616401e-09,-657400
4.35771153763991e-09,-657300
4.37265879132321e-09,-657200
4.38743014098743e-09,-657100
4.40202284030088e-09,-657000
4.41643451688749e-09,-656900
4.43066317577663e-09,-656800
4.44470720223198e-09,-656700
4.45856536394971e-09,-656600
4.47223681261777e-09,-656500
4.48572108482864e-09,-656400
4.49901810233929e-09,-656300
4.51212817167276e-09,-656200
4.52505198305754e-09,-656100
4.53779060870143e-09,-656000
4.55034550039827e-09,-655900
4.56271848646697e-09,-655800
4.57491176802368e-09,-655700
4.58692791458924e-09,-655600
4.5987698590353e-09,-655500
4.61044089187418e-09,-655400
4.62194465489873e-09,-655300
4.63328513417997e-09,-655200
4.64446665243178e-09,-655100
4.65549386075337e-09,-655000
4.66637172976187e-09,-654900
4.67710554012852e-09,-654800
4.68770087253405e-09,-654700
4.69816359705973e-09,-654600
4.70849986203246e-09,-654500
4.71871608234351e-09,-654400
4.72881892726229e-09,-654300
4.73881530776747e-09,-654200
4.74871236341992e-09,-654100
4.75851744880237e-09,-654000
4.76823811955306e-09,-653900
4.77788211802103e-09,-653800
4.78745735857271e-09,-653700
4.79697191257992e-09,-653600
4.80643399312144e-09,-653500
4.81585193943034e-09,-653400
4.8252342011211e-09,-653300
4.83458932223114e-09,-653200
4.84392592511215e-09,-653100
4.85325269420756e-09,-653000
4.86257835975302e-09,-652900
4.87191168143745e-09,-652800
4.88126143206274e-09,-652700
4.89063638124027e-09,-652600
4.90004527916314e-09,-652500
4.90949684049289e-09,-652400
4.91899972839954e-09,-652300
4.92856253879401e-09,-652200
4.93819378479128e-09,-652100
4.94790188144321e-09,-652000
4.95769513077855e-09,-651900
4.96758170718796e-09,-651800
4.97756964319087e-09,-651700
4.98766681562013e-09,-651600
4.99788093225996e-09,-651500
5.00821951897118e-09,-651400
5.01868990733701e-09,-651300
5.02929922286138e-09,-651200
5.04005437374998e-09,-651100
5.05096204030359e-09,-651000
5.06202866495083e-09,-650900
5.07326044294635e-09,-650800
5.08466331375839e-09,-650700
5.09624295316799e-09,-650600
5.10800476609991e-09,-650500
5.11995388020345e-09,-650400
5.13209514019907e-09,-650300
5.14443310300457e-09,-650200
5.15697203365212e-09,-650100
5.16971590200545e-09,-650000
5.18266838028335e-09,-649900
5.19583284139404e-09,-649800
5.20921235808164e-09,-649700
5.22280970288384e-09,-649600
5.23662734889732e-09,-649500
5.25066747134427e-09,-649400
5.26493194993162e-09,-649300
5.279422371991e-09,-649200
5.29414003638567e-09,-649100
5.30908595816715e-09,-649000
5.32426087396269e-09,-648900
5.33966524807111e-09,-648800
5.35529927924272e-09,-648700
5.37116290811643e-09,-648600
5.38725582528425e-09,-648500
5.40357747995183e-09,-648400
5.42012708916059e-09,-648300
5.43690364753543e-09,-648200
5.45390593751946e-09,-648100
5.47113254005555e-09,-648000
5.48858184567224e-09,-647900
5.50625206593018e-09,-647800
5.52414124518331e-09,-647700
5.54224727260757e-09,-647600
5.56056789444879e-09,-647500
5.5791007264397e-09,-647400
5.59784326633564e-09,-647300
5.61679290651683e-09,-647200
5.63594694660512e-09,-647100
5.65530260604206e-09,-647000
5.67485703657486e-09,-646900
5.69460733459679e-09,-646800
5.71455055328833e-09,-646700
5.73468371450569e-09,-646600
5.75500382036357e-09,-646500
5.77550786445973e-09,-646400
5.79619284268946e-09,-646300
5.81705576359927e-09,-646200
5.83809365822983e-09,-646100
5.85930358940013e-09,-646000
5.88068266038546e-09,-645900
5.90222802294447e-09,-645800
5.9239368846516e-09,-645700
5.94580651549387e-09,-645600
5.96783425369273e-09,-645500
5.99001751071459e-09,-645400
6.01235377543561e-09,-645300
6.03484061742971e-09,-645200
6.05747568935109e-09,-645100
6.08025672838592e-09,-645000
6.10318155675079e-09,-644900
6.12624808121904e-09,-644800
6.1494542916592e-09,-644700
6.17279825857359e-09,-644600
6.19627812962847e-09,-644500
6.21989212517102e-09,-644400
6.24363853273207e-09,-644300
6.26751570051752e-09,-644200
6.29152202989507e-09,-644100
6.31565596688691e-09,-644000
6.33991599268302e-09,-643900
6.36430061319366e-09,-643800
6.38880834766365e-09,-643700
6.41343771637484e-09,-643600
6.43818722746737e-09,-643500
6.46305536291399e-09,-643400
6.48804056368574e-09,-643300
6.51314121415086e-09,-643200
6.53835562575268e-09,-643100
6.56368202001586e-09,-643000
6.58911851093352e-09,-642900
6.61466308679174e-09,-642800
6.64031359149055e-09,-642700
6.66606770542413e-09,-642600
6.69192292598541e-09,-642500
6.71787654776359e-09,-642400
6.74392564250499e-09,-642300
6.77006703891071e-09,-642200
6.79629730234618e-09,-642100
6.82261271454013e-09,-642000
6.8490092533519e-09,-641900
6.87548257268757e-09,-641800
6.90202798264696e-09,-641700
6.92864042998401e-09,-641600
6.95531447896443e-09,-641500
6.98204429270441e-09,-641400
7.00882361507482e-09,-641300
7.03564575325506e-09,-641200
7.06250356102054e-09,-641100
7.08938942284698e-09,-641000
7.11629523891386e-09,-640900
7.14321241108835e-09,-640800
7.17013182996942e-09,-640700
7.19704386306999e-09,-640600
7.22393834421313e-09,-640500
7.25080456421603e-09,-640400
7.27763126293256e-09,-640300
7.30440662272288e-09,-640200
7.33111826341477e-09,-640100
7.35775323881874e-09,-640000
7.38429803485453e-09,-639900
7.41073856934348e-09,-639800
7.43706019351638e-09,-639700
7.4632476952827e-09,-639600
7.48928530430221e-09,-639500
7.51515669889519e-09,-639400
7.54084501482248e-09,-639300
7.5663328559618e-09,-639200
7.59160230690097e-09,-639100
7.61663494746333e-09,-639000
7.64141186917543e-09,-638900
7.66591369368093e-09,-638800
7.69012059309875e-09,-638700
7.71401231231812e-09,-638600
7.73756819321665e-09,-638500
7.76076720078181e-09,-638400
7.78358795111006e-09,-638300
7.80600874125182e-09,-638200
7.82800758086425e-09,-638100
7.84956222562801e-09,-638000
7.8706502123779e-09,-637900
7.89124889589142e-09,-637800
7.9113354872736e-09,-637700
7.93088709387019e-09,-637600
7.94988076063624e-09,-637500
7.96829351288113e-09,-637400
7.98610240030586e-09,-637300
8.0032845422434e-09,-637200
8.01981717400756e-09,-637100
8.03567769425138e-09,-637000
8.05084371323125e-09,-636900
8.06529310186863e-09,-636800
8.07900404149752e-09,-636700
8.0919550741815e-09,-636600
8.104125153481e-09,-636500
8.11549369554841e-09,-636400
8.12604063042517e-09,-636300
8.13574645341325e-09,-636200
8.14459227639025e-09,-636100
8.15255987893654e-09,-636000
8.15963175914034e-09,-635900
8.16579118394641e-09,-635800
8.17102223891249e-09,-635700
8.17530987723785e-09,-635600
8.17863996792794e-09,-635500
8.1809993429598e-09,-635400
8.18237584331343e-09,-635300
8.18275836373578e-09,-635200
8.18213689610544e-09,-635100
8.18050257126815e-09,-635000
8.17784769921566e-09,-634900
8.17416580748328e-09,-634800
8.16945167764456e-09,-634700
8.16370137978496e-09,-634600
8.15691230484087e-09,-634500
8.14908319469371e-09,-634400
8.14021416991439e-09,-634300
8.13030675505782e-09,-634200
8.11936390141282e-09,-634100
8.10739000711826e-09,-634000
8.09439093456235e-09,-633900
8.08037402498814e-09,-633800
8.06534811023505e-09,-633700
8.0493235215529e-09,-633600
8.03231209543195e-09,-633500
8.01432717639979e-09,-633400
7.99538361674367e-09,-633300
7.97549777312398e-09,-633200
7.95468750005304e-09,-633100
7.93297214022094e-09,-633000
7.91037251165853e-09,-632900
7.88691089173572e-09,-632800
7.86261099800173e-09,-632700
7.83749796588206e-09,-632600
7.81159832325554e-09,-632500
7.78493996194308e-09,-632400
7.75755210614812e-09,-632300
7.72946527789739e-09,-632200
7.70071125953809e-09,-632100
7.67132305335681e-09,-632000
7.6413348383928e-09,-631900
7.61078192452626e-09,-631800
7.5797007039303e-09,-631700
7.54812859998259e-09,-631600
7.51610401373997e-09,-631500
7.48366626808682e-09,-631400
7.45085554967412e-09,-631300
7.41771284877366e-09,-631200
7.38427989717702e-09,-631100
7.35059910427611e-09,-631000
7.31671349146649e-09,-630900
7.28266662502087e-09,-630800
7.24850254758453e-09,-630700
7.21426570844919e-09,-630600
7.18000089276569e-09,-630500
7.14575314985966e-09,-630400
7.11156772081769e-09,-630300
7.07748996551396e-09,-630200
7.0435652892499e-09,-630100
7.00983906918121e-09,-630000
6.9763565807079e-09,-629900
6.94316292400399e-09,-629800
6.91030295086386e-09,-629700
6.87782119204215e-09,-629600
6.84576178526359e-09,-629500
6.814168404078e-09,-629400
6.78308418773426e-09,-629300
6.75255167224475e-09,-629200
6.72261272280947e-09,-629100
6.69330846776593e-09,-629000
6.66467923422727e-09,-628900
6.63676448556727e-09,-628800
6.60960276090637e-09,-628700
6.58323161674796e-09,-628600
6.5576875709088e-09,-628500
6.53300604888189e-09,-628400
6.50922133276353e-09,-628300
6.48636651287031e-09,-628200
6.46447344216419e-09,-628100
6.44357269359733e-09,-628000
6.42369352047968e-09,-627900
6.40486381996551e-09,-627800
6.38711009974577e-09,-627700
6.37045744802539e-09,-627600
6.35492950685556e-09,-627500
6.34054844888193e-09,-627400
6.32733495756068e-09,-627300
6.31530821088489e-09,-627200
6.30448586865412e-09,-627100
6.29488406331065e-09,-627000
6.28651739435564e-09,-626900
6.27939892634928e-09,-626800
6.27354019048841e-09,-626700
6.26895118974612e-09,-626600
6.26564040754704e-09,-626500
6.26361481994291e-09,-626400
6.26287991124321e-09,-626300
6.26343969304557e-09,-626200
6.26529672660186e-09,-626100
6.26845214844596e-09,-626000
6.27290569920045e-09,-625900
6.27865575547024e-09,-625800
6.28569936472292e-09,-625700
6.2940322830466e-09,-625600
6.30364901566842e-09,-625500
6.31454286010887e-09,-625400
6.32670595183958e-09,-625300
6.34012931230526e-09,-625200
6.35480289916362e-09,-625100
6.37071565859097e-09,-625000
6.38785557949519e-09,-624900
6.40620974947223e-09,-624800
6.42576441233769e-09,-624700
6.44650502706013e-09,-624600
6.46841632791888e-09,-624500
6.49148238570588e-09,-624400
6.51568666978747e-09,-624300
6.54101211084054e-09,-624200
6.56744116407433e-09,-624100
6.59495587274892e-09,-624000
6.6235379317998e-09,-623900
6.6531687513781e-09,-623800
6.68382952011597e-09,-623700
6.71550126792765e-09,-623600
6.74816492815824e-09,-623500
6.78180139889342e-09,-623400
6.81639160324694e-09,-623300
6.85191654844458e-09,-623200
6.8883573835276e-09,-623100
6.92569545550218e-09,-623000
6.96391236376648e-09,-622900
7.00299001265147e-09,-622800
7.04291066191749e-09,-622700
7.08365697505458e-09,-622600
7.12521206524097e-09,-622500
7.16755953882083e-09,-622400
7.21068353617021e-09,-622300
7.25456876982732e-09,-622200
7.29920055977169e-09,-622100
7.34456486574488e-09,-622000
7.39064831651473e-09,-621900
7.43743823599351e-09,-621800
7.48492266613019e-09,-621700
7.53309038650665e-09,-621600
7.58193093057684e-09,-621500
7.63143459849905e-09,-621400
7.68159246652026e-09,-621300
7.73239639288315e-09,-621200
7.78383902023583e-09,-621100
7.83591377453534e-09,-621000
7.8886148604464e-09,-620900
7.94193725324739e-09,-620800
7.9958766872661e-09,-620700
8.05042964087853e-09,-620600
8.10559331811389e-09,-620500
8.16136562692004e-09,-620400
8.217745154153e-09,-620300
8.27473113736484e-09,-620200
8.33232343347356e-09,-620100
8.3905224844087e-09,-620000
8.44932927983504e-09,-619900
8.50874531706676e-09,-619800
8.56877255829211e-09,-619700
8.62941338523827e-09,-619600
8.69067055141281e-09,-619500
8.75254713206716e-09,-619400
8.81504647203378e-09,-619300
8.87817213159623e-09,-619200
8.94192783055725e-09,-619100
9.00631739067652e-09,-619000
9.0713446766545e-09,-618900
9.13701353584447e-09,-618800
9.20332773687877e-09,-618700
9.27029090739955e-09,-618600
9.33790647108739e-09,-618500
9.40617758418463e-09,-618400
9.4751070717115e-09,-618300
9.54469736357619e-09,-618200
9.61495043077977e-09,-618100
9.68586772191879e-09,-618000
9.75745010018729e-09,-617900
9.82969778108001e-09,-617800
9.90261027099754e-09,-617700
9.9761863069517e-09,-617600
1.00504237975682e-08,-617500
1.01253197655798e-08,-617400
1.02008702920009e-08,-617300
1.02770704621689e-08,-617200
1.03539143138351e-08,-617100
1.04313947874821e-08,-617000
1.05095036790384e-08,-616900
1.05882315951555e-08,-616800
1.06675679112083e-08,-616700
1.07475007321682e-08,-616600
1.08280168564954e-08,-616500
1.09091017431871e-08,-616400
1.09907394821096e-08,-616300
1.10729127677351e-08,-616200
1.11556028763952e-08,-616100
1.12387896471509e-08,-616000
1.13224514663754e-08,-615900
1.14065652561286e-08,-615800
1.14911064663998e-08,-615700
1.15760490712779e-08,-615600
1.16613655691043e-08,-615500
1.17470269866481e-08,-615400
1.18330028873356e-08,-615300
1.19192613835538e-08,-615200
1.20057691530372e-08,-615100
1.20924914593373e-08,-615000
1.21793921763604e-08,-614900
1.22664338169526e-08,-614800
1.23535775654964e-08,-614700
1.24407833144736e-08,-614600
1.25280097049413e-08,-614500
1.26152141708521e-08,-614400
1.27023529871442e-08,-614300
1.27893813215145e-08,-614200
1.2876253289778e-08,-614100
1.29629220147082e-08,-614000
1.30493396882431e-08,-613900
1.31354576369325e-08,-613800
1.32212263904934e-08,-613700
1.33065957533331e-08,-613600
1.33915148788894e-08,-613500
1.34759323466328e-08,-613400
1.35597962415651e-08,-613300
1.36430542360447e-08,-613200
1.37256536737615e-08,-613100
1.38075416556785e-08,-613000
1.38886651277523e-08,-612900
1.396897097024e-08,-612800
1.40484060883942e-08,-612700
1.41269175043466e-08,-612600
1.42044524499758e-08,-612500
1.42809584605518e-08,-612400
1.43563834689489e-08,-612300
1.44306759002159e-08,-612200
1.4503784766293e-08,-612100
1.45756597606616e-08,-612000
1.46462513527165e-08,-611900
1.4715510881648e-08,-611800
1.47833906496237e-08,-611700
1.48498440140616e-08,-611600
1.49148254787874e-08,-611500
1.49782907838731e-08,-611400
1.50401969939551e-08,-611300
1.51005025848364e-08,-611200
1.51591675281796e-08,-611100
1.52161533741023e-08,-611000
1.52714233314939e-08,-610900
1.53249423458753e-08,-610800
1.53766771746316e-08,-610700
1.54265964594521e-08,-610600
1.54746707958217e-08,-610500
1.5520872799412e-08,-610400
1.55651771692299e-08,-610300
1.56075607473893e-08,-610200
1.56480025753777e-08,-610100
1.56864839467026e-08,-610000
1.57229884558047e-08,-609900
1.57575020431405e-08,-609800
1.57900130363423e-08,-609700
1.58205121873727e-08,-609600
1.58489927056035e-08,-609500
1.58754502867547e-08,-609400
1.58998831376416e-08,-609300
1.59222919966874e-08,-609200
1.5942680150167e-08,-609100
1.59610534441601e-08,-609000
1.59774202922005e-08,-608900
1.59917916786157e-08,-608800
1.60041811575669e-08,-608700
1.60146048478029e-08,-608600
1.60230814231533e-08,-608500
1.60296320987988e-08,-608400
1.60342806133597e-08,-608300
1.60370532068585e-08,-608200
1.60379785946177e-08,-608100
1.6037087937165e-08,-608000
1.60344148062237e-08,-607900
1.60299951468776e-08,-607800
1.60238672360048e-08,-607700
1.60160716370837e-08,-607600
1.60066511514813e-08,-607500
1.59956507663408e-08,-607400
1.59831175991914e-08,-607300
1.59691008394117e-08,-607200
1.59536516866787e-08,-607100
1.59368232865467e-08,-607000
1.59186706632989e-08,-606900
1.58992506502224e-08,-606800
1.58786218174612e-08,-606700
1.58568443976038e-08,-606600
1.58339802091671e-08,-606500
1.58100925781389e-08,-606400
1.57852462577457e-08,-606300
1.5759507346613e-08,-606200
1.57329432054868e-08,-606100
1.57056223726857e-08,-606000
1.56776144784555e-08,-605900
1.56489901583937e-08,-605800
1.56198209661167e-08,-605700
1.55901792853363e-08,-605600
1.5560138241515e-08,-605500
1.55297716132644e-08,-605400
1.54991537436518e-08,-605300
1.54683594515756e-08,-605200
1.54374639433686e-08,-605100
1.54065427247839e-08,-605000
1.53756715135145e-08,-604900
1.53449261523958e-08,-604800
1.53143825234327e-08,-604700
1.52841164627907e-08,-604600
1.52542036768849e-08,-604500
1.52247196596954e-08,-604400
1.51957396114325e-08,-604300
1.51673383586689e-08,-604200
1.51395902760512e-08,-604100
1.51125692096958e-08,-604000
1.50863484023688e-08,-603900
1.50610004205429e-08,-603800
1.50365970834179e-08,-603700
1.50132093939838e-08,-603600
1.49909074722009e-08,-603500
1.49697604903617e-08,-603400
1.49498366106945e-08,-603300
1.49312029252619e-08,-603200
1.49139253981981e-08,-603100
1.48980688103256e-08,-603000
1.4883696706181e-08,-602900
1.48708713434771e-08,-602800
1.48596536450179e-08,-602700
1.48501031530784e-08,-602600
1.48422779862559e-08,-602500
1.48362347987888e-08,-602400
1.48320287423385e-08,-602300
1.4829713430218e-08,-602200
1.48293409040501e-08,-602100
1.48309616028285e-08,-602000
1.48346243343524e-08,-601900
1.48403762489976e-08,-601800
1.48482628157844e-08,-601700
1.48583278006964e-08,-601600
1.48706132471991e-08,-601500
1.48851594589067e-08,-601400
1.49020049843353e-08,-601300
1.49211866036842e-08,-601200
1.4942739317578e-08,-601100
1.49666963377021e-08,-601000
1.49930890792606e-08,-600900
1.50219471551838e-08,-600800
1.50532983720093e-08,-600700
1.50871687273602e-08,-600600
1.51235824089421e-08,-600500
1.51625617949779e-08,-600400
1.52041274560019e-08,-600300
1.52482981579319e-08,-600200
1.52950908663367e-08,-600100
1.53445207518201e-08,-600000
1.53966011964408e-08,-599900
1.5451343801087e-08,-599800
1.55087583937293e-08,-599700
1.55688530384729e-08,-599600
1.56316340453348e-08,-599500
1.56971059806717e-08,-599400
1.57652716781867e-08,-599300
1.58361322504471e-08,-599200
1.59096871008444e-08,-599100
1.59859339359353e-08,-599000
1.60648687781016e-08,-598900
1.61464859784715e-08,-598800
1.62307782300492e-08,-598700
1.63177365810019e-08,-598600
1.64073504480573e-08,-598500
1.64996076299696e-08,-598400
1.65944943210145e-08,-598300
1.66919951244786e-08,-598200
1.67920930661131e-08,-598100
1.68947696075254e-08,-598000
1.70000046594859e-08,-597900
1.71077765951334e-08,-597800
1.72180622630657e-08,-597700
1.73308370003053e-08,-597600
1.74460746451374e-08,-597500
1.75637475498181e-08,-597400
1.76838265931582e-08,-597300
1.78062811929904e-08,-597200
1.79310793185316e-08,-597100
1.80581875026573e-08,-597000
1.81875708541083e-08,-596900
1.83191930696534e-08,-596800
1.84530164462359e-08,-596700
1.85890018931358e-08,-596600
1.87271089441806e-08,-596500
1.88672957700447e-08,-596400
1.90095191906763e-08,-596300
1.91537346878954e-08,-596200
1.92998964182105e-08,-596100
1.94479572259001e-08,-596000
1.95978686564123e-08,-595900
1.97495809701319e-08,-595800
1.99030431565713e-08,-595700
2.00582029490401e-08,-595600
2.02150068398496e-08,-595500
2.03734000961102e-08,-595400
2.05333267761793e-08,-595300
2.06947297468192e-08,-595200
2.08575507011222e-08,-595100
2.10217301772629e-08,-595000
2.11872075781341e-08,-594900
2.1353921191925e-08,-594800
2.1521808213697e-08,-594700
2.16908047680124e-08,-594600
2.186084593267e-08,-594500
2.20318657635987e-08,-594400
2.22037973209594e-08,-594300
2.23765726965021e-08,-594200
2.25501230422248e-08,-594100
2.27243786003734e-08,-594000
2.28992687348258e-08,-593900
2.30747219638931e-08,-593800
2.32506659945721e-08,-593700
2.34270277582791e-08,-593600
2.3603733448088e-08,-593500
2.37807085574968e-08,-593400
2.39578779207382e-08,-593300
2.41351657546481e-08,-593200
2.43124957021006e-08,-593100
2.44897908770135e-08,-593000
2.46669739109246e-08,-592900
2.48439670011322e-08,-592800
2.5020691960392e-08,-592700
2.51970702681535e-08,-592600
2.53730231233173e-08,-592500
2.55484714984882e-08,-592400
2.57233361956942e-08,-592300
2.58975379035378e-08,-592200
2.60709972557376e-08,-592100
2.62436348910178e-08,-592000
2.6415371514295e-08,-591900
2.65861279591067e-08,-591800
2.67558252512248e-08,-591700
2.69243846733868e-08,-591600
2.70917278310784e-08,-591500
2.72577767192934e-08,-591400
2.74224537901922e-08,-591300
2.75856820215796e-08,-591200
2.77473849861121e-08,-591100
2.79074869211482e-08,-591000
2.80659127991457e-08,-590900
2.82225883985098e-08,-590800
2.837744037479e-08,-590700
2.85303963321233e-08,-590600
2.86813848948161e-08,-590500
2.88303357789544e-08,-590400
2.89771798639322e-08,-590300
2.91218492637819e-08,-590200
2.92642773981912e-08,-590100
2.94043990630887e-08,-590000
2.95421505006788e-08,-589900
2.96774694688045e-08,-589800
2.98102953095178e-08,-589700
2.99405690167353e-08,-589600
3.00682333028562e-08,-589500
3.0193232664221e-08,-589400
3.03155134452888e-08,-589300
3.04350239014115e-08,-589200
3.05517142600844e-08,-589100
3.06655367805547e-08,-589000
3.0776445811668e-08,-588900
3.08843978478393e-08,-588800
3.09893515830326e-08,-588700
3.10912679626375e-08,-588600
3.11901102331347e-08,-588500
3.12858439894436e-08,-588400
3.13784372198488e-08,-588300
3.14678603484065e-08,-588200
3.15540862747341e-08,-588100
3.16370904110919e-08,-588000
3.1716850716669e-08,-587900
3.17933477289897e-08,-587800
3.18665645923616e-08,-587700
3.19364870832923e-08,-587600
3.20031036328058e-08,-587500
3.20664053455934e-08,-587400
3.21263860159445e-08,-587300
3.21830421404004e-08,-587200
3.22363729270881e-08,-587100
3.22863803016911e-08,-587000
3.23330689100227e-08,-586900
3.23764461171732e-08,-586800
3.24165220032089e-08,-586700
3.24533093554055e-08,-586600
3.24868236570067e-08,-586500
3.25170830725053e-08,-586400
3.25441084294477e-08,-586300
3.25679231967739e-08,-586200
3.25885534597069e-08,-586100
3.2606027891215e-08,-586000
3.26203777200759e-08,-585900
3.26316366955777e-08,-585800
3.26398410488993e-08,-585700
3.2645029451217e-08,-585600
3.26472429685936e-08,-585500
3.26465250137087e-08,-585400
3.2642921294498e-08,-585300
3.26364797597736e-08,-585200
3.26272505419037e-08,-585100
3.2615285896636e-08,-585000
3.26006401401534e-08,-584900
3.25833695834576e-08,-584800
3.25635324641806e-08,-584700
3.25411888759273e-08,-584600
3.25164006952608e-08,-584500
3.24892315064434e-08,-584400
3.2459746524051e-08,-584300
3.24280125135842e-08,-584200
3.23940977102022e-08,-584100
3.23580717357074e-08,-584000
3.23200055139165e-08,-583900
3.22799711845507e-08,-583800
3.22380420157862e-08,-583700
3.21942923156044e-08,-583600
3.21487973420854e-08,-583500
3.21016332127899e-08,-583400
3.20528768133758e-08,-583300
3.20026057055972e-08,-583200
3.19508980348349e-08,-583100
3.18978324373071e-08,-583000
3.18434879471102e-08,-582900
3.17879439032404e-08,-582800
3.17312798567433e-08,-582700
3.16735754781432e-08,-582600
3.16149104652973e-08,-582500
3.15553644518237e-08,-582400
3.14950169162479e-08,-582300
3.14339470920105e-08,-582200
3.13722338784792e-08,-582100
3.13099557531029e-08,-582000
3.12471906848461e-08,-581900
3.1184016049035e-08,-581800
3.11205085437489e-08,-581700
3.10567441078811e-08,-581600
3.09927978409956e-08,-581500
3.09287439250974e-08,-581400
3.08646555484332e-08,-581300
3.08006048314331e-08,-581200
3.07366627549013e-08,-581100
3.0672899090556e-08,-581000
3.06093823340181e-08,-580900
3.05461796403393e-08,-580800
3.04833567621566e-08,-580700
3.04209779905559e-08,-580600
3.03591060987201e-08,-580500
3.02978022884319e-08,-580400
3.02371261394962e-08,-580300
3.01771355621424e-08,-580200
3.01178867524569e-08,-580100
3.00594341508955e-08,-580000
3.00018304039149e-08,-579900
2.99451263287595e-08,-579800
2.9889370881431e-08,-579700
2.98346111278648e-08,-579600
2.97808922183288e-08,-579500
2.97282573650556e-08,-579400
2.96767478231127e-08,-579300
2.96264028745077e-08,-579200
2.95772598155231e-08,-579100
2.95293539472654e-08,-579000
2.94827185694095e-08,-578900
2.94373849771139e-08,-578800
2.93933824610752e-08,-578700
2.93507383106861e-08,-578600
2.9309477820255e-08,-578500
2.92696242982404e-08,-578400
2.92311990794478e-08,-578300
2.91942215401322e-08,-578200
2.91587091159451e-08,-578100
2.9124677322658e-08,-578000
2.90921397795934e-08,-577900
2.90611082356872e-08,-577800
2.90315925981035e-08,-577700
2.90036009633198e-08,-577600
2.8977139650595e-08,-577500
2.89522132377309e-08,-577400
2.89288245990347e-08,-577300
2.89069749453862e-08,-577200
2.88866638663106e-08,-577100
2.88678893739574e-08,-577000
2.88506479488808e-08,-576900
2.8834934587517e-08,-576800
2.88207428512528e-08,-576700
2.88080649169747e-08,-576600
2.87968916289912e-08,-576500
2.87872125522178e-08,-576400
2.87790160265124e-08,-576300
2.87722892220497e-08,-576200
2.87670181956249e-08,-576100
2.87631879477715e-08,-576000
2.87607824805851e-08,-575900
2.87597848561391e-08,-575800
2.87601772553852e-08,-575700
2.87619410374257e-08,-575600
2.87650567990528e-08,-575500
2.87695044344461e-08,-575400
2.87752631949227e-08,-575300
2.87823117486381e-08,-575200
2.87906282401347e-08,-575100
2.88001903496388e-08,-575000
2.881097535201e-08,-574900
2.88229601752464e-08,-574800
2.88361214584552e-08,-574700
2.88504356091989e-08,-574600
2.88658788601293e-08,-574500
2.88824273248288e-08,-574400
2.89000570527755e-08,-574300
2.89187440833574e-08,-574200
2.89384644988605e-08,-574100
2.8959194476362e-08,-574000
2.89809103384595e-08,-573900
2.90035886027756e-08,-573800
2.90272060301762e-08,-573700
2.9051739671647e-08,-573600
2.90771669137762e-08,-573500
2.91034655227945e-08,-573400
2.91306136871265e-08,-573300
2.91585900584134e-08,-573200
2.91873737909686e-08,-573100
2.9216944579632e-08,-573000
2.92472826959927e-08,-572900
2.92783690229537e-08,-572800
2.93101850876139e-08,-572700
2.93427130924489e-08,-572600
2.93759359447729e-08,-572500
2.94098372844693e-08,-572400
2.94444015099785e-08,-572300
2.94796138025385e-08,-572200
2.9515460148671e-08,-572100
2.95519273609148e-08,-572000
2.95890030968066e-08,-571900
2.96266758761147e-08,-571800
2.96649350963312e-08,-571700
2.97037710464343e-08,-571600
2.97431749189295e-08,-571500
2.97831388201866e-08,-571400
2.98236557790863e-08,-571300
2.98647197539945e-08,-571200
2.99063256380853e-08,-571100
2.99484692630319e-08,-571000
2.99911474010894e-08,-570900
3.00343577655924e-08,-570800
3.00780990098939e-08,-570700
3.01223707247703e-08,-570600
3.01671734343202e-08,-570500
3.0212508590385e-08,-570400
3.02583785655201e-08,-570300
3.03047866445444e-08,-570200
3.03517370146993e-08,-570100
3.03992347544457e-08,-570000
3.04472858209292e-08,-569900
3.04958970361446e-08,-569800
3.05450760718265e-08,-569700
3.05948314331003e-08,-569600
3.06451724409187e-08,-569500
3.06961092133164e-08,-569400
3.07476526455096e-08,-569300
3.07998143888697e-08,-569200
3.08526068287999e-08,-569100
3.09060430615399e-08,-569000
3.09601368699282e-08,-568900
3.10149026981454e-08,-568800
3.1070355625467e-08,-568700
3.11265113390477e-08,-568600
3.1183386105764e-08,-568500
3.12409967431364e-08,-568400
3.12993605893555e-08,-568300
3.13584954724345e-08,-568200
3.14184196785081e-08,-568100
3.14791519193012e-08,-568000
3.1540711298786e-08,-567900
3.16031172790486e-08,-567800
3.16663896453853e-08,-567700
3.17305484706467e-08,-567600
3.179561407885e-08,-567500
3.1861607008078e-08,-567400
3.19285479726831e-08,-567300
3.19964578248168e-08,-567200
3.2065357515302e-08,-567100
3.21352680538685e-08,-567000
3.22062104687712e-08,-566900
3.22782057658102e-08,-566800
3.23512748867748e-08,-566700
3.24254386673311e-08,-566600
3.25007177943772e-08,-566500
3.25771327628869e-08,-566400
3.26547038322683e-08,-566300
3.27334509822605e-08,-566200
3.28133938683965e-08,-566100
3.28945517770596e-08,-566000
3.29769435801632e-08,-565900
3.30605876894851e-08,-565800
3.31455020106899e-08,-565700
3.32317038970731e-08,-565600
3.33192101030658e-08,-565500
3.34080367375378e-08,-565400
3.34981992169403e-08,-565300
3.35897122183328e-08,-565200
3.36825896323396e-08,-565100
3.37768445160839e-08,-565000
3.38724890461514e-08,-564900
3.3969534471636e-08,-564800
3.40679910673246e-08,-564700
3.41678680870792e-08,-564600
3.42691737174778e-08,-564500
3.43719150317789e-08,-564400
3.44760979442752e-08,-564300
3.45817271651081e-08,-564200
3.46888061556127e-08,-564100
3.47973370842701e-08,-564000
3.49073207833435e-08,-563900
3.50187567062784e-08,-563800
3.51316428859491e-08,-563700
3.52459758938355e-08,-563600
3.53617508002189e-08,-563500
3.54789611354839e-08,-563400
3.55975988526188e-08,-563300
3.57176542910063e-08,-563200
3.58391161416006e-08,-563100
3.59619714135849e-08,-563000
3.60862054026088e-08,-562900
3.62118016607024e-08,-562800
3.63387419679676e-08,-562700
3.64670063061463e-08,-562600
3.65965728341664e-08,-562500
3.67274178657653e-08,-562400
3.68595158492929e-08,-562300
3.69928393497938e-08,-562200
3.71273590334684e-08,-562100
3.72630436546121e-08,-562000
3.73998600451291e-08,-561900
3.75377731067189e-08,-561800
3.7676745805828e-08,-561700
3.78167391714597e-08,-561600
3.79577122959315e-08,-561500
3.8099622338668e-08,-561400
3.82424245331109e-08,-561300
3.8386072196829e-08,-561200
3.85305167449032e-08,-561100
3.86757077066593e-08,-561000
3.88215927458168e-08,-560900
3.89681176841171e-08,-560800
3.91152265284892e-08,-560700
3.92628615018049e-08,-560600
3.94109630772722e-08,-560500
3.95594700165061e-08,-560400
3.97083194113125e-08,-560300
3.98574467292135e-08,-560200
4.0006785862734e-08,-560100
4.0156269182465e-08,-560000
4.0305827593909e-08,-559900
4.04553905981071e-08,-559800
4.06048863560383e-08,-559700
4.07542417567742e-08,-559600
4.09033824893634e-08,-559500
4.10522331184116e-08,-559400
4.12007171633152e-08,-559300
4.13487571810967e-08,-559200
4.14962748527816e-08,-559100
4.16431910732478e-08,-559000
4.17894260444694e-08,-558900
4.19348993720661e-08,-558800
4.20795301650643e-08,-558700
4.22232371387609e-08,-558600
4.23659387205777e-08,-558500
4.25075531587809e-08,-558400
4.2647998633933e-08,-558300
4.27871933729365e-08,-558200
4.29250557655161e-08,-558100
4.30615044829835e-08,-558000
4.31964585991141e-08,-557900
4.33298377129614e-08,-557800
4.3461562073425e-08,-557700
4.3591552705379e-08,-557600
4.37197315371634e-08,-557500
4.38460215292311e-08,-557400
4.39703468037376e-08,-557300
4.40926327748527e-08,-557200
4.42128062795699e-08,-557100
4.43307957087811e-08,-557000
4.44465311383793e-08,-556900
4.45599444601487e-08,-556800
4.46709695121956e-08,-556700
4.47795422086706e-08,-556600
4.48856006685285e-08,-556500
4.49890853430704e-08,-556400
4.50899391420095e-08,-556300
4.5188107557801e-08,-556200
4.52835387879744e-08,-556100
4.53761838552075e-08,-556000
4.54659967248795e-08,-555900
4.55529344198441e-08,-555800
4.56369571321607e-08,-555700
4.57180283315285e-08,-555600
4.57961148701669e-08,-555500
4.58711870838908e-08,-555400
4.59432188891336e-08,-555300
4.60121878756727e-08,-555200
4.60780753948213e-08,-555100
4.61408666428519e-08,-555000
4.62005507394266e-08,-554900
4.62571208008143e-08,-554800
4.63105740076837e-08,-554700
4.63609116672676e-08,-554600
4.64081392697061e-08,-554500
4.64522665383807e-08,-554400
4.64933074740666e-08,-554300
4.65312803927372e-08,-554200
4.65662079568667e-08,-554100
4.65981172000902e-08,-554000
4.66270395450896e-08,-553900
4.66530108145883e-08,-553800
4.66760712353497e-08,-553700
4.66962654350885e-08,-553600
4.67136424322162e-08,-553500
4.67282556183574e-08,-553400
4.67401627335875e-08,-553300
4.67494258343573e-08,-553200
4.67561112540834e-08,-553100
4.67602895564007e-08,-553000
4.67620354810872e-08,-552900
4.67614278826863e-08,-552800
4.67585496618683e-08,-552700
4.67534876895878e-08,-552600
4.67463327241105e-08,-552500
4.67371793209954e-08,-552400
4.67261257361382e-08,-552300
4.67132738219938e-08,-552200
4.66987289171122e-08,-552100
4.66825997291385e-08,-552000
4.666499821144e-08,-551900
4.66460394335413e-08,-551800
4.66258414455587e-08,-551700
4.66045251368452e-08,-551600
4.65822140890631e-08,-551500
4.65590344239233e-08,-551400
4.65351146458355e-08,-551300
4.65105854797316e-08,-551200
4.64855797043329e-08,-551100
4.64602319811456e-08,-551000
4.64346786794773e-08,-550900
4.64090576977797e-08,-550800
4.63835082816312e-08,-550700
4.63581708386812e-08,-550600
4.63331867508879e-08,-550500
4.63086981843872e-08,-550400
4.62848478973378e-08,-550300
4.6261779046093e-08,-550200
4.62396349900554e-08,-550100
4.62185590955754e-08,-550000
4.6198694539256e-08,-549900
4.61801841110314e-08,-549800
4.61631700173878e-08,-549700
4.61477936850949e-08,-549600
4.61341955658183e-08,-549500
4.61225149419813e-08,-549400
4.61128897342429e-08,-549300
4.6105456310957e-08,-549200
4.61003492999737e-08,-549100
4.60977014031401e-08,-549000
4.60976432138518e-08,-548900
4.6100303038002e-08,-548800
4.61058067186664e-08,-548700
4.61142774648575e-08,-548600
4.61258356846679e-08,-548500
4.61405988231212e-08,-548400
4.6158681205031e-08,-548300
4.61801938831629e-08,-548200
4.62052444919812e-08,-548100
4.62339371072509e-08,-548000
4.626637211175e-08,-547900
4.63026460673384e-08,-547800
4.63428515936106e-08,-547700
4.63870772533489e-08,-547600
4.6435407444976e-08,-547500
4.64879223021913e-08,-547400
4.654469760096e-08,-547300
4.66058046740051e-08,-547200
4.66713103329383e-08,-547100
4.67412767981468e-08,-547000
4.68157616365369e-08,-546900
4.68948177072148e-08,-546800
4.69784931151714e-08,-546700
4.70668311730161e-08,-546600
4.71598703707874e-08,-546500
4.72576443538511e-08,-546400
4.73601819088773e-08,-546300
4.746750695787e-08,-546200
4.75796385602031e-08,-546100
4.76965909226023e-08,-546000
4.78183734169904e-08,-545900
4.79449906060995e-08,-545800
4.80764422767325e-08,-545700
4.82127234805441e-08,-545600
4.83538245821895e-08,-545500
4.84997313146776e-08,-545400
4.86504248417463e-08,-545300
4.88058818270639e-08,-545200
4.89660745100452e-08,-545100
4.91309707880577e-08,-545000
4.93005343047776e-08,-544900
4.9474724544445e-08,-544800
4.9653496931754e-08,-544700
4.98368029371004e-08,-544600
5.00245901869035e-08,-544500
5.02168025787028e-08,-544400
5.04133804007255e-08,-544300
5.06142604556093e-08,-544200
5.08193761879607e-08,-544100
5.10286578154183e-08,-544000
5.1242032462888e-08,-543900
5.14594242996113e-08,-543800
5.16807546787219e-08,-543700
5.19059422789455e-08,-543600
5.21349032480945e-08,-543500
5.2367551348006e-08,-543400
5.26037981005752e-08,-543300
5.28435529345323e-08,-543200
5.30867233326172e-08,-543100
5.33332149788038e-08,-543000
5.35829319052332e-08,-542900
5.38357766385176e-08,-542800
5.40916503450802e-08,-542700
5.43504529752069e-08,-542600
5.46120834054864e-08,-542500
5.48764395793285e-08,-542400
5.51434186452552e-08,-542300
5.54129170926702e-08,-542200
5.56848308848217e-08,-542100
5.59590555886849e-08,-542000
5.62354865015001e-08,-541900
5.65140187737172e-08,-541800
5.67945475281078e-08,-541700
5.70769679748207e-08,-541600
5.73611755221685e-08,-541500
5.76470658829512e-08,-541400
5.79345351761323e-08,-541300
5.82234800237031e-08,-541200
5.85137976425829e-08,-541100
5.88053859314204e-08,-541000
5.90981435521779e-08,-540900
5.93919700063954e-08,-540800
5.96867657060496e-08,-540700
5.99824320389381e-08,-540600
6.02788714285374e-08,-540500
6.05759873882998e-08,-540400
6.08736845703706e-08,-540300
6.11718688087252e-08,-540200
6.1470447156741e-08,-540100
6.1769327919237e-08,-540000
6.20684206790296e-08,-539900
6.23676363180705e-08,-539800
6.26668870332466e-08,-539700
6.29660863469394e-08,-539600
6.32651491124559e-08,-539500
6.35639915144583e-08,-539400
6.38625310645323e-08,-539300
6.4160686592051e-08,-539200
6.44583782305031e-08,-539100
6.47555273994648e-08,-539000
6.50520567824119e-08,-538900
6.53478903005759e-08,-538800
6.56429530830606e-08,-538700
6.59371714334465e-08,-538600
6.62304727931178e-08,-538500
6.65227857015587e-08,-538400
6.68140397538702e-08,-538300
6.71041655557689e-08,-538200
6.73930946763329e-08,-538100
6.76807595987693e-08,-538000
6.79670936694771e-08,-537900
6.82520310456894e-08,-537800
6.85355066419768e-08,-537700
6.88174560758988e-08,-537600
6.90978156130909e-08,-537500
6.93765221120746e-08,-537400
6.96535129690789e-08,-537300
6.9928726063158e-08,-537200
7.02020997018909e-08,-537100
7.04735725679432e-08,-537000
7.07430836667686e-08,-536900
7.1010572275723e-08,-536800
7.12759778948587e-08,-536700
7.1539240199659e-08,-536600
7.18002989959692e-08,-536500
7.2059094177368e-08,-536400
7.23155656852193e-08,-536300
7.25696534716322e-08,-536200
7.28212974655489e-08,-536100
7.30704375421686e-08,-536000
7.33170134959049e-08,-535900
7.35609650170643e-08,-535800
7.3802231672416e-08,-535700
7.4040752889819e-08,-535600
7.42764679470502e-08,-535500
7.45093159649707e-08,-535400
7.47392359051498e-08,-535300
7.49661665720532e-08,-535200
7.51900466198871e-08,-535100
7.54108145641755e-08,-535000
7.56284087981314e-08,-534900
7.58427676138705e-08,-534800
7.60538292284963e-08,-534700
7.62615318150738e-08,-534600
7.6465813538492e-08,-534500
7.66666125961993e-08,-534400
7.68638672637813e-08,-534300
7.70575159453352e-08,-534200
7.72474972285793e-08,-534100
7.74337499446198e-08,-534000
7.76162132322859e-08,-533900
7.77948266069246e-08,-533800
7.79695300335364e-08,-533700
7.81402640041165e-08,-533600
7.83069696190534e-08,-533500
7.84695886724238e-08,-533400
7.86280637410087e-08,-533300
7.87823382768446e-08,-533200
7.89323567031103e-08,-533100
7.90780645131397e-08,-533000
7.92194083723393e-08,-532900
7.93563362227804e-08,-532800
7.94887973902223e-08,-532700
7.96167426933203e-08,-532600
7.97401245547571e-08,-532500
7.98588971140334e-08,-532400
7.99730163416449e-08,-532300
8.00824401543641e-08,-532200
8.01871285313459e-08,-532100
8.02870436307633e-08,-532000
8.03821499066822e-08,-531900
8.04724142258764e-08,-531800
8.05578059842842e-08,-531700
8.06382972228034e-08,-531600
8.07138627421229e-08,-531500
8.07844802162881e-08,-531400
8.08501303046952e-08,-531300
8.09107967622154e-08,-531200
8.09664665471469e-08,-531100
8.10171299266989e-08,-531000
8.10627805797132e-08,-530900
8.11034156963334e-08,-530800
8.11390360743373e-08,-530700
8.11696462118524e-08,-530600
8.11952543961808e-08,-530500
8.12158727884672e-08,-530400
8.12315175039505e-08,-530300
8.12422086875479e-08,-530200
8.12479705845272e-08,-530100
8.1248831606036e-08,-530000
8.12448243892619e-08,-529900
8.12359858520111e-08,-529800
8.12223572415013e-08,-529700
8.12039841771772e-08,-529600
8.11809166873694e-08,-529500
8.11532092396258e-08,-529400
8.11209207645615e-08,-529300
8.10841146730832e-08,-529200
8.10428588668564e-08,-529100
8.09972257419003e-08,-529000
8.09472921852045e-08,-528900
8.08931395642786e-08,-528800
8.08348537095595e-08,-528700
8.07725248896112e-08,-528600
8.07062477790735e-08,-528500
8.06361214193217e-08,-528400
8.05622491718214e-08,-528300
8.04847386641706e-08,-528200
8.0403701728841e-08,-528100
8.03192543346394e-08,-528000
8.02315165109296e-08,-527900
8.01406122646651e-08,-527800
8.00466694902984e-08,-527700
7.99498198726489e-08,-527600
7.985019878282e-08,-527500
7.97479451672745e-08,-527400
7.96432014301873e-08,-527300
7.95361133092106e-08,-527200
7.94268297447937e-08,-527100
7.93155027432213e-08,-527000
7.92022872335351e-08,-526900
7.90873409185253e-08,-526800
7.89708241199837e-08,-526700
7.88528996184231e-08,-526600
7.8733732487479e-08,-526500
7.86134899232189e-08,-526400
7.84923410685947e-08,-526300
7.83704568332824e-08,-526200
7.82480097091638e-08,-526100
7.81251735817106e-08,-526000
7.80021235375436e-08,-525900
7.78790356684413e-08,-525800
7.77560868720858e-08,-525700
7.76334546498339e-08,-525600
7.75113169018135e-08,-525500
7.73898517196449e-08,-525400
7.72692371770976e-08,-525300
7.71496511189914e-08,-525200
7.70312709486608e-08,-525100
7.69142734142989e-08,-525000
7.67988343945071e-08,-524900
7.66851286833705e-08,-524800
7.65733297753893e-08,-524700
7.64636096505921e-08,-524600
7.63561385601604e-08,-524500
7.62510848128932e-08,-524400
7.61486145628399e-08,-524300
7.60488915984309e-08,-524200
7.59520771334314e-08,-524100
7.58583296000441e-08,-524000
7.57678044444843e-08,-523900
7.56806539253469e-08,-523800
7.55970269150835e-08,-523700
7.55170687049023e-08,-523600
7.54409208134011e-08,-523500
7.53687207992377e-08,-523400
7.53006020781396e-08,-523300
7.52366937445451e-08,-523200
7.51771203981674e-08,-523100
7.51220019757625e-08,-523000
7.5071453588379e-08,-522900
7.50255853643562e-08,-522800
7.49845022983356e-08,-522700
7.49483041065367e-08,-522600
7.4917085088545e-08,-522500
7.48909339958487e-08,-522400
7.48699339073524e-08,-522300
7.48541621120873e-08,-522200
7.48436899993283e-08,-522100
7.48385829563167e-08,-522000
7.48389002737792e-08,-521900
7.48446950594227e-08,-521800
7.48560141595726e-08,-521700
7.48728980891138e-08,-521600
7.48953809698796e-08,-521500
7.49234904776232e-08,-521400
7.4957247797697e-08,-521300
7.49966675895486e-08,-521200
7.50417579601337e-08,-521100
7.50925204463325e-08,-521000
7.51489500064439e-08,-520900
7.52110350208174e-08,-520800
7.52787573016731e-08,-520700
7.53520921121434e-08,-520600
7.54310081945588e-08,-520500
7.55154678079874e-08,-520400
7.56054267750212e-08,-520300
7.57008345377925e-08,-520200
7.58016342231875e-08,-520100
7.59077627172106e-08,-520000
7.6019150748441e-08,-519900
7.61357229805056e-08,-519800
7.6257398113483e-08,-519700
7.63840889941358e-08,-519600
7.65157027348552e-08,-519500
7.66521408411896e-08,-519400
7.67932993478129e-08,-519300
7.69390689627766e-08,-519200
7.70893352198728e-08,-519100
7.72439786389258e-08,-519000
7.74028748938124e-08,-518900
7.75658949880003e-08,-518800
7.7732905437379e-08,-518700
7.79037684601462e-08,-518600
7.80783421734978e-08,-518500
7.82564807968582e-08,-518400
7.84380348613754e-08,-518300
7.86228514253913e-08,-518200
7.88107742955883e-08,-518100
7.90016442534993e-08,-518000
7.91952992870583e-08,-517900
7.93915748268568e-08,-517800
7.95903039867621e-08,-517700
7.97913178085418e-08,-517600
7.99944455101295e-08,-517500
8.01995147371578e-08,-517400
8.04063518173756e-08,-517300
8.06147820175585e-08,-517200
8.0824629802511e-08,-517100
8.1035719095757e-08,-517000
8.12478735415021e-08,-516900
8.14609167674498e-08,-516800
8.16746726480453e-08,-516700
8.18889655677168e-08,-516600
8.21036206836806e-08,-516500
8.23184641878697e-08,-516400
8.25333235675463e-08,-516300
8.27480278641544e-08,-516200
8.29624079299665e-08,-516100
8.31762966820797e-08,-516000
8.33895293533137e-08,-515900
8.36019437395679e-08,-515800
8.3813380443191e-08,-515700
8.40236831119246e-08,-515600
8.42326986729796e-08,-515500
8.44402775618149e-08,-515400
8.46462739451845e-08,-515300
8.48505459380339e-08,-515200
8.50529558138242e-08,-515100
8.52533702078768e-08,-515000
8.54516603133361e-08,-514900
8.56477020693566e-08,-514800
8.58413763411327e-08,-514700
8.60325690913986e-08,-514600
8.62211715430376e-08,-514500
8.64070803324521e-08,-514400
8.65901976533616e-08,-514300
8.67704313907044e-08,-514200
8.69476952443401e-08,-514100
8.71219088422607e-08,-514000
8.72929978430367e-08,-513900
8.74608940272417e-08,-513800
8.76255353776163e-08,-513700
8.77868661477501e-08,-513600
8.79448369190825e-08,-513500
8.80994046460387e-08,-513400
8.82505326891415e-08,-513300
8.83981908359597e-08,-513200
8.85423553097726e-08,-513100
8.86830087658577e-08,-513000
8.88201402753258e-08,-512900
8.89537452964547e-08,-512800
8.9083825633494e-08,-512700
8.92103893829378e-08,-512600
8.93334508672865e-08,-512500
8.94530305563439e-08,-512400
8.95691549761172e-08,-512300
8.96818566054174e-08,-512200
8.97911737602769e-08,-512100
8.98971504663305e-08,-512000
8.99998363193273e-08,-511900
9.0099286333969e-08,-511800
9.01955607812917e-08,-511700
9.02887250148353e-08,-511600
9.03788492858678e-08,-511500
9.04660085479557e-08,-511400
9.05502822511958e-08,-511300
9.06317541264468e-08,-511200
9.07105119599229e-08,-511100
9.07866473585315e-08,-511000
9.08602555063618e-08,-510900
9.0931434912751e-08,-510800
9.10002871523751e-08,-510700
9.10669165978302e-08,-510600
9.11314301451932e-08,-510500
9.1193936933063e-08,-510400
9.12545480556059e-08,-510300
9.13133762701429e-08,-510200
9.13705356998316e-08,-510100
9.14261415320108e-08,-510000
9.148030971279e-08,-509900
9.15331566384759e-08,-509800
9.15847988444405e-08,-509700
9.16353526920473e-08,-509600
9.16849340542554e-08,-509500
9.17336580005355e-08,-509400
9.1781638481732e-08,-509300
9.18289880155151e-08,-509200
9.18758173730666e-08,-509100
9.19222352676469e-08,-509000
9.19683480456933e-08,-508900
9.20142593810955e-08,-508800
9.2060069973295e-08,-508700
9.21058772498514e-08,-508600
9.21517750741126e-08,-508500
9.21978534586218e-08,-508400
9.22441982848848e-08,-508300
9.22908910301132e-08,-508200
9.2338008501549e-08,-508100
9.2385622578964e-08,-508000
9.24337999659134e-08,-507900
9.24826019503122e-08,-507800
9.25320841748824e-08,-507700
9.25822964180061e-08,-507600
9.26332823854996e-08,-507500
9.26850795138044e-08,-507400
9.27377187850708e-08,-507300
9.27912245545877e-08,-507200
9.28456143909902e-08,-507100
9.29008989296507e-08,-507000
9.29570817396379e-08,-506900
9.30141592045978e-08,-506800
9.30721204178882e-08,-506700
9.3130947092269e-08,-506600
9.31906134844199e-08,-506500
9.3251086334534e-08,-506400
9.33123248211987e-08,-506300
9.33742805317523e-08,-506200
9.34368974482677e-08,-506100
9.35001119492874e-08,-506000
9.35638528274012e-08,-505900
9.36280413227252e-08,-505800
9.36925911723104e-08,-505700
9.37574086754739e-08,-505600
9.38223927750178e-08,-505500
9.38874351542632e-08,-505400
9.39524203497999e-08,-505300
9.40172258798137e-08,-505200
9.40817223878287e-08,-505100
9.41457738016639e-08,-505000
9.42092375073748e-08,-504900
9.42719645379218e-08,-504800
9.43337997762709e-08,-504700
9.43945821726104e-08,-504600
9.44541449753296e-08,-504500
9.45123159753857e-08,-504400
9.45689177636486e-08,-504300
9.46237680007953e-08,-504200
9.46766796992918e-08,-504100
9.47274615169819e-08,-504000
9.47759180617734e-08,-503900
9.48218502068933e-08,-503800
9.48650554161594e-08,-503700
9.4905328078696e-08,-503600
9.4942459852503e-08,-503500
9.49762400162679e-08,-503400
9.50064558287955e-08,-503300
9.50328928954135e-08,-503200
9.50553355406991e-08,-503100
9.50735671868576e-08,-503000
9.50873707370762e-08,-502900
9.50965289631617e-08,-502800
9.51008248967689e-08,-502700
9.51000422235123e-08,-502600
9.50939656792571e-08,-502500
9.50823814478734e-08,-502400
9.50650775597423e-08,-502300
9.50418442902971e-08,-502200
9.5012474557887e-08,-502100
9.49767643202513e-08,-502000
9.49345129688946e-08,-501900
9.48855237206646e-08,-501800
9.48296040058318e-08,-501700
9.47665658519875e-08,-501600
9.46962262630792e-08,-501500
9.46184075929188e-08,-501400
9.45329379125062e-08,-501300
9.44396513705287e-08,-501200
9.43383885464079e-08,-501100
9.42289967952852e-08,-501000
9.41113305843497e-08,-500900
9.3985251819936e-08,-500800
9.38506301648319e-08,-500700
9.37073433452633e-08,-500600
9.35552774470392e-08,-500500
9.33943272003642e-08,-500400
9.32243962528493e-08,-500300
9.30453974302734e-08,-500200
9.28572529846731e-08,-500100
9.26598948293649e-08,-500000
9.24532647605261e-08,-499900
9.22373146649903e-08,-499800
9.20120067139355e-08,-499700
9.17773135421756e-08,-499600
9.15332184127851e-08,-499500
9.12797153668228e-08,-499400
9.10168093579406e-08,-499300
9.07445163716943e-08,-499200
9.04628635294016e-08,-499100
9.01718891764177e-08,-499000
8.98716429547272e-08,-498900
8.95621858597787e-08,-498800
8.92435902815157e-08,-498700
8.89159400295826e-08,-498600
8.85793303427118e-08,-498500
8.82338678823259e-08,-498400
8.78796707104088e-08,-498300
8.75168682517329e-08,-498200
8.71456012405448e-08,-498100
8.67660216518435e-08,-498000
8.63782926174039e-08,-497900
8.59825883267209e-08,-497800
8.55790939130745e-08,-497700
8.51680053249329e-08,-497600
8.47495291829344e-08,-497500
8.43238826227059e-08,-497400
8.38912931237956e-08,-497300
8.34519983250146e-08,-497200
8.30062458264989e-08,-497100
8.25542929788191e-08,-497000
8.20964066594812e-08,-496900
8.16328630371721e-08,-496800
8.11639473241228e-08,-496700
8.06899535169671e-08,-496600
8.02111841264909e-08,-496500
7.97279498966736e-08,-496400
7.92405695134335e-08,-496300
7.87493693034985e-08,-496200
7.82546829238284e-08,-496100
7.77568510420247e-08,-496000
7.72562210081663e-08,-495900
7.67531465185168e-08,-495800
7.62479872715512e-08,-495700
7.57411086167547e-08,-495600
7.52328811966464e-08,-495500
7.47236805824846e-08,-495400
7.42138869041097e-08,-495300
7.37038844743809e-08,-495200
7.31940614086636e-08,-495100
7.26848092398212e-08,-495000
7.21765225291659e-08,-494900
7.16695984738179e-08,-494800
7.11644365109223e-08,-494700
7.0661437919167e-08,-494600
7.01610054180441e-08,-494500
6.96635427652907e-08,-494400
6.91694543529417e-08,-494300
6.86791448024221e-08,-494200
6.81930185591015e-08,-494100
6.77114794867282e-08,-494000
6.72349304621532e-08,-493900
6.67637729707523e-08,-493800
6.62984067029443e-08,-493700
6.58392291522005e-08,-493600
6.53866352149342e-08,-493500
6.49410167926515e-08,-493400
6.450276239674e-08,-493300
6.40722567562663e-08,-493200
6.36498804291461e-08,-493100
6.32360094170454e-08,-493000
6.28310147843667e-08,-492900
6.2435262281666e-08,-492800
6.20491119738441e-08,-492700
6.1672917873448e-08,-492600
6.13070275794136e-08,-492500
6.09517819215775e-08,-492400
6.06075146112789e-08,-492300
6.0274551898369e-08,-492200
5.99532122349418e-08,-492100
5.96438059460947e-08,-492000
5.93466349080236e-08,-491900
5.90619922337547e-08,-491800
5.87901619668105e-08,-491700
5.8531418783104e-08,-491600
5.82860277013526e-08,-491500
5.80542438023002e-08,-491400
5.78363119570321e-08,-491300
5.76324665646652e-08,-491200
5.74429312996935e-08,-491100
5.72679188692645e-08,-491000
5.71076307806632e-08,-490900
5.69622571192718e-08,-490800
5.68319763372768e-08,-490700
5.67169550533874e-08,-490600
5.661734786383e-08,-490500
5.65332971648772e-08,-490400
5.64649329871692e-08,-490300
5.6412372842081e-08,-490200
5.63757215803844e-08,-490100
5.63550712634513e-08,-490000
5.63505010472398e-08,-489900
5.63620770793001e-08,-489800
5.63898524090308e-08,-489700
5.64338669114145e-08,-489600
5.64941472244506e-08,-489500
5.65707067005006e-08,-489400
5.66635453717527e-08,-489300
5.67726499300045e-08,-489200
5.68979937209551e-08,-489100
5.70395367531894e-08,-489000
5.71972257220249e-08,-488900
5.73709940483866e-08,-488800
5.75607619328581e-08,-488700
5.77664364250497e-08,-488600
5.79879115084099e-08,-488500
5.8225068200594e-08,-488400
5.84777746694885e-08,-488300
5.8745886364975e-08,-488200
5.9029246166502e-08,-488100
5.93276845465172e-08,-488000
5.96410197497909e-08,-487900
5.9969057988649e-08,-487800
6.03115936541099e-08,-487700
6.06684095429008e-08,-487600
6.10392771003092e-08,-487500
6.14239566788017e-08,-487400
6.18221978123208e-08,-487300
6.22337395061468e-08,-487200
6.26583105421876e-08,-487100
6.30956297995343e-08,-487000
6.3545406590096e-08,-486900
6.40073410090986e-08,-486800
6.44811243002102e-08,-486700
6.49664392350229e-08,-486600
6.54629605065973e-08,-486500
6.59703551367465e-08,-486400
6.64882828967077e-08,-486300
6.70163967408198e-08,-486200
6.7554343252799e-08,-486100
6.81017631041721e-08,-486000
6.86582915243997e-08,-485900
6.92235587821919e-08,-485800
6.97971906774888e-08,-485700
7.03788090435503e-08,-485600
7.09680322585697e-08,-485500
7.15644757661967e-08,-485400
7.21677526043295e-08,-485300
7.27774739415024e-08,-485200
7.33932496201762e-08,-485100
7.40146887062031e-08,-485000
7.46414000437195e-08,-484900
7.52729928146895e-08,-484800
7.59090771023015e-08,-484700
7.65492644573951e-08,-484600
7.71931684670741e-08,-484500
7.78404053246401e-08,-484400
7.84905943999629e-08,-484300
7.91433588093836e-08,-484200
7.97983259842316e-08,-484100
8.04551282370202e-08,-484000
8.11134033243714e-08,-483900
8.17727950057109e-08,-483800
8.24329535967607e-08,-483700
8.30935365168514e-08,-483600
8.37542088290674e-08,-483500
8.44146437722356e-08,-483400
8.50745232837643e-08,-483300
8.5733538512339e-08,-483200
8.63913903194837e-08,-483100
8.70477897689999e-08,-483000
8.77024586033007e-08,-482900
8.83551297056684e-08,-482800
8.90055475474702e-08,-482700
8.9653468619383e-08,-482600
9.02986618456929e-08,-482500
9.094090898075e-08,-482400
9.15800049866813e-08,-482300
9.22157583914867e-08,-482200
9.28479916266647e-08,-482100
9.34765413435438e-08,-482000
9.4101258707524e-08,-481900
9.47220096694625e-08,-481800
9.53386752134721e-08,-481700
9.59511515804373e-08,-481600
9.65593504665877e-08,-481500
9.71631991965115e-08,-481400
9.77626408700315e-08,-481300
9.83576344824089e-08,-481200
9.89481550173882e-08,-481100
9.95341935126411e-08,-481000
1.00115757097218e-07,-480900
1.00692869000663e-07,-480800
1.01265568533509e-07,-480700
1.01833911038906e-07,-480600
1.02397967815211e-07,-480500
1.02957826009408e-07,-480400
1.03513588481287e-07,-480300
1.04065373638378e-07,-480200
1.04613315241676e-07,-480100
1.05157562182272e-07,-480000
1.05698278229051e-07,-479900
1.06235641747684e-07,-479800
1.06769845391198e-07,-479700
1.07301095762473e-07,-479600
1.07829613049069e-07,-479500
1.08355630630849e-07,-479400
1.08879394660935e-07,-479300
1.09401163620559e-07,-479200
1.0992120784848e-07,-479100
1.10439809045647e-07,-479000
1.10957259755882e-07,-478900
1.11473862823382e-07,-478800
1.11989930827921e-07,-478700
1.12505785498671e-07,-478600
1.13021757107602e-07,-478500
1.13538183843506e-07,-478400
1.14055411167695e-07,-478300
1.14573791152499e-07,-478200
1.15093681803726e-07,-478100
1.15615446368278e-07,-478000
1.16139452628173e-07,-477900
1.16666072182245e-07,-477800
1.17195679716833e-07,-477700
1.17728652266813e-07,-477600
1.18265368468332e-07,-477500
1.18806207804653e-07,-477400
1.19351549846525e-07,-477300
1.19901773488526e-07,-477200
1.20457256182833e-07,-477100
1.21018373171891e-07,-477000
1.21585496721463e-07,-476900
1.22158995355555e-07,-476800
1.227392330947e-07,-476700
1.23326568699099e-07,-476600
1.23921354918117e-07,-476500
1.24523937747602e-07,-476400
1.25134655696512e-07,-476300
1.25753839064311e-07,-476200
1.26381809230575e-07,-476100
1.2701887795823e-07,-476000
1.27665346711833e-07,-475900
1.28321505992254e-07,-475800
1.28987634689126e-07,-475700
1.29663999452351e-07,-475600
1.30350854083954e-07,-475500
1.31048438951521e-07,-475400
1.31756980424395e-07,-475300
1.32476690333811e-07,-475200
1.33207765458042e-07,-475100
1.33950387033626e-07,-475000
1.34704720293656e-07,-474900
1.35470914034094e-07,-474800
1.36249100208968e-07,-474700
1.37039393555301e-07,-474600
1.37841891248521e-07,-474500
1.38656672589041e-07,-474400
1.39483798720667e-07,-474300
1.4032331238137e-07,-474200
1.4117523768694e-07,-474100
1.42039579947935e-07,-474000
1.42916325520285e-07,-473900
1.43805441689833e-07,-473800
1.44706876591026e-07,-473700
1.45620559159891e-07,-473600
1.46546399121352e-07,-473500
1.47484287010894e-07,-473400
1.48434094230473e-07,-473300
1.49395673138528e-07,-473200
1.50368857173851e-07,-473100
1.51353461013018e-07,-473000
1.52349280761009e-07,-472900
1.5335609417456e-07,-472800
1.54373660917733e-07,-472700
1.55401722849124e-07,-472600
1.5644000434005e-07,-472500
1.57488212622996e-07,-472400
1.58546038169536e-07,-472300
1.59613155096897e-07,-472200
1.60689221602241e-07,-472100
1.61773880423715e-07,-472000
1.62866759327247e-07,-471900
1.63967471618024e-07,-471800
1.65075616675511e-07,-471700
1.66190780510869e-07,-471600
1.67312536345539e-07,-471500
1.68440445209747e-07,-471400
1.69574056559627e-07,-471300
1.70712908911656e-07,-471200
1.71856530493005e-07,-471100
1.73004439906456e-07,-471000
1.74156146808444e-07,-470900
1.75311152598795e-07,-470800
1.76468951120715e-07,-470700
1.77629029369552e-07,-470600
1.78790868208852e-07,-470500
1.79953943092228e-07,-470400
1.81117724789549e-07,-470300
1.82281680115953e-07,-470200
1.83445272662206e-07,-470100
1.84607963524925e-07,-470000
1.8576921203518e-07,-469900
1.86928476484051e-07,-469800
1.88085214843673e-07,-469700
1.89238885482365e-07,-469600
1.9038894787245e-07,-469500
1.9153486328941e-07,-469400
1.92676095501021e-07,-469300
1.93812111445194e-07,-469200
1.94942381895239e-07,-469100
1.96066382111348e-07,-469000
1.971835924771e-07,-468900
1.98293499119865e-07,-468800
1.99395594514025e-07,-468700
2.00489378065955e-07,-468600
2.01574356679809e-07,-468500
2.02650045303161e-07,-468400
2.03715967451637e-07,-468300
2.04771655711726e-07,-468200
2.05816652221013e-07,-468100
2.06850509125143e-07,-468000
2.0787278901089e-07,-467900
2.08883065314757e-07,-467800
2.09880922706621e-07,-467700
2.10865957447973e-07,-467600
2.11837777724393e-07,-467500
2.12796003951959e-07,-467400
2.13740269057348e-07,-467300
2.14670218731473e-07,-467200
2.1558551165654e-07,-467100
2.16485819706499e-07,-467000
2.17370828120924e-07,-466900
2.18240235652409e-07,-466800
2.19093754687647e-07,-466700
2.19931111342416e-07,-466600
2.20752045530762e-07,-466500
2.21556311008721e-07,-466400
2.22343675392994e-07,-466300
2.23113920155038e-07,-466200
2.23866840591094e-07,-466100
2.2460224576874e-07,-466000
2.25319958450574e-07,-465900
2.26019814995735e-07,-465800
2.26701665239966e-07,-465700
2.27365372355004e-07,-465600
2.28010812688109e-07,-465500
2.28637875582589e-07,-465400
2.29246463180203e-07,-465300
2.29836490206397e-07,-465200
2.30407883739299e-07,-465100
2.30960582963493e-07,-465000
2.31494538909566e-07,-464900
2.32009714180474e-07,-464800
2.32506082665795e-07,-464700
2.32983629244924e-07,-464600
2.33442349480316e-07,-464500
2.33882249301875e-07,-464400
2.34303344683583e-07,-464300
2.34705661313501e-07,-464200
2.35089234258237e-07,-464100
2.35454107623004e-07,-464000
2.35800334208368e-07,-463900
2.36127975164787e-07,-463800
2.36437099646029e-07,-463700
2.36727784462537e-07,-463600
2.37000113735808e-07,-463500
2.37254178554815e-07,-463400
2.37490076635485e-07,-463300
2.37707911984238e-07,-463200
2.37907794566531e-07,-463100
2.3808983998135e-07,-463000
2.38254169142553e-07,-462900
2.38400907967925e-07,-462800
2.38530187076771e-07,-462700
2.38642141496857e-07,-462600
2.38736910381422e-07,-462500
2.38814636736992e-07,-462400
2.38875467162657e-07,-462300
2.38919551601416e-07,-462200
2.38947043104185e-07,-462100
2.38958097606978e-07,-462000
2.38952873721742e-07,-461900
2.38931532541277e-07,-461800
2.38894237458612e-07,-461700
2.38841154001163e-07,-461600
2.38772449679952e-07,-461500
2.38688293854105e-07,-461400
2.38588857610799e-07,-461300
2.38474313660782e-07,-461200
2.38344836249522e-07,-461100
2.38200601084012e-07,-461000
2.38041785275186e-07,-460900
2.37868567295865e-07,-460800
2.37681126954093e-07,-460700
2.37479645381679e-07,-460600
2.37264305037708e-07,-460500
2.37035289726748e-07,-460400
2.3679278463142e-07,-460300
2.36536976358963e-07,-460200
2.36268053001375e-07,-460100
2.35986204208685e-07,-460000
2.35691621274855e-07,-459900
2.3538449723577e-07,-459800
2.35065026978766e-07,-459700
2.34733407363075e-07,-459600
2.34389837350557e-07,-459500
2.34034518146058e-07,-459400
2.33667653346689e-07,-459300
2.33289449099311e-07,-459200
2.32900114265479e-07,-459100
2.32499860593092e-07,-459000
2.32088902893935e-07,-458900
2.31667459226344e-07,-458800
2.31235751082156e-07,-458700
2.30794003577124e-07,-458600
2.30342445643957e-07,-458500
2.29881310227136e-07,-458400
2.29410834478666e-07,-458300
2.28931259953898e-07,-458200
2.2844283280658e-07,-458100
2.27945803982275e-07,-458000
2.2744042940931e-07,-457900
2.26926970186406e-07,-457800
2.26405692766172e-07,-457700
2.25876869133625e-07,-457600
2.25340776978948e-07,-457500
2.24797699863685e-07,-457400
2.24247927379598e-07,-457300
2.23691755299446e-07,-457200
2.23129485718926e-07,-457100
2.22561427189098e-07,-457000
2.21987894838586e-07,-456900
2.21409210484901e-07,-456800
2.20825702734264e-07,-456700
2.20237707069308e-07,-456600
2.19645565924116e-07,-456500
2.19049628746018e-07,-456400
2.18450252043683e-07,-456300
2.17847799420994e-07,-456200
2.17242641596298e-07,-456100
2.16635156406614e-07,-456000
2.16025728796439e-07,-455900
2.15414750790827e-07,-455800
2.14802621452445e-07,-455700
2.14189746822364e-07,-455600
2.13576539844365e-07,-455500
2.12963420272589e-07,-455400
2.123508145624e-07,-455300
2.11739155744359e-07,-455200
2.11128883281263e-07,-455100
2.10520442908219e-07,-455000
2.09914286455787e-07,-454900
2.09310871656244e-07,-454800
2.0871066193307e-07,-454700
2.08114126173789e-07,-454600
2.07521738486349e-07,-454500
2.06933977939219e-07,-454400
2.06351328285497e-07,-454300
2.05774277671249e-07,-454200
2.05203318328444e-07,-454100
2.04638946252794e-07,-454000
2.04081660866896e-07,-453900
2.03531964669076e-07,-453800
2.02990362868375e-07,-453700
2.02457363006141e-07,-453600
2.01933474564725e-07,-453500
2.01419208563796e-07,-453400
2.00915077144821e-07,-453300
2.00421593144281e-07,-453200
1.99939269656207e-07,-453100
1.99468619584652e-07,-453000
1.99010155186725e-07,-452900
1.98564387606839e-07,-452800
1.98131826402839e-07,-452700
1.97712979064679e-07,-452600
1.97308350526358e-07,-452500
1.96918442671809e-07,-452400
1.9654375383546e-07,-452300
1.961847782982e-07,-452200
1.95842005779474e-07,-452100
1.95515920926257e-07,-452000
1.95207002799653e-07,-451900
1.9491572435986e-07,-451800
1.94642551950268e-07,-451700
1.94387944781437e-07,-451600
1.9415235441571e-07,-451500
1.93936224253217e-07,-451400
1.93739989020022e-07,-451300
1.93564074259154e-07,-451200
1.93408895825283e-07,-451100
1.93274859383754e-07,-451000
1.9316235991473e-07,-450900
1.93071781223163e-07,-450800
1.93003495455296e-07,-450700
1.92957862622415e-07,-450600
1.9293523013254e-07,-450500
1.92935932330735e-07,-450400
1.9296029004871e-07,-450300
1.93008610164368e-07,-450200
1.93081185171949e-07,-450100
1.93178292763396e-07,-450000
1.93300195421543e-07,-449900
1.93447140025754e-07,-449800
1.9361935747056e-07,-449700
1.93817062297881e-07,-449600
1.94040452343375e-07,-449500
1.94289708397441e-07,-449400
1.94564993881383e-07,-449300
1.94866454539243e-07,-449200
1.95194218145755e-07,-449100
1.95548394230891e-07,-449000
1.95929073821427e-07,-448900
1.96336329199937e-07,-448800
1.96770213681624e-07,-448700
1.9723076140934e-07,-448600
1.97717987167174e-07,-448500
1.98231886212913e-07,-448400
1.98772434129704e-07,-448300
1.99339586697203e-07,-448200
1.99933279782476e-07,-448100
2.00553429250897e-07,-448000
2.01199930897276e-07,-447900
2.01872660397411e-07,-447800
2.02571473280248e-07,-447700
2.03296204920816e-07,-447600
2.04046670554061e-07,-447500
2.04822665309704e-07,-447400
2.05623964268212e-07,-447300
2.06450322537961e-07,-447200
2.07301475353618e-07,-447100
2.08177138195801e-07,-447000
2.09077006931992e-07,-446900
2.10000757978699e-07,-446800
2.10948048484823e-07,-446700
2.11918516536167e-07,-446600
2.12911781380998e-07,-446500
2.13927443676559e-07,-446400
2.14965085756393e-07,-446300
2.16024271918328e-07,-446200
2.17104548732945e-07,-446100
2.18205445372335e-07,-446000
2.19326473958907e-07,-445900
2.20467129934021e-07,-445800
2.2162689244616e-07,-445700
2.22805224758359e-07,-445600
2.24001574674574e-07,-445500
2.25215374984654e-07,-445400
2.2644604392755e-07,-445300
2.27692985672382e-07,-445200
2.28955590816962e-07,-445100
2.30233236903326e-07,-445000
2.31525288949847e-07,-444900
2.32831099999426e-07,-444800
2.34150011683288e-07,-444700
2.35481354799842e-07,-444600
2.36824449908076e-07,-444500
2.38178607934911e-07,-444400
2.39543130795933e-07,-444300
2.40917312028889e-07,-444200
2.42300437439314e-07,-444100
2.43691785757648e-07,-444000
2.45090629307148e-07,-443900
2.46496234681924e-07,-443800
2.47907863434361e-07,-443700
2.49324772771216e-07,-443600
2.50746216257612e-07,-443500
2.52171444528178e-07,-443400
2.53599706004526e-07,-443300
2.55030247618266e-07,-443200
2.56462315538733e-07,-443100
2.57895155904581e-07,-443000
2.59328015558378e-07,-442900
2.60760142783356e-07,-442800
2.62190788041393e-07,-442700
2.63619204711362e-07,-442600
2.65044649826911e-07,-442500
2.66466384812766e-07,-442400
2.67883676218621e-07,-442300
2.69295796449669e-07,-442200
2.70702024492833e-07,-442100
2.72101646637742e-07,-442000
2.73493957191483e-07,-441900
2.74878259186176e-07,-441800
2.76253865078397e-07,-441700
2.77620097439489e-07,-441600
2.78976289635788e-07,-441500
2.80321786497797e-07,-441400
2.81655944977362e-07,-441300
2.82978134791866e-07,-441200
2.84287739054515e-07,-441100
2.85584154889765e-07,-441000
2.86866794032949e-07,-440900
2.88135083413198e-07,-440800
2.89388465718741e-07,-440700
2.90626399943683e-07,-440600
2.91848361915405e-07,-440500
2.93053844801703e-07,-440400
2.9424235959685e-07,-440300
2.95413435585753e-07,-440200
2.96566620785418e-07,-440100
2.97701482362944e-07,-440000
2.98817607029331e-07,-439900
2.99914601408364e-07,-439800
3.00992092379908e-07,-439700
3.02049727396964e-07,-439600
3.03087174775867e-07,-439500
3.0410412395905e-07,-439400
3.05100285749832e-07,-439300
3.0607539251873e-07,-439200
3.0702919838082e-07,-439100
3.07961479343745e-07,-439000
3.08872033425968e-07,-438900
3.09760680744956e-07,-438800
3.10627263574996e-07,-438700
3.11471646374402e-07,-438600
3.12293715781913e-07,-438500
3.13093380582155e-07,-438400
3.13870571640044e-07,-438300
3.1462524180411e-07,-438200
3.15357365778733e-07,-438100
3.16066939965356e-07,-438000
3.16753982272779e-07,-437900
3.17418531896713e-07,-437800
3.18060649068792e-07,-437700
3.18680414775337e-07,-437600
3.19277930446173e-07,-437500
3.19853317613908e-07,-437400
3.20406717544076e-07,-437300
3.20938290836665e-07,-437200
3.21448216999542e-07,-437100
3.21936693994392e-07,-437000
3.22403937755806e-07,-436900
3.22850181684221e-07,-436800
3.23275676113469e-07,-436700
3.23680687753723e-07,-436600
3.24065499110706e-07,-436500
3.24430407882053e-07,-436400
3.24775726331775e-07,-436300
3.25101780643819e-07,-436200
3.25408910255754e-07,-436100
3.25697467173678e-07,-436000
3.25967815269445e-07,-435900
3.2622032956139e-07,-435800
3.26455395479744e-07,-435700
3.26673408117965e-07,-435600
3.26874771471263e-07,-435500
3.2705989766361e-07,-435400
3.2722920616456e-07,-435300
3.27383122997237e-07,-435200
3.27522079938866e-07,-435100
3.27646513715251e-07,-435000
3.27756865190601e-07,-434900
3.27853578554169e-07,-434800
3.27937100505123e-07,-434700
3.28007879437122e-07,-434600
3.28066364624067e-07,-434500
3.28113005408495e-07,-434400
3.28148250394089e-07,-434300
3.2817254664379e-07,-434200
3.28186338884967e-07,-434100
3.28190068723123e-07,-434000
3.2818417386559e-07,-433900
3.28169087356649e-07,-433800
3.28145236825517e-07,-433700
3.28113043748593e-07,-433600
3.28072922727375e-07,-433500
3.28025280783385e-07,-433400
3.27970516671467e-07,-433300
3.27909020212746e-07,-433200
3.27841171648534e-07,-433100
3.27767341016415e-07,-433000
3.27687887549721e-07,-432900
3.27603159101547e-07,-432800
3.27513491594436e-07,-432700
3.27419208496789e-07,-432600
3.27320620327049e-07,-432500
3.27218024186599e-07,-432400
3.27111703322326e-07,-432300
3.27001926719693e-07,-432200
3.26888948727138e-07,-432100
3.26773008712556e-07,-432000
3.26654330752532e-07,-431900
3.26533123354977e-07,-431800
3.2640957921571e-07,-431700
3.26283875009497e-07,-431600
3.26156171215969e-07,-431500
3.26026611980791e-07,-431400
3.2589532501237e-07,-431300
3.25762421514329e-07,-431200
3.25627996153911e-07,-431100
3.25492127066378e-07,-431000
3.25354875895439e-07,-430900
3.25216287869643e-07,-430800
3.2507639191459e-07,-430700
3.24935200800788e-07,-430600
3.24792711326857e-07,-430500
3.24648904537751e-07,-430400
3.24503745977578e-07,-430300
3.24357185976533e-07,-430200
3.24209159971391e-07,-430100
3.24059588858938e-07,-430000
3.23908379381651e-07,-429900
3.23755424544872e-07,-429800
3.23600604064651e-07,-429700
3.23443784845387e-07,-429600
3.23284821486304e-07,-429500
3.23123556815777e-07,-429400
3.22959822452434e-07,-429300
3.22793439391923e-07,-429200
3.22624218618163e-07,-429100
3.22451961737872e-07,-429000
3.22276461637079e-07,-428900
3.2209750315833e-07,-428800
3.21914863797199e-07,-428700
3.21728314416714e-07,-428600
3.21537619978261e-07,-428500
3.21342540287474e-07,-428400
3.21142830753621e-07,-428300
3.20938243160923e-07,-428200
3.20728526450266e-07,-428100
3.20513427509693e-07,-428000
3.20292691972087e-07,-427900
3.20066065018399e-07,-427800
3.19833292184796e-07,-427700
3.19594120172073e-07,-427600
3.19348297655663e-07,-427500
3.19095576094603e-07,-427400
3.18835710537768e-07,-427300
3.18568460425735e-07,-427200
3.18293590386609e-07,-427100
3.18010871024182e-07,-427000
3.17720079696775e-07,-426900
3.1742100128516e-07,-426800
3.17113428947976e-07,-426700
3.16797164863033e-07,-426600
3.16472020952998e-07,-426500
3.1613781959391e-07,-426400
3.15794394305055e-07,-426300
3.15441590418748e-07,-426200
3.15079265728594e-07,-426100
3.14707291114876e-07,-426000
3.14325551145718e-07,-425900
3.13933944652749e-07,-425800
3.13532385280033e-07,-425700
3.13120802005071e-07,-425600
3.12699139630752e-07,-425500
3.12267359247169e-07,-425400
3.11825438662288e-07,-425300
3.11373372800502e-07,-425200
3.10911174068178e-07,-425100
3.10438872685365e-07,-425000
3.09956516982883e-07,-424900
3.094641736641e-07,-424800
3.08961928030757e-07,-424700
3.08449884172276e-07,-424600
3.07928165118054e-07,-424500
3.07396912952314e-07,-424400
3.06856288891172e-07,-424300
3.06306473321623e-07,-424200
3.05747665802251e-07,-424100
3.05180085025524e-07,-424000
3.04603968741617e-07,-423900
3.04019573643765e-07,-423800
3.03427175215253e-07,-423700
3.02827067538188e-07,-423600
3.0221956306429e-07,-423500
3.01604992348015e-07,-423400
3.00983703742383e-07,-423300
3.00356063057963e-07,-423200
2.99722453185539e-07,-423100
2.99083273683039e-07,-423000
2.98438940327395e-07,-422900
2.97789884632056e-07,-422800
2.9713655333094e-07,-422700
2.96479407829689e-07,-422600
2.95818923625142e-07,-422500
2.95155589693991e-07,-422400
2.94489907851684e-07,-422300
2.93822392082641e-07,-422200
2.93153567842944e-07,-422100
2.92483971336707e-07,-422000
2.91814148767362e-07,-421900
2.91144655565169e-07,-421800
2.90476055592297e-07,-421700
2.89808920326851e-07,-421600
2.89143828027279e-07,-421500
2.88481362878623e-07,-421400
2.87822114122112e-07,-421300
2.87166675169621e-07,-421200
2.86515642704569e-07,-421100
2.85869615770821e-07,-421000
2.8522919485123e-07,-420900
2.84594980937416e-07,-420800
2.83967574592452e-07,-420700
2.83347575008108e-07,-420600
2.82735579058321e-07,-420500
2.82132180350571e-07,-420400
2.81537968276845e-07,-420300
2.80953527065883e-07,-420200
2.80379434838374e-07,-420100
2.7981626266679e-07,-420000
2.79264573641526e-07,-419900
2.78724921945015e-07,-419800
2.78197851935447e-07,-419700
2.77683897241741e-07,-419600
2.77183579871366e-07,-419500
2.76697409332612e-07,-419400
2.76225881772858e-07,-419300
2.75769479134385e-07,-419200
2.75328668329235e-07,-419100
2.74903900434572e-07,-419000
2.7449560991e-07,-418900
2.74104213838214e-07,-418800
2.73730111190343e-07,-418700
2.73373682117305e-07,-418600
2.73035287268411e-07,-418500
2.7271526713846e-07,-418400
2.72413941444474e-07,-418300
2.72131608533187e-07,-418200
2.71868544820345e-07,-418100
2.71625004262819e-07,-418000
2.71401217864471e-07,-417900
2.71197393216659e-07,-417800
2.71013714074195e-07,-417700
2.70850339967526e-07,-417600
2.70707405851816e-07,-417500
2.70585021793578e-07,-417400
2.70483272695398e-07,-417300
2.70402218059261e-07,-417200
2.70341891788901e-07,-417100
2.70302302031533e-07,-417000
2.70283431059257e-07,-416900
2.70285235190349e-07,-416800
2.70307644750597e-07,-416700
2.70350564074751e-07,-416600
2.70413871548094e-07,-416500
2.70497419688088e-07,-416400
2.70601035265937e-07,-416300
2.7072451946788e-07,-416200
2.70867648095946e-07,-416100
2.71030171807812e-07,-416000
2.71211816395367e-07,-415900
2.71412283101507e-07,-415800
2.71631248974604e-07,-415700
2.71868367260051e-07,-415600
2.7212326782821e-07,-415500
2.72395557638011e-07,-415400
2.72684821235425e-07,-415300
2.72990621285931e-07,-415200
2.73312499140081e-07,-415100
2.73649975431164e-07,-415000
2.74002550703966e-07,-414900
2.74369706073516e-07,-414800
2.74750903912713e-07,-414700
2.75145588567627e-07,-414600
2.75553187099261e-07,-414500
2.75973110050487e-07,-414400
2.76404752236855e-07,-414300
2.76847493559906e-07,-414200
2.77300699841605e-07,-414100
2.77763723678462e-07,-414000
2.78235905313888e-07,-413900
2.78716573527287e-07,-413800
2.79205046538387e-07,-413700
2.79700632925253e-07,-413600
2.80202632554441e-07,-413500
2.80710337521698e-07,-413400
2.81223033101646e-07,-413300
2.81739998704811e-07,-413200
2.82260508840421e-07,-413100
2.8278383408333e-07,-413000
2.83309242043464e-07,-412900
2.83835998336166e-07,-412800
2.84363367551823e-07,-412700
2.84890614223164e-07,-412600
2.8541700378864e-07,-412500
2.8594180355029e-07,-412400
2.86464283624518e-07,-412300
2.86983717884244e-07,-412200
2.87499384890889e-07,-412100
2.8801056881468e-07,-412000
2.88516560341811e-07,-411900
2.89016657567004e-07,-411800
2.89510166870051e-07,-411700
2.89996403774962e-07,-411600
2.90474693790369e-07,-411500
2.909443732299e-07,-411400
2.91404790011247e-07,-411300
2.9185530443272e-07,-411200
2.92295289926138e-07,-411100
2.92724133784916e-07,-411000
2.93141237866307e-07,-410900
2.93546019266783e-07,-410800
2.93937910969605e-07,-410700
2.94316362463679e-07,-410600
2.94680840332883e-07,-410500
2.95030828815078e-07,-410400
2.95365830330086e-07,-410300
2.95685365976015e-07,-410200
2.95988975993317e-07,-410100
2.96276220196093e-07,-410000
2.96546678370178e-07,-409900
2.96799950637631e-07,-409800
2.97035657787324e-07,-409700
2.97253441571381e-07,-409600
2.97452964967295e-07,-409500
2.97633912405621e-07,-409400
2.9779598996321e-07,-409300
2.97938925522016e-07,-409200
2.98062468893589e-07,-409100
2.98166391909414e-07,-409000
2.9825048847735e-07,-408900
2.98314574604471e-07,-408800
2.98358488386688e-07,-408700
2.98382089965587e-07,-408600
2.98385261452998e-07,-408500
2.98367906823861e-07,-408400
2.98329951778016e-07,-408300
2.98271343571609e-07,-408200
2.98192050818877e-07,-408100
2.98092063265096e-07,-408000
2.97971391531576e-07,-407900
2.97830066833603e-07,-407800
2.97668140672302e-07,-407700
2.97485684501426e-07,-407600
2.97282789370137e-07,-407500
2.97059565542881e-07,-407400
2.96816142097497e-07,-407300
2.96552666502739e-07,-407200
2.96269304176439e-07,-407100
2.95966238025542e-07,-407000
2.95643667969304e-07,-406900
2.95301810446949e-07,-406800
2.94940897911118e-07,-406700
2.94561178308451e-07,-406600
2.94162914548662e-07,-406500
2.93746383963492e-07,-406400
2.93311877756923e-07,-406300
2.92859700448034e-07,-406200
2.92390169307917e-07,-406100
2.91903613792025e-07,-406000
2.91400374969365e-07,-405900
2.90880804949896e-07,-405800
2.90345266311539e-07,-405700
2.8979413152813e-07,-405600
2.89227782399674e-07,-405500
2.88646609486225e-07,-405400
2.88051011546686e-07,-405300
2.87441394983805e-07,-405200
2.8681817329661e-07,-405100
2.86181766541492e-07,-405000
2.85532600803111e-07,-404900
2.84871107676264e-07,-404800
2.84197723759796e-07,-404700
2.83512890163623e-07,-404600
2.82817052029849e-07,-404500
2.82110658068941e-07,-404400
2.81394160111858e-07,-404300
2.80668012678982e-07,-404200
2.79932672566639e-07,-404100
2.7918859845194e-07,-404000
2.78436250516618e-07,-403900
2.77676090090462e-07,-403800
2.76908579314899e-07,-403700
2.76134180827205e-07,-403600
2.75353357465751e-07,-403500
2.74566571996648e-07,-403400
2.73774286862045e-07,-403300
2.72976963950313e-07,-403200
2.72175064388249e-07,-403100
2.71369048355358e-07,-403000
2.70559374920234e-07,-402900
2.6974650189896e-07,-402800
2.68930885735384e-07,-402700
2.68112981403077e-07,-402600
2.67293242328684e-07,-402500
2.66472120336326e-07,-402400
2.65650065612643e-07,-402300
2.64827526692e-07,-402200
2.64004950461308e-07,-402100
2.63182782183859e-07,-402000
2.62361465541506e-07,-401900
2.6154144269445e-07,-401800
2.60723154357867e-07,-401700
2.59907039894516e-07,-401600
2.59093537422432e-07,-401500
2.58283083936775e-07,-401400
2.57476115444817e-07,-401300
2.56673067113038e-07,-401200
2.55874373425248e-07,-401100
2.55080468350603e-07,-401000
2.54291785520355e-07,-400900
2.53508758412147e-07,-400800
2.52731820540626e-07,-400700
2.51961405653104e-07,-400600
2.51197947929029e-07,-400500
2.50441882181926e-07,-400400
2.49693644062527e-07,-400300
2.48953670261757e-07,-400200
2.48222398712239e-07,-400100
2.47500268786982e-07,-400000
2.46787721493914e-07,-399900
2.4608519966493e-07,-399800
2.45393148138113e-07,-399700
2.44712013931824e-07,-399600
2.44042246409343e-07,-399500
2.43384297432792e-07,-399400
2.42738621505064e-07,-399300
2.42105675898528e-07,-399200
2.41485920769301e-07,-399100
2.40879819255918e-07,-399000
2.40287837561264e-07,-398900
2.39710445016662e-07,-398800
2.39148114127093e-07,-398700
2.38601320596517e-07,-398600
2.38070543332359e-07,-398500
2.37556264428267e-07,-398400
2.37058969124292e-07,-398300
2.36579145743712e-07,-398200
2.36117285605793e-07,-398100
2.35673882913829e-07,-398000
2.35249434617872e-07,-397900
2.34844440251655e-07,-397800
2.34459401743256e-07,-397700
2.34094823199136e-07,-397600
2.33751210661277e-07,-397500
2.33429071837186e-07,-397400
2.33128915802648e-07,-397300
2.32851252677171e-07,-397200
2.32596593272149e-07,-397100
2.32365448711855e-07,-397000
2.32158330027462e-07,-396900
2.31975747724353e-07,-396800
2.31818211323097e-07,-396700
2.31686228874522e-07,-396600
2.31580306449405e-07,-396500
2.31500947603395e-07,-396400
2.31448652817849e-07,-396300
2.31423918917352e-07,-396200
2.31427238464761e-07,-396100
2.31459099134698e-07,-396000
2.31519983066507e-07,-395900
2.31610366197715e-07,-395800
2.31730717579179e-07,-395700
2.31881498673111e-07,-395600
2.3206316263527e-07,-395500
2.32276153582671e-07,-395400
2.32520905848217e-07,-395300
2.32797843223723e-07,-395200
2.33107378192856e-07,-395100
2.33449911155571e-07,-395000
2.33825829645652e-07,-394900
2.34235507543061e-07,-394800
2.34679304282761e-07,-394700
2.35157564061811e-07,-394600
2.35670615046475e-07,-394500
2.36218768581179e-07,-394400
2.36802318401153e-07,-394300
2.374215398506e-07,-394200
2.38076689108287e-07,-394100
2.3876800242242e-07,-394000
2.39495695356722e-07,-393900
2.40259962049584e-07,-393800
2.41060974488198e-07,-393700
2.4189888179956e-07,-393600
2.42773809560197e-07,-393500
2.43685859126506e-07,-393400
2.44635106987518e-07,-393300
2.45621604141916e-07,-393200
2.46645375501076e-07,-393100
2.47706419319888e-07,-393000
2.48804706657057e-07,-392900
2.49940180866561e-07,-392800
2.5111275712186e-07,-392700
2.52322321974443e-07,-392600
2.53568732948205e-07,-392500
2.54851818171103e-07,-392400
2.5617137604548e-07,-392300
2.57527174958356e-07,-392200
2.58918953032944e-07,-392100
2.60346417922535e-07,-392000
2.61809246647864e-07,-391900
2.63307085478939e-07,-391800
2.64839549862261e-07,-391700
2.66406224394267e-07,-391600
2.68006662841737e-07,-391500
2.69640388209804e-07,-391400
2.71306892858129e-07,-391300
2.7300563866569e-07,-391200
2.74736057244546e-07,-391100
2.76497550202823e-07,-391000
2.78289489457086e-07,-390900
2.80111217594143e-07,-390800
2.81962048282223e-07,-390700
2.83841266731383e-07,-390600
2.85748130202871e-07,-390500
2.87681868567091e-07,-390400
2.8964168490968e-07,-390300
2.91626756185153e-07,-390200
2.93636233917399e-07,-390100
2.95669244946284e-07,-390000
2.97724892219458e-07,-389900
2.99802255628384e-07,-389800
3.01900392887525e-07,-389700
3.04018340455486e-07,-389600
3.06155114496872e-07,-389500
3.08309711883465e-07,-389400
3.10481111233291e-07,-389300
3.1266827398603e-07,-389200
3.1487014551314e-07,-389100
3.17085656261001e-07,-389000
3.19313722925281e-07,-388900
3.2155324965469e-07,-388800
3.23803129282178e-07,-388700
3.26062244581594e-07,-388600
3.28329469547746e-07,-388500
3.30603670697765e-07,-388400
3.32883708391584e-07,-388300
3.35168438169338e-07,-388200
3.37456712103418e-07,-388100
3.39747380162881e-07,-388000
3.4203929158788e-07,-387900
3.44331296271756e-07,-387800
3.46622246148402e-07,-387700
3.48910996582489e-07,-387600
3.51196407760129e-07,-387500
3.53477346077545e-07,-387400
3.5575268552532e-07,-387300
3.58021309065759e-07,-387200
3.60282110000977e-07,-387100
3.62533993329248e-07,-387000
3.64775877087246e-07,-386900
3.67006693675775e-07,-386800
3.69225391166646e-07,-386700
3.71430934588365e-07,-386600
3.73622307188351e-07,-386500
3.75798511669438e-07,-386400
3.77958571398456e-07,-386300
3.80101531584746e-07,-386200
3.82226460426512e-07,-386100
3.84332450222975e-07,-386000
3.86418618450365e-07,-385900
3.88484108799836e-07,-385800
3.90528092175493e-07,-385700
3.92549767650759e-07,-385600
3.94548363381422e-07,-385500
3.96523137473762e-07,-385400
3.98473378806268e-07,-385300
4.00398407803513e-07,-385200
4.02297577160886e-07,-385100
4.04170272518937e-07,-385000
4.06015913086228e-07,-384900
4.07833952209642e-07,-384800
4.0962387789124e-07,-384700
4.11385213250845e-07,-384600
4.13117516933624e-07,-384500
4.14820383462081e-07,-384400
4.16493443531944e-07,-384300
4.18136364251569e-07,-384200
4.19748849324567e-07,-384100
4.21330639175496e-07,-384000
4.22881511018551e-07,-383900
4.24401278869301e-07,-383800
4.25889793499639e-07,-383700
4.27346942336203e-07,-383600
4.28772649302665e-07,-383500
4.30166874606346e-07,-383400
4.31529614469773e-07,-383300
4.32860900807857e-07,-383200
4.34160800851503e-07,-383100
4.35429416718536e-07,-383000
4.36666884932962e-07,-382900
4.37873375893636e-07,-382800
4.39049093293549e-07,-382700
4.40194273490987e-07,-382600
4.41309184833959e-07,-382500
4.42394126939318e-07,-382400
4.43449429928137e-07,-382300
4.44475453618922e-07,-382200
4.45472586680384e-07,-382100
4.46441245745491e-07,-382000
4.47381874488654e-07,-381900
4.48294942667919e-07,-381800
4.49180945134113e-07,-381700
4.50040400808947e-07,-381600
4.50873851634123e-07,-381500
4.51681861493542e-07,-381400
4.52465015110745e-07,-381300
4.53223916923775e-07,-381200
4.53959189939632e-07,-381100
4.54671474570593e-07,-381000
4.55361427454616e-07,-380900
4.56029720262114e-07,-380800
4.56677038491382e-07,-380700
4.57304080254963e-07,-380600
4.5791155505925e-07,-380500
4.58500182579613e-07,-380400
4.59070691433336e-07,-380300
4.59623817952647e-07,-380200
4.6016030496008e-07,-380100
4.60680900548429e-07,-380000
4.61186356867493e-07,-379900
4.6167742891979e-07,-379800
4.62154873367413e-07,-379700
4.62619447352108e-07,-379600
4.6307190733067e-07,-379500
4.6351300792766e-07,-379400
4.63943500807435e-07,-379300
4.64364133567388e-07,-379200
4.64775648654275e-07,-379100
4.65178782305433e-07,-379000
4.65574263516602e-07,-378900
4.65962813038045e-07,-378800
4.66345142400553e-07,-378700
4.66721952972853e-07,-378600
4.67093935051883e-07,-378500
4.67461766987289e-07,-378400
4.67826114341441e-07,-378300
4.6818762908618e-07,-378200
4.685469488374e-07,-378100
4.68904696128518e-07,-378000
4.69261477723768e-07,-377900
4.69617883972185e-07,-377800
4.6997448820304e-07,-377700
4.70331846163395e-07,-377600
4.70690495498388e-07,-377500
4.71050955274701e-07,-377400
4.71413725547647e-07,-377300
4.71779286972149e-07,-377200
4.7214810045785e-07,-377100
4.72520606868452e-07,-377000
4.72897226765324e-07,-376900
4.73278360195313e-07,-376800
4.73664386522602e-07,-376700
4.74055664304364e-07,-376600
4.74452531209897e-07,-376500
4.74855303982795e-07,-376400
4.75264278445684e-07,-376300
4.75679729546892e-07,-376200
4.76101911448429e-07,-376100
4.76531057654488e-07,-376000
4.76967381179663e-07,-375900
4.7741107475598e-07,-375800
4.77862311077759e-07,-375700
4.78321243083264e-07,-375600
4.78788004272042e-07,-375500
4.79262709056761e-07,-375400
4.79745453148319e-07,-375300
4.80236313972932e-07,-375200
4.80735351119844e-07,-375100
4.81242606818268e-07,-375000
4.81758106442108e-07,-374900
4.82281859040963e-07,-374800
4.82813857895889e-07,-374700
4.83354081098336e-07,-374600
4.83902492150676e-07,-374500
4.84459040586658e-07,-374400
4.85023662610154e-07,-374300
4.855962817505e-07,-374200
4.86176809532724e-07,-374100
4.8676514616096e-07,-374000
4.87361181213296e-07,-373900
4.87964794346338e-07,-373800
4.88575856007734e-07,-373700
4.89194228154919e-07,-373600
4.89819764978353e-07,-373500
4.90452313627502e-07,-373400
4.91091714937855e-07,-373300
4.91737804157262e-07,-373200
4.92390411669901e-07,-373100
4.93049363716222e-07,-373000
4.93714483107191e-07,-372900
4.94385589931255e-07,-372800
4.95062502252402e-07,-372700
4.95745036797801e-07,-372600
4.9643300963347e-07,-372500
4.97126236826518e-07,-372400
4.97824535092523e-07,-372300
4.9852772242664e-07,-372200
4.99235618717116e-07,-372100
4.99948046339909e-07,-372000
5.00664830733162e-07,-371900
5.01385800950367e-07,-371800
5.0211079019106e-07,-371700
5.02839636308001e-07,-371600
5.035721822898e-07,-371500
5.04308276718058e-07,-371400
5.05047774198124e-07,-371300
5.05790535762643e-07,-371200
5.06536429247133e-07,-371100
5.0728532963691e-07,-371000
5.08037119384711e-07,-370900
5.08791688698485e-07,-370800
5.0954893579884e-07,-370700
5.10308767145729e-07,-370600
5.11071097634034e-07,-370500
5.11835850757752e-07,-370400
5.12602958742576e-07,-370300
5.13372362646726e-07,-370200
5.14144012429955e-07,-370100
5.14917866990724e-07,-370000
5.15693894171601e-07,-369900
5.16472070733025e-07,-369800
5.17252382295618e-07,-369700
5.18034823251309e-07,-369600
5.18819396643605e-07,-369500
5.19606114017376e-07,-369400
5.20394995238631e-07,-369300
5.21186068284771e-07,-369200
5.21979369005913e-07,-369100
5.2277494085789e-07,-369000
5.23572834607627e-07,-368900
5.24373108011628e-07,-368800
5.25175825468354e-07,-368700
5.25981057645348e-07,-368600
5.26788881081979e-07,-368500
5.27599377768757e-07,-368400
5.2841263470417e-07,-368300
5.29228743430102e-07,-368200
5.30047799546847e-07,-368100
5.30869902208853e-07,-368000
5.31695153602299e-07,-367900
5.32523658405684e-07,-367800
5.3335552323461e-07,-367700
5.34190856071983e-07,-367600
5.35029765684876e-07,-367500
5.35872361029313e-07,-367400
5.36718750644271e-07,-367300
5.37569042036186e-07,-367200
5.38423341055291e-07,-367100
5.39281751265106e-07,-367000
5.40144373306426e-07,-366900
5.41011304257137e-07,-366800
5.41882636989214e-07,-366700
5.42758459524254e-07,-366600
5.43638854388882e-07,-366500
5.44523897971382e-07,-366400
5.45413659880879e-07,-366300
5.4630820231042e-07,-366200
5.47207579405258e-07,-366100
5.48111836637645e-07,-366000
5.4902101018944e-07,-365900
5.49935126343782e-07,-365800
5.50854200887108e-07,-365700
5.51778238522718e-07,-365600
5.52707232297134e-07,-365500
5.53641163040395e-07,-365400
5.54579998821473e-07,-365300
5.55523694419929e-07,-365200
5.564721908149e-07,-365100
5.57425414692479e-07,-365000
5.58383277972536e-07,-364900
5.59345677355942e-07,-364800
5.60312493893187e-07,-364700
5.61283592575284e-07,-364600
5.62258821947855e-07,-364500
5.63238013749226e-07,-364400
5.64220982573345e-07,-364300
5.65207525558253e-07,-364200
5.66197422100848e-07,-364100
5.67190433598581e-07,-364000
5.68186303218731e-07,-363900
5.69184755695822e-07,-363800
5.70185497157711e-07,-363700
5.71188214980841e-07,-363600
5.72192577675093e-07,-363500
5.73198234798622e-07,-363400
5.7420481690303e-07,-363300
5.75211935509162e-07,-363200
5.76219183113785e-07,-363100
5.77226133227337e-07,-363000
5.78232340442915e-07,-362900
5.79237340536601e-07,-362800
5.80240650599186e-07,-362700
5.8124176919931e-07,-362600
5.82240176577984e-07,-362500
5.83235334874418e-07,-362400
5.84226688383029e-07,-362300
5.85213663841472e-07,-362200
5.86195670749471e-07,-362100
5.87172101718202e-07,-362000
5.88142332849947e-07,-361900
5.8910572414765e-07,-361800
5.90061619954031e-07,-361700
5.91009349419826e-07,-361600
5.91948227000687e-07,-361500
5.92877552982276e-07,-361400
5.93796614032993e-07,-361300
5.94704683783795e-07,-361200
5.95601023434492e-07,-361100
5.96484882385896e-07,-361000
5.97355498897142e-07,-360900
5.98212100767504e-07,-360800
5.99053906041959e-07,-360700
5.99880123739755e-07,-360600
6.0068995460519e-07,-360500
6.01482591879801e-07,-360400
6.02257222095114e-07,-360300
6.03013025885107e-07,-360200
6.0374917881749e-07,-360100
6.04464852242908e-07,-360000
6.05159214161136e-07,-359900
6.05831430103315e-07,-359800
6.06480664029278e-07,-359700
6.07106079238974e-07,-359600
6.07706839296997e-07,-359500
6.08282108969214e-07,-359400
6.08831055170458e-07,-359300
6.09352847922254e-07,-359200
6.09846661319528e-07,-359100
6.10311674505248e-07,-359000
6.10747072651908e-07,-358900
6.11152047948807e-07,-358800
6.11525800594013e-07,-358700
6.11867539789947e-07,-358600
6.12176484741469e-07,-358500
6.12451865655389e-07,-358400
6.12692924740288e-07,-358300
6.12898917205552e-07,-358200
6.13069112258508e-07,-358100
6.13202794098568e-07,-358000
6.13299262907264e-07,-357900
6.13357835833077e-07,-357800
6.13377847969965e-07,-357700
6.13358653328481e-07,-357600
6.13299625798391e-07,-357500
6.13200160101716e-07,-357400
6.1305967273509e-07,-357300
6.12877602900377e-07,-357200
6.12653413422477e-07,-357100
6.12386591653235e-07,-357000
6.12076650360437e-07,-356900
6.1172312860081e-07,-356800
6.1132559257602e-07,-356700
6.10883636470628e-07,-356600
6.10396883270995e-07,-356500
6.09864985564141e-07,-356400
6.0928762631556e-07,-356300
6.08664519625025e-07,-356200
6.07995411459415e-07,-356100
6.07280080361625e-07,-356000
6.06518338134622e-07,-355900
6.05710030499739e-07,-355800
6.04855037728303e-07,-355700
6.03953275245718e-07,-355600
6.0300469420715e-07,-355500
6.02009282043956e-07,-355400
6.00967062980045e-07,-355300
5.9987809851736e-07,-355200
5.9874248788971e-07,-355100
5.97560368484176e-07,-355000
5.96331916229367e-07,-354900
5.95057345949805e-07,-354800
5.93736911685748e-07,-354700
5.92370906977786e-07,-354600
5.90959665115577e-07,-354500
5.89503559350099e-07,-354400
5.88003003068836e-07,-354300
5.86458449933344e-07,-354200
5.84870393978658e-07,-354100
5.83239369674058e-07,-354000
5.81565951944701e-07,-353900
5.79850756153706e-07,-353800
5.78094438044267e-07,-353700
5.76297693641443e-07,-353600
5.7446125911326e-07,-353500
5.72585910590856e-07,-353400
5.70672463947369e-07,-353300
5.68721774535364e-07,-353200
5.66734736882594e-07,-353100
5.64712284345939e-07,-353000
5.62655388723419e-07,-352900
5.60565059824197e-07,-352800
5.58442344996542e-07,-352700
5.56288328613761e-07,-352600
5.54104131518156e-07,-352500
5.51890910423083e-07,-352400
5.49649857273279e-07,-352300
5.47382198563614e-07,-352200
5.45089194616516e-07,-352100
5.42772138818336e-07,-352000
5.40432356814975e-07,-351900
5.38071205667148e-07,-351800
5.35690072965701e-07,-351700
5.33290375907449e-07,-351600
5.30873560332042e-07,-351500
5.2844109972044e-07,-351400
5.259944941556e-07,-351300
5.23535269246048e-07,-351200
5.2106497501304e-07,-351100
5.18585184742098e-07,-351000
5.16097493799715e-07,-350900
5.13603518416114e-07,-350800
5.11104894434975e-07,-350700
5.08603276031087e-07,-350600
5.06100334396967e-07,-350500
5.03597756399492e-07,-350400
5.01097243207676e-07,-350300
4.98600508892757e-07,-350200
4.96109279001809e-07,-350100
4.93625289106148e-07,-350000
4.91150283325837e-07,-349900
4.88686012831659e-07,-349800
4.86234234325945e-07,-349700
4.83796708503729e-07,-349600
4.81375198495705e-07,-349500
4.7897146829452e-07,-349400
4.76587281165995e-07,-349300
4.74224398046866e-07,-349200
4.71884575930723e-07,-349100
4.69569566243809e-07,-349000
4.67281113212433e-07,-348900
4.65020952223725e-07,-348800
4.62790808181546e-07,-348700
4.60592393859357e-07,-348600
4.58427408251886e-07,-348500
4.56297534927481e-07,-348400
4.54204440383023e-07,-348300
4.52149772403316e-07,-348200
4.50135158426887e-07,-348100
4.48162203920134e-07,-348000
4.46232490761783e-07,-347900
4.44347575639625e-07,-347800
4.42508988461491e-07,-347700
4.40718230782464e-07,-347600
4.38976774250292e-07,-347500
4.37286059070984e-07,-347400
4.35647492496571e-07,-347300
4.34062447336982e-07,-347200
4.32532260498002e-07,-347100
4.31058231547257e-07,-347000
4.29641621310128e-07,-346900
4.28283650497535e-07,-346800
4.26985498367432e-07,-346700
4.257483014219e-07,-346600
4.24573152141644e-07,-346500
4.23461097759696e-07,-346400
4.22413139076073e-07,-346300
4.21430229315111e-07,-346200
4.2051327302715e-07,-346100
4.19663125036195e-07,-346000
4.18880589435132e-07,-345900
4.1816641863004e-07,-345800
4.17521312435051e-07,-345700
4.16945917219195e-07,-345600
4.16440825106573e-07,-345500
4.16006573231152e-07,-345400
4.15643643047411e-07,-345300
4.15352459697996e-07,-345200
4.15133391439466e-07,-345100
4.14986749127145e-07,-345000
4.14912785760017e-07,-344900
4.14911696086522e-07,-344800
4.1498361627203e-07,-344700
4.15128623628687e-07,-344600
4.15346736408257e-07,-344500
4.15637913658462e-07,-344400
4.16002055143284e-07,-344300
4.16439001327563e-07,-344200
4.16948533426154e-07,-344100
4.17530373517816e-07,-344000
4.18184184723902e-07,-343900
4.18909571451843e-07,-343800
4.19706079703308e-07,-343700
4.2057319744684e-07,-343600
4.21510355054672e-07,-343500
4.22516925803327e-07,-343400
4.23592226437523e-07,-343300
4.24735517796793e-07,-343200
4.25946005504162e-07,-343100
4.27222840716097e-07,-343000
4.28565120932891e-07,-342900
4.29971890868522e-07,-342800
4.31442143378953e-07,-342700
4.32974820447745e-07,-342600
4.3456881422778e-07,-342500
4.3622296813778e-07,-342400
4.37936078012258e-07,-342300
4.39706893303439e-07,-342200
4.41534118333598e-07,-342100
4.43416413596216e-07,-342000
4.45352397104258e-07,-341900
4.47340645783813e-07,-341800
4.49379696911274e-07,-341700
4.51468049592155e-07,-341600
4.5360416627961e-07,-341500
4.55786474330622e-07,-341400
4.5801336759781e-07,-341300
4.60283208054729e-07,-341200
4.62594327452501e-07,-341100
4.64945029005572e-07,-341000
4.67333589104333e-07,-340900
4.69758259052333e-07,-340800
4.72217266825772e-07,-340700
4.74708818852906e-07,-340600
4.77231101811031e-07,-340500
4.79782284438627e-07,-340400
4.82360519360284e-07,-340300
4.84963944921985e-07,-340200
4.87590687034335e-07,-340100
4.90238861021312e-07,-340000
4.92906573472124e-07,-339900
4.95591924093761e-07,-339800
4.98293007561847e-07,-339700
5.01007915367398e-07,-339600
5.03734737657138e-07,-339500
5.06471565065017e-07,-339400
5.09216490532634e-07,-339300
5.1196761111627e-07,-339200
5.1472302977831e-07,-339100
5.17480857160833e-07,-339000
5.20239213339221e-07,-338900
5.22996229553675e-07,-338800
5.25750049916587e-07,-338700
5.28498833093754e-07,-338600
5.31240753957498e-07,-338500
5.3397400520981e-07,-338400
5.36696798973698e-07,-338300
5.3940736835099e-07,-338200
5.42103968944917e-07,-338100
5.44784880345873e-07,-338000
5.47448407578809e-07,-337900
5.50092882510837e-07,-337800
5.52716665217642e-07,-337700
5.55318145307444e-07,-337600
5.5789574320128e-07,-337500
5.60447911368508e-07,-337400
5.62973135516484e-07,-337300
5.65469935733486e-07,-337200
5.67936867584006e-07,-337100
5.70372523155667e-07,-337000
5.7277553205708e-07,-336900
5.75144562366047e-07,-336800
5.77478321527628e-07,-336700
5.79775557201657e-07,-336600
5.82035058059404e-07,-336500
5.84255654529132e-07,-336400
5.86436219490444e-07,-336300
5.88575668917342e-07,-336200
5.9067296247005e-07,-336100
5.92727104035713e-07,-336000
5.94737142218185e-07,-335900
5.96702170777185e-07,-335800
5.98621329017189e-07,-335700
6.00493802126503e-07,-335600
6.02318821467033e-07,-335500
6.04095664815351e-07,-335400
6.05823656555704e-07,-335300
6.07502167825716e-07,-335200
6.09130616615559e-07,-335100
6.10708467821462e-07,-335000
6.12235233254462e-07,-334900
6.13710471605378e-07,-334800
6.15133788367024e-07,-334700
6.16504835714723e-07,-334600
6.17823312346256e-07,-334500
6.19088963282388e-07,-334400
6.20301579629165e-07,-334300
6.2146099830322e-07,-334200
6.22567101721329e-07,-334100
6.23619817455527e-07,-334000
6.24619117855056e-07,-333900
6.25565019636503e-07,-333800
6.2645758344344e-07,-333700
6.27296913376937e-07,-333600
6.28083156498292e-07,-333500
6.28816502305341e-07,-333400
6.29497182183705e-07,-333300
6.3012546883434e-07,-333200
6.30701675678721e-07,-333100
6.31226156242997e-07,-333000
6.31699303522455e-07,-332900
6.32121549327565e-07,-332800
6.32493363612912e-07,-332700
6.32815253790247e-07,-332600
6.330877640269e-07,-332500
6.33311474530737e-07,-332400
6.33487000822829e-07,-332300
6.33614992998954e-07,-332200
6.33696134981008e-07,-332100
6.33731143759394e-07,-332000
6.33720768627346e-07,-331900
6.33665790408189e-07,-331800
6.33567020676396e-07,-331700
6.33425300973337e-07,-331600
6.33241502018488e-07,-331500
6.33016522916889e-07,-331400
6.32751290363523e-07,-331300
6.32446757845275e-07,-331200
6.3210390484106e-07,-331100
6.31723736020649e-07,-331000
6.31307280442683e-07,-330900
6.3085559075229e-07,-330800
6.30369742378671e-07,-330700
6.29850832732981e-07,-330600
6.2929998040674e-07,-330500
6.28718324370998e-07,-330400
6.28107023176391e-07,-330300
6.27467254154186e-07,-330200
6.26800212618367e-07,-330100
6.26107111068747e-07,-330000
6.25389178395061e-07,-329900
6.24647659081947e-07,-329800
6.2388381241465e-07,-329700
6.2309891168529e-07,-329600
6.22294243399451e-07,-329500
6.21471106482832e-07,-329400
6.20630811487665e-07,-329300
6.19774679798562e-07,-329200
6.18904042837439e-07,-329100
6.18020241267119e-07,-329000
6.17124624193224e-07,-328900
6.16218548363889e-07,-328800
6.15303377366891e-07,-328700
6.14380480823698e-07,-328600
6.13451233579979e-07,-328500
6.12517014892094e-07,-328400
6.11579207609076e-07,-328300
6.10639197349621e-07,-328200
6.09698371673602e-07,-328100
6.08758119247642e-07,-328000
6.07819829004269e-07,-327900
6.06884889294204e-07,-327800
6.05954687031356e-07,-327700
6.05030606830106e-07,-327600
6.04114030134486e-07,-327500
6.03206334338902e-07,-327400
6.02308891900059e-07,-327300
6.01423069439799e-07,-327200
6.00550226838592e-07,-327100
5.99691716319455e-07,-327000
5.98848881522125e-07,-326900
5.9802305656736e-07,-326800
5.97215565111277e-07,-326700
5.96427719389711e-07,-326600
5.95660819252596e-07,-326500
5.94916151188467e-07,-326400
5.9419498733921e-07,-326300
5.9349858450526e-07,-326200
5.928281831415e-07,-326100
5.92185006344188e-07,-326000
5.91570258829295e-07,-325900
5.90985125902712e-07,-325800
5.90430772422834e-07,-325700
5.8990834175612e-07,-325600
5.8941895472627e-07,-325500
5.88963708557762e-07,-325400
5.88543675814519e-07,-325300
5.88159903334586e-07,-325200
5.87813411161739e-07,-325100
5.8750519147502e-07,-325000
5.87236207517276e-07,-324900
5.8700739252382e-07,-324800
5.86819648652426e-07,-324700
5.86673845915907e-07,-324600
5.86570821118606e-07,-324500
5.86511376798192e-07,-324400
5.86496280174193e-07,-324300
5.8652626210477e-07,-324200
5.86602016053299e-07,-324100
5.8672419706635e-07,-324000
5.86893420764734e-07,-323900
5.87110262349308e-07,-323800
5.87375255623292e-07,-323700
5.8768889203288e-07,-323600
5.88051619727965e-07,-323500
5.88463842644824e-07,-323400
5.88925919612665e-07,-323300
5.89438163485918e-07,-323200
5.90000840304216e-07,-323100
5.90614168482e-07,-323000
5.91278318029713e-07,-322900
5.91993409808537e-07,-322800
5.9275951482065e-07,-322700
5.93576653536963e-07,-322600
5.94444795264304e-07,-322500
5.95363857553994e-07,-322400
5.96333705653753e-07,-322300
5.9735415200485e-07,-322200
5.98424955786383e-07,-322100
5.99545822508565e-07,-322000
6.00716403656814e-07,-321900
6.01936296388459e-07,-321800
6.03205043283795e-07,-321700
6.04522132153171e-07,-321600
6.05886995901764e-07,-321500
6.07299012453607e-07,-321400
6.08757504736395e-07,-321300
6.1026174072852e-07,-321200
6.118109335697e-07,-321100
6.13404241736517e-07,-321000
6.15040769284071e-07,-320900
6.16719566154889e-07,-320800
6.18439628556136e-07,-320700
6.20199899406073e-07,-320600
6.21999268850618e-07,-320500
6.23836574850774e-07,-320400
6.25710603841558e-07,-320300
6.27620091462983e-07,-320200
6.29563723363529e-07,-320100
6.31540136076418e-07,-320000
6.33547917968892e-07,-319900
6.35585610264591e-07,-319800
6.37651708138992e-07,-319700
6.39744661887744e-07,-319600
6.41862878167631e-07,-319500
6.44004721309746e-07,-319400
6.46168514704342e-07,-319300
6.48352542256706e-07,-319200
6.50555049913248e-07,-319100
6.52774247256907e-07,-319000
6.55008309170791e-07,-318900
6.57255377568905e-07,-318800
6.59513563192616e-07,-318700
6.61780947471456e-07,-318600
6.64055584446652e-07,-318500
6.66335502755713e-07,-318400
6.68618707676237e-07,-318300
6.70903183226988e-07,-318200
6.73186894324173e-07,-318100
6.75467788990714e-07,-318000
6.77743800616214e-07,-317900
6.80012850265175e-07,-317800
6.82272849030915e-07,-317700
6.84521700432546e-07,-317600
6.86757302852224e-07,-317500
6.88977552009818e-07,-317400
6.91180343472016e-07,-317300
6.93363575192799e-07,-317200
6.95525150082124e-07,-317100
6.97662978599563e-07,-317000
6.99774981369562e-07,-316900
7.01859091814902e-07,-316800
7.0391325880487e-07,-316700
7.05935449314592e-07,-316600
7.0792365109188e-07,-316500
7.09875875327928e-07,-316400
7.11790159328112e-07,-316300
7.13664569179108e-07,-316200
7.15497202408486e-07,-316100
7.17286190632947e-07,-316000
7.19029702191268e-07,-315900
7.20725944758066e-07,-315800
7.22373167934427e-07,-315700
7.23969665811453e-07,-315600
7.2551377950278e-07,-315500
7.270038996421e-07,-315400
7.28438468841754e-07,-315300
7.29815984108457e-07,-315200
7.31134999212244e-07,-315100
7.32394127004758e-07,-315000
7.3359204168302e-07,-314900
7.34727480994893e-07,-314800
7.35799248382448e-07,-314700
7.36806215059551e-07,-314600
7.37747322020006e-07,-314500
7.38621581972673e-07,-314400
7.39428081200069e-07,-314300
7.40165981336996e-07,-314200
7.4083452106587e-07,-314100
7.414330177255e-07,-314000
7.41960868830143e-07,-313900
7.42417553495807e-07,-313800
7.42802633770845e-07,-313700
7.43115755868017e-07,-313600
7.43356651295314e-07,-313500
7.43525137882962e-07,-313400
7.43621120704157e-07,-313300
7.43644592887217e-07,-313200
7.43595636316981e-07,-313100
7.43474422223419e-07,-313000
7.43281211655588e-07,-312900
7.430163558392e-07,-312800
7.42680296416242e-07,-312700
7.42273565565246e-07,-312600
7.41796786000971e-07,-312500
7.41250670852422e-07,-312400
7.40636023418317e-07,-312300
7.39953736799282e-07,-312200
7.39204793406222e-07,-312100
7.38390264344503e-07,-312000
7.37511308673769e-07,-311900
7.36569172543395e-07,-311800
7.35565188203748e-07,-311700
7.34500772893645e-07,-311600
7.33377427604555e-07,-311500
7.32196735722294e-07,-311400
7.30960361547156e-07,-311300
7.29670048693586e-07,-311200
7.28327618370726e-07,-311100
7.26934967545317e-07,-311000
7.25494066988653e-07,-310900
7.24006959209448e-07,-310800
7.22475756274681e-07,-310700
7.20902637520649e-07,-310600
7.19289847156652e-07,-310500
7.176396917639e-07,-310400
7.15954537692419e-07,-310300
7.14236808358901e-07,-310200
7.12488981448604e-07,-310100
7.10713586024599e-07,-310000
7.0891319954778e-07,-309900
7.07090444811274e-07,-309800
7.05247986792967e-07,-309700
7.03388529430085e-07,-309600
7.01514812319853e-07,-309500
6.99629607350438e-07,-309400
6.97735715266492e-07,-309300
6.95835962173746e-07,-309200
6.9393319598723e-07,-309100
6.92030282827817e-07,-309000
6.90130103371879e-07,-308900
6.88235549158973e-07,-308800
6.86349518862555e-07,-308700
6.8447491452881e-07,-308600
6.82614637788789e-07,-308500
6.8077158604908e-07,-308400
6.78948648666363e-07,-308300
6.77148703111199e-07,-308200
6.75374611126518e-07,-308100
6.73629214886251e-07,-308000
6.71915333159655e-07,-307900
6.70235757486844e-07,-307800
6.68593248371112e-07,-307700
6.66990531493616e-07,-307600
6.65430293955994e-07,-307500
6.639151805565e-07,-307400
6.62447790105208e-07,-307300
6.61030671783836e-07,-307200
6.59666321555674e-07,-307100
6.58357178631112e-07,-307000
6.57105621994154e-07,-306900
6.55913966995307e-07,-306800
6.54784462016119e-07,-306700
6.53719285210594e-07,-306600
6.52720541328626e-07,-306500
6.51790258626478e-07,-306400
6.50930385869269e-07,-306300
6.50142789430296e-07,-306200
6.49429250491902e-07,-306100
6.487914623525e-07,-306000
6.4823102784419e-07,-305900
6.47749456865308e-07,-305800
6.47348164032064e-07,-305700
6.47028466453288e-07,-305600
6.46791581632123e-07,-305500
6.46638625498368e-07,-305400
6.46570610574935e-07,-305300
6.46588444281778e-07,-305200
6.46692927380388e-07,-305100
6.46884752561794e-07,-305000
6.47164503180807e-07,-304900
6.47532652139008e-07,-304800
6.47989560918793e-07,-304700
6.48535478770561e-07,-304600
6.49170542054905e-07,-304500
6.49894773741444e-07,-304400
6.50708083065699e-07,-304300
6.51610265345171e-07,-304200
6.52601001955572e-07,-304100
6.53679860467872e-07,-304000
6.54846294946625e-07,-303900
6.56099646409769e-07,-303800
6.57439143449834e-07,-303700
6.58863903016286e-07,-303600
6.60372931358436e-07,-303500
6.61965125128122e-07,-303400
6.63639272641123e-07,-303300
6.65394055295979e-07,-303200
6.67228049148703e-07,-303100
6.69139726641549e-07,-303000
6.71127458483816e-07,-302900
6.7318951568239e-07,-302800
6.75324071719486e-07,-302700
6.77529204874821e-07,-302600
6.79802900689209e-07,-302500
6.82143054566344e-07,-302400
6.84547474509285e-07,-302300
6.87013883987962e-07,-302200
6.8953992493379e-07,-302100
6.92123160857261e-07,-302000
6.9476108008418e-07,-301900
6.97451099106015e-07,-301800
7.00190566039633e-07,-301700
7.0297676419149e-07,-301600
7.05806915721199e-07,-301500
7.08678185399187e-07,-301400
7.11587684453008e-07,-301300
7.14532474496735e-07,-301200
7.17509571537663e-07,-301100
7.20515950054472e-07,-301000
7.2354854714082e-07,-300900
7.26604266708247e-07,-300800
7.29679983742152e-07,-300700
7.32772548604495e-07,-300600
7.358787913768e-07,-300500
7.38995526236952e-07,-300400
7.42119555863206e-07,-300300
7.45247675858772e-07,-300200
7.48376679190296e-07,-300100
7.51503360633516e-07,-300000
7.54624521219353e-07,-299900
7.57736972673678e-07,-299800
7.60837541843996e-07,-299700
7.63923075106302e-07,-299600
7.66990442745384e-07,-299500
7.70036543301866e-07,-299400
7.73058307879361e-07,-299300
7.76052704405121e-07,-299200
7.79016741837667e-07,-299100
7.81947474314949e-07,-299000
7.84842005236673e-07,-298900
7.87697491274541e-07,-298800
7.90511146304254e-07,-298700
7.93280245253259e-07,-298600
7.96002127858333e-07,-298500
7.98674202327287e-07,-298400
8.0129394889916e-07,-298300
8.03858923297497e-07,-298200
8.06366760071441e-07,-298100
8.08815175819575e-07,-298000
8.11201972291615e-07,-297900
8.13525039363282e-07,-297800
8.15782357879872e-07,-297700
8.17972002364266e-07,-297600
8.20092143585345e-07,-297500
8.22141050983e-07,-297400
8.24117094946187e-07,-297300
8.26018748940671e-07,-297200
8.27844591483426e-07,-297100
8.29593307960842e-07,-297000
8.31263692288196e-07,-296900
8.32854648408089e-07,-296800
8.34365191625818e-07,-296700
8.35794449779954e-07,-296600
8.37141664246609e-07,-296500
8.38406190776217e-07,-296400
8.39587500161914e-07,-296300
8.40685178738839e-07,-296200
8.41698928714032e-07,-296100
8.42628568326827e-07,-296000
8.43474031839948e-07,-295900
8.44235369361793e-07,-295800
8.44912746500648e-07,-295700
8.45506443851893e-07,-295600
8.46016856319493e-07,-295500
8.46444492273363e-07,-295400
8.46789972544446e-07,-295300
8.47054029259642e-07,-295200
8.47237504518936e-07,-295100
8.47341348917364e-07,-295000
8.47366619914694e-07,-294900
8.47314480055939e-07,-294800
8.47186195046055e-07,-294700
8.46983131682413e-07,-294600
8.46706755648851e-07,-294500
8.46358629175317e-07,-294400
8.4594040856735e-07,-294300
8.45453841609807e-07,-294200
8.44900764849443e-07,-294100
8.44283100761166e-07,-294000
8.43602854802896e-07,-293900
8.42862112364162e-07,-293800
8.42063035613718e-07,-293700
8.4120786025157e-07,-293600
8.40298892170962e-07,-293500
8.39338504035978e-07,-293400
8.38329131780517e-07,-293300
8.37273271034498e-07,-293200
8.36173473483238e-07,-293100
8.3503234316601e-07,-293000
8.33852532719861e-07,-292900
8.32636739574801e-07,-292800
8.31387702106528e-07,-292700
8.30108195752864e-07,-292600
8.28801029100114e-07,-292500
8.27469039945517e-07,-292400
8.26115091342005e-07,-292300
8.24742067631418e-07,-292200
8.23352870472309e-07,-292100
8.2195041486844e-07,-292000
8.20537625203972e-07,-291900
8.19117431291352e-07,-291800
8.17692764437759e-07,-291700
8.16266553535908e-07,-291600
8.14841721184938e-07,-291500
8.13421179846951e-07,-291400
8.12007828044697e-07,-291300
8.10604546605749e-07,-291200
8.09214194958378e-07,-291100
8.07839607484203e-07,-291000
8.06483589932533e-07,-290900
8.0514891590115e-07,-290800
8.03838323388132e-07,-290700
8.02554511419116e-07,-290600
8.01300136754249e-07,-290500
8.00077810678852e-07,-290400
7.98890095881666e-07,-290300
7.97739503424322e-07,-290200
7.96628489805494e-07,-290100
7.95559454122959e-07,-290000
7.94534735336625e-07,-289900
7.93556609635323e-07,-289800
7.92627287909975e-07,-289700
7.91748913335519e-07,-289600
7.90923559063758e-07,-289500
7.90153226029075e-07,-289400
7.89439840868735e-07,-289300
7.88785253959271e-07,-289200
7.88191237570241e-07,-289100
7.87659484136412e-07,-289000
7.87191604649199e-07,-288900
7.86789127168005e-07,-288800
7.86453495451853e-07,-288700
7.86186067711521e-07,-288600
7.8598811548216e-07,-288500
7.85860822616187e-07,-288400
7.85805284396044e-07,-288300
7.85822506766205e-07,-288200
7.85913405683644e-07,-288100
7.86078806585768e-07,-288000
7.86319443974673e-07,-287900
7.86635961116363e-07,-287800
7.87028909853461e-07,-287700
7.8749875052973e-07,-287600
7.88045852024605e-07,-287500
7.88670491895774e-07,-287400
7.89372856627724e-07,-287300
7.90153041984015e-07,-287200
7.91011053460952e-07,-287100
7.91946806840189e-07,-287000
7.92960128837707e-07,-286900
7.94050757846506e-07,-286800
7.95218344770261e-07,-286700
7.96462453945123e-07,-286600
7.97782564146761e-07,-286500
7.99178069679688e-07,-286400
8.0064828154586e-07,-286300
8.02192428689485e-07,-286200
8.03809659314955e-07,-286100
8.05499042274767e-07,-286000
8.07259568524305e-07,-285900
8.09090152640319e-07,-285800
8.10989634399945e-07,-285700
8.12956780417117e-07,-285600
8.1499028583323e-07,-285500
8.17088776058929e-07,-285400
8.19250808563933e-07,-285300
8.21474874711835e-07,-285200
8.23759401636859e-07,-285100
8.26102754159586e-07,-285000
8.28503236738765e-07,-284900
8.30959095456299e-07,-284800
8.33468520032653e-07,-284700
8.36029645869933e-07,-284600
8.38640556119982e-07,-284500
8.41299283774929e-07,-284400
8.44003813777689e-07,-284300
8.46752085150007e-07,-284200
8.49541993135729e-07,-284100
8.52371391357068e-07,-284000
8.55238093981743e-07,-283900
8.58139877898934e-07,-283800
8.61074484902126e-07,-283700
8.64039623877002e-07,-283600
8.6703297299262e-07,-283500
8.70052181894257e-07,-283400
8.73094873896349e-07,-283300
8.76158648174093e-07,-283200
8.79241081952358e-07,-283100
8.8233973269064e-07,-283000
8.85452140262914e-07,-282900
8.88575829131297e-07,-282800
8.91708310512556e-07,-282700
8.94847084536558e-07,-282600
8.97989642395848e-07,-282500
9.01133468485629e-07,-282400
9.04276042533487e-07,-282300
9.07414841718271e-07,-282200
9.10547342777615e-07,-282100
9.13671024103644e-07,-282000
9.16783367826462e-07,-281900
9.19881861885088e-07,-281800
9.22964002085528e-07,-281700
9.26027294145732e-07,-281600
9.29069255727215e-07,-281500
9.32087418453155e-07,-281400
9.35079329912787e-07,-281300
9.38042555651968e-07,-281200
9.40974681149752e-07,-281100
9.43873313780874e-07,-281000
9.46736084763983e-07,-280900
9.49560651095526e-07,-280800
9.52344697469108e-07,-280700
9.55085938180182e-07,-280600
9.57782119015885e-07,-280500
9.60431019129797e-07,-280400
9.6303045290139e-07,-280300
9.65578271779866e-07,-280200
9.68072366112069e-07,-280100
9.70510666954077e-07,-280000
9.72891147866054e-07,-279900
9.75211826689863e-07,-279800
9.77470767308882e-07,-279700
9.79666081389418e-07,-279600
9.81795930103017e-07,-279500
9.83858525828903e-07,-279400
9.8585213383573e-07,-279300
9.87775073941703e-07,-279200
9.89625722152093e-07,-279100
9.91402512273054e-07,-279000
9.93103937500596e-07,-278900
9.9472855198344e-07,-278800
9.9627497235846e-07,-278700
9.9774187925727e-07,-278600
9.99128018782474e-07,-278500
1.00043220395197e-06,-278400
1.0016533161097e-06,-278300
1.00279030630101e-06,-278200
1.0038421966109e-06,-278100
1.00480808146318e-06,-278000
1.00568712887862e-06,-277900
1.00647858168999e-06,-277800
1.00718175871199e-06,-277700
1.00779605586375e-06,-277600
1.00832094724182e-06,-277500
1.00875598614134e-06,-277400
1.00910080602294e-06,-277300
1.00935512142324e-06,-277200
1.00951872880637e-06,-277100
1.00959150735417e-06,-277000
1.00957341969262e-06,-276900
1.00946451255205e-06,-276800
1.0092649173586e-06,-276700
1.00897485075468e-06,-276600
1.00859461504569e-06,-276500
1.00812459857082e-06,-276400
1.00756527599543e-06,-276300
1.00691720852263e-06,-276200
1.00618104402178e-06,-276100
1.00535751707161e-06,-276000
1.00444744891586e-06,-275900
1.00345174732908e-06,-275800
1.0023714063908e-06,-275700
1.00120750616596e-06,-275600
9.99961212289718e-07,-275500
9.98633775454954e-07,-275400
9.97226530800796e-07,-275300
9.95740897200628e-07,-275200
9.94178376448207e-07,-275100
9.92540552340662e-07,-275000
9.90829089657248e-07,-274900
9.89045733032939e-07,-274800
9.87192305726076e-07,-274700
9.85270708279459e-07,-274600
9.8328291707449e-07,-274500
9.81230982778084e-07,-274400
9.79117028682345e-07,-274300
9.76943248937136e-07,-274200
9.74711906675893e-07,-274100
9.7242533203527e-07,-274000
9.70085920069364e-07,-273900
9.67696128559524e-07,-273800
9.65258475720959e-07,-273700
9.62775537807568e-07,-273600
9.60249946616662e-07,-273500
9.57684386895453e-07,-273400
9.55081593651435e-07,-273300
9.52444349368982e-07,-273200
9.49775481134765e-07,-273100
9.47077857674735e-07,-273000
9.44354386305761e-07,-272900
9.41608009805105e-07,-272800
9.38841703201261e-07,-272700
9.36058470489813e-07,-272600
9.33261341278222e-07,-272500
9.30453367363673e-07,-272400
9.27637619248273e-07,-272300
9.24817182596147e-07,-272200
9.21995154637121e-07,-272100
9.191746405219e-07,-272000
9.16358749633815e-07,-271900
9.1355059186238e-07,-271800
9.10753273844069e-07,-271700
9.07969895175871e-07,-271600
9.05203544607317e-07,-271500
9.02457296216813e-07,-271400
8.99734205578233e-07,-271300
8.97037305923837e-07,-271200
8.94369604309648e-07,-271100
8.91734077789562e-07,-271000
8.89133669604488e-07,-270900
8.86571285392883e-07,-270800
8.84049789429132e-07,-270700
8.81572000896189e-07,-270600
8.79140690198972e-07,-270500
8.76758575324982e-07,-270400
8.74428318258601e-07,-270300
8.72152521455517e-07,-270200
8.69933724383667e-07,-270100
8.67774400137052e-07,-270000
8.65676952128688e-07,-269900
8.63643710868897e-07,-269800
8.61676930835016e-07,-269700
8.59778787438519e-07,-269600
8.57951374095393e-07,-269500
8.56196699405479e-07,-269400
8.54516684446337e-07,-269300
8.52913160187005e-07,-269200
8.51387865026861e-07,-269100
8.49942442464585e-07,-269000
8.48578438901999e-07,-268900
8.4729730158737e-07,-268800
8.46100376702491e-07,-268700
8.44988907597626e-07,-268600
8.43964033178147e-07,-268500
8.43026786446406e-07,-268400
8.42178093202135e-07,-268300
8.41418770904329e-07,-268200
8.40749527697339e-07,-268100
8.4017096160351e-07,-268000
8.39683559884469e-07,-267900
8.39287698572774e-07,-267800
8.38983642175371e-07,-267700
8.38771543549918e-07,-267600
8.38651443954737e-07,-267500
8.38623273272787e-07,-267400
8.38686850409743e-07,-267300
8.38841883865854e-07,-267200
8.39087972480989e-07,-267100
8.39424606351856e-07,-267000
8.39851167920075e-07,-266900
8.40366933229432e-07,-266800
8.40971073350275e-07,-266700
8.41662655968692e-07,-266600
8.42440647137772e-07,-266500
8.43303913187896e-07,-266400
8.44251222792702e-07,-266300
8.45281249187019e-07,-266200
8.46392572532773e-07,-266100
8.47583682428548e-07,-266000
8.48852980558184e-07,-265900
8.50198783473511e-07,-265800
8.51619325506036e-07,-265700
8.53112761802124e-07,-265600
8.54677171475982e-07,-265500
8.5631056087446e-07,-265400
8.58010866947523e-07,-265300
8.59775960717948e-07,-265200
8.61603650843677e-07,-265100
8.63491687265995e-07,-265000
8.65437764936581e-07,-264900
8.6743952761629e-07,-264800
8.69494571738403e-07,-264700
8.71600450328925e-07,-264600
8.73754676976454e-07,-264500
8.7595472984398e-07,-264400
8.78198055714971e-07,-264300
8.80482074065993e-07,-264200
8.82804181158106e-07,-264100
8.85161754139221e-07,-264000
8.87552155149642e-07,-263900
8.89972735423005e-07,-263800
8.9242083937485e-07,-263700
8.94893808671144e-07,-263600
8.97388986269117e-07,-263500
8.99903720422864e-07,-263400
9.02435368646274e-07,-263300
9.04981301625971e-07,-263200
9.07538907077078e-07,-263100
9.10105593534771e-07,-263000
9.12678794074786e-07,-262900
9.15255969956186e-07,-262800
9.17834614179927e-07,-262700
9.20412254956979e-07,-262600
9.22986459079968e-07,-262500
9.25554835192554e-07,-262400
9.28115036951058e-07,-262300
9.3066476607304e-07,-262200
9.33201775267894e-07,-262100
9.35723871044765e-07,-262000
9.38228916393412e-07,-261900
9.40714833333957e-07,-261800
9.43179605331773e-07,-261700
9.45621279574078e-07,-261600
9.4803796910518e-07,-261500
9.50427854817599e-07,-261400
9.52789187296678e-07,-261300
9.55120288516641e-07,-261200
9.57419553386373e-07,-261100
9.59685451143613e-07,-261000
9.61916526596533e-07,-260900
9.64111401212095e-07,-260800
9.66268774050903e-07,-260700
9.68387422548606e-07,-260600
9.70466203144307e-07,-260500
9.72504051756724e-07,-260400
9.74499984109239e-07,-260300
9.76453095905271e-07,-260200
9.78362562855779e-07,-260100
9.80227640560982e-07,-260000
9.82047664248744e-07,-259900
9.83822048372347e-07,-259800
9.85550286070686e-07,-259700
9.87231948494213e-07,-259600
9.88866684000224e-07,-259500
9.90454217221357e-07,-259400
9.91994348011415e-07,-259300
9.93486950272875e-07,-259200
9.94931970670662e-07,-259100
9.96329427236988e-07,-259000
9.9767940787225e-07,-258900
9.98982068747154e-07,-258800
1.00023763261142e-06,-258700
1.00144638701453e-06,-258600
1.00260868244424e-06,-258500
1.0037249303884e-06,-258400
1.00479560132616e-06,-258300
1.00582122265439e-06,-258200
1.00680237655517e-06,-258100
1.00773969781071e-06,-258000
1.00863387157141e-06,-257900
1.00948563108344e-06,-257800
1.01029575538176e-06,-257700
1.01106506695471e-06,-257600
1.01179442938616e-06,-257500
1.01248474498124e-06,-257400
1.0131369523815e-06,-257300
1.01375202417535e-06,-257200
1.01433096450946e-06,-257100
1.0148748067068e-06,-257000
1.01538461089663e-06,-256900
1.01586146166189e-06,-256800
1.01630646570912e-06,-256700
1.01672074956575e-06,-256600
1.01710545730979e-06,-256500
1.01746174833629e-06,-256400
1.01779079516506e-06,-256300
1.01809378129378e-06,-256200
1.01837189910044e-06,-256100
1.01862634779876e-06,-256000
1.01885833145005e-06,-255900
1.01906905703469e-06,-255800
1.01925973258615e-06,-255700
1.01943156539017e-06,-255600
1.0195857602515e-06,-255500
1.0197235178303e-06,-255400
1.01984603304997e-06,-255300
1.01995449357801e-06,-255200
1.02005007838114e-06,-255100
1.02013395635557e-06,-255000
1.02020728503326e-06,-254900
1.02027120936439e-06,-254800
1.02032686057635e-06,-254700
1.02037535510889e-06,-254600
1.02041779362527e-06,-254500
1.0204552600984e-06,-254400
1.02048882097137e-06,-254300
1.02051952439089e-06,-254200
1.02054839951235e-06,-254100
1.02057645587476e-06,-254000
1.02060468284373e-06,-253900
1.02063404912026e-06,-253800
1.02066550231313e-06,-253700
1.02069996857229e-06,-253600
1.02073835228058e-06,-253500
1.02078153580091e-06,-253400
1.02083037927586e-06,-253300
1.02088572047652e-06,-253200
1.02094837469733e-06,-253100
1.02101913469339e-06,-253000
1.02109877065689e-06,-252900
1.02118803022891e-06,-252800
1.02128763854307e-06,-252700
1.02139829829714e-06,-252600
1.02152068984908e-06,-252500
1.02165547133353e-06,-252400
1.02180327879513e-06,-252300
1.0219647263348e-06,-252200
1.02214040626528e-06,-252100
1.02233088927232e-06,-252000
1.02253672457768e-06,-251900
1.02275844010059e-06,-251800
1.02299654261411e-06,-251700
1.02325151789298e-06,-251600
1.02352383084976e-06,-251500
1.02381392565618e-06,-251400
1.02412222584665e-06,-251300
1.02444913440108e-06,-251200
1.02479503380461e-06,-251100
1.02516028608141e-06,-251000
1.02554523280065e-06,-250900
1.02595019505233e-06,-250800
1.02637547339121e-06,-250700
1.02682134774729e-06,-250600
1.0272880773013e-06,-250500
1.02777590032409e-06,-250400
1.02828503397914e-06,-250300
1.02881567408731e-06,-250200
1.02936799485361e-06,-250100
1.02994214855575e-06,-250000
1.03053826519454e-06,-249900
1.03115645210669e-06,-249800
1.03179679354043e-06,-249700
1.03245935019502e-06,-249600
1.03314415872523e-06,-249500
1.03385123121223e-06,-249400
1.03458055460262e-06,-249300
1.03533209011745e-06,-249200
1.03610577263347e-06,-249100
1.03690151003907e-06,-249000
1.03771918256742e-06,-248900
1.03855864210992e-06,-248800
1.03941971151286e-06,-248700
1.04030218386068e-06,-248600
1.04120582174943e-06,-248500
1.04213035655392e-06,-248400
1.04307548769266e-06,-248300
1.04404088189444e-06,-248200
1.04502617247084e-06,-248100
1.04603095859895e-06,-248000
1.04705480461868e-06,-247900
1.04809723934932e-06,-247800
1.04915775542981e-06,-247700
1.05023580868758e-06,-247600
1.05133081754055e-06,-247500
1.05244216243718e-06,-247400
1.05356918533934e-06,-247300
1.05471118925277e-06,-247200
1.05586743780995e-06,-247100
1.05703715491012e-06,-247000
1.05821952442109e-06,-246900
1.05941368994761e-06,-246800
1.06061875467058e-06,-246700
1.06183378126179e-06,-246600
1.06305779187825e-06,-246500
1.06428976824044e-06,-246400
1.06552865179832e-06,-246300
1.06677334398895e-06,-246200
1.06802270658941e-06,-246100
1.06927556216818e-06,-246000
1.07053069463845e-06,-245900
1.07178684991595e-06,-245800
1.07304273668421e-06,-245700
1.07429702726942e-06,-245600
1.07554835862715e-06,-245500
1.07679533344259e-06,-245400
1.07803652134582e-06,-245300
1.07927046024323e-06,-245200
1.08049565776601e-06,-245100
1.08171059283597e-06,-245000
1.08291371734903e-06,-244900
1.08410345797599e-06,-244800
1.08527821807994e-06,-244700
1.08643637974955e-06,-244600
1.08757630594655e-06,-244500
1.088696342766e-06,-244400
1.08979482180694e-06,-244300
1.09087006265121e-06,-244200
1.09192037544731e-06,-244100
1.09294406359621e-06,-244000
1.09393942653546e-06,-243900
1.09490476261757e-06,-243800
1.09583837207828e-06,-243700
1.09673856009012e-06,-243600
1.09760363989605e-06,-243500
1.09843193601786e-06,-243400
1.09922178753356e-06,-243300
1.09997155141769e-06,-243200
1.10067960593825e-06,-243100
1.10134435410343e-06,-243000
1.10196422715141e-06,-242900
1.10253768807578e-06,-242800
1.10306323517941e-06,-242700
1.10353940564873e-06,-242600
1.10396477914091e-06,-242500
1.10433798137544e-06,-242400
1.10465768772221e-06,-242300
1.10492262677737e-06,-242200
1.10513158391864e-06,-242100
1.10528340483118e-06,-242000
1.10537699899552e-06,-241900
1.10541134312846e-06,-241800
1.10538548456831e-06,-241700
1.10529854459538e-06,-241600
1.10514972167901e-06,-241500
1.10493829464223e-06,-241400
1.1046636257352e-06,-241300
1.10432516360876e-06,-241200
1.10392244617956e-06,-241100
1.10345510337812e-06,-241000
1.10292285977159e-06,-240900
1.10232553705308e-06,-240800
1.1016630563895e-06,-240700
1.10093544062028e-06,-240600
1.10014281629939e-06,-240500
1.09928541557356e-06,-240400
1.09836357788964e-06,-240300
1.09737775152463e-06,-240200
1.09632849493194e-06,-240100
1.09521647789817e-06,-240000
1.09404248250462e-06,-239900
1.0928074038886e-06,-239800
1.09151225079962e-06,-239700
1.09015814594628e-06,-239600
1.0887463261299e-06,-239500
1.08727814216144e-06,-239400
1.08575505855892e-06,-239300
1.08417865302269e-06,-239200
1.08255061568672e-06,-239100
1.08087274814432e-06,-239000
1.07914696224746e-06,-238900
1.07737527867919e-06,-238800
1.07555982529919e-06,-238700
1.07370283526322e-06,-238600
1.07180664491747e-06,-238500
1.06987369146956e-06,-238400
1.06790651043848e-06,-238300
1.06590773288603e-06,-238200
1.06388008243328e-06,-238100
1.06182637206569e-06,-238000
1.05974950073124e-06,-237900
1.05765244973656e-06,-237800
1.05553827894619e-06,-237700
1.053410122791e-06,-237600
1.05127118609202e-06,-237500
1.04912473970646e-06,-237400
1.04697411600333e-06,-237300
1.04482270417614e-06,-237200
1.04267394540103e-06,-237100
1.04053132784872e-06,-237000
1.03839838155941e-06,-236900
1.03627867318966e-06,-236800
1.0341758006412e-06,-236700
1.03209338758149e-06,-236600
1.03003507786637e-06,-236500
1.02800452987539e-06,-236400
1.02600541077071e-06,-236300
1.0240413906905e-06,-236200
1.02211613688831e-06,-236100
1.0202333078297e-06,-236000
1.01839654725794e-06,-235900
1.01660947824024e-06,-235800
1.0148756972067e-06,-235700
1.0131987679936e-06,-235600
1.01158221590311e-06,-235500
1.01002952179139e-06,-235400
1.00854411619705e-06,-235300
1.00712937352169e-06,-235200
1.00578860627463e-06,-235100
1.00452505939336e-06,-235000
1.00334190465131e-06,-234900
1.00224223516449e-06,-234800
1.00122906000812e-06,-234700
1.00030529895433e-06,-234600
9.99473777341761e-07,-234500
9.98737221087511e-07,-234400
9.98098251851677e-07,-234300
9.97559382364429e-07,-234200
9.97123011925138e-07,-234100
9.96791422082777e-07,-234000
9.96566772506398e-07,-233900
9.96451097054081e-07,-233800
9.96446300048324e-07,-233700
9.96554152765392e-07,-233600
9.96776290145679e-07,-233500
9.97114207731649e-07,-233400
9.97569258839421e-07,-233300
9.98142651969567e-07,-233200
9.98835448462128e-07,-233100
9.99648560400364e-07,-233000
1.00058274876717e-06,-232900
1.00163862185753e-06,-232800
1.00281663394989e-06,-232700
1.00411708423861e-06,-232600
1.00554011602929e-06,-232500
1.00708571619794e-06,-232400
1.0087537149147e-06,-232300
1.01054378563192e-06,-232200
1.01245544533595e-06,-232100
1.01448805506165e-06,-232000
1.01664082066766e-06,-231900
1.01891279387013e-06,-231800
1.02130287353223e-06,-231700
1.02380980720571e-06,-231600
1.02643219292086e-06,-231500
1.02916848122021e-06,-231400
1.03201697743107e-06,-231300
1.03497584417146e-06,-231200
1.03804310408336e-06,-231100
1.04121664278706e-06,-231000
1.04449421204961e-06,-230900
1.04787343316014e-06,-230800
1.0513518005044e-06,-230700
1.05492668533044e-06,-230600
1.05859533969704e-06,-230500
1.06235490059606e-06,-230400
1.06620239423975e-06,-230300
1.0701347405036e-06,-230200
1.0741487575151e-06,-230100
1.07824116637865e-06,-230000
1.08240859602639e-06,-229900
1.08664758818486e-06,-229800
1.09095460244702e-06,-229700
1.09532602143903e-06,-229600
1.09975815607122e-06,-229500
1.10424725086256e-06,-229400
1.10878948932771e-06,-229300
1.11338099941605e-06,-229200
1.11801785899173e-06,-229100
1.12269610134415e-06,-229000
1.12741172071801e-06,-228900
1.13216067785251e-06,-228800
1.13693890551899e-06,-228700
1.14174231404686e-06,-228600
1.14656679682746e-06,-228500
1.15140823578597e-06,-228400
1.15626250681146e-06,-228300
1.16112548513559e-06,-228200
1.16599305065061e-06,-228100
1.1708610931576e-06,-228000
1.1757255175363e-06,-227900
1.18058224882799e-06,-227800
1.18542723722339e-06,-227700
1.19025646294777e-06,-227600
1.19506594103602e-06,-227500
1.19985172599049e-06,-227400
1.20460991631512e-06,-227300
1.20933665891966e-06,-227200
1.21402815338802e-06,-227100
1.21868065610565e-06,-227000
1.22329048424075e-06,-226900
1.22785401957496e-06,-226800
1.23236771217947e-06,-226700
1.23682808393289e-06,-226600
1.24123173187777e-06,-226500
1.24557533141299e-06,-226400
1.24985563931995e-06,-226300
1.25406949662051e-06,-226200
1.25821383126558e-06,-226100
1.26228566065321e-06,-226000
1.26628209397595e-06,-225900
1.27020033439725e-06,-225800
1.27403768105736e-06,-225700
1.27779153090962e-06,-225600
1.28145938038814e-06,-225500
1.28503882690867e-06,-225400
1.28852757020453e-06,-225300
1.29192341349995e-06,-225200
1.29522426452361e-06,-225100
1.29842813636525e-06,-225000
1.30153314817888e-06,-224900
1.30453752573616e-06,-224800
1.30743960183386e-06,-224700
1.31023781655974e-06,-224600
1.31293071742117e-06,-224500
1.31551695934124e-06,-224400
1.31799530452733e-06,-224300
1.32036462221704e-06,-224200
1.32262388830694e-06,-224100
1.32477218486934e-06,-224000
1.32680869956278e-06,-223900
1.3287327249417e-06,-223800
1.33054365767104e-06,-223700
1.33224099765161e-06,-223600
1.33382434706184e-06,-223500
1.33529340932193e-06,-223400
1.336647987986e-06,-223300
1.33788798556809e-06,-223200
1.33901340230781e-06,-223100
1.34002433488112e-06,-223000
1.34092097506193e-06,-222900
1.34170360833996e-06,-222800
1.34237261250007e-06,-222700
1.3429284561684e-06,-222600
1.34337169733026e-06,-222500
1.34370298182455e-06,-222400
1.34392304181946e-06,-222300
1.34403269427383e-06,-222200
1.34403283938838e-06,-222100
1.34392445905076e-06,-222000
1.34370861527825e-06,-221900
1.34338644866146e-06,-221800
1.34295917681223e-06,-221700
1.34242809281881e-06,-221600
1.34179456371079e-06,-221500
1.34106002893613e-06,-221400
1.34022599885252e-06,-221300
1.33929405323461e-06,-221200
1.3382658397987e-06,-221100
1.337143072746e-06,-221000
1.33592753132523e-06,-220900
1.33462105841525e-06,-220800
1.33322555912784e-06,-220700
1.33174299943059e-06,-220600
1.33017540478958e-06,-220500
1.32852485883123e-06,-220400
1.32679350202228e-06,-220300
1.32498353036687e-06,-220200
1.32309719411916e-06,-220100
1.32113679650979e-06,-220000
1.31910469248423e-06,-219900
1.31700328745086e-06,-219800
1.31483503603635e-06,-219700
1.31260244084573e-06,-219600
1.31030805122435e-06,-219500
1.30795446201875e-06,-219400
1.30554431233338e-06,-219300
1.30308028427974e-06,-219200
1.30056510171469e-06,-219100
1.2980015289644e-06,-219000
1.29539236953021e-06,-218900
1.29274046477294e-06,-218800
1.29004869257181e-06,-218700
1.28731996595419e-06,-218600
1.28455723169258e-06,-218500
1.28176346886493e-06,-218400
1.27894168737461e-06,-218300
1.27609492642643e-06,-218200
1.27322625295501e-06,-218100
1.27033876000207e-06,-218000
1.26743556503919e-06,-217900
1.26451980823274e-06,-217800
1.26159465064795e-06,-217700
1.25866327238898e-06,-217600
1.25572887067237e-06,-217500
1.2527946578312e-06,-217400
1.24986385924758e-06,-217300
1.24693971121141e-06,-217200
1.2440254587034e-06,-217100
1.24112435310086e-06,-217000
1.23823964980481e-06,-216900
1.23537460578743e-06,-216800
1.232532477059e-06,-216700
1.22971651605404e-06,-216600
1.22692996893638e-06,-216500
1.22417607282344e-06,-216400
1.22145805293039e-06,-216300
1.21877911963483e-06,-216200
1.21614246546359e-06,-216100
1.21355126200301e-06,-216000
1.21100865673476e-06,-215900
1.20851776979965e-06,-215800
1.20608169069199e-06,-215700
1.20370347488769e-06,-215600
1.2013861404095e-06,-215500
1.19913266433316e-06,-215400
1.19694597923877e-06,-215300
1.19482896961165e-06,-215200
1.1927844681978e-06,-215100
1.19081525231897e-06,-215000
1.18892404015297e-06,-214900
1.18711348698506e-06,-214800
1.18538618143644e-06,-214700
1.1837446416765e-06,-214600
1.18219131162537e-06,-214500
1.18072855715385e-06,-214400
1.17935866228798e-06,-214300
1.1780838254256e-06,-214200
1.17690615557282e-06,-214100
1.17582766860804e-06,-214000
1.17485028358177e-06,-213900
1.1739758190604e-06,-213800
1.17320598952234e-06,-213700
1.17254240181489e-06,-213600
1.17198655168062e-06,-213500
1.1715398203617e-06,-213400
1.17120347129104e-06,-213300
1.17097864687883e-06,-213200
1.17086636540333e-06,-213100
1.17086751801446e-06,-213000
1.17098286585903e-06,-212900
1.17121303733597e-06,-212800
1.17155852549021e-06,-212700
1.1720196855535e-06,-212600
1.17259673264038e-06,-212500
1.17328973960731e-06,-212400
1.17409863508292e-06,-212300
1.17502320167683e-06,-212200
1.17606307437455e-06,-212100
1.17721773912555e-06,-212000
1.17848653163127e-06,-211900
1.17986863633964e-06,-211800
1.18136308565224e-06,-211700
1.18296875935003e-06,-211600
1.18468438424287e-06,-211500
1.18650853404822e-06,-211400
1.18843962950333e-06,-211300
1.1904759387154e-06,-211200
1.19261557775328e-06,-211100
1.19485651148419e-06,-211000
1.19719655465814e-06,-210900
1.19963337324252e-06,-210800
1.2021644860086e-06,-210700
1.20478726637137e-06,-210600
1.20749894448341e-06,-210500
1.21029660958319e-06,-210400
1.2131772125975e-06,-210300
1.21613756899709e-06,-210200
1.21917436190443e-06,-210100
1.22228414545143e-06,-210000
1.2254633483848e-06,-209900
1.22870827791603e-06,-209800
1.23201512381247e-06,-209700
1.23537996272529e-06,-209600
1.2387987627498e-06,-209500
1.24226738821288e-06,-209400
1.24578160468183e-06,-209300
1.24933708418832e-06,-209200
1.2529294106608e-06,-209100
1.25655408555799e-06,-209000
1.26020653369578e-06,-208900
1.26388210925924e-06,-208800
1.26757610199108e-06,-208700
1.27128374354734e-06,-208600
1.27500021401086e-06,-208500
1.27872064855238e-06,-208400
1.28244014422898e-06,-208300
1.28615376690901e-06,-208200
1.28985655831251e-06,-208100
1.29354354315554e-06,-208000
1.29720973638667e-06,-207900
1.30085015050374e-06,-207800
1.30445980293831e-06,-207700
1.30803372349555e-06,-207600
1.31156696183656e-06,-207500
1.3150545949904e-06,-207400
1.31849173488256e-06,-207300
1.32187353586677e-06,-207200
1.32519520224682e-06,-207100
1.32845199577486e-06,-207000
1.33163924311301e-06,-206900
1.33475234324455e-06,-206800
1.33778677482141e-06,-206700
1.34073810343453e-06,-206600
1.34360198879379e-06,-206500
1.34637419180417e-06,-206400
1.34905058152524e-06,-206300
1.35162714200082e-06,-206200
1.3540999789462e-06,-206100
1.35646532628028e-06,-206000
1.35871955249043e-06,-205900
1.36085916681785e-06,-205800
1.36288082525183e-06,-205700
1.36478133632137e-06,-205600
1.3665576666731e-06,-205500
1.36820694642475e-06,-205400
1.36972647428377e-06,-205300
1.37111372242125e-06,-205200
1.37236634109145e-06,-205100
1.37348216298814e-06,-205000
1.37445920732879e-06,-204900
1.37529568365888e-06,-204800
1.37598999536842e-06,-204700
1.37654074291369e-06,-204600
1.37694672673773e-06,-204500
1.37720694988344e-06,-204400
1.37732062029388e-06,-204300
1.37728715279496e-06,-204200
1.3771061707561e-06,-204100
1.3767775074253e-06,-204000
1.37630120693539e-06,-203900
1.37567752497898e-06,-203800
1.37490692915024e-06,-203700
1.37399009895227e-06,-203600
1.37292792546924e-06,-203500
1.37172151070334e-06,-203400
1.37037216657716e-06,-203300
1.36888141360244e-06,-203200
1.36725097921722e-06,-203100
1.36548279579357e-06,-203000
1.36357899831904e-06,-202900
1.36154192175513e-06,-202800
1.3593740980773e-06,-202700
1.35707825300091e-06,-202600
1.35465730239849e-06,-202500
1.35211434841427e-06,-202400
1.34945267528216e-06,-202300
1.34667574485424e-06,-202200
1.34378719184701e-06,-202100
1.34079081881347e-06,-202000
1.33769059084925e-06,-201900
1.33449063004173e-06,-201800
1.33119520967135e-06,-201700
1.3278087481749e-06,-201600
1.32433580288078e-06,-201500
1.3207810635268e-06,-201400
1.31714934557132e-06,-201300
1.31344558330889e-06,-201200
1.30967482280192e-06,-201100
1.30584221464015e-06,-201000
1.30195300653996e-06,-200900
1.29801253579581e-06,-200800
1.29402622159638e-06,-200700
1.28999955721806e-06,-200600
1.28593810210867e-06,-200500
1.28184747387452e-06,-200400
1.27773334018388e-06,-200300
1.27360141060014e-06,-200200
1.269457428358e-06,-200100
1.26530716209601e-06,-200000
1.26115639755888e-06,-199900
1.25701092928296e-06,-199800
1.25287655227825e-06,-199700
1.24875905372016e-06,-199600
1.24466420466438e-06,-199500
1.24059775179797e-06,-199400
1.23656540923956e-06,-199300
1.23257285040174e-06,-199200
1.22862569992813e-06,-199100
1.22472952571778e-06,-199000
1.22088983104922e-06,-198900
1.21711204681611e-06,-198800
1.21340152388643e-06,-198700
1.20976352559677e-06,-198600
1.20620322039293e-06,-198500
1.20272567462782e-06,-198400
1.19933584552737e-06,-198300
1.19603857433466e-06,-198200
1.19283857964229e-06,-198100
1.18974045092265e-06,-198000
1.18674864226507e-06,-197900
1.18386746632897e-06,-197800
1.18110108852118e-06,-197700
1.17845352140554e-06,-197600
1.17592861935231e-06,-197500
1.17353007343455e-06,-197400
1.1712614065781e-06,-197300
1.16912596897148e-06,-197200
1.16712693374138e-06,-197100
1.16526729289916e-06,-197000
1.16354985356308e-06,-196900
1.1619772344608e-06,-196800
1.16055186271581e-06,-196700
1.15927597092143e-06,-196600
1.1581515945052e-06,-196500
1.1571805693861e-06,-196400
1.15636452992667e-06,-196300
1.15570490718141e-06,-196200
1.15520292744263e-06,-196100
1.15485961108412e-06,-196000
1.15467577170291e-06,-195900
1.15465201555861e-06,-195800
1.15478874130954e-06,-195700
1.15508614004437e-06,-195600
1.15554419560746e-06,-195500
1.15616268521584e-06,-195400
1.1569411803651e-06,-195300
1.15787904802126e-06,-195200
1.15897545209508e-06,-195100
1.16022935519505e-06,-195000
1.1616395206548e-06,-194900
1.16320451483019e-06,-194800
1.16492270966134e-06,-194700
1.16679228549393e-06,-194600
1.16881123415437e-06,-194500
1.1709773622726e-06,-194400
1.1732882948462e-06,-194300
1.1757414790393e-06,-194200
1.17833418820906e-06,-194100
1.18106352615277e-06,-194000
1.18392643156784e-06,-193900
1.18691968271704e-06,-193800
1.19003990229095e-06,-193700
1.19328356245944e-06,-193600
1.19664699010373e-06,-193500
1.20012637222034e-06,-193400
1.20371776148831e-06,-193300
1.20741708199055e-06,-193200
1.21122013508026e-06,-193100
1.21512260538329e-06,-193000
1.21912006692689e-06,-192900
1.22320798938557e-06,-192800
1.22738174443434e-06,-192700
1.23163661219997e-06,-192600
1.23596778780023e-06,-192500
1.24037038796175e-06,-192400
1.24483945770648e-06,-192300
1.24936997709717e-06,-192200
1.25395686803199e-06,-192100
1.25859500107856e-06,-192000
1.26327920233773e-06,-191900
1.26800426032742e-06,-191800
1.27276493287677e-06,-191700
1.27755595402124e-06,-191600
1.28237204088905e-06,-191500
1.28720790056966e-06,-191400
1.29205823695494e-06,-191300
1.29691775754396e-06,-191200
1.3017811802023e-06,-191100
1.3066432398671e-06,-191000
1.31149869518895e-06,-190900
1.31634233510233e-06,-190800
1.32116898531581e-06,-190700
1.32597351471426e-06,-190600
1.33075084166467e-06,-190500
1.33549594021795e-06,-190400
1.34020384619913e-06,-190300
1.34486966317844e-06,-190200
1.34948856831625e-06,-190100
1.35405581807488e-06,-190000
1.35856675379057e-06,-189900
1.36301680709929e-06,-189800
1.36740150521013e-06,-189700
1.37171647602028e-06,-189600
1.37595745306622e-06,-189500
1.38012028030543e-06,-189400
1.38420091672373e-06,-189300
1.38819544076336e-06,-189200
1.39210005456731e-06,-189100
1.39591108803562e-06,-189000
1.3996250026897e-06,-188900
1.40323839534108e-06,-188800
1.40674800156117e-06,-188700
1.41015069894902e-06,-188600
1.41344351019423e-06,-188500
1.41662360593279e-06,-188400
1.41968830739336e-06,-188300
1.42263508883249e-06,-188200
1.42546157975693e-06,-188100
1.42816556693208e-06,-188000
1.43074499617538e-06,-187900
1.43319797393416e-06,-187800
1.43552276864759e-06,-187700
1.43771781189262e-06,-187600
1.43978169931421e-06,-187500
1.4417131913404e-06,-187400
1.44351121368303e-06,-187300
1.44517485762521e-06,-187200
1.44670338009695e-06,-187100
1.44809620354066e-06,-187000
1.44935291556835e-06,-186900
1.45047326841288e-06,-186800
1.45145717817564e-06,-186700
1.45230472387339e-06,-186600
1.4530161462873e-06,-186500
1.45359184661732e-06,-186400
1.45403238494539e-06,-186300
1.45433847851121e-06,-186200
1.45451099980443e-06,-186100
1.45455097447732e-06,-186000
1.45445957908249e-06,-185900
1.45423813863988e-06,-185800
1.45388812403802e-06,-185700
1.45341114927427e-06,-185600
1.45280896853934e-06,-185500
1.45208347315104e-06,-185400
1.45123668834304e-06,-185300
1.45027076991383e-06,-185200
1.44918800074192e-06,-185100
1.44799078717277e-06,-185000
1.44668165528372e-06,-184900
1.44526324703272e-06,-184800
1.44373831629715e-06,-184700
1.44210972480896e-06,-184600
1.4403804379924e-06,-184500
1.43855352071083e-06,-184400
1.43663213292893e-06,-184300
1.43461952529697e-06,-184200
1.43251903466358e-06,-184100
1.43033407952361e-06,-184000
1.42806815540765e-06,-183900
1.42572483021995e-06,-183800
1.42330773953106e-06,-183700
1.42082058183212e-06,-183600
1.41826711375702e-06,-183500
1.41565114527927e-06,-183400
1.41297653488982e-06,-183300
1.41024718476242e-06,-183200
1.40746703591289e-06,-183100
1.40464006335849e-06,-183000
1.40177027128377e-06,-182900
1.39886168821894e-06,-182800
1.39591836223684e-06,-182700
1.39294435617444e-06,-182600
1.38994374288473e-06,-182500
1.38692060052457e-06,-182400
1.38387900788431e-06,-182300
1.38082303976436e-06,-182200
1.37775676240422e-06,-182100
1.37468422896886e-06,-182000
1.37160947509776e-06,-181900
1.36853651452115e-06,-181800
1.36546933474818e-06,-181700
1.3624118928316e-06,-181600
1.35936811121313e-06,-181500
1.35634187365359e-06,-181400
1.35333702125192e-06,-181300
1.35035734855662e-06,-181200
1.34740659977314e-06,-181100
1.3444884650708e-06,-181000
1.341606576992e-06,-180900
1.33876450696702e-06,-180800
1.33596576193683e-06,-180700
1.33321378108664e-06,-180600
1.33051193269238e-06,-180500
1.32786351108225e-06,-180400
1.3252717337152e-06,-180300
1.32273973837812e-06,-180200
1.32027058050305e-06,-180100
1.31786723060582e-06,-180000
1.31553257184713e-06,-179900
1.31326939771697e-06,-179800
1.31108040984289e-06,-179700
1.30896821592283e-06,-179600
1.30693532778259e-06,-179500
1.30498415955807e-06,-179400
1.30311702600216e-06,-179300
1.30133614091608e-06,-179200
1.29964361570451e-06,-179100
1.29804145805411e-06,-179000
1.29653157073437e-06,-178900
1.29511575052002e-06,-178800
1.29379568723377e-06,-178700
1.29257296290807e-06,-178600
1.29144905106461e-06,-178500
1.29042531610982e-06,-178400
1.28950301284475e-06,-178300
1.28868328608765e-06,-178200
1.28796717040702e-06,-178100
1.28735558996337e-06,-178000
1.28684935845742e-06,-177900
1.28644917918247e-06,-177800
1.28615564517871e-06,-177700
1.28596923948696e-06,-177600
1.2858903354995e-06,-177500
1.28591919740522e-06,-177400
1.28605598072682e-06,-177300
1.28630073294708e-06,-177200
1.28665339422173e-06,-177100
1.28711379817616e-06,-177000
1.28768167278311e-06,-176900
1.28835664131879e-06,-176800
1.28913822339446e-06,-176700
1.29002583606074e-06,-176600
1.29101879498197e-06,-176500
1.29211631567777e-06,-176400
1.29331751482901e-06,-176300
1.29462141164563e-06,-176200
1.29602692929345e-06,-176100
1.29753289637732e-06,-176000
1.29913804847821e-06,-175900
1.30084102974131e-06,-175800
1.30264039451294e-06,-175700
1.30453460902366e-06,-175600
1.30652205311516e-06,-175500
1.30860102200866e-06,-175400
1.31076972811253e-06,-175300
1.31302630286688e-06,-175200
1.31536879862313e-06,-175100
1.31779519055633e-06,-175000
1.32030337860845e-06,-174900
1.32289118946064e-06,-174800
1.32555637853276e-06,-174700
1.32829663200835e-06,-174600
1.33110956888353e-06,-174500
1.3339927430383e-06,-174400
1.33694364532864e-06,-174300
1.33995970569825e-06,-174200
1.34303829530854e-06,-174100
1.34617672868573e-06,-174000
1.34937226588388e-06,-173900
1.35262211466296e-06,-173800
1.35592343268093e-06,-173700
1.35927332969898e-06,-173600
1.3626688697992e-06,-173500
1.3661070736139e-06,-173400
1.36958492056603e-06,-173300
1.37309935112001e-06,-173200
1.37664726904262e-06,-173100
1.38022554367335e-06,-173000
1.38383101220391e-06,-172900
1.38746048196658e-06,-172800
1.39111073273095e-06,-172700
1.39477851900909e-06,-172600
1.39846057236855e-06,-172500
1.4021536037534e-06,-172400
1.40585430581285e-06,-172300
1.40955935523748e-06,-172200
1.41326541510294e-06,-172100
1.41696913722091e-06,-172000
1.42066716449745e-06,-171900
1.42435613329829e-06,-171800
1.42803267582135e-06,-171700
1.43169342247601e-06,-171600
1.43533500426932e-06,-171500
1.43895405519869e-06,-171400
1.44254721465114e-06,-171300
1.44611112980872e-06,-171200
1.44964245805999e-06,-171100
1.45313786941707e-06,-171000
1.45659404893824e-06,-170900
1.4600076991553e-06,-170800
1.46337554250564e-06,-170700
1.46669432376828e-06,-170600
1.46996081250333e-06,-170500
1.47317180549435e-06,-170400
1.47632412919287e-06,-170300
1.4794146421642e-06,-170200
1.48244023753385e-06,-170100
1.48539784543349e-06,-170000
1.48828443544549e-06,-169900
1.49109701904505e-06,-169800
1.49383265203857e-06,-169700
1.49648843699716e-06,-169600
1.49906152568382e-06,-169500
1.50154912147304e-06,-169400
1.50394848176108e-06,-169300
1.50625692036549e-06,-169200
1.50847180991222e-06,-169100
1.51059058420832e-06,-169000
1.51261074059867e-06,-168900
1.51452984230457e-06,-168800
1.51634552074234e-06,-168700
1.51805547781972e-06,-168600
1.51965748820797e-06,-168500
1.52114940158741e-06,-168400
1.52252914486413e-06,-168300
1.52379472435535e-06,-168200
1.52494422794128e-06,-168100
1.52597582718068e-06,-168000
1.52688777938777e-06,-167900
1.52767842966785e-06,-167800
1.52834621290895e-06,-167700
1.52888965572698e-06,-167600
1.52930737836144e-06,-167500
1.52959809651923e-06,-167400
1.5297606231636e-06,-167300
1.52979387024559e-06,-167200
1.52969685037518e-06,-167100
1.52946867842928e-06,-167000
1.52910857309399e-06,-166900
1.52861585833816e-06,-166800
1.52798996481562e-06,-166700
1.52723043119339e-06,-166600
1.52633690540314e-06,-166500
1.52530914581325e-06,-166400
1.52414702231895e-06,-166300
1.5228505173479e-06,-166200
1.52141972677879e-06,-166100
1.51985486077051e-06,-166000
1.51815624449961e-06,-165900
1.51632431880367e-06,-165800
1.51435964072849e-06,-165700
1.512262883977e-06,-165600
1.51003483925789e-06,-165500
1.50767641453203e-06,-165400
1.50518863515502e-06,-165300
1.50257264391404e-06,-165200
1.49982970095767e-06,-165100
1.4969611836171e-06,-165000
1.49396858611747e-06,-164900
1.49085351917835e-06,-164800
1.4876177095021e-06,-164700
1.48426299914951e-06,-164600
1.4807913448018e-06,-164500
1.47720481690856e-06,-164400
1.47350559872114e-06,-164300
1.46969598521128e-06,-164200
1.46577838187488e-06,-164100
1.46175530342099e-06,-164000
1.45762937234622e-06,-163900
1.45340331739506e-06,-163800
1.44907997190655e-06,-163700
1.44466227204813e-06,-163600
1.44015325493757e-06,-163500
1.43555605665396e-06,-163400
1.43087391013908e-06,-163300
1.42611014299054e-06,-163200
1.42126817514819e-06,-163100
1.4163515164756e-06,-163000
1.41136376423843e-06,-162900
1.40630860048182e-06,-162800
1.40118978930889e-06,-162700
1.39601117406278e-06,-162600
1.39077667441476e-06,-162500
1.38549028336093e-06,-162400
1.38015606413045e-06,-162300
1.37477814700813e-06,-162200
1.36936072607447e-06,-162100
1.36390805586637e-06,-162000
1.35842444796178e-06,-161900
1.35291426749174e-06,-161800
1.34738192958335e-06,-161700
1.34183189573736e-06,-161600
1.33626867014407e-06,-161500
1.33069679594141e-06,-161400
1.32512085141921e-06,-161300
1.31954544617356e-06,-161200
1.3139752172154e-06,-161100
1.30841482503761e-06,-161000
1.30286894964464e-06,-160900
1.29734228654911e-06,-160800
1.29183954273963e-06,-160700
1.2863654326243e-06,-160600
1.28092467395416e-06,-160500
1.27552198373116e-06,-160400
1.27016207410507e-06,-160300
1.26484964826371e-06,-160200
1.25958939632113e-06,-160100
1.25438599120804e-06,-160000
1.24924408456915e-06,-159900
1.24416830267169e-06,-159800
1.23916324232969e-06,-159700
1.23423346684828e-06,-159600
1.22938350199259e-06,-159500
1.22461783198531e-06,-159400
1.21994089553747e-06,-159300
1.21535708191646e-06,-159200
1.21087072705558e-06,-159100
1.20648610970923e-06,-159000
1.2022074476577e-06,-158900
1.1980388939656e-06,-158800
1.19398453329784e-06,-158700
1.19004837829686e-06,-158600
1.18623436602494e-06,-158500
1.18254635447514e-06,-158400
1.17898811915443e-06,-158300
1.17556334974235e-06,-158200
1.17227564682874e-06,-158100
1.16912851873339e-06,-158000
1.16612537841112e-06,-157900
1.16326954044492e-06,-157800
1.1605642181302e-06,-157700
1.15801252065297e-06,-157600
1.15561745036427e-06,-157500
1.15338190015377e-06,-157400
1.15130865092452e-06,-157300
1.1494003691714e-06,-157200
1.14765960466522e-06,-157100
1.14608878824452e-06,-157000
1.14469022971698e-06,-156900
1.1434661158721e-06,-156800
1.14241850860675e-06,-156700
1.14154934316522e-06,-156600
1.14086042649487e-06,-156500
1.14035343571883e-06,-156400
1.14002991672668e-06,-156300
1.13989128288416e-06,-156200
1.13993881386268e-06,-156100
1.1401736545894e-06,-156000
1.14059681431844e-06,-155900
1.14120916582358e-06,-155800
1.14201144471299e-06,-155700
1.14300424886601e-06,-155600
1.14418803799219e-06,-155500
1.14556313331249e-06,-155400
1.14712971736265e-06,-155300
1.14888783391823e-06,-155200
1.15083738804126e-06,-155100
1.15297814624777e-06,-155000
1.15530973679582e-06,-154900
1.15783165009323e-06,-154800
1.16054323922424e-06,-154700
1.16344372059433e-06,-154600
1.16653217469207e-06,-154500
1.16980754696703e-06,-154400
1.17326864882252e-06,-154300
1.17691415872201e-06,-154200
1.18074262340773e-06,-154100
1.18475245923018e-06,-154000
1.1889419535869e-06,-153900
1.19330926646903e-06,-153800
1.19785243211388e-06,-153700
1.20256936076189e-06,-153600
1.207457840516e-06,-153500
1.21251553930166e-06,-153400
1.21774000692554e-06,-153300
1.2231286772307e-06,-153200
1.22867887034647e-06,-153100
1.23438779503048e-06,-153000
1.240252551101e-06,-152900
1.24627013195702e-06,-152800
1.25243742718388e-06,-152700
1.25875122524203e-06,-152600
1.2652082162364e-06,-152500
1.27180499476404e-06,-152400
1.27853806283722e-06,-152300
1.28540383287967e-06,-152200
1.29239863079308e-06,-152100
1.29951869909127e-06,-152000
1.30676020009932e-06,-151900
1.31411921921468e-06,-151800
1.3215917682277e-06,-151700
1.32917378869851e-06,-151600
1.33686115538733e-06,-151500
1.34464967973542e-06,-151400
1.35253511339352e-06,-151300
1.36051315179481e-06,-151200
1.36857943776934e-06,-151100
1.37672956519685e-06,-151000
1.38495908269474e-06,-150900
1.39326349733822e-06,-150800
1.40163827840929e-06,-150700
1.41007886117141e-06,-150600
1.41858065066656e-06,-150500
1.42713902553156e-06,-150400
1.43574934183016e-06,-150300
1.44440693689771e-06,-150200
1.4531071331951e-06,-150100
1.46184524216849e-06,-150000
1.47061656811164e-06,-149900
1.47941641202721e-06,-149800
1.48824007548395e-06,-149700
1.49708286446601e-06,-149600
1.50594009321126e-06,-149500
1.51480708803506e-06,-149400
1.52367919113595e-06,-149300
1.53255176438007e-06,-149200
1.54142019306065e-06,-149100
1.55027988962926e-06,-149000
1.55912629739536e-06,-148900
1.56795489419071e-06,-148800
1.57676119599533e-06,-148700
1.58554076052145e-06,-148600
1.59428919075226e-06,-148500
1.60300213843194e-06,-148400
1.6116753075038e-06,-148300
1.62030445749301e-06,-148200
1.62888540683093e-06,-148100
1.6374140361175e-06,-148000
1.64588629131871e-06,-147900
1.65429818689587e-06,-147800
1.66264580886358e-06,-147700
1.67092531777339e-06,-147600
1.67913295162001e-06,-147500
1.68726502866723e-06,-147400
1.69531795019059e-06,-147300
1.70328820313396e-06,-147200
1.71117236267727e-06,-147100
1.7189670947127e-06,-147000
1.72666915822668e-06,-146900
1.7342754075852e-06,-146800
1.74178279471994e-06,-146700
1.74918837121291e-06,-146600
1.75648929027719e-06,-146500
1.76368280863181e-06,-146400
1.77076628826843e-06,-146300
1.77773719810814e-06,-146200
1.78459311554621e-06,-146100
1.79133172788334e-06,-146000
1.7979508336415e-06,-145900
1.80444834376309e-06,-145800
1.81082228269182e-06,-145700
1.81707078933425e-06,-145600
1.82319211790063e-06,-145500
1.82918463862427e-06,-145400
1.83504683835841e-06,-145300
1.84077732104992e-06,-145200
1.84637480808932e-06,-145100
1.85183813853655e-06,-145000
1.85716626922232e-06,-144900
1.8623582747248e-06,-144800
1.86741334722179e-06,-144700
1.87233079621841e-06,-144600
1.87711004815065e-06,-144500
1.8817506458654e-06,-144400
1.88625224797734e-06,-144300
1.89061462810375e-06,-144200
1.89483767397798e-06,-144100
1.89892138644281e-06,-144000
1.9028658783249e-06,-143900
1.90667137319186e-06,-143800
1.9103382039934e-06,-143700
1.91386681158835e-06,-143600
1.91725774315955e-06,-143500
1.92051165051847e-06,-143400
1.92362928830201e-06,-143300
1.9266115120636e-06,-143200
1.92945927626134e-06,-143100
1.93217363214569e-06,-143000
1.93475572554958e-06,-142900
1.93720679458391e-06,-142800
1.93952816724144e-06,-142700
1.94172125891248e-06,-142600
1.94378756981552e-06,-142500
1.94572868234644e-06,-142400
1.94754625834992e-06,-142300
1.9492420363166e-06,-142200
1.95081782851014e-06,-142100
1.95227551802786e-06,-142000
1.95361705579913e-06,-141900
1.95484445752577e-06,-141800
1.95595980056852e-06,-141700
1.95696522078409e-06,-141600
1.95786290931713e-06,-141500
1.95865510935162e-06,-141400
1.95934411282633e-06,-141300
1.95993225711885e-06,-141200
1.960421921703e-06,-141100
1.96081552478424e-06,-141000
1.96111551991804e-06,-140900
1.9613243926157e-06,-140800
1.96144465694285e-06,-140700
1.9614788521151e-06,-140600
1.96142953909605e-06,-140500
1.9612992972022e-06,-140400
1.96109072071993e-06,-140300
1.96080641553915e-06,-140200
1.96044899580855e-06,-140100
1.96002108061737e-06,-140000
1.9595252907082e-06,-139900
1.95896424522571e-06,-139800
1.95834055850602e-06,-139700
1.9576568369111e-06,-139600
1.95691567571298e-06,-139500
1.9561196560321e-06,-139400
1.95527134183419e-06,-139300
1.95437327699006e-06,-139200
1.95342798240234e-06,-139100
1.95243795320344e-06,-139000
1.95140565602851e-06,-138900
1.95033352636747e-06,-138800
1.94922396599958e-06,-138700
1.94807934051442e-06,-138600
1.94690197692246e-06,-138500
1.9456941613588e-06,-138400
1.94445813688292e-06,-138300
1.94319610137772e-06,-138200
1.94191020555054e-06,-138100
1.94060255103876e-06,-138000
1.93927518862258e-06,-137900
1.93793011654724e-06,-137800
1.93656927895675e-06,-137700
1.93519456444106e-06,-137600
1.93380780469848e-06,-137500
1.93241077331478e-06,-137400
1.93100518466038e-06,-137300
1.92959269290663e-06,-137200
1.92817489116229e-06,-137100
1.92675331073076e-06,-137000
1.92532942048861e-06,-136900
1.92390462638565e-06,-136800
1.92248027106676e-06,-136700
1.92105763361506e-06,-136600
1.91963792941638e-06,-136500
1.9182223101441e-06,-136400
1.91681186386387e-06,-136300
1.91540761525702e-06,-136200
1.91401052596144e-06,-136100
1.91262149502852e-06,-136000
1.91124135949452e-06,-135900
1.9098708950644e-06,-135800
1.90851081690609e-06,-135700
1.907161780553e-06,-135600
1.90582438291207e-06,-135500
1.90449916337493e-06,-135400
1.90318660502902e-06,-135300
1.90188713596591e-06,-135200
1.90060113068321e-06,-135100
1.89932891157697e-06,-135000
1.89807075052069e-06,-134900
1.89682687052735e-06,-134800
1.89559744749039e-06,-134700
1.8943826119996e-06,-134600
1.8931824512276e-06,-134500
1.89199701088266e-06,-134400
1.89082629722315e-06,-134300
1.88967027912908e-06,-134200
1.8885288902259e-06,-134100
1.88740203105569e-06,-134000
1.88628957129079e-06,-133900
1.88519135198465e-06,-133800
1.8841071878549e-06,-133700
1.88303686959332e-06,-133600
1.88198016619728e-06,-133500
1.88093682731758e-06,-133400
1.8799065856169e-06,-133300
1.8788891591338e-06,-133200
1.87788425364641e-06,-133100
1.87689156503071e-06,-133000
1.87591078160753e-06,-132900
1.87494158647313e-06,-132800
1.87398365980756e-06,-132700
1.87303668115569e-06,-132600
1.87210033167522e-06,-132500
1.8711742963465e-06,-132400
1.87025826613874e-06,-132300
1.86935194012756e-06,-132200
1.86845502755848e-06,-132100
1.86756724985162e-06,-132000
1.86668834254237e-06,-131900
1.86581805715338e-06,-131800
1.86495616299313e-06,-131700
1.86410244887649e-06,-131600
1.86325672476283e-06,-131500
1.86241882330746e-06,-131400
1.86158860132228e-06,-131300
1.86076594114167e-06,-131200
1.85995075188991e-06,-131100
1.85914297064664e-06,-131000
1.85834256350683e-06,-130900
1.85754952653239e-06,-130800
1.8567638865922e-06,-130700
1.85598570208808e-06,-130600
1.85521506356424e-06,-130500
1.85445209419775e-06,-130400
1.85369695016843e-06,-130300
1.85294982090611e-06,-130200
1.85221092921396e-06,-130100
1.85148053126675e-06,-130000
1.85075891648293e-06,-129900
1.85004640727004e-06,-129800
1.84934335864306e-06,-129700
1.84865015771551e-06,-129600
1.84796722306362e-06,-129500
1.84729500396393e-06,-129400
1.8466339795052e-06,-129300
1.84598465757561e-06,-129200
1.84534757372662e-06,-129100
1.84472328991512e-06,-129000
1.84411239312581e-06,-128900
1.84351549387598e-06,-128800
1.84293322460529e-06,-128700
1.84236623795316e-06,-128600
1.84181520492697e-06,-128500
1.84128081296442e-06,-128400
1.84076376389348e-06,-128300
1.84026477179403e-06,-128200
1.83978456076519e-06,-128100
1.83932386260273e-06,-128000
1.83888341439128e-06,-127900
1.83846395601614e-06,-127800
1.83806622759986e-06,-127700
1.83769096686887e-06,-127600
1.83733890645579e-06,-127500
1.83701077114311e-06,-127400
1.83670727505416e-06,-127300
1.83642911879769e-06,-127200
1.83617698657211e-06,-127100
1.83595154323607e-06,-127000
1.83575343135191e-06,-126900
1.8355832682087e-06,-126800
1.83544164283188e-06,-126700
1.83532911298632e-06,-126600
1.83524620218001e-06,-126500
1.83519339667547e-06,-126400
1.83517114251621e-06,-126300
1.83517984257532e-06,-126200
1.83521985363376e-06,-126100
1.83529148349546e-06,-126000
1.83539498814678e-06,-125900
1.83553056896743e-06,-125800
1.83569837000033e-06,-125700
1.83589847528765e-06,-125600
1.8361309062801e-06,-125500
1.83639561932671e-06,-125400
1.83669250325216e-06,-125300
1.83702137702836e-06,-125200
1.83738198754743e-06,-125100
1.83777400750231e-06,-125000
1.8381970333819e-06,-124900
1.8386505835867e-06,-124800
1.83913409667139e-06,-124700
1.83964692972e-06,-124600
1.84018835685955e-06,-124500
1.84075756791762e-06,-124400
1.84135366722895e-06,-124300
1.84197567259621e-06,-124200
1.84262251440942e-06,-124100
1.8432930349286e-06,-124000
1.84398598773361e-06,-123900
1.84470003734503e-06,-123800
1.84543375901947e-06,-123700
1.84618563872245e-06,-123600
1.84695407328164e-06,-123500
1.84773737072285e-06,-123400
1.84853375079077e-06,-123300
1.84934134565617e-06,-123200
1.85015820081087e-06,-123100
1.85098227615135e-06,-123000
1.85181144725147e-06,-122900
1.85264350682447e-06,-122800
1.85347616637397e-06,-122700
1.85430705803317e-06,-122600
1.85513373659125e-06,-122500
1.85595368170538e-06,-122400
1.85676430029648e-06,-122300
1.85756292912631e-06,-122200
1.85834683755319e-06,-122100
1.85911323046328e-06,-122000
1.85985925137369e-06,-121900
1.86058198570357e-06,-121800
1.86127846420894e-06,-121700
1.86194566657626e-06,-121600
1.86258052516989e-06,-121500
1.86317992892782e-06,-121400
1.86374072739984e-06,-121300
1.86425973492194e-06,-121200
1.86473373492046e-06,-121100
1.865159484339e-06,-121000
1.86553371818096e-06,-120900
1.86585315416025e-06,-120800
1.86611449745226e-06,-120700
1.86631444553705e-06,-120600
1.86644969312657e-06,-120500
1.86651693716705e-06,-120400
1.866512881908e-06,-120300
1.86643424402866e-06,-120200
1.86627775781275e-06,-120100
1.86604018036204e-06,-120000
1.86571829683933e-06,-119900
1.865308925731e-06,-119800
1.86480892411948e-06,-119700
1.86421519295563e-06,-119600
1.86352468232114e-06,-119500
1.86273439667089e-06,-119400
1.86184140004527e-06,-119300
1.86084282124231e-06,-119200
1.85973585893967e-06,-119100
1.85851778675647e-06,-119000
1.85718595824491e-06,-118900
1.85573781180197e-06,-118800
1.85417087549122e-06,-118700
1.85248277176529e-06,-118600
1.85067122207938e-06,-118500
1.84873405138646e-06,-118400
1.84666919250508e-06,-118300
1.84447469035084e-06,-118200
1.84214870602276e-06,-118100
1.83968952073613e-06,-118000
1.83709553959363e-06,-117900
1.83436529518689e-06,-117800
1.83149745102072e-06,-117700
1.828490804753e-06,-117600
1.82534429124304e-06,-117500
1.82205698540206e-06,-117400
1.81862810483942e-06,-117300
1.81505701229901e-06,-117200
1.81134321788013e-06,-117100
1.80748638103816e-06,-117000
1.80348631236027e-06,-116900
1.79934297511217e-06,-116800
1.79505648655222e-06,-116700
1.79062711900969e-06,-116600
1.78605530072444e-06,-116500
1.78134161644584e-06,-116400
1.77648680778906e-06,-116300
1.7714917733476e-06,-116200
1.76635756856107e-06,-116100
1.76108540533818e-06,-116000
1.75567665143491e-06,-115900
1.7501328295888e-06,-115800
1.7444556164103e-06,-115700
1.73864684103316e-06,-115600
1.73270848352578e-06,-115500
1.72664267306638e-06,-115400
1.72045168588511e-06,-115300
1.71413794297662e-06,-115200
1.7077040075874e-06,-115100
1.70115258248215e-06,-115000
1.69448650699456e-06,-114900
1.68770875386757e-06,-114800
1.68082242588923e-06,-114700
1.67383075233037e-06,-114600
1.66673708519073e-06,-114500
1.65954489526062e-06,-114400
1.65225776800558e-06,-114300
1.64487939928183e-06,-114200
1.63741359089049e-06,-114100
1.62986424597921e-06,-114000
1.62223536429976e-06,-113900
1.61453103733067e-06,-113800
1.60675544327412e-06,-113700
1.59891284193662e-06,-113600
1.59100756950311e-06,-113500
1.58304403321443e-06,-113400
1.5750267059582e-06,-113300
1.56696012078322e-06,-113200
1.55884886534788e-06,-113100
1.55069757631278e-06,-113000
1.54251093368822e-06,-112900
1.53429365514698e-06,-112800
1.52605049031299e-06,-112700
1.51778621503644e-06,-112600
1.50950562566582e-06,-112500
1.50121353332743e-06,-112400
1.49291475822274e-06,-112300
1.48461412395383e-06,-112200
1.47631645188728e-06,-112100
1.46802655556634e-06,-112000
1.45974923518142e-06,-111900
1.45148927210856e-06,-111800
1.44325142352524e-06,-111700
1.43504041711302e-06,-111600
1.4268609458557e-06,-111500
1.41871766294207e-06,-111400
1.41061517678137e-06,-111300
1.4025580461398e-06,-111200
1.39455077540586e-06,-111100
1.3865978099918e-06,-111000
1.3787035318786e-06,-110900
1.37087225531087e-06,-110800
1.36310822264826e-06,-110700
1.35541560037927e-06,-110600
1.34779847530284e-06,-110500
1.34026085088306e-06,-110400
1.33280664378156e-06,-110300
1.32543968057174e-06,-110200
1.3181636946389e-06,-110100
1.31098232326922e-06,-110000
1.30389910493091e-06,-109900
1.29691747674959e-06,-109800
1.29004077218006e-06,-109700
1.28327221887588e-06,-109600
1.27661493675788e-06,-109500
1.27007193628201e-06,-109400
1.26364611690675e-06,-109300
1.25734026575975e-06,-109200
1.25115705650282e-06,-109100
1.24509904839398e-06,-109000
1.23916868554508e-06,-108900
1.23336829637258e-06,-108800
1.2277000932392e-06,-108700
1.22216617228331e-06,-108600
1.21676851343275e-06,-108500
1.21150898059938e-06,-108400
1.20638932205014e-06,-108300
1.20141117095019e-06,-108200
1.19657604607326e-06,-108100
1.19188535267408e-06,-108000
1.18734038351735e-06,-107900
1.18294232005751e-06,-107800
1.17869223376322e-06,-107700
1.17459108758025e-06,-107600
1.17063973752621e-06,-107500
1.16683893441025e-06,-107400
1.16318932567094e-06,-107300
1.15969145732485e-06,-107200
1.15634577601883e-06,-107100
1.15315263117822e-06,-107000
1.15011227724365e-06,-106900
1.14722487598845e-06,-106800
1.14449049890926e-06,-106700
1.14190912968163e-06,-106600
1.13948066667311e-06,-106500
1.1372049255057e-06,-106400
1.13508164165994e-06,-106300
1.13311047311282e-06,-106200
1.13129100300164e-06,-106100
1.12962274230626e-06,-106000
1.12810513254206e-06,-105900
1.12673754845607e-06,-105800
1.12551930071908e-06,-105700
1.12444963860632e-06,-105600
1.12352775265992e-06,-105500
1.12275277732603e-06,-105400
1.12212379356023e-06,-105300
1.12163983139461e-06,-105200
1.12129987246049e-06,-105100
1.12110285246073e-06,-105000
1.1210476635861e-06,-104900
1.12113315687018e-06,-104800
1.1213581444779e-06,-104700
1.12172140192271e-06,-104600
1.12222167020807e-06,-104500
1.12285765788908e-06,-104400
1.12362804305042e-06,-104300
1.12453147519702e-06,-104200
1.12556657705463e-06,-104100
1.12673194627704e-06,-104000
1.12802615705805e-06,-103900
1.12944776164565e-06,-103800
1.13099529175703e-06,-103700
1.1326672598929e-06,-103600
1.13446216055021e-06,-103500
1.13637847133257e-06,-103400
1.13841465395824e-06,-103300
1.1405691551656e-06,-103200
1.14284040751667e-06,-103100
1.14522683009947e-06,-103000
1.14772682913024e-06,-102900
1.15033879845708e-06,-102800
1.15306111996683e-06,-102700
1.15589216389716e-06,-102600
1.1588302890564e-06,-102500
1.16187384295383e-06,-102400
1.16502116184336e-06,-102300
1.16827057068393e-06,-102200
1.17162038302017e-06,-102100
1.17506890078708e-06,-102000
1.1786144140428e-06,-101900
1.18225520063369e-06,-101800
1.18598952579618e-06,-101700
1.18981564170009e-06,-101600
1.19373178693816e-06,-101500
1.1977361859668e-06,-101400
1.20182704850327e-06,-101300
1.20600256888446e-06,-101200
1.21026092539261e-06,-101100
1.21460027955357e-06,-101000
1.21901877541296e-06,-100900
1.22351453879593e-06,-100800
1.22808567655616e-06,-100700
1.23273027581968e-06,-100600
1.23744640322922e-06,-100500
1.24223210419474e-06,-100400
1.24708540215576e-06,-100300
1.25200429786105e-06,-100200
1.25698676867125e-06,-100100
1.26203076788968e-06,-100000
1.26713422412702e-06,-99900
1.2722950407047e-06,-99800
1.27751109510238e-06,-99700
1.28278023845444e-06,-99600
1.28810029510016e-06,-99500
1.29346906219242e-06,-99400
1.29888430936928e-06,-99300
1.30434377849271e-06,-99200
1.30984518345865e-06,-99100
1.31538621008208e-06,-99000
1.32096451606092e-06,-98900
1.32657773102198e-06,-98800
1.33222345665223e-06,-98700
1.33789926691831e-06,-98600
1.34360270837671e-06,-98500
1.34933130057726e-06,-98400
1.35508253656181e-06,-98300
1.36085388346013e-06,-98200
1.36664278318426e-06,-98100
1.37244665322289e-06,-98000
1.37826288753652e-06,-97900
1.38408885755414e-06,-97800
1.38992191327177e-06,-97700
1.395759384453e-06,-97600
1.40159858193129e-06,-97500
1.40743679901351e-06,-97400
1.41327131298399e-06,-97300
1.41909938670796e-06,-97200
1.42491827033305e-06,-97100
1.43072520308719e-06,-97000
1.43651741517101e-06,-96900
1.44229212974266e-06,-96800
1.44804656499241e-06,-96700
1.45377793630454e-06,-96600
1.45948345850348e-06,-96500
1.46516034818101e-06,-96400
1.47080582610121e-06,-96300
1.47641711967936e-06,-96200
1.48199146553115e-06,-96100
1.48752611208795e-06,-96000
1.49301832227407e-06,-95900
1.49846537624149e-06,-95800
1.50386457415745e-06,-95700
1.5092132390403e-06,-95600
1.51450871963847e-06,-95500
1.51974839334778e-06,-95400
1.52492966916172e-06,-95300
1.53004999064962e-06,-95200
1.53510683895713e-06,-95100
1.54009773582377e-06,-95000
1.54502024661188e-06,-94900
1.54987198334145e-06,-94800
1.55465060772513e-06,-94700
1.55935383419781e-06,-94600
1.5639794329351e-06,-94500
1.56852523285485e-06,-94400
1.57298912459618e-06,-94300
1.57736906347024e-06,-94200
1.58166307237707e-06,-94100
1.58586924468284e-06,-94000
1.58998574705207e-06,-93900
1.59401082222908e-06,-93800
1.59794279176345e-06,-93700
1.60178005867395e-06,-93600
1.60552111004576e-06,-93500
1.60916451955578e-06,-93400
1.61270894992095e-06,-93300
1.61615315526471e-06,-93200
1.61949598339672e-06,-93100
1.62273637800122e-06,-93000
1.62587338072944e-06,-92900
1.62890613319185e-06,-92800
1.63183387884582e-06,-92700
1.63465596477491e-06,-92600
1.6373718433557e-06,-92500
1.63998107380866e-06,-92400
1.64248332362946e-06,-92300
1.64487836989753e-06,-92200
1.64716610045858e-06,-92100
1.64934651497851e-06,-92000
1.65141972586565e-06,-91900
1.65338595905911e-06,-91800
1.65524555468086e-06,-91700
1.65699896754954e-06,-91600
1.65864676755408e-06,-91500
1.66018963988558e-06,-91400
1.66162838512604e-06,-91300
1.66296391919276e-06,-91200
1.66419727313739e-06,-91100
1.665329592799e-06,-91000
1.66636213831055e-06,-90900
1.66729628345852e-06,-90800
1.66813351489565e-06,-90700
1.66887543120687e-06,-90600
1.66952374182876e-06,-90500
1.67008026582328e-06,-90400
1.67054693050634e-06,-90300
1.67092576993233e-06,-90200
1.67121892323589e-06,-90100
1.67142863283215e-06,-90000
1.67155724247723e-06,-89900
1.67160719519069e-06,-89800
1.67158103104213e-06,-89700
1.67148138480385e-06,-89600
1.67131098347237e-06,-89500
1.67107264366098e-06,-89400
1.67076926886642e-06,-89300
1.67040384661242e-06,-89200
1.66997944547337e-06,-89100
1.66949921198129e-06,-89000
1.66896636741963e-06,-88900
1.66838420450747e-06,-88800
1.66775608397789e-06,-88700
1.6670854310545e-06,-88600
1.66637573183011e-06,-88500
1.66563052955171e-06,-88400
1.66485342081631e-06,-88300
1.66404805168182e-06,-88200
1.66321811369782e-06,-88100
1.66236733986081e-06,-88000
1.66149950049881e-06,-87900
1.66061839909021e-06,-87800
1.65972786802206e-06,-87700
1.65883176429274e-06,-87600
1.65793396516446e-06,-87500
1.65703836377076e-06,-87400
1.65614886468459e-06,-87300
1.65526937945225e-06,-87200
1.65440382209903e-06,-87100
1.65355610461191e-06,-87000
1.65273013240521e-06,-86900
1.65192979977482e-06,-86800
1.65115898534694e-06,-86700
1.65042154752698e-06,-86600
1.64972131995466e-06,-86500
1.64906210697118e-06,-86400
1.6484476791043e-06,-86300
1.64788176857744e-06,-86200
1.64736806484857e-06,-86100
1.64691021018506e-06,-86000
1.64651179528027e-06,-85900
1.64617635491791e-06,-85800
1.64590736369019e-06,-85700
1.64570823177551e-06,-85600
1.6455823007817e-06,-85500
1.64553283966061e-06,-85400
1.64556304069988e-06,-85300
1.6456760155976e-06,-85200
1.64587479162557e-06,-85100
1.64616230788686e-06,-85000
1.64654141167306e-06,-84900
1.64701485492683e-06,-84800
1.64758529081507e-06,-84700
1.64825527041799e-06,-84600
1.64902723953922e-06,-84500
1.64990353564209e-06,-84400
1.65088638491694e-06,-84300
1.65197789948423e-06,-84200
1.65318007473828e-06,-84100
1.65449478683588e-06,-84000
1.65592379033435e-06,-83900
1.65746871598313e-06,-83800
1.65913106867292e-06,-83700
1.6609122255462e-06,-83600
1.66281343427277e-06,-83500
1.66483581149373e-06,-83400
1.66698034143715e-06,-83300
1.66924787470846e-06,-83200
1.67163912725825e-06,-83100
1.67415467953016e-06,-83000
1.67679497579109e-06,-82900
1.67956032364584e-06,-82800
1.68245089373797e-06,-82700
1.68546671963849e-06,-82600
1.68860769792351e-06,-82500
1.69187358844211e-06,-82400
1.69526401477494e-06,-82300
1.69877846488401e-06,-82200
1.70241629195408e-06,-82100
1.70617671542504e-06,-82000
1.71005882221535e-06,-81900
1.71406156813533e-06,-81800
1.71818377948957e-06,-81700
1.72242415486686e-06,-81600
1.72678126711607e-06,-81500
1.73125356550596e-06,-81400
1.73583937806647e-06,-81300
1.74053691410899e-06,-81200
1.74534426692252e-06,-81100
1.75025941664253e-06,-81000
1.75528023328874e-06,-80900
1.76040447996804e-06,-80800
1.76562981623825e-06,-80700
1.77095380162802e-06,-80600
1.77637389930824e-06,-80500
1.78188747990947e-06,-80400
1.7874918254802e-06,-80300
1.79318413357982e-06,-80200
1.79896152150057e-06,-80100
1.80482103061177e-06,-80000
1.81075963081995e-06,-79900
1.81677422513777e-06,-79800
1.8228616543547e-06,-79700
1.82901870180197e-06,-79600
1.83524209820411e-06,-79500
1.84152852660925e-06,-79400
1.84787462739006e-06,-79300
1.85427700330698e-06,-79200
1.86073222462526e-06,-79100
1.86723683427723e-06,-79000
1.87378735306081e-06,-78900
1.88038028486537e-06,-78800
1.88701212191581e-06,-78700
1.8936793500257e-06,-78600
1.90037845384999e-06,-78500
1.90710592212807e-06,-78400
1.91385825290759e-06,-78300
1.9206319587396e-06,-78200
1.92742357183543e-06,-78100
1.93422964917575e-06,-78000
1.94104677756241e-06,-77900
1.9478715786033e-06,-77800
1.95470071362111e-06,-77700
1.9615308884763e-06,-77600
1.96835885829526e-06,-77500
1.97518143209423e-06,-77400
1.98199547729023e-06,-77300
1.98879792408978e-06,-77200
1.995585769747e-06,-77100
2.00235608268232e-06,-77000
2.00910600645367e-06,-76900
2.01583276357194e-06,-76800
2.02253365915289e-06,-76700
2.02920608439806e-06,-76600
2.03584751989725e-06,-76500
2.04245553874567e-06,-76400
2.04902780946921e-06,-76300
2.0555620987513e-06,-76200
2.06205627395568e-06,-76100
2.06850830543929e-06,-76000
2.07491626865023e-06,-75900
2.08127834600601e-06,-75800
2.08759282854766e-06,-75700
2.09385811736579e-06,-75600
2.10007272479528e-06,-75500
2.10623527537525e-06,-75400
2.11234450657216e-06,-75300
2.11839926926353e-06,-75200
2.12439852798108e-06,-75100
2.13034136091186e-06,-75000
2.136226959657e-06,-74900
2.14205462874775e-06,-74800
2.14782378491947e-06,-74700
2.15353395614425e-06,-74600
2.15918478042369e-06,-74500
2.16477600434378e-06,-74400
2.17030748139435e-06,-74300
2.17577917005592e-06,-74200
2.18119113165767e-06,-74100
2.18654352801016e-06,-74000
2.1918366188177e-06,-73900
2.19707075887488e-06,-73800
2.20224639505311e-06,-73700
2.20736406308285e-06,-73600
2.21242438413802e-06,-73500
2.2174280612294e-06,-73400
2.22237587541445e-06,-73300
2.22726868183098e-06,-73200
2.23210740556318e-06,-73100
2.23689303734823e-06,-73000
2.24162662913262e-06,-72900
2.24630928948732e-06,-72800
2.25094217889157e-06,-72700
2.25552650489515e-06,-72600
2.26006351716939e-06,-72500
2.26455450245757e-06,-72400
2.26900077943543e-06,-72300
2.27340369349284e-06,-72200
2.27776461144802e-06,-72100
2.28208491620562e-06,-72000
2.28636600137039e-06,-71900
2.29060926582818e-06,-71800
2.29481610830618e-06,-71700
2.29898792192438e-06,-71600
2.30312608875026e-06,-71500
2.30723197436885e-06,-71400
2.31130692248023e-06,-71300
2.31535224953654e-06,-71200
2.31936923943055e-06,-71100
2.32335913824776e-06,-71000
2.32732314909392e-06,-70900
2.33126242700959e-06,-70800
2.33517807398356e-06,-70700
2.33907113407635e-06,-70600
2.34294258866502e-06,-70500
2.34679335182042e-06,-70400
2.35062426582746e-06,-70300
2.3544360968589e-06,-70200
2.35822953081274e-06,-70100
2.36200516932325e-06,-70000
2.36576352595479e-06,-69900
2.36950502258774e-06,-69800
2.37322998600517e-06,-69700
2.37693864468857e-06,-69600
2.38063112583046e-06,-69500
2.38430745257127e-06,-69400
2.38796754146753e-06,-69300
2.39161120019767e-06,-69200
2.39523812551158e-06,-69100
2.39884790142914e-06,-69000
2.40243999769286e-06,-68900
2.40601376847883e-06,-68800
2.40956845136992e-06,-68700
2.41310316659442e-06,-68600
2.41661691653297e-06,-68500
2.42010858549566e-06,-68400
2.42357693977115e-06,-68300
2.42702062794858e-06,-68200
2.43043818151277e-06,-68100
2.43382801571247e-06,-68000
2.43718843070091e-06,-67900
2.44051761294736e-06,-67800
2.44381363691765e-06,-67700
2.44707446702123e-06,-67600
2.45029795982168e-06,-67500
2.45348186650711e-06,-67400
2.45662383561609e-06,-67300
2.45972141601457e-06,-67200
2.46277206011847e-06,-67100
2.46577312735613e-06,-67000
2.46872188786434e-06,-66900
2.47161552641127e-06,-66800
2.47445114653893e-06,-66700
2.47722577491754e-06,-66600
2.47993636590361e-06,-66500
2.48257980629317e-06,-66400
2.48515292026123e-06,-66300
2.48765247447795e-06,-66200
2.49007518339209e-06,-66100
2.49241771467132e-06,-66000
2.49467669478929e-06,-65900
2.49684871474875e-06,-65800
2.4989303359296e-06,-65700
2.50091809605088e-06,-65600
2.5028085152353e-06,-65500
2.50459810216452e-06,-65400
2.50628336031361e-06,-65300
2.50786079425265e-06,-65200
2.5093269160036e-06,-65100
2.51067825144011e-06,-65000
2.51191134671819e-06,-64900
2.51302277472565e-06,-64800
2.51400914153779e-06,-64700
2.5148670928674e-06,-64600
2.5155933204967e-06,-64500
2.51618456867922e-06,-64400
2.51663764049951e-06,-64300
2.5169494041789e-06,-64200
2.51711679931536e-06,-64100
2.51713684304606e-06,-64000
2.51700663612107e-06,-63900
2.51672336887708e-06,-63800
2.51628432710009e-06,-63700
2.51568689776651e-06,-63600
2.51492857465202e-06,-63500
2.51400696379826e-06,-63400
2.51291978882737e-06,-63300
2.51166489609497e-06,-63200
2.51024025967237e-06,-63100
2.50864398614935e-06,-63000
2.50687431924898e-06,-62900
2.50492964424653e-06,-62800
2.50280849218495e-06,-62700
2.5005095438797e-06,-62600
2.49803163370617e-06,-62500
2.49537375316341e-06,-62400
2.49253505420847e-06,-62300
2.48951485235576e-06,-62200
2.48631262953673e-06,-62100
2.48292803671524e-06,-62000
2.4793608962549e-06,-61900
2.47561120403472e-06,-61800
2.47167913131011e-06,-61700
2.46756502631692e-06,-61600
2.46326941561618e-06,-61500
2.45879300517831e-06,-61400
2.4541366812056e-06,-61300
2.44930151069248e-06,-61200
2.44428874172331e-06,-61100
2.43909980350839e-06,-61000
2.43373630615869e-06,-60900
2.42820004020088e-06,-60800
2.42249297583427e-06,-60700
2.41661726193187e-06,-60600
2.4105752247883e-06,-60500
2.40436936661748e-06,-60400
2.39800236380361e-06,-60300
2.39147706490938e-06,-60200
2.38479648844556e-06,-60100
2.37796382040664e-06,-60000
2.37098241157746e-06,-59900
2.36385577461635e-06,-59800
2.35658758092009e-06,-59700
2.3491816572771e-06,-59600
2.34164198231474e-06,-59500
2.33397268274762e-06,-59400
2.32617802943347e-06,-59300
2.31826243324392e-06,-59200
2.31023044075725e-06,-59100
2.30208672978091e-06,-59000
2.2938361047113e-06,-58900
2.28548349173892e-06,-58800
2.27703393390689e-06,-58700
2.26849258603107e-06,-58600
2.25986470949023e-06,-58500
2.25115566689461e-06,-58400
2.2423709166416e-06,-58300
2.2335160073671e-06,-58200
2.22459657230132e-06,-58100
2.21561832353774e-06,-58000
2.20658704622418e-06,-57900
2.19750859268452e-06,-57800
2.18838887648017e-06,-57700
2.1792338664199e-06,-57600
2.17004958052685e-06,-57500
2.16084207997142e-06,-57400
2.15161746297874e-06,-57300
2.14238185871922e-06,-57200
2.13314142119079e-06,-57100
2.12390232310099e-06,-57000
2.11467074975757e-06,-56900
2.10545289297532e-06,-56800
2.09625494500748e-06,-56700
2.08708309250942e-06,-56600
2.07794351054238e-06,-56500
2.0688423566248e-06,-56400
2.05978576483855e-06,-56300
2.0507798399974e-06,-56200
2.04183065188454e-06,-56100
2.03294422956608e-06,-56000
2.02412655578702e-06,-55900
2.01538356145617e-06,-55800
2.00672112022608e-06,-55700
1.99814504317398e-06,-55600
1.98966107358937e-06,-55500
1.98127488187378e-06,-55400
1.97299206055794e-06,-55300
1.96481811944132e-06,-55200
1.95675848085876e-06,-55100
1.94881847507881e-06,-55000
1.94100333583795e-06,-54900
1.93331819601467e-06,-54800
1.9257680834473e-06,-54700
1.91835791689896e-06,-54600
1.91109250217302e-06,-54500
1.90397652838198e-06,-54400
1.89701456437258e-06,-54300
1.8902110553097e-06,-54200
1.88357031942124e-06,-54100
1.87709654490601e-06,-54000
1.87079378700654e-06,-53900
1.86466596524815e-06,-53800
1.85871686084575e-06,-53700
1.85295011427934e-06,-53600
1.84736922303906e-06,-53500
1.84197753954047e-06,-53400
1.83677826921026e-06,-53300
1.83177446874272e-06,-53200
1.8269690445268e-06,-53100
1.82236475124347e-06,-53000
1.81796419063293e-06,-52900
1.81376981043092e-06,-52800
1.80978390347321e-06,-52700
1.80600860696715e-06,-52600
1.80244590192904e-06,-52500
1.79909761278564e-06,-52400
1.79596540713835e-06,-52300
1.79305079568797e-06,-52200
1.79035513231813e-06,-52100
1.78787961433502e-06,-52000
1.78562528286116e-06,-51900
1.78359302338054e-06,-51800
1.78178356643237e-06,-51700
1.78019748845067e-06,-51600
1.77883521274652e-06,-51500
1.77769701062991e-06,-51400
1.77678300266771e-06,-51300
1.77609316007445e-06,-51200
1.77562730623216e-06,-51100
1.77538511833565e-06,-51000
1.77536612915936e-06,-50900
1.77556972894171e-06,-50800
1.77599516738302e-06,-50700
1.77664155575269e-06,-50600
1.77750786910144e-06,-50500
1.77859294857415e-06,-50400
1.77989550381887e-06,-50300
1.78141411548741e-06,-50200
1.78314723782292e-06,-50100
1.78509320132966e-06,-50000
1.78725021552031e-06,-49900
1.7896163717358e-06,-49800
1.79218964603291e-06,-49700
1.79496790213469e-06,-49600
1.79794889443854e-06,-49500
1.80113027107718e-06,-49400
1.80450957702723e-06,-49300
1.80808425726044e-06,-49200
1.81185165993248e-06,-49100
1.81580903960406e-06,-49000
1.81995356048949e-06,-48900
1.82428229972736e-06,-48800
1.82879225066841e-06,-48700
1.8334803261754e-06,-48600
1.83834336193007e-06,-48500
1.84337811974209e-06,-48400
1.84858129085502e-06,-48300
1.85394949924453e-06,-48200
1.85947930490376e-06,-48100
1.86516720711136e-06,-48000
1.87100964767719e-06,-47900
1.8770030141613e-06,-47800
1.88314364306151e-06,-47700
1.88942782296517e-06,-47600
1.8958517976609e-06,-47500
1.90241176920591e-06,-47400
1.90910390094498e-06,-47300
1.91592432047699e-06,-47200
1.92286912256539e-06,-47100
1.92993437198874e-06,-47000
1.93711610632789e-06,-46900
1.94441033868656e-06,-46800
1.95181306034192e-06,-46700
1.9593202433224e-06,-46600
1.96692784290977e-06,-46500
1.97463180006292e-06,-46400
1.98242804376093e-06,-46300
1.99031249326324e-06,-46200
1.99828106028479e-06,-46100
2.00632965108448e-06,-46000
2.01445416846541e-06,-45900
2.02265051368532e-06,-45800
2.03091458827646e-06,-45700
2.03924229577373e-06,-45600
2.0476295433506e-06,-45500
2.05607224336246e-06,-45400
2.06456631479708e-06,-45300
2.07310768463246e-06,-45200
2.08169228910234e-06,-45100
2.09031607486993e-06,-45000
2.0989750001108e-06,-44900
2.10766503550597e-06,-44800
2.11638216514657e-06,-44700
2.12512238735161e-06,-44600
2.13388171540079e-06,-44500
2.14265617818438e-06,-44400
2.15144182077249e-06,-44300
2.16023470490629e-06,-44200
2.16903090941401e-06,-44100
2.17782653055469e-06,-44000
2.18661768229286e-06,-43900
2.1954004965078e-06,-43800
2.20417112314074e-06,-43700
2.21292573028411e-06,-43600
2.22166050421675e-06,-43500
2.23037164938924e-06,-43400
2.23905538836391e-06,-43300
2.24770796171395e-06,-43200
2.25632562788627e-06,-43100
2.26490466303311e-06,-43000
2.27344136081717e-06,-42900
2.28193203219542e-06,-42800
2.29037300518673e-06,-42700
2.29876062462856e-06,-42600
2.30709125192801e-06,-42500
2.31536126481261e-06,-42400
2.32356705708622e-06,-42300
2.33170503839552e-06,-42200
2.33977163401251e-06,-42100
2.34776328463834e-06,-42000
2.35567644623413e-06,-41900
2.36350758988375e-06,-41800
2.37125320169431e-06,-41700
2.37890978273917e-06,-41600
2.3864738490489e-06,-41500
2.39394193165509e-06,-41400
2.40131057669188e-06,-41300
2.40857634556008e-06,-41200
2.4157358151584e-06,-41100
2.42278557818615e-06,-41000
2.42972224352187e-06,-40900
2.43654243668164e-06,-40800
2.44324280036109e-06,-40700
2.44981999506448e-06,-40600
2.45627069982444e-06,-40500
2.46259161301507e-06,-40400
2.46877945326148e-06,-40300
2.47483096044803e-06,-40200
2.48074289682755e-06,-40100
2.48651204823339e-06,-40000
2.49213522539571e-06,-39900
2.49760926536334e-06,-39800
2.50293103303201e-06,-39700
2.5080974227793e-06,-39600
2.51310536020666e-06,-39500
2.51795180398802e-06,-39400
2.52263374782451e-06,-39300
2.52714822250421e-06,-39200
2.53149229806556e-06,-39100
2.53566308606266e-06,-39000
2.53965774193026e-06,-38900
2.54347346744584e-06,-38800
2.54710751328603e-06,-38700
2.55055718167372e-06,-38600
2.55381982911242e-06,-38500
2.55689286920367e-06,-38400
2.55977377554294e-06,-38300
2.56246008468938e-06,-38200
2.564949399204e-06,-38100
2.5672393907509e-06,-38000
2.56932780325558e-06,-37900
2.57121245611409e-06,-37800
2.57289124744649e-06,-37700
2.57436215738788e-06,-37600
2.57562325140961e-06,-37500
2.57667268366354e-06,-37400
2.57750870034143e-06,-37300
2.57812964304173e-06,-37200
2.57853395213547e-06,-37100
2.57872017012299e-06,-37000
2.57868694497296e-06,-36900
2.57843303343495e-06,-36800
2.57795730431672e-06,-36700
2.57725874171729e-06,-36600
2.57633644820666e-06,-36500
2.57518964794305e-06,-36400
2.57381768971853e-06,-36300
2.57222004992369e-06,-36200
2.57039633542224e-06,-36100
2.56834628632621e-06,-36000
2.5660697786627e-06,-35900
2.56356682692302e-06,-35800
2.56083758648524e-06,-35700
2.55788235590127e-06,-35600
2.55470157903975e-06,-35500
2.55129584707626e-06,-35400
2.5476659003224e-06,-35300
2.54381262988567e-06,-35200
2.53973707915228e-06,-35100
2.53544044508531e-06,-35000
2.53092407933081e-06,-34900
2.526189489125e-06,-34800
2.52123833799587e-06,-34700
2.51607244625282e-06,-34600
2.51069379125865e-06,-34500
2.50510450747821e-06,-34400
2.49930688629884e-06,-34300
2.49330337561788e-06,-34200
2.48709657919312e-06,-34100
2.48068925575265e-06,-34000
2.47408431786078e-06,-33900
2.4672848305375e-06,-33800
2.4602940096293e-06,-33700
2.45311521992979e-06,-33600
2.44575197304909e-06,-33500
2.4382079250314e-06,-33400
2.430486873721e-06,-33300
2.42259275587719e-06,-33200
2.41452964403943e-06,-33100
2.40630174314453e-06,-33000
2.39791338689823e-06,-32900
2.38936903390417e-06,-32800
2.38067326355371e-06,-32700
2.37183077168092e-06,-32600
2.36284636598724e-06,-32500
2.35372496124117e-06,-32400
2.34447157425893e-06,-32300
2.33509131867223e-06,-32200
2.32558939949036e-06,-32100
2.3159711074639e-06,-32000
2.30624181325808e-06,-31900
2.29640696144433e-06,-31800
2.28647206431889e-06,-31700
2.27644269555813e-06,-31600
2.26632448372027e-06,-31500
2.25612310560401e-06,-31400
2.24584427947478e-06,-31300
2.23549375816974e-06,-31200
2.22507732209308e-06,-31100
2.21460077211347e-06,-31000
2.20406992237588e-06,-30900
2.19349059304021e-06,-30800
2.18286860295942e-06,-30700
2.17220976231034e-06,-30600
2.16151986519007e-06,-30500
2.15080468219156e-06,-30400
2.14006995297182e-06,-30300
2.12932137882632e-06,-30200
2.11856461528344e-06,-30100
2.10780526473263e-06,-30000
2.0970488691002e-06,-29900
2.0863009025864e-06,-29800
2.07556676447773e-06,-29700
2.06485177204799e-06,-29600
2.0541611535618e-06,-29500
2.04350004139399e-06,-29400
2.03287346527814e-06,-29300
2.02228634569741e-06,-29200
2.0117434874305e-06,-29100
2.00124957326533e-06,-29000
1.99080915789288e-06,-28900
1.98042666199309e-06,-28800
1.97010636652449e-06,-28700
1.95985240722896e-06,-28600
1.94966876936246e-06,-28500
1.93955928266223e-06,-28400
1.9295276165604e-06,-28300
1.91957727565385e-06,-28200
1.90971159543899e-06,-28100
1.8999337383204e-06,-28000
1.89024668990116e-06,-27900
1.88065325556232e-06,-27800
1.87115605733854e-06,-27700
1.86175753109614e-06,-27600
1.85245992401934e-06,-27500
1.84326529240963e-06,-27400
1.83417549980308e-06,-27300
1.82519221540906e-06,-27200
1.81631691287391e-06,-27100
1.80755086937187e-06,-27000
1.79889516502539e-06,-26900
1.7903506826559e-06,-26800
1.78191810786573e-06,-26700
1.77359792945106e-06,-26600
1.76539044014523e-06,-26500
1.757295737691e-06,-26400
1.74931372623969e-06,-26300
1.7414441180746e-06,-26200
1.73368643565529e-06,-26100
1.72604001397894e-06,-26000
1.71850400325403e-06,-25900
1.71107737188131e-06,-25800
1.70375890973628e-06,-25700
1.69654723174677e-06,-25600
1.68944078175881e-06,-25500
1.68243783668327e-06,-25400
1.67553651091535e-06,-25300
1.66873476101839e-06,-25200
1.6620303906631e-06,-25100
1.65542105581271e-06,-25000
1.64890427014418e-06,-24900
1.64247741069525e-06,-24800
1.63613772372654e-06,-24700
1.62988233078775e-06,-24600
1.62370823497644e-06,-24500
1.61761232737785e-06,-24400
1.61159139367356e-06,-24300
1.60564212090694e-06,-24200
1.59976110439272e-06,-24100
1.59394485475803e-06,-24000
1.58818980510216e-06,-23900
1.5824923182618e-06,-23800
1.57684869416881e-06,-23700
1.57125517728716e-06,-23600
1.56570796411581e-06,-23500
1.56020321074425e-06,-23400
1.55473704044718e-06,-23300
1.54930555130527e-06,-23200
1.54390482383859e-06,-23100
1.53853092863955e-06,-23000
1.53317993399228e-06,-22900
1.52784791346557e-06,-22800
1.5225309534665e-06,-22700
1.51722516074219e-06,-22600
1.51192666981729e-06,-22500
1.50663165035501e-06,-22400
1.50133631442976e-06,-22300
1.49603692369983e-06,-22200
1.49072979646865e-06,-22100
1.48541131462367e-06,-22000
1.48007793044206e-06,-21900
1.47472617325305e-06,-21800
1.46935265594667e-06,-21700
1.46395408131943e-06,-21600
1.45852724824772e-06,-21500
1.45306905768003e-06,-21400
1.44757651843964e-06,-21300
1.44204675282986e-06,-21200
1.43647700203414e-06,-21100
1.43086463130416e-06,-21000
1.42520713492909e-06,-20900
1.41950214098003e-06,-20800
1.41374741582369e-06,-20700
1.40794086840031e-06,-20600
1.40208055426084e-06,-20500
1.39616467935927e-06,-20400
1.39019160359605e-06,-20300
1.38415984410944e-06,-20200
1.37806807831175e-06,-20100
1.37191514666809e-06,-20000
1.36570005521562e-06,-19900
1.35942197782177e-06,-19800
1.35308025818037e-06,-19700
1.34667441154498e-06,-19600
1.34020412619926e-06,-19500
1.33366926466451e-06,-19400
1.32706986464508e-06,-19300
1.32040613971257e-06,-19200
1.31367847973026e-06,-19100
1.30688745101958e-06,-19000
1.30003379627062e-06,-18900
1.29311843419937e-06,-18800
1.28614245895437e-06,-18700
1.27910713927595e-06,-18600
1.27201391741156e-06,-18500
1.26486440779093e-06,-18400
1.25766039546505e-06,-18300
1.25040383431342e-06,-18200
1.24309684502388e-06,-18100
1.23574171285008e-06,-18000
1.22834088515144e-06,-17900
1.22089696872082e-06,-17800
1.21341272690538e-06,-17700
1.20589107652625e-06,-17600
1.19833508460252e-06,-17500
1.19074796488584e-06,-17400
1.18313307421123e-06,-17300
1.1754939086706e-06,-17200
1.16783409961499e-06,-17100
1.16015740949204e-06,-17000
1.15246772752501e-06,-16900
1.14476906523986e-06,-16800
1.13706555184698e-06,-16700
1.12936142948418e-06,-16600
1.12166104832741e-06,-16500
1.11396886157609e-06,-16400
1.10628942031957e-06,-16300
1.09862736829133e-06,-16200
1.09098743651783e-06,-16100
1.08337443786834e-06,-16000
1.07579326151266e-06,-15900
1.06824886729321e-06,-15800
1.06074628001803e-06,-15700
1.05329058368135e-06,-15600
1.04588691561815e-06,-15500
1.03854046059912e-06,-15400
1.0312564448726e-06,-15300
1.02404013015958e-06,-15200
1.01689680760835e-06,-15100
1.00983179171477e-06,-15000
1.00285041421455e-06,-14900
9.9595801795351e-07,-14800
9.89159950741955e-07,-14700
9.82461559199142e-07,-14600
9.7586818259377e-07,-14500
9.69385146686367e-07,-14400
9.63017757579397e-07,-14300
9.56771295580846e-07,-14200
9.5065100908698e-07,-14100
9.44662108489929e-07,-14000
9.38809760115696e-07,-13900
9.33099080198118e-07,-13800
9.27535128894293e-07,-13700
9.22122904346913e-07,-13600
9.16867336798902e-07,-13500
9.1177328276573e-07,-13400
9.06845519270732e-07,-13300
9.02088738148697e-07,-13200
8.97507540422997e-07,-13100
8.9310643076147e-07,-13000
8.88889812016231e-07,-12900
8.84861979852579e-07,-12800
8.81027117472121e-07,-12700
8.77389290435212e-07,-12600
8.73952441587772e-07,-12500
8.70720386097548e-07,-12400
8.67696806604802e-07,-12300
8.64885248492446e-07,-12200
8.62289115280564e-07,-12100
8.59911664150251e-07,-12000
8.57756001601676e-07,-11900
8.55825079251227e-07,-11800
8.54121689772555e-07,-11700
8.52648462986322e-07,-11600
8.5140786210337e-07,-11500
8.5040218012603e-07,-11400
8.49633536412186e-07,-11300
8.49103873406696e-07,-11200
8.48814953544673e-07,-11100
8.48768356331072e-07,-11000
8.48965475600971e-07,-10900
8.49407516964793e-07,-10800
8.50095495442703e-07,-10700
8.51030233292233e-07,-10600
8.52212358033144e-07,-10500
8.53642300673362e-07,-10400
8.55320294139749e-07,-10300
8.57246371917282e-07,-10200
8.59420366900103e-07,-10100
8.61841910457728e-07,-10000
8.64510431719532e-07,-9900
8.67425157080462e-07,-9800
8.70585109930719e-07,-9700
8.73989110611968e-07,-9600
8.77635776602407e-07,-9500
8.81523522932815e-07,-9400
8.85650562835446e-07,-9300
8.90014908627408e-07,-9200
8.94614372829901e-07,-9100
8.99446569524408e-07,-9000
9.0450891594667e-07,-8900
9.09798634318974e-07,-8800
9.15312753921e-07,-8700
9.21048113399122e-07,-8600
9.27001363313791e-07,-8500
9.33168968924261e-07,-8400
9.39547213209588e-07,-8300
9.46132200124497e-07,-8200
9.52919858088346e-07,-8100
9.59905943705057e-07,-8000
9.67086045711536e-07,-7900
9.74455589151686e-07,-7800
9.82009839772792e-07,-7700
9.89743908640643e-07,-7600
9.97652756969376e-07,-7500
1.00573120116165e-06,-7400
1.01397391805434e-06,-7300
1.02237545036464e-06,-7200
1.03093021233088e-06,-7100
1.03963249554224e-06,-7000
1.04847647495099e-06,-6900
1.05745621506039e-06,-6800
1.06656567628138e-06,-6700
1.07579872145045e-06,-6600
1.08514912250082e-06,-6500
1.09461056727884e-06,-6400
1.10417666649702e-06,-6300
1.11384096081473e-06,-6200
1.12359692803751e-06,-6100
1.13343799042526e-06,-6000
1.14335752209968e-06,-5900
1.15334885654066e-06,-5800
1.16340529416125e-06,-5700
1.17352010995065e-06,-5600
1.18368656117414e-06,-5500
1.19389789511898e-06,-5400
1.20414735687472e-06,-5300
1.21442819713664e-06,-5200
1.2247336800204e-06,-5100
1.23505709087616e-06,-5000
1.24539174409011e-06,-4900
1.25573099086145e-06,-4800
1.26606822694251e-06,-4700
1.27639690032987e-06,-4600
1.2867105188942e-06,-4500
1.29700265793657e-06,-4400
1.30726696765894e-06,-4300
1.31749718053666e-06,-4200
1.32768711858083e-06,-4100
1.33783070047842e-06,-4000
1.34792194859824e-06,-3900
1.35795499585104e-06,-3800
1.36792409239201e-06,-3700
1.37782361215425e-06,-3600
1.38764805920212e-06,-3500
1.39739207389339e-06,-3400
1.40705043883953e-06,-3300
1.41661808465379e-06,-3200
1.42609009547693e-06,-3100
1.4354617142709e-06,-3000
1.4447283478711e-06,-2900
1.45388557178828e-06,-2800
1.46292913475144e-06,-2700
1.47185496298367e-06,-2600
1.48065916420325e-06,-2500
1.48933803134273e-06,-2400
1.49788804597943e-06,-2300
1.50630588147099e-06,-2200
1.51458840579039e-06,-2100
1.52273268405535e-06,-2000
1.53073598074738e-06,-1900
1.53859576161659e-06,-1800
1.54630969526887e-06,-1700
1.55387565443242e-06,-1600
1.5612917169016e-06,-1500
1.56855616615629e-06,-1400
1.57566749165592e-06,-1300
1.58262438880759e-06,-1200
1.58942575860865e-06,-1100
1.59607070696452e-06,-1000
1.60255854368325e-06,-900
1.60888878114894e-06,-800
1.61506113267666e-06,-700
1.62107551055235e-06,-600
1.62693202376159e-06,-500
1.63263097541175e-06,-400
1.63817285985277e-06,-300
1.64355835950238e-06,-200
1.64878834138188e-06,-100
1.65386385336963e-06,0
1.65878612017958e-06,100
1.66355653907284e-06,200
1.6681766753108e-06,300
1.67264825735889e-06,400
1.67697317185042e-06,500
1.68115345832047e-06,600
1.6851913037203e-06,700
1.68908903672305e-06,800
1.69284912183204e-06,900
1.69647415330324e-06,1000
1.69996684889382e-06,1100
1.70333004344922e-06,1200
1.70656668234114e-06,1300
1.70967981476944e-06,1400
1.712672586941e-06,1500
1.7155482351388e-06,1600
1.71831007869482e-06,1700
1.72096151288031e-06,1800
1.72350600172724e-06,1900
1.72594707079486e-06,2000
1.72828829989514e-06,2100
1.73053331579131e-06,2200
1.73268578488321e-06,2300
1.7347494058936e-06,2400
1.7367279025692e-06,2500
1.73862501641035e-06,2600
1.74044449944292e-06,2700
1.74219010704606e-06,2800
1.74386559084916e-06,2900
1.74547469171114e-06,3000
1.7470211327951e-06,3100
1.74850861275095e-06,3200
1.74994079901845e-06,3300
1.75132132126274e-06,3400
1.75265376495416e-06,3500
1.75394166510371e-06,3600
1.75518850016517e-06,3700
1.75639768611463e-06,3800
1.75757257071737e-06,3900
1.75871642799215e-06,4000
1.75983245288198e-06,4100
1.76092375614023e-06,4200
1.76199335944049e-06,4300
1.76304419071788e-06,4400
1.76407907974913e-06,4500
1.76510075397821e-06,4600
1.76611183459362e-06,4700
1.76711483286313e-06,4800
1.76811214673088e-06,4900
1.76910605768143e-06,5000
1.77009872787472e-06,5100
1.77109219755521e-06,5200
1.772088382738e-06,5300
1.77308907317406e-06,5400
1.77409593059624e-06,5500
1.77511048724702e-06,5600
1.77613414468833e-06,5700
1.77716817289347e-06,5800
1.77821370962026e-06,5900
1.77927176006413e-06,6000
1.78034319678941e-06,6100
1.78142875993627e-06,6200
1.78252905770051e-06,6300
1.78364456708263e-06,6400
1.78477563490224e-06,6500
1.78592247907343e-06,6600
1.78708519013589e-06,6700
1.78826373303666e-06,6800
1.78945794915638e-06,6900
1.79066755857381e-06,7000
1.79189216256194e-06,7100
1.79313124630845e-06,7200
1.79438418185303e-06,7300
1.79565023123379e-06,7400
1.7969285498344e-06,7500
1.79821818992353e-06,7600
1.79951810437778e-06,7700
1.80082715057892e-06,7800
1.8021440944762e-06,7900
1.80346761480413e-06,8000
1.80479630744596e-06,8100
1.80612868993285e-06,8200
1.80746320606879e-06,8300
1.80879823067086e-06,8400
1.81013207441454e-06,8500
1.81146298877372e-06,8600
1.8127891710448e-06,8700
1.81410876944434e-06,8800
1.81541988826985e-06,8900
1.81672059311293e-06,9000
1.81800891611448e-06,9100
1.8192828612513e-06,9200
1.82054040964377e-06,9300
1.82177952487429e-06,9400
1.8229981583061e-06,9500
1.8241942543927e-06,9600
1.82536575596754e-06,9700
1.82651060950451e-06,9800
1.82762677033949e-06,9900
1.82871220784346e-06,10000
1.8297649105382e-06,10100
1.83078289114539e-06,10200
1.83176419156052e-06,10300
1.83270688774306e-06,10400
1.83360909451469e-06,10500
1.83446897025773e-06,10600
1.835284721506e-06,10700
1.83605460742089e-06,10800
1.8367769441455e-06,10900
1.83745010903017e-06,11000
1.83807254472306e-06,11100
1.83864276311957e-06,11200
1.83915934916498e-06,11300
1.83962096450481e-06,11400
1.84002635097799e-06,11500
1.8403743339479e-06,11600
1.84066382546712e-06,11700
1.84089382727177e-06,11800
1.84106343360173e-06,11900
1.84117183384352e-06,12000
1.84121831499275e-06,12100
1.84120226393359e-06,12200
1.84112316953289e-06,12300
1.84098062454706e-06,12400
1.84077432734005e-06,12500
1.84050408341115e-06,12600
1.84016980673167e-06,12700
1.83977152088979e-06,12800
1.83930936004335e-06,12900
1.83878356968049e-06,13000
1.83819450718841e-06,13100
1.83754264223086e-06,13200
1.83682855693528e-06,13300
1.83605294589057e-06,13400
1.83521661595706e-06,13500
1.83432048589029e-06,13600
1.83336558578046e-06,13700
1.83235305630989e-06,13800
1.83128414783074e-06,13900
1.83016021926565e-06,14000
1.82898273683427e-06,14100
1.82775327260863e-06,14200
1.82647350290054e-06,14300
1.82514520648474e-06,14400
1.82377026266113e-06,14500
1.82235064916007e-06,14600
1.82088843989464e-06,14700
1.81938580256404e-06,14800
1.81784499611235e-06,14900
1.81626836804703e-06,15000
1.81465835162179e-06,15100
1.8130174628884e-06,15200
1.81134829762218e-06,15300
1.80965352812617e-06,15400
1.80793589991882e-06,15500
1.80619822831026e-06,15600
1.80444339487237e-06,15700
1.80267434380782e-06,15800
1.80089407822329e-06,15900
1.79910565631231e-06,16000
1.79731218745311e-06,16100
1.79551682822682e-06,16200
1.79372277836162e-06,16300
1.79193327660834e-06,16400
1.79015159655301e-06,16500
1.78838104237207e-06,16600
1.78662494453568e-06,16700
1.78488665546493e-06,16800
1.7831695451485e-06,16900
1.78147699672439e-06,17000
1.77981240203251e-06,17100
1.77817915714362e-06,17200
1.77658065787039e-06,17300
1.77502029526625e-06,17400
1.77350145111755e-06,17500
1.77202749343475e-06,17600
1.77060177194828e-06,17700
1.7692276136145e-06,17800
1.76790831813759e-06,17900
1.76664715351262e-06,18000
1.76544735159554e-06,18100
1.76431210370545e-06,18200
1.76324455626463e-06,18300
1.76224780648174e-06,18400
1.76132489808351e-06,18500
1.76047881710029e-06,18600
1.75971248771068e-06,18700
1.75902876815047e-06,18800
1.75843044669105e-06,18900
1.75792023769236e-06,19000
1.7575007777354e-06,19100
1.75717462183933e-06,19200
1.75694423976793e-06,19300
1.75681201243031e-06,19400
1.75678022838062e-06,19500
1.75685108042126e-06,19600
1.75702666231426e-06,19700
1.75730896560531e-06,19800
1.75769987656462e-06,19900
1.758201173249e-06,20000
1.75881452268924e-06,20100
1.75954147820681e-06,20200
1.76038347686368e-06,20300
1.76134183704917e-06,20400
1.76241775620734e-06,20500
1.76361230870839e-06,20600
1.76492644386749e-06,20700
1.76636098411407e-06,20800
1.7679166233148e-06,20900
1.76959392525283e-06,21000
1.77139332226626e-06,21100
1.77331511404807e-06,21200
1.77535946661e-06,21300
1.77752641141242e-06,21400
1.77981584466215e-06,21500
1.78222752677984e-06,21600
1.78476108203858e-06,21700
1.78741599837489e-06,21800
1.79019162737316e-06,21900
1.79308718442451e-06,22000
1.79610174906053e-06,22100
1.79923426546226e-06,22200
1.80248354314468e-06,22300
1.80584825781642e-06,22400
1.80932695241443e-06,22500
1.81291803831288e-06,22600
1.81661979670548e-06,22700
1.82043038016002e-06,22800
1.82434781434369e-06,22900
1.82836999991759e-06,23000
1.83249471459834e-06,23100
1.83671961538466e-06,23200
1.84104224094639e-06,23300
1.84546001417323e-06,23400
1.84997024488001e-06,23500
1.85457013266543e-06,23600
1.85925676992043e-06,23700
1.86402714498258e-06,23800
1.86887814543222e-06,23900
1.87380656152605e-06,24000
1.8788090897636e-06,24100
1.88388233658157e-06,24200
1.88902282217111e-06,24300
1.89422698441252e-06,24400
1.89949118292186e-06,24500
1.90481170320371e-06,24600
1.9101847609039e-06,24700
1.91560650615608e-06,24800
1.92107302801573e-06,24900
1.92658035897486e-06,25000
1.93212447955065e-06,25100
1.93770132294108e-06,25200
1.94330677974038e-06,25300
1.94893670270709e-06,25400
1.95458691157714e-06,25500
1.9602531979147e-06,25600
1.96593132999294e-06,25700
1.97161705769705e-06,25800
1.9773061174418e-06,25900
1.98299423709566e-06,26000
1.98867714090365e-06,26100
1.99435055440102e-06,26200
2.00001020930969e-06,26300
2.00565184840971e-06,26400
2.01127123037755e-06,26500
2.01686413458368e-06,26600
2.02242636584124e-06,26700
2.02795375909835e-06,26800
2.03344218406617e-06,26900
2.03888754977536e-06,27000
2.04428580905318e-06,27100
2.0496329629143e-06,27200
2.05492506485787e-06,27300
2.06015822506399e-06,27400
2.06532861448279e-06,27500
2.07043246880955e-06,27600
2.07546609233936e-06,27700
2.08042586169541e-06,27800
2.08530822942475e-06,27900
2.0901097274562e-06,28000
2.0948269704148e-06,28100
2.09945665878788e-06,28200
2.10399558193801e-06,28300
2.1084406209584e-06,28400
2.11278875136647e-06,28500
2.1170370456322e-06,28600
2.12118267553734e-06,28700
2.12522291436296e-06,28800
2.12915513890212e-06,28900
2.13297683129577e-06,29000
2.13668558068966e-06,29100
2.14027908471079e-06,29200
2.14375515076227e-06,29300
2.14711169713574e-06,29400
2.150346753941e-06,29500
2.15345846385284e-06,29600
2.15644508267556e-06,29700
2.15930497972587e-06,29800
2.1620366380355e-06,29900
2.16463865437499e-06,30000
2.1671097391008e-06,30100
2.16944871582799e-06,30200
2.17165452093128e-06,30300
2.17372620287767e-06,30400
2.17566292139401e-06,30500
2.17746394647347e-06,30600
2.1791286572251e-06,30700
2.18065654057098e-06,30800
2.18204718979591e-06,30900
2.18330030295469e-06,31000
2.18441568114272e-06,31100
2.18539322663539e-06,31200
2.18623294090259e-06,31300
2.18693492250443e-06,31400
2.18749936487492e-06,31500
2.18792655400017e-06,31600
2.18821686599829e-06,31700
2.188370764608e-06,31800
2.18838879859339e-06,31900
2.18827159907227e-06,32000
2.18801987677577e-06,32100
2.18763441924684e-06,32200
2.18711608798556e-06,32300
2.18646581554912e-06,32400
2.18568460261435e-06,32500
2.18477351501084e-06,32600
2.18373368073265e-06,32700
2.18256628693635e-06,32800
2.18127257693363e-06,32900
2.1798538471861e-06,33000
2.1783114443101e-06,33100
2.17664676209932e-06,33200
2.17486123857259e-06,33300
2.1729563530545e-06,33400
2.17093362329587e-06,33500
2.16879460264129e-06,33600
2.16654087725058e-06,33700
2.16417406338084e-06,33800
2.16169580473537e-06,33900
2.15910776988589e-06,34000
2.15641164977374e-06,34100
2.15360915529568e-06,34200
2.15070201497979e-06,34300
2.14769197275619e-06,34400
2.14458078582747e-06,34500
2.14137022264302e-06,34600
2.13806206098129e-06,34700
2.13465808614356e-06,34800
2.1311600892624e-06,34900
2.12756986572785e-06,35000
2.12388921373346e-06,35100
2.12011993294465e-06,35200
2.11626382329072e-06,35300
2.1123226838819e-06,35400
2.10829831205237e-06,35500
2.10419250252955e-06,35600
2.10000704672977e-06,35700
2.09574373217991e-06,35800
2.09140434206431e-06,35900
2.08699065489562e-06,36000
2.08250444430815e-06,36100
2.07794747897161e-06,36200
2.07332152262296e-06,36300
2.06862833421362e-06,36400
2.06386966816878e-06,36500
2.05904727475555e-06,36600
2.05416290055589e-06,36700
2.0492182890403e-06,36800
2.0442151812377e-06,36900
2.03915531649662e-06,37000
2.03404043333274e-06,37100
2.02887227035724e-06,37200
2.02365256728031e-06,37300
2.01838306598401e-06,37400
2.01306551165814e-06,37500
2.007701653993e-06,37600
2.00229324842219e-06,37700
1.99684205740898e-06,37800
1.99134985176924e-06,37900
1.98581841202384e-06,38000
1.98024952977356e-06,38100
1.97464500908912e-06,38200
1.96900666790909e-06,38300
1.96333633943836e-06,38400
1.95763587353977e-06,38500
1.9519071381115e-06,38600
1.94615202044292e-06,38700
1.94037242854148e-06,38800
1.93457029242352e-06,38900
1.9287475653617e-06,39000
1.92290622508202e-06,39100
1.91704827490358e-06,39200
1.91117574481408e-06,39300
1.90529069247464e-06,39400
1.89939520414738e-06,39500
1.89349139553961e-06,39600
1.88758141255848e-06,39700
1.88166743197051e-06,39800
1.8757516619604e-06,39900
1.86983634258388e-06,40000
1.86392374610977e-06,40100
1.85801617724652e-06,40200
1.85211597324906e-06,40300
1.84622550390188e-06,40400
1.84034717137489e-06,40500
1.83448340994868e-06,40600
1.82863668560645e-06,40700
1.82280949548997e-06,40800
1.81700436721766e-06,40900
1.81122385806293e-06,41000
1.80547055399167e-06,41100
1.79974706855779e-06,41200
1.7940560416566e-06,41300
1.78840013813572e-06,41400
1.78278204626414e-06,41500
1.77720447606003e-06,41600
1.77167015747859e-06,41700
1.76618183846158e-06,41800
1.76074228285046e-06,41900
1.75535426816576e-06,42000
1.75002058325531e-06,42100
1.7447440258148e-06,42200
1.73952739978411e-06,42300
1.73437351262353e-06,42400
1.72928517247427e-06,42500
1.72426518520789e-06,42600
1.71931635136997e-06,42700
1.71444146302313e-06,42800
1.7096433004955e-06,42900
1.70492462904049e-06,43000
1.70028819541423e-06,43100
1.69573672437751e-06,43200
1.6912729151288e-06,43300
1.68689943767586e-06,43400
1.68261892915301e-06,43500
1.67843399009184e-06,43600
1.674347180653e-06,43700
1.67036101682709e-06,43800
1.66647796661275e-06,43900
1.66270044618009e-06,44000
1.65903081602781e-06,44100
1.65547137714252e-06,44200
1.65202436716859e-06,44300
1.6486919565972e-06,44400
1.64547624498298e-06,44500
1.64237925719698e-06,44600
1.63940293972435e-06,44700
1.63654915701527e-06,44800
1.6338196878976e-06,44900
1.63121622205955e-06,45000
1.62874035661066e-06,45100
1.62639359272911e-06,45200
1.6241773324035e-06,45300
1.62209287527679e-06,45400
1.62014141560009e-06,45500
1.61832403930366e-06,45600
1.61664172119251e-06,45700
1.61509532227329e-06,45800
1.61368558721956e-06,45900
1.61241314198155e-06,46000
1.61127849154677e-06,46100
1.61028201785738e-06,46200
1.60942397788968e-06,46300
1.60870450190121e-06,46400
1.60812359185012e-06,46500
1.60768111999155e-06,46600
1.60737682765504e-06,46700
1.60721032420694e-06,46800
1.60718108620115e-06,46900
1.60728845672133e-06,47000
1.60753164491714e-06,47100
1.60790972573694e-06,47200
1.60842163985859e-06,47300
1.60906619382011e-06,47400
1.60984206035094e-06,47500
1.61074777890466e-06,47600
1.61178175639342e-06,47700
1.61294226812368e-06,47800
1.61422745893297e-06,47900
1.6156353445265e-06,48000
1.6171638130123e-06,48100
1.61881062663307e-06,48200
1.6205734236927e-06,48300
1.62244972067464e-06,48400
1.6244369145495e-06,48500
1.62653228526828e-06,48600
1.62873299843781e-06,48700
1.63103610817417e-06,48800
1.63343856012988e-06,48900
1.63593719469005e-06,49000
1.6385287503326e-06,49100
1.64120986714704e-06,49200
1.64397709050644e-06,49300
1.64682687488647e-06,49400
1.64975558782541e-06,49500
1.65275951401889e-06,49600
1.65583485954233e-06,49700
1.65897775619464e-06,49800
1.66218426595574e-06,49900
1.66545038555085e-06,50000
1.668772051114e-06,50100
1.67214514294317e-06,50200
1.6755654903394e-06,50300
1.67902887652185e-06,50400
1.68253104361099e-06,50500
1.68606769767176e-06,50600
1.68963451380859e-06,50700
1.69322714130419e-06,50800
1.69684120879363e-06,50900
1.70047232946581e-06,51000
1.70411610628373e-06,51100
1.70776813721558e-06,51200
1.71142402046829e-06,51300
1.7150793597154e-06,51400
1.7187297693112e-06,51500
1.722370879483e-06,51600
1.72599834149374e-06,51700
1.72960783276694e-06,51800
1.7331950619664e-06,51900
1.73675577402296e-06,52000
1.74028575510101e-06,52100
1.7437808374973e-06,52200
1.74723690446518e-06,52300
1.750649894957e-06,52400
1.75401580827833e-06,52500
1.75733070864717e-06,52600
1.76059072965194e-06,52700
1.76379207860223e-06,52800
1.76693104076628e-06,52900
1.77000398348977e-06,53000
1.77300736019034e-06,53100
1.77593771422287e-06,53200
1.77879168261062e-06,53300
1.78156599963758e-06,53400
1.78425750029774e-06,53500
1.78686312359721e-06,53600
1.78937991570547e-06,53700
1.79180503295216e-06,53800
1.7941357446662e-06,53900
1.7963694358544e-06,54000
1.79850360971679e-06,54100
1.80053588999633e-06,54200
1.80246402316104e-06,54300
1.80428588041647e-06,54400
1.8059994595473e-06,54500
1.80760288658661e-06,54600
1.80909441731194e-06,54700
1.81047243856741e-06,54800
1.81173546941151e-06,54900
1.81288216209037e-06,55000
1.81391130283662e-06,55100
1.81482181249424e-06,55200
1.81561274696988e-06,55300
1.8162832975117e-06,55400
1.81683279081662e-06,55500
1.8172606889675e-06,55600
1.81756658920165e-06,55700
1.8177502235125e-06,55800
1.81781145808647e-06,55900
1.81775029257713e-06,56000
1.81756685921916e-06,56100
1.81726142178459e-06,56200
1.81683437438411e-06,56300
1.81628624011649e-06,56400
1.81561766956904e-06,56500
1.81482943917256e-06,56600
1.81392244941406e-06,56700
1.81289772291086e-06,56800
1.81175640234991e-06,56900
1.81049974829581e-06,57000
1.80912913687188e-06,57100
1.80764605731806e-06,57200
1.8060521094299e-06,57300
1.80434900088292e-06,57400
1.80253854444661e-06,57500
1.80062265509256e-06,57600
1.79860334700124e-06,57700
1.7964827304719e-06,57800
1.79426300874031e-06,57900
1.79194647470901e-06,58000
1.78953550759473e-06,58100
1.78703256949785e-06,58200
1.78444020189857e-06,58300
1.78176102208478e-06,58400
1.77899771951631e-06,58500
1.77615305213058e-06,58600
1.77322984259438e-06,58700
1.77023097450685e-06,58800
1.76715938855831e-06,58900
1.76401807865001e-06,59000
1.76081008797965e-06,59100
1.75753850509736e-06,59200
1.75420645993727e-06,59300
1.75081711982917e-06,59400
1.74737368549537e-06,59500
1.74387938703729e-06,59600
1.74033747991662e-06,59700
1.7367512409358e-06,59800
1.7331239642224e-06,59900
1.72945895722209e-06,60000
1.72575953670473e-06,60100
1.7220290247882e-06,60200
1.71827074498445e-06,60300
1.71448801827208e-06,60400
1.71068415920013e-06,60500
1.70686247202704e-06,60600
1.7030262468995e-06,60700
1.69917875607497e-06,60800
1.69532325019243e-06,60900
1.69146295459521e-06,61000
1.68760106571001e-06,61100
1.68374074748621e-06,61200
1.67988512789914e-06,61300
1.67603729552141e-06,61400
1.67220029616589e-06,61500
1.6683771296041e-06,61600
1.66457074636368e-06,61700
1.66078404460844e-06,61800
1.65701986710442e-06,61900
1.65328099827549e-06,62000
1.64957016135163e-06,62100
1.64589001561329e-06,62200
1.64224315373478e-06,62300
1.63863209922988e-06,62400
1.63505930400265e-06,62500
1.63152714600611e-06,62600
1.62803792701181e-06,62700
1.62459387049275e-06,62800
1.62119711962234e-06,62900
1.61784973539181e-06,63000
1.61455369484844e-06,63100
1.61131088945682e-06,63200
1.60812312358533e-06,63300
1.60499211311972e-06,63400
1.60191948420588e-06,63500
1.59890677212334e-06,63600
1.59595542029125e-06,63700
1.59306677940838e-06,63800
1.59024210672836e-06,63900
1.58748256547154e-06,64000
1.5847892243744e-06,64100
1.58216305737762e-06,64200
1.57960494345341e-06,64300
1.57711566657282e-06,64400
1.57469591581353e-06,64500
1.57234628560829e-06,64600
1.57006727613438e-06,64700
1.56785929384376e-06,64800
1.56572265213397e-06,64900
1.56365757215922e-06,65000
1.56166418378124e-06,65100
1.55974252665906e-06,65200
1.55789255147674e-06,65300
1.55611412130811e-06,65400
1.55440701311701e-06,65500
1.55277091939162e-06,65600
1.55120544991116e-06,65700
1.54971013364303e-06,65800
1.54828442076835e-06,65900
1.54692768483342e-06,66000
1.54563922502487e-06,66100
1.54441826856543e-06,66200
1.54326397322777e-06,66300
1.54217542996289e-06,66400
1.54115166564008e-06,66500
1.54019164589467e-06,66600
1.53929427807989e-06,66700
1.53845841431894e-06,66800
1.53768285465309e-06,66900
1.53696635028135e-06,67000
1.53630760688741e-06,67100
1.53570528804879e-06,67200
1.53515801872359e-06,67300
1.53466438880945e-06,67400
1.53422295676956e-06,67500
1.53383225332026e-06,67600
1.53349078517446e-06,67700
1.53319703883517e-06,67800
1.53294948443312e-06,67900
1.53274657960231e-06,68000
1.53258677338732e-06,68100
1.53246851017575e-06,68200
1.53239023364955e-06,68300
1.53235039074825e-06,68400
1.53234743563756e-06,68500
1.53237983367632e-06,68600
1.53244606537485e-06,68700
1.53254463033771e-06,68800
1.53267405118365e-06,68900
1.53283287743559e-06,69000
1.53301968937343e-06,69100
1.5332331018424e-06,69200
1.53347176800961e-06,69300
1.5337343830616e-06,69400
1.5340196878354e-06,69500
1.53432647237609e-06,69600
1.53465357941329e-06,69700
1.53499990774962e-06,69800
1.53536441555381e-06,69900
1.53574612355148e-06,70000
1.53614411810653e-06,70100
1.53655755418623e-06,70200
1.53698565820327e-06,70300
1.53742773072817e-06,70400
1.53788314906537e-06,70500
1.53835136968683e-06,70600
1.53883193051687e-06,70700
1.53932445306232e-06,70800
1.53982864438216e-06,70900
1.5403442988911e-06,71000
1.54087129999181e-06,71100
1.54140962153065e-06,71200
1.54195932907215e-06,71300
1.54252058098763e-06,71400
1.54309362935377e-06,71500
1.54367882065711e-06,71600
1.54427659630086e-06,71700
1.54488749291066e-06,71800
1.5455121424364e-06,71900
1.54615127204736e-06,72000
1.54680570381835e-06,72100
1.54747635420518e-06,72200
1.54816423330755e-06,72300
1.54887044391849e-06,72400
1.54959618035953e-06,72500
1.55034272710112e-06,72600
1.55111145716849e-06,72700
1.5519038303333e-06,72800
1.55272139109203e-06,72900
1.55356576643235e-06,73000
1.55443866338924e-06,73100
1.55534186639296e-06,73200
1.55627723441147e-06,73300
1.5572466978903e-06,73400
1.55825225549333e-06,73500
1.55929597064835e-06,73600
1.56037996790155e-06,73700
1.56150642908596e-06,73800
1.56267758930863e-06,73900
1.56389573276233e-06,74000
1.56516318836765e-06,74100
1.56648232525189e-06,74200
1.5678555480714e-06,74300
1.56928529218473e-06,74400
1.5707740186838e-06,74500
1.57232420929131e-06,74600
1.57393836113234e-06,74700
1.57561898138892e-06,74800
1.57736858184638e-06,74900
1.57918967334075e-06,75000
1.58108476011674e-06,75100
1.58305633410605e-06,75200
1.58510686913618e-06,75300
1.58723881508001e-06,75400
1.58945459195669e-06,75500
1.59175658399472e-06,75600
1.59414713366807e-06,75700
1.59662853571649e-06,75800
1.59920303116147e-06,75900
1.601872801329e-06,76000
1.60463996189091e-06,76100
1.60750655693633e-06,76200
1.61047455308481e-06,76300
1.61354583365319e-06,76400
1.61672219288747e-06,76500
1.62000533027193e-06,76600
1.62339684492679e-06,76700
1.62689823010633e-06,76800
1.63051086780892e-06,76900
1.63423602351044e-06,77000
1.63807484103252e-06,77100
1.64202833755667e-06,77200
1.64609739879535e-06,77300
1.65028277433086e-06,77400
1.65458507313253e-06,77500
1.65900475926262e-06,77600
1.66354214778095e-06,77700
1.66819740085806e-06,77800
1.67297052410629e-06,77900
1.67786136313791e-06,78000
1.68286960035916e-06,78100
1.68799475200826e-06,78200
1.69323616544569e-06,78300
1.69859301670405e-06,78400
1.70406430830457e-06,78500
1.70964886734709e-06,78600
1.71534534387939e-06,78700
1.72115220955176e-06,78800
1.72706775656172e-06,78900
1.73309009689371e-06,79000
1.73921716185765e-06,79100
1.74544670193e-06,79200
1.75177628690018e-06,79300
1.75820330632481e-06,79400
1.76472497029159e-06,79500
1.77133831049383e-06,79600
1.77804018161654e-06,79700
1.78482726303382e-06,79800
1.79169606081716e-06,79900
1.79864291005326e-06,80000
1.80566397746969e-06,80100
1.81275526436594e-06,80200
1.8199126098467e-06,80300
1.82713169435399e-06,80400
1.83440804349356e-06,80500
1.84173703215099e-06,80600
1.84911388889198e-06,80700
1.85653370064075e-06,80800
1.86399141762999e-06,80900
1.87148185861534e-06,81000
1.8789997163465e-06,81100
1.88653956328691e-06,81200
1.89409585757311e-06,81300
1.90166294920465e-06,81400
1.90923508645472e-06,81500
1.91680642249128e-06,81600
1.92437102219805e-06,81700
1.93192286918431e-06,81800
1.93945587297186e-06,81900
1.94696387634738e-06,82000
1.95444066286791e-06,82100
1.96187996450681e-06,82200
1.96927546942734e-06,82300
1.97662082987064e-06,82400
1.98390967014466e-06,82500
1.99113559470043e-06,82600
1.99829219628169e-06,82700
2.00537306413384e-06,82800
2.01237179225807e-06,82900
2.01928198769631e-06,83000
2.02609727883259e-06,83100
2.03281132369634e-06,83200
2.03941781825326e-06,83300
2.04591050466908e-06,83400
2.05228317953201e-06,83500
2.05852970201939e-06,83600
2.0646440019942e-06,83700
2.07062008801753e-06,83800
2.07645205526278e-06,83900
2.08213409331804e-06,84000
2.08766049386284e-06,84100
2.09302565820624e-06,84200
2.09822410467303e-06,84300
2.10325047582536e-06,84400
2.1080995455075e-06,84500
2.11276622570159e-06,84600
2.11724557318285e-06,84700
2.12153279596293e-06,84800
2.1256232595107e-06,84900
2.12951249274013e-06,85000
2.13319619375539e-06,85100
2.13667023534384e-06,85200
2.1399306702082e-06,85300
2.14297373592943e-06,85400
2.14579585965287e-06,85500
2.14839366249022e-06,85600
2.15076396363104e-06,85700
2.15290378415779e-06,85800
2.15481035055897e-06,85900
2.15648109793581e-06,86000
2.15791367289832e-06,86100
2.15910593614743e-06,86200
2.1600559647403e-06,86300
2.16076205403671e-06,86400
2.16122271932525e-06,86500
2.16143669712813e-06,86600
2.16140294618488e-06,86700
2.16112064811512e-06,86800
2.16058920776167e-06,86900
2.15980825321583e-06,87000
2.1587776355272e-06,87100
2.15749742810107e-06,87200
2.15596792578717e-06,87300
2.15418964366394e-06,87400
2.15216331552322e-06,87500
2.14988989206095e-06,87600
2.14737053877966e-06,87700
2.14460663360954e-06,87800
2.14159976425502e-06,87900
2.13835172527461e-06,88000
2.13486451490187e-06,88100
2.13114033161633e-06,88200
2.12718157047313e-06,88300
2.12299081920088e-06,88400
2.11857085407751e-06,88500
2.11392463559434e-06,88600
2.10905530391874e-06,88700
2.10396617416629e-06,88800
2.0986607314935e-06,88900
2.09314262602242e-06,89000
2.08741566760869e-06,89100
2.08148382046477e-06,89200
2.07535119765033e-06,89300
2.06902205544175e-06,89400
2.06250078759288e-06,89500
2.05579191949933e-06,89600
2.04890010227844e-06,89700
2.04183010677723e-06,89800
2.03458681752048e-06,89900
2.02717522661118e-06,90000
2.01960042759535e-06,90100
2.01186760930313e-06,90200
2.00398204967807e-06,90300
1.99594910960611e-06,90400
1.98777422675569e-06,90500
1.97946290944024e-06,90600
1.97102073051376e-06,90700
1.96245332131039e-06,90800
1.95376636563801e-06,90900
1.94496559383601e-06,91000
1.93605677690678e-06,91100
1.92704572073005e-06,91200
1.91793826036914e-06,91300
1.90874025447719e-06,91400
1.89945757981164e-06,91500
1.89009612586413e-06,91600
1.8806617896132e-06,91700
1.87116047040596e-06,91800
1.86159806497498e-06,91900
1.85198046259591e-06,92000
1.84231354039064e-06,92100
1.83260315878077e-06,92200
1.82285515709496e-06,92300
1.81307534933389e-06,92400
1.80326952009544e-06,92500
1.79344342066249e-06,92600
1.78360276525517e-06,92700
1.77375322744859e-06,92800
1.76390043675694e-06,92900
1.754049975384e-06,93000
1.74420737513972e-06,93100
1.73437811452195e-06,93200
1.72456761596205e-06,93300
1.71478124323224e-06,93400
1.7050242990127e-06,93500
1.69530202261516e-06,93600
1.68561958786009e-06,93700
1.67598210110348e-06,93800
1.66639459940927e-06,93900
1.6568620488628e-06,94000
1.64738934302045e-06,94100
1.6379813014902e-06,94200
1.6286426686375e-06,94300
1.61937811241067e-06,94400
1.61019222327961e-06,94500
1.60108951328137e-06,94600
1.5920744151661e-06,94700
1.58315128163641e-06,94800
1.57432438467319e-06,94900
1.56559791494078e-06,95000
1.55697598126424e-06,95100
1.54846261017131e-06,95200
1.54006174549179e-06,95300
1.53177724800681e-06,95400
1.52361289514064e-06,95500
1.51557238068772e-06,95600
1.50765931456746e-06,95700
1.4998772225997e-06,95800
1.4922295462937e-06,95900
1.48471964264364e-06,96000
1.477350783924e-06,96100
1.47012615747809e-06,96200
1.46304886549341e-06,96300
1.45612192475785e-06,96400
1.44934826639083e-06,96500
1.44273073554374e-06,96600
1.43627209106483e-06,96700
1.42997500512325e-06,96800
1.42384206278818e-06,96900
1.4178757615586e-06,97000
1.41207851084026e-06,97100
1.40645263136636e-06,97200
1.40100035455926e-06,97300
1.39572382183063e-06,97400
1.39062508381824e-06,97500
1.38570609955779e-06,97600
1.38096873558882e-06,97700
1.37641476499412e-06,97800
1.37204586637262e-06,97900
1.36786362274613e-06,98000
1.36386952040097e-06,98100
1.36006494766572e-06,98200
1.35645119362721e-06,98300
1.35302944678687e-06,98400
1.34980079366054e-06,98500
1.34676621732492e-06,98600
1.34392659591448e-06,98700
1.34128270107305e-06,98800
1.33883519636485e-06,98900
1.33658463564992e-06,99000
1.3345314614296e-06,99100
1.33267600316782e-06,99200
1.33101847559462e-06,99300
1.32955897699836e-06,99400
1.32829748751374e-06,99500
1.32723386741272e-06,99600
1.32636785540608e-06,99700
1.32569906696326e-06,99800
1.32522699265855e-06,99900
1.32495099655203e-06,100000
1.32487031461341e-06,100100
1.32498405319761e-06,100200
1.32529118758056e-06,100300
1.32579056056414e-06,100400
1.326480881159e-06,100500
1.32736072335415e-06,100600
1.32842852498221e-06,100700
1.32968258668902e-06,100800
1.33112107101646e-06,100900
1.33274200160709e-06,101000
1.33454326253906e-06,101100
1.33652259779963e-06,101200
1.3386776109055e-06,101300
1.34100576467775e-06,101400
1.34350438117908e-06,101500
1.34617064182061e-06,101600
1.34900158764545e-06,101700
1.35199411979537e-06,101800
1.35514500016719e-06,101900
1.3584508522645e-06,102000
1.36190816225029e-06,102100
1.3655132802054e-06,102200
1.36926242159725e-06,102300
1.37315166896291e-06,102400
1.37717697380984e-06,102500
1.38133415873737e-06,102600
1.38561891978104e-06,102700
1.39002682898173e-06,102800
1.39455333718063e-06,102900
1.39919377704067e-06,103000
1.4039433662942e-06,103100
1.40879721121639e-06,103200
1.41375031032281e-06,103300
1.41879755828939e-06,103400
1.42393375009187e-06,103500
1.42915358536174e-06,103600
1.43445167295442e-06,103700
1.43982253572538e-06,103800
1.44526061550875e-06,103900
1.45076027829264e-06,104000
1.45631581958468e-06,104100
1.46192146996061e-06,104200
1.46757140078833e-06,104300
1.47325973011891e-06,104400
1.47898052873584e-06,104500
1.48472782635301e-06,104600
1.49049561795147e-06,104700
1.49627787024447e-06,104800
1.50206852825979e-06,104900
1.50786152202803e-06,105000
1.51365077336475e-06,105100
1.5194302027345e-06,105200
1.52519373618377e-06,105300
1.53093531233007e-06,105400
1.5366488893937e-06,105500
1.54232845225864e-06,105600
1.54796801954877e-06,105700
1.55356165070528e-06,105800
1.55910345305111e-06,105900
1.56458758882799e-06,106000
1.57000828219176e-06,106100
1.57535982615131e-06,106200
1.58063658943672e-06,106300
1.58583302328208e-06,106400
1.5909436681085e-06,106500
1.59596316009311e-06,106600
1.60088623760971e-06,106700
1.60570774752719e-06,106800
1.61042265135193e-06,106900
1.61502603120059e-06,107000
1.61951309559028e-06,107100
1.62387918503299e-06,107200
1.62811977742205e-06,107300
1.63223049319843e-06,107400
1.63620710028533e-06,107500
1.6400455187799e-06,107600
1.64374182539157e-06,107700
1.64729225761689e-06,107800
1.65069321764153e-06,107900
1.65394127596044e-06,108000
1.65703317470823e-06,108100
1.659965830692e-06,108200
1.66273633812004e-06,108300
1.66534197102012e-06,108400
1.66778018534212e-06,108500
1.67004862074032e-06,108600
1.67214510203165e-06,108700
1.67406764032673e-06,108800
1.6758144338315e-06,108900
1.67738386831813e-06,109000
1.67877451726445e-06,109100
1.67998514166222e-06,109200
1.6810146894953e-06,109300
1.6818622948895e-06,109400
1.68252727693707e-06,109500
1.68300913819899e-06,109600
1.68330756288982e-06,109700
1.68342241474997e-06,109800
1.68335373461158e-06,109900
1.68310173766452e-06,110000
1.68266681043039e-06,110100
1.68204950745237e-06,110200
1.68125054771031e-06,110300
1.68027081077058e-06,110400
1.67911133268107e-06,110500
1.67777330162258e-06,110600
1.67625805332811e-06,110700
1.6745670662825e-06,110800
1.6727019567152e-06,110900
1.67066447339958e-06,111000
1.66845649227284e-06,111100
1.66608001089059e-06,111200
1.6635371427313e-06,111300
1.66083011136537e-06,111400
1.65796124450473e-06,111500
1.65493296794854e-06,111600
1.65174779944121e-06,111700
1.64840834245897e-06,111800
1.6449172799415e-06,111900
1.64127736798525e-06,112000
1.637491429515e-06,112100
1.63356234795055e-06,112200
1.62949306088505e-06,112300
1.62528655379173e-06,112400
1.62094585377544e-06,112500
1.61647402338555e-06,112600
1.61187415450618e-06,112700
1.60714936233973e-06,112800
1.60230277949951e-06,112900
1.59733755022649e-06,113000
1.59225682474534e-06,113100
1.58706375377411e-06,113200
1.58176148320157e-06,113300
1.57635314894589e-06,113400
1.5708418720075e-06,113500
1.56523075372855e-06,113600
1.55952287127084e-06,113700
1.55372127332334e-06,113800
1.54782897604972e-06,113900
1.5418489592856e-06,114000
1.53578416299471e-06,114100
1.52963748399195e-06,114200
1.52341177294101e-06,114300
1.51710983163301e-06,114400
1.5107344105521e-06,114500
1.50428820673284e-06,114600
1.49777386191356e-06,114700
1.49119396098876e-06,114800
1.48455103076298e-06,114900
1.47784753900745e-06,115000
1.47108589382009e-06,115100
1.46426844328846e-06,115200
1.45739747545425e-06,115300
1.45047521857723e-06,115400
1.44350384169552e-06,115500
1.43648545547805e-06,115600
1.42942211336454e-06,115700
1.42231581298707e-06,115800
1.41516849786672e-06,115900
1.40798205937787e-06,116000
1.40075833897181e-06,116100
1.39349913065069e-06,116200
1.38620618368204e-06,116300
1.37888120554315e-06,116400
1.37152586508425e-06,116500
1.36414179589835e-06,116600
1.35673059988535e-06,116700
1.34929385099699e-06,116800
1.34183309914911e-06,116900
1.33434987428667e-06,117000
1.32684569058693e-06,117100
1.31932205078535e-06,117200
1.31178045060871e-06,117300
1.30422238329918e-06,117400
1.29664934421324e-06,117500
1.28906283547862e-06,117600
1.28146437069242e-06,117700
1.27385547964346e-06,117800
1.26623771304157e-06,117900
1.25861264723658e-06,118000
1.25098188890976e-06,118100
1.24334707972037e-06,118200
1.23570990089015e-06,118300
1.22807207770858e-06,118400
1.22043538394202e-06,118500
1.21280164612999e-06,118600
1.20517274775211e-06,118700
1.19755063324954e-06,118800
1.18993731188505e-06,118900
1.18233486142645e-06,119000
1.17474543163825e-06,119100
1.16717124756717e-06,119200
1.15961461260749e-06,119300
1.15207791133292e-06,119400
1.14456361208214e-06,119500
1.13707426928593e-06,119600
1.12961252552441e-06,119700
1.12218111330375e-06,119800
1.11478285654221e-06,119900
1.10742067175644e-06,120000
1.10009756893959e-06,120100
1.09281665212364e-06,120200
1.0855811196193e-06,120300
1.07839426392755e-06,120400
1.07125947131798e-06,120500
1.06418022106976e-06,120600
1.05716008437227e-06,120700
1.05020272288309e-06,120800
1.04331188694226e-06,120900
1.03649141344227e-06,121000
1.02974522335476e-06,121100
1.02307731891531e-06,121200
1.01649178046896e-06,121300
1.00999276298007e-06,121400
1.00358449221076e-06,121500
9.97271260573556e-07,121600
9.91057422664381e-07,121700
9.84947390483154e-07,121800
9.78945628350098e-07,121900
9.73056647526694e-07,122000
9.67285000551104e-07,122100
9.61635275298682e-07,122200
9.56112088779001e-07,122300
9.50720080681582e-07,122400
9.45463906683248e-07,122500
9.40348231530748e-07,122600
9.35377721912937e-07,122700
9.30557039137458e-07,122800
9.25890831627446e-07,122900
9.21383727254371e-07,123000
9.17040325523591e-07,123100
9.12865189629725e-07,123200
9.08862838399352e-07,123300
9.05037738138937e-07,123400
9.01394294406225e-07,123500
8.97936843723658e-07,123600
8.9466964525258e-07,123700
8.91596872447262e-07,123800
8.88722604707846e-07,123900
8.86050819051503e-07,124000
8.83585381821095e-07,124100
8.81330040450659e-07,124200
8.79288415307008e-07,124300
8.77463991626626e-07,124400
8.75860111566929e-07,124500
8.74479966390753e-07,124600
8.73326588802729e-07,124700
8.72402845455896e-07,124800
8.71711429646617e-07,124900
8.7125485421546e-07,125000
8.71035444671336e-07,125100
8.71055332555696e-07,125200
8.71316449063115e-07,125300
8.71820518934075e-07,125400
8.72569054635142e-07,125500
8.73563350841169e-07,125600
8.74804479233502e-07,125700
8.76293283627471e-07,125800
8.78030375441759e-07,125900
8.80016129521514e-07,126000
8.82250680326276e-07,126100
8.84733918493022e-07,126200
8.87465487783819e-07,126300
8.90444782426722e-07,126400
8.93670944857719e-07,126500
8.97142863870652e-07,126600
9.00859173181128e-07,126700
9.04818250409592e-07,126800
9.09018216487749e-07,126900
9.13456935491696e-07,127000
9.18132014904101e-07,127100
9.23040806306945e-07,127200
9.28180406505312e-07,127300
9.33547659081884e-07,127400
9.39139156380801e-07,127500
9.44951241918664e-07,127600
9.50980013219553e-07,127700
9.57221325070023e-07,127800
9.63670793189144e-07,127900
9.70323798307823e-07,128000
9.77175490650726e-07,128100
9.84220794813348e-07,128200
9.91454415025901e-07,128300
9.98870840794966e-07,128400
1.00646435291299e-06,128500
1.01422902982508e-06,128600
1.02215875434172e-06,128700
1.03024722068539e-06,128800
1.0384879418585e-06,128900
1.04687425731923e-06,129000
1.05539934095139e-06,129100
1.06405620931399e-06,129200
1.07283773015533e-06,129300
1.08173663117631e-06,129400
1.09074550902697e-06,129500
1.09985683851991e-06,129600
1.10906298204393e-06,129700
1.11835619916086e-06,129800
1.12772865636814e-06,129900
1.13717243700968e-06,130000
1.14667955131707e-06,130100
1.15624194656326e-06,130200
1.16585151731049e-06,130300
1.1755001157343e-06,130400
1.18517956200528e-06,130500
1.19488165471038e-06,130600
1.20459818129537e-06,130700
1.21432092851031e-06,130800
1.22404169283997e-06,130900
1.23375229090107e-06,131000
1.24344456978874e-06,131100
1.25311041735444e-06,131200
1.26274177239813e-06,131300
1.27233063475758e-06,131400
1.28186907527805e-06,131500
1.29134924564599e-06,131600
1.3007633880708e-06,131700
1.31010384479887e-06,131800
1.31936306744494e-06,131900
1.32853362612592e-06,132000
1.33760821838302e-06,132100
1.3465796778785e-06,132200
1.35544098285387e-06,132300
1.36418526433689e-06,132400
1.37280581408544e-06,132500
1.38129609225672e-06,132600
1.38964973479109e-06,132700
1.39786056050029e-06,132800
1.40592257785049e-06,132900
1.41382999143135e-06,133000
1.42157720810283e-06,133100
1.42915884281219e-06,133200
1.43656972407436e-06,133300
1.44380489910946e-06,133400
1.45085963863199e-06,133500
1.45772944128691e-06,133600
1.46441003772848e-06,133700
1.47089739433845e-06,133800
1.47718771658091e-06,133900
1.48327745199166e-06,134000
1.48916329280088e-06,134100
1.49484217818828e-06,134200
1.50031129617081e-06,134300
1.50556808512344e-06,134400
1.51061023493441e-06,134500
1.51543568779678e-06,134600
1.52004263863881e-06,134700
1.52442953519632e-06,134800
1.52859507773076e-06,134900
1.53253821839717e-06,135000
1.53625816026709e-06,135100
1.53975435601158e-06,135200
1.54302650625038e-06,135300
1.54607455757357e-06,135400
1.54889870024264e-06,135500
1.55149936557821e-06,135600
1.5538772230423e-06,135700
1.55603317702329e-06,135800
1.557968363332e-06,135900
1.5596841454181e-06,136000
1.56118211031588e-06,136100
1.56246406432913e-06,136200
1.56353202846502e-06,136300
1.56438823362705e-06,136400
1.56503511557765e-06,136500
1.56547530968094e-06,136600
1.56571164543661e-06,136700
1.56574714081584e-06,136800
1.56558499641053e-06,136900
1.5652285894071e-06,137000
1.56468146739635e-06,137100
1.5639473420307e-06,137200
1.56303008254068e-06,137300
1.56193370912193e-06,137400
1.56066238620459e-06,137500
1.55922041561661e-06,137600
1.55761222965249e-06,137700
1.55584238405919e-06,137800
1.55391555095047e-06,137900
1.55183651166129e-06,138000
1.54961014955337e-06,138100
1.54724144278324e-06,138200
1.54473545704372e-06,138300
1.5420973382898e-06,138400
1.53933230545965e-06,138500
1.53644564320117e-06,138600
1.53344269461465e-06,138700
1.53032885402143e-06,138800
1.52710955976866e-06,138900
1.52379028707974e-06,139000
1.52037654095987e-06,139100
1.51687384916597e-06,139200
1.51328775524966e-06,139300
1.50962381168227e-06,139400
1.50588757306978e-06,139500
1.50208458946624e-06,139600
1.49822039979293e-06,139700
1.49430052537111e-06,139800
1.49033046357523e-06,139900
1.48631568161361e-06,140000
1.48226161044289e-06,140100
1.47817363882268e-06,140200
1.47405710751606e-06,140300
1.46991730364157e-06,140400
1.46575945518182e-06,140500
1.46158872565376e-06,140600
1.45741020894489e-06,140700
1.45322892431991e-06,140800
1.44904981160145e-06,140900
1.44487772652867e-06,141000
1.4407174362968e-06,141100
1.43657361528059e-06,141200
1.43245084094435e-06,141300
1.42835358994068e-06,141400
1.42428623440008e-06,141500
1.42025303841289e-06,141600
1.41625815470508e-06,141700
1.41230562150885e-06,141800
1.40839935962884e-06,141900
1.40454316970438e-06,142000
1.40074072966801e-06,142100
1.39699559240023e-06,142200
1.39331118357989e-06,142300
1.38969079972998e-06,142400
1.38613760645744e-06,142500
1.38265463688635e-06,142600
1.37924479028269e-06,142700
1.37591083086934e-06,142800
1.37265538682928e-06,142900
1.36948094949499e-06,143000
1.36638987272173e-06,143100
1.36338437244219e-06,143200
1.36046652639979e-06,143300
1.35763827405773e-06,143400
1.35490141668066e-06,143500
1.35225761758581e-06,143600
1.34970840255997e-06,143700
1.34725516043882e-06,143800
1.34489914384489e-06,143900
1.34264147008002e-06,144000
1.34048312216863e-06,144100
1.33842495004721e-06,144200
1.33646767189611e-06,144300
1.33461187560887e-06,144400
1.33285802039486e-06,144500
1.33120643851038e-06,144600
1.32965733711366e-06,144700
1.32821080023884e-06,144800
1.32686679088416e-06,144900
1.32562515320937e-06,145000
1.32448561483735e-06,145100
1.3234477892549e-06,145200
1.32251117830769e-06,145300
1.32167517478406e-06,145400
1.32093906508274e-06,145500
1.32030203195913e-06,145600
1.3197631573451e-06,145700
1.31932142523697e-06,145800
1.31897572464669e-06,145900
1.31872485261082e-06,146000
1.31856751725241e-06,146100
1.31850234089037e-06,146200
1.31852786319154e-06,146300
1.31864254436017e-06,146400
1.31884476835994e-06,146500
1.31913284616357e-06,146600
1.31950501902508e-06,146700
1.31995946176997e-06,146800
1.3204942860985e-06,146900
1.32110754389753e-06,147000
1.32179723055625e-06,147100
1.32256128828143e-06,147200
1.32339760940774e-06,147300
1.32430403969899e-06,147400
1.3252783816361e-06,147500
1.3263183976877e-06,147600
1.32742181355969e-06,147700
1.32858632141974e-06,147800
1.32980958309326e-06,147900
1.33108923322733e-06,148000
1.33242288241919e-06,148100
1.33380812030618e-06,148200
1.33524251861398e-06,148300
1.33672363416036e-06,148400
1.33824901181162e-06,148500
1.33981618738927e-06,148600
1.34142269052436e-06,148700
1.34306604745742e-06,148800
1.3447437837818e-06,148900
1.34645342712853e-06,149000
1.34819250979102e-06,149100
1.34995857128799e-06,149200
1.3517491608632e-06,149300
1.35356183992086e-06,149400
1.35539418439556e-06,149500
1.35724378705591e-06,149600
1.35910825974114e-06,149700
1.36098523553009e-06,149800
1.36287237084229e-06,149900
1.36476734747075e-06,150000
1.36666787454657e-06,150100
1.36857169043531e-06,150200
1.37047656456549e-06,150300
1.37238029918944e-06,150400
1.37428073107717e-06,150500
1.37617573314388e-06,150600
1.37806321601187e-06,150700
1.37994112950777e-06,150800
1.38180746409622e-06,150900
1.38366025225097e-06,151000
1.38549756976489e-06,151100
1.38731753699997e-06,151200
1.38911832007909e-06,151300
1.39089813202069e-06,151400
1.39265523381835e-06,151500
1.39438793546662e-06,151600
1.39609459693502e-06,151700
1.39777362909195e-06,151800
1.39942349458027e-06,151900
1.40104270864648e-06,152000
1.4026298399253e-06,152100
1.40418351118162e-06,152200
1.40570240001165e-06,152300
1.40718523950516e-06,152400
1.40863081887069e-06,152500
1.4100379840256e-06,152600
1.41140563815279e-06,152700
1.41273274222575e-06,152800
1.4140183155038e-06,152900
1.41526143599913e-06,153000
1.4164612409172e-06,153100
1.41761692707203e-06,153200
1.41872775127789e-06,153300
1.41979303071861e-06,153400
1.42081214329577e-06,153500
1.42178452795705e-06,153600
1.42270968500549e-06,153700
1.4235871763908e-06,153800
1.42441662598335e-06,153900
1.42519771983146e-06,154000
1.42593020640267e-06,154100
1.42661389680905e-06,154200
1.427248665017e-06,154300
1.42783444804152e-06,154400
1.42837124612484e-06,154500
1.42885912289913e-06,154600
1.42929820553299e-06,154700
1.42968868486106e-06,154800
1.43003081549609e-06,154900
1.43032491592252e-06,155000
1.43057136857067e-06,155100
1.43077061987019e-06,155200
1.43092318028157e-06,155300
1.43102962430418e-06,155400
1.43109059045909e-06,155500
1.43110678124519e-06,155600
1.43107896306632e-06,155700
1.43100796612774e-06,155800
1.43089468429952e-06,155900
1.43074007494468e-06,156000
1.43054515870975e-06,156100
1.43031101927512e-06,156200
1.4300388030628e-06,156300
1.42972971889874e-06,156400
1.42938503762716e-06,156500
1.429006091674e-06,156600
1.42859427455673e-06,156700
1.42815104033752e-06,156800
1.42767790301717e-06,156900
1.42717643586651e-06,157000
1.42664827069267e-06,157100
1.42609509703728e-06,157200
1.42551866130354e-06,157300
1.4249207658097e-06,157400
1.4243032677658e-06,157500
1.4236680781713e-06,157600
1.42301716063083e-06,157700
1.42235253008554e-06,157800
1.42167625145778e-06,157900
1.42099043820669e-06,158000
1.42029725079274e-06,158100
1.41959889504906e-06,158200
1.41889762045795e-06,158300
1.4181957183308e-06,158400
1.41749551989013e-06,158500
1.41679939425238e-06,158600
1.41610974631065e-06,158700
1.41542901451646e-06,158800
1.41475966856014e-06,158900
1.41410420694953e-06,159000
1.41346515448703e-06,159100
1.41284505964528e-06,159200
1.41224649184207e-06,159300
1.41167203861528e-06,159400
1.41112430269917e-06,159500
1.41060589900328e-06,159600
1.41011945149592e-06,159700
1.40966758999436e-06,159800
1.40925294686394e-06,159900
1.40887815362923e-06,160000
1.40854583749991e-06,160100
1.40825861781519e-06,160200
1.40801910241025e-06,160300
1.40782988390888e-06,160400
1.4076935359467e-06,160500
1.40761260932983e-06,160600
1.40758962813376e-06,160700
1.40762708574812e-06,160800
1.40772744087278e-06,160900
1.40789311347139e-06,161000
1.40812648068857e-06,161100
1.40842987273725e-06,161200
1.4088055687631e-06,161300
1.40925579269298e-06,161400
1.40978270907484e-06,161500
1.41038841891657e-06,161600
1.41107495553157e-06,161700
1.41184428039901e-06,161800
1.41269827904697e-06,161900
1.4136387569667e-06,162000
1.4146674355666e-06,162100
1.41578594817429e-06,162200
1.41699583609578e-06,162300
1.41829854474023e-06,162400
1.41969541981938e-06,162500
1.42118770363043e-06,162600
1.42277653143125e-06,162700
1.42446292791709e-06,162800
1.4262478038073e-06,162900
1.42813195255122e-06,163000
1.43011604716187e-06,163100
1.43220063718613e-06,163200
1.43438614581995e-06,163300
1.43667286717702e-06,163400
1.43906096371904e-06,163500
1.44155046385577e-06,163600
1.44414125972253e-06,163700
1.44683310514274e-06,163800
1.44962561378288e-06,163900
1.45251825750671e-06,164000
1.4555103649356e-06,164100
1.4586011202212e-06,164200
1.46178956203646e-06,164300
1.46507458279063e-06,164400
1.46845492807338e-06,164500
1.47192919633287e-06,164600
1.47549583879206e-06,164700
1.47915315960719e-06,164800
1.4828993162717e-06,164900
1.48673232026866e-06,165000
1.49065003797401e-06,165100
1.49465019181246e-06,165200
1.49873036166747e-06,165300
1.50288798654604e-06,165400
1.50712036649863e-06,165500
1.51142466479383e-06,165600
1.51579791034688e-06,165700
1.52023700040069e-06,165800
1.52473870345716e-06,165900
1.52929966245633e-06,166000
1.53391639820012e-06,166100
1.53858531301676e-06,166200
1.5433026946618e-06,166300
1.54806472045046e-06,166400
1.55286746161615e-06,166500
1.55770688788878e-06,166600
1.5625788722865e-06,166700
1.56747919611351e-06,166800
1.57240355415649e-06,166900
1.57734756007113e-06,167000
1.58230675195033e-06,167100
1.58727659806473e-06,167200
1.59225250276594e-06,167300
1.59722981254236e-06,167400
1.60220382221703e-06,167500
1.60716978127654e-06,167600
1.61212290031977e-06,167700
1.61705835761464e-06,167800
1.62197130575087e-06,167900
1.62685687837648e-06,168000
1.6317101970054e-06,168100
1.63652637788319e-06,168200
1.64130053889805e-06,168300
1.64602780652356e-06,168400
1.65070332277991e-06,168500
1.65532225219995e-06,168600
1.65987978878653e-06,168700
1.66437116294716e-06,168800
1.6687916483926e-06,168900
1.67313656898527e-06,169000
1.67740130552405e-06,169100
1.68158130245161e-06,169200
1.68567207447102e-06,169300
1.68966921305791e-06,169400
1.69356839285522e-06,169500
1.69736537793745e-06,169600
1.70105602793164e-06,169700
1.7046363039825e-06,169800
1.7081022745497e-06,169900
1.71145012102518e-06,170000
1.7146761431593e-06,170100
1.71777676428443e-06,170200
1.72074853632557e-06,170300
1.72358814458756e-06,170400
1.72629241230932e-06,170500
1.7288583049758e-06,170600
1.73128293437886e-06,170700
1.73356356241913e-06,170800
1.73569760464111e-06,170900
1.7376826334945e-06,171000
1.73951638131561e-06,171100
1.74119674302283e-06,171200
1.74272177852128e-06,171300
1.74408971481211e-06,171400
1.74529894780274e-06,171500
1.74634804381491e-06,171600
1.7472357407882e-06,171700
1.74796094917732e-06,171800
1.74852275254222e-06,171900
1.7489204078307e-06,172000
1.74915334535396e-06,172100
1.74922116845625e-06,172200
1.7491236528805e-06,172300
1.74886074583241e-06,172400
1.74843256474626e-06,172500
1.74783939575643e-06,172600
1.74708169187912e-06,172700
1.74616007090969e-06,172800
1.74507531304142e-06,172900
1.74382835821225e-06,173000
1.74242030318676e-06,173100
1.74085239838115e-06,173200
1.73912604443946e-06,173300
1.73724278857009e-06,173400
1.735204320652e-06,173500
1.73301246912054e-06,173600
1.7306691966434e-06,173700
1.72817659559752e-06,173800
1.72553688335832e-06,173900
1.72275239741298e-06,174000
1.71982559030983e-06,174100
1.71675902445633e-06,174200
1.71355536677826e-06,174300
1.71021738325328e-06,174400
1.70674793333191e-06,174500
1.7031499642595e-06,174600
1.69942650531271e-06,174700
1.69558066196426e-06,174800
1.69161560998972e-06,174900
1.68753458953026e-06,175000
1.68334089912522e-06,175100
1.67903788972838e-06,175200
1.67462895872181e-06,175300
1.67011754394087e-06,175400
1.66550711772421e-06,175500
1.66080118100195e-06,175600
1.65600325743559e-06,175700
1.6511168876224e-06,175800
1.6461456233772e-06,175900
1.64109302210407e-06,176000
1.6359626412699e-06,176100
1.63075803299185e-06,176200
1.62548273874989e-06,176300
1.62014028423557e-06,176400
1.61473417434748e-06,176500
1.60926788834349e-06,176600
1.60374487515935e-06,176700
1.59816854890282e-06,176800
1.59254228453166e-06,176900
1.58686941372367e-06,177000
1.58115322094606e-06,177100
1.57539693973096e-06,177200
1.56960374916332e-06,177300
1.56377677058675e-06,177400
1.55791906453228e-06,177500
1.55203362787428e-06,177600
1.5461233912173e-06,177700
1.54019121651666e-06,177800
1.53423989493544e-06,177900
1.52827214493915e-06,178000
1.52229061062946e-06,178100
1.51629786031712e-06,178200
1.5102963853339e-06,178300
1.50428859908249e-06,178400
1.49827683632292e-06,178500
1.49226335269306e-06,178600
1.48625032446059e-06,178700
1.48023984850273e-06,178800
1.47423394250988e-06,178900
1.46823454540831e-06,179000
1.4622435179969e-06,179100
1.45626264379199e-06,179200
1.45029363007411e-06,179300
1.44433810912987e-06,179400
1.43839763968158e-06,179500
1.43247370849699e-06,179600
1.42656773217091e-06,179700
1.4206810590702e-06,179800
1.4148149714331e-06,179900
1.40897068761359e-06,180000
1.40314936446125e-06,180100
1.3973520998266e-06,180200
1.39157993518179e-06,180300
1.38583385834622e-06,180400
1.38011480630645e-06,180500
1.37442366811967e-06,180600
1.36876128788986e-06,180700
1.36312846780547e-06,180800
1.35752597122781e-06,180900
1.35195452581869e-06,181000
1.3464148266966e-06,181100
1.34090753960999e-06,181200
1.33543330411683e-06,181300
1.32999273675945e-06,181400
1.32458643422388e-06,181500
1.31921497647303e-06,181600
1.31387892984324e-06,181700
1.30857885009392e-06,181800
1.30331528540033e-06,181900
1.29808877927972e-06,182000
1.29289987344141e-06,182100
1.28774911055164e-06,182200
1.28263703690445e-06,182300
1.27756420499021e-06,182400
1.2725311759537e-06,182500
1.26753852193423e-06,182600
1.26258682828055e-06,182700
1.25767669563385e-06,182800
1.25280874187262e-06,182900
1.24798360391348e-06,183000
1.24320193936289e-06,183100
1.23846442801469e-06,183200
1.23377177318945e-06,183300
1.22912470291167e-06,183400
1.22452397092181e-06,183500
1.21997035752027e-06,183600
1.21546467024133e-06,183700
1.21100774435538e-06,183800
1.20660044319835e-06,183900
1.20224365832789e-06,184000
1.19793830950625e-06,184100
1.19368534451047e-06,184200
1.18948573877084e-06,184300
1.18534049483938e-06,184400
1.18125064169035e-06,184500
1.17721723385538e-06,184600
1.17324135039635e-06,184700
1.16932409371961e-06,184800
1.1654665882355e-06,184900
1.16166997886772e-06,185000
1.15793542941737e-06,185100
1.15426412078704e-06,185200
1.15065724907064e-06,185300
1.14711602351496e-06,185400
1.14364166435953e-06,185500
1.14023540056141e-06,185600
1.13689846741197e-06,185700
1.13363210405304e-06,185800
1.13043755090008e-06,185900
1.12731604697996e-06,186000
1.12426882719172e-06,186100
1.1212971194982e-06,186200
1.11840214205711e-06,186300
1.11558510030002e-06,186400
1.11284718396775e-06,186500
1.110189564111e-06,186600
1.10761339006482e-06,186700
1.10511978640578e-06,186800
1.10270984990051e-06,186900
1.1003846464544e-06,187000
1.09814520806914e-06,187100
1.09599252981762e-06,187200
1.09392756684476e-06,187300
1.09195123140271e-06,187400
1.09006438992845e-06,187500
1.08826786017203e-06,187600
1.08656240838322e-06,187700
1.08494874656429e-06,187800
1.08342752979617e-06,187900
1.0819993536454e-06,188000
1.08066475165851e-06,188100
1.07942419295063e-06,188200
1.07827807989447e-06,188300
1.07722674591574e-06,188400
1.0762704534006e-06,188500
1.07540939172054e-06,188600
1.07464367537938e-06,188700
1.0739733422873e-06,188800
1.07339835216577e-06,188900
1.0729185850874e-06,189000
1.072533840154e-06,189100
1.07224383431598e-06,189200
1.07204820133553e-06,189300
1.07194649089601e-06,189400
1.07193816785915e-06,189500
1.07202261167164e-06,189600
1.07219911592191e-06,189700
1.07246688804794e-06,189800
1.07282504919606e-06,189900
1.07327263423067e-06,190000
1.07380859189428e-06,190100
1.07443178511692e-06,190200
1.07514099147351e-06,190300
1.07593490378756e-06,190400
1.07681213087913e-06,190500
1.07777119845462e-06,190600
1.07881055013576e-06,190700
1.07992854862459e-06,190800
1.08112347700126e-06,190900
1.08239354015088e-06,191000
1.08373686631563e-06,191100
1.08515150876784e-06,191200
1.08663544759969e-06,191300
1.08818659162495e-06,191400
1.08980278038781e-06,191500
1.09148178627382e-06,191600
1.09322131671778e-06,191700
1.09501901650312e-06,191800
1.09687247014739e-06,191900
1.09877920436816e-06,192000
1.10073669062369e-06,192100
1.10274234772252e-06,192200
1.10479354449623e-06,192300
1.10688760252935e-06,192400
1.10902179894063e-06,192500
1.11119336920973e-06,192600
1.1133995100433e-06,192700
1.11563738227485e-06,192800
1.11790411379223e-06,192900
1.12019680248727e-06,193000
1.12251251922174e-06,193100
1.12484831080404e-06,193200
1.12720120297123e-06,193300
1.12956820337093e-06,193400
1.13194630453803e-06,193500
1.13433248686096e-06,193600
1.13672372153281e-06,193700
1.13911697348246e-06,193800
1.14150920428114e-06,193900
1.14389737502027e-06,194000
1.14627844915621e-06,194100
1.14864939531814e-06,194200
1.15100719007533e-06,194300
1.15334882066025e-06,194400
1.1556712876444e-06,194500
1.15797160756364e-06,194600
1.16024681549048e-06,194700
1.16249396755058e-06,194800
1.16471014338126e-06,194900
1.16689244852995e-06,195000
1.16903801679076e-06,195100
1.1711440124776e-06,195200
1.17320763263249e-06,195300
1.17522610916796e-06,195400
1.17719671094277e-06,195500
1.17911674577011e-06,195600
1.18098356235811e-06,195700
1.18279455218223e-06,195800
1.18454715128972e-06,195900
1.18623884203622e-06,196000
1.18786715475505e-06,196100
1.18942966935964e-06,196200
1.19092401687999e-06,196300
1.19234788093397e-06,196400
1.19369899913474e-06,196500
1.19497516443531e-06,196600
1.1961742264118e-06,196700
1.19729409248681e-06,196800
1.19833272909448e-06,196900
1.19928816278912e-06,197000
1.20015848129896e-06,197100
1.20094183452713e-06,197200
1.20163643550172e-06,197300
1.20224056127691e-06,197400
1.20275255378717e-06,197500
1.20317082065676e-06,197600
1.20349383596639e-06,197700
1.2037201409793e-06,197800
1.20384834482877e-06,197900
1.20387712516911e-06,198000
1.20380522879219e-06,198100
1.20363147221148e-06,198200
1.20335474221556e-06,198300
1.20297399639293e-06,198400
1.20248826363002e-06,198500
1.20189664458397e-06,198600
1.20119831213196e-06,198700
1.2003925117986e-06,198800
1.19947856216271e-06,198900
1.19845585524494e-06,199000
1.19732385687735e-06,199100
1.19608210705609e-06,199200
1.19473022027803e-06,199300
1.19326788586226e-06,199400
1.19169486825708e-06,199500
1.190011007333e-06,199600
1.18821621866219e-06,199700
1.18631049378457e-06,199800
1.18429390046066e-06,199900
1.18216658291115e-06,200000
1.179928762043e-06,200100
1.17758073566165e-06,200200
1.17512287866896e-06,200300
1.17255564324616e-06,200400
1.1698795590211e-06,200500
1.16709523321887e-06,200600
1.16420335079466e-06,200700
1.16120467454791e-06,200800
1.15810004521622e-06,200900
1.15489038154776e-06,201000
1.15157668035059e-06,201100
1.14816001651736e-06,201200
1.14464154302354e-06,201300
1.14102249089747e-06,201400
1.13730416916035e-06,201500
1.13348796473414e-06,201600
1.12957534231536e-06,201700
1.12556784421285e-06,201800
1.1214670901471e-06,201900
1.11727477700927e-06,202000
1.11299267857756e-06,202100
1.10862264518873e-06,202200
1.10416660336262e-06,202300
1.0996265553775e-06,202400
1.09500457879387e-06,202500
1.09030282592486e-06,202600
1.08552352325074e-06,202700
1.08066897077577e-06,202800
1.07574154132515e-06,202900
1.07074367978018e-06,203000
1.06567790224972e-06,203100
1.06054679517615e-06,203200
1.05535301437406e-06,203300
1.0500992840001e-06,203400
1.04478839545237e-06,203500
1.03942320619813e-06,203600
1.03400663852833e-06,203700
1.02854167823799e-06,203800
1.02303137323129e-06,203900
1.01747883205057e-06,204000
1.01188722232854e-06,204100
1.00625976916302e-06,204200
1.00059975341396e-06,204300
9.94910509922338e-07,204400
9.89195425651036e-07,204500
9.83457937747586e-07,204600
9.77701531529241e-07,204700
9.71929738390702e-07,204800
9.66146133635164e-07,204900
9.60354334229474e-07,205000
9.54557996484378e-07,205100
9.48760813661012e-07,205200
9.42966513504981e-07,205300
9.37178855709519e-07,205400
9.31401629309434e-07,205500
9.25638650007682e-07,205600
9.19893757436606e-07,205700
9.14170812356027e-07,205800
9.08473693790542e-07,205900
9.0280629610855e-07,206000
8.97172526045663e-07,206100
8.91576299675316e-07,206200
8.86021539329536e-07,206300
8.8051217047296e-07,206400
8.75052118533321e-07,206500
8.69645305691744e-07,206600
8.64295647636313e-07,206700
8.59007050282479e-07,206800
8.53783406463963e-07,206900
8.4862859259793e-07,207000
8.43546465328266e-07,207100
8.38540858150875e-07,207200
8.33615578024992e-07,207300
8.28774401974552e-07,207400
8.24021073683701e-07,207500
8.19359300090599e-07,207600
8.14792747983673e-07,207700
8.10325040604511e-07,207800
8.05959754261606e-07,207900
8.01700414959165e-07,208000
7.9755049504517e-07,208100
7.93513409882923e-07,208200
7.89592514550216e-07,208300
7.85791100570293e-07,208400
7.82112392678716e-07,208500
7.7855954563019e-07,208600
7.75135641049373e-07,208700
7.71843684329623e-07,208800
7.68686601583565e-07,208900
7.65667236649304e-07,209000
7.62788348156005e-07,209100
7.60052606652498e-07,209200
7.57462591802463e-07,209300
7.55020789649639e-07,209400
7.52729589956436e-07,209500
7.50591283619172e-07,209600
7.48608060163082e-07,209700
7.46782005320109e-07,209800
7.45115098692381e-07,209900
7.43609211504137e-07,210000
7.42266104444758e-07,210100
7.41087425605411e-07,210200
7.40074708511693e-07,210300
7.39229370254536e-07,210400
7.38552709721477e-07,210500
7.38045905930285e-07,210600
7.37710016466788e-07,210700
7.37545976028611e-07,210800
7.37554595076396e-07,210900
7.3773655859394e-07,211000
7.38092424958561e-07,211100
7.3862262492285e-07,211200
7.3932746070885e-07,211300
7.40207105215569e-07,211400
7.41261601340593e-07,211500
7.42490861416449e-07,211600
7.43894666762252e-07,211700
7.45472667351015e-07,211800
7.47224381592923e-07,211900
7.49149196234726e-07,212000
7.51246366375295e-07,212100
7.53515015597302e-07,212200
7.55954136214824e-07,212300
7.58562589636642e-07,212400
7.61339106844821e-07,212500
7.64282288988136e-07,212600
7.67390608089769e-07,212700
7.7066240786862e-07,212800
7.74095904673511e-07,212900
7.77689188529448e-07,213000
7.81440224295048e-07,213100
7.85346852930158e-07,213200
7.89406792872603e-07,213300
7.93617641522972e-07,213400
7.97976876836221e-07,213500
8.02481859018875e-07,213600
8.07129832330501e-07,213700
8.11917926988087e-07,213800
8.16843161171911e-07,213900
8.21902443131397e-07,214000
8.2709257338946e-07,214100
8.3241024704373e-07,214200
8.37852056163041e-07,214300
8.43414492277502e-07,214400
8.49093948960429e-07,214500
8.54886724500369e-07,214600
8.60789024661409e-07,214700
8.66796965529903e-07,214800
8.7290657644573e-07,214900
8.79113803016138e-07,215000
8.85414510210181e-07,215100
8.9180448553173e-07,215200
8.98279442268981e-07,215300
9.0483502281834e-07,215400
9.11466802080533e-07,215500
9.18170290926711e-07,215600
9.24940939732319e-07,215700
9.31774141976403e-07,215800
9.38665237904013e-07,215900
9.45609518249283e-07,216000
9.5260222801674e-07,216100
9.59638570318318e-07,216200
9.66713710263509e-07,216300
9.73822778900017e-07,216400
9.80960877202235e-07,216500
9.88123080104782e-07,216600
9.95304440578287e-07,216700
1.00249999374455e-06,216800
1.00970476102812e-06,216900
1.01691375434127e-06,217000
1.02412198029932e-06,217100
1.0313244444631e-06,217200
1.03851615560536e-06,217300
1.04569212999779e-06,217400
1.05284739571534e-06,217500
1.05997699695434e-06,217600
1.06707599836085e-06,217700
1.07413948936573e-06,217800
1.08116258852275e-06,217900
1.08814044784584e-06,218000
1.09506825714189e-06,218100
1.10194124833498e-06,218200
1.1087546997782e-06,218300
1.11550394054899e-06,218400
1.12218435472385e-06,218500
1.12879138562828e-06,218600
1.13532054005771e-06,218700
1.14176739246509e-06,218800
1.1481275891108e-06,218900
1.15439685217043e-06,219000
1.16057098379605e-06,219100
1.16664587012637e-06,219200
1.17261748524123e-06,219300
1.17848189505597e-06,219400
1.18423526115086e-06,219500
1.18987384453113e-06,219600
1.19539400931283e-06,219700
1.20079222632989e-06,219800
1.20606507665769e-06,219900
1.21120925504847e-06,220000
1.21622157327394e-06,220100
1.22109896337039e-06,220200
1.22583848078174e-06,220300
1.23043730739591e-06,220400
1.23489275446996e-06,220500
1.23920226543953e-06,220600
1.24336341860817e-06,220700
1.24737392971215e-06,220800
1.25123165435647e-06,220900
1.25493459031799e-06,221000
1.25848087971136e-06,221100
1.26186881101406e-06,221200
1.26509682094639e-06,221300
1.2681634962029e-06,221400
1.27106757503151e-06,221500
1.27380794865691e-06,221600
1.27638366254501e-06,221700
1.27879391750515e-06,221800
1.2810380706273e-06,221900
1.28311563605125e-06,222000
1.28502628556548e-06,222100
1.28676984903308e-06,222200
1.28834631464269e-06,222300
1.28975582898247e-06,222400
1.29099869693544e-06,222500
1.2920753813945e-06,222600
1.29298650279621e-06,222700
1.29373283847202e-06,222800
1.29431532181636e-06,222900
1.2947350412711e-06,223000
1.29499323912614e-06,223100
1.29509131013616e-06,223200
1.2950307999539e-06,223300
1.29481340338059e-06,223400
1.29444096243432e-06,223500
1.29391546423767e-06,223600
1.29323903872595e-06,223700
1.29241395617788e-06,223800
1.29144262457069e-06,223900
1.29032758676204e-06,224000
1.28907151750125e-06,224100
1.28767722027303e-06,224200
1.2861476239765e-06,224300
1.28448577944343e-06,224400
1.28269485579909e-06,224500
1.28077813667001e-06,224600
1.27873901624282e-06,224700
1.27658099517884e-06,224800
1.27430767638921e-06,224900
1.27192276067576e-06,225000
1.26943004224284e-06,225100
1.26683340408582e-06,225200
1.26413681326211e-06,225300
1.2613443160506e-06,225400
1.25846003300599e-06,225500
1.25548815391442e-06,225600
1.25243293265698e-06,225700
1.24929868198811e-06,225800
1.24608976823586e-06,225900
1.24281060593118e-06,226000
1.23946565237365e-06,226100
1.23605940214105e-06,226200
1.23259638155044e-06,226300
1.22908114307849e-06,226400
1.22551825974872e-06,226500
1.22191231949376e-06,226600
1.21826791950036e-06,226700
1.21458966054538e-06,226800
1.21088214133059e-06,226900
1.20714995282458e-06,227000
1.20339767261961e-06,227100
1.19962985931173e-06,227200
1.19585104691198e-06,227300
1.19206573929683e-06,227400
1.18827840470585e-06,227500
1.18449347029429e-06,227600
1.18071531674864e-06,227700
1.1769482729727e-06,227800
1.17319661085186e-06,227900
1.16946454010297e-06,228000
1.16575620321724e-06,228100
1.16207567050327e-06,228200
1.15842693523729e-06,228300
1.15481390892733e-06,228400
1.15124041669814e-06,228500
1.14771019280312e-06,228600
1.14422687626954e-06,228700
1.14079400668317e-06,228800
1.13741502011778e-06,228900
1.13409324521539e-06,229000
1.13083189942215e-06,229100
1.12763408538512e-06,229200
1.12450278751449e-06,229300
1.12144086871571e-06,229400
1.11845106729566e-06,229500
1.11553599404672e-06,229600
1.1126981295122e-06,229700
1.10993982143649e-06,229800
1.10726328240261e-06,229900
1.10467058766007e-06,230000
1.10216367314503e-06,230100
1.09974433369489e-06,230200
1.09741422145889e-06,230300
1.09517484450601e-06,230400
1.09302756563125e-06,230500
1.09097360136081e-06,230600
1.08901402115663e-06,230700
1.0871497468203e-06,230800
1.08538155209602e-06,230900
1.08371006247195e-06,231000
1.08213575517918e-06,231100
1.08065895938696e-06,231200
1.07927985659274e-06,231300
1.07799848120516e-06,231400
1.07681472131794e-06,231500
1.07572831967224e-06,231600
1.07473887480482e-06,231700
1.07384584237917e-06,231800
1.07304853669628e-06,231900
1.07234613238174e-06,232000
1.07173766624543e-06,232100
1.07122203930999e-06,232200
1.07079801900381e-06,232300
1.0704642415143e-06,232400
1.07021921429701e-06,232500
1.07006131873561e-06,232600
1.06998881294815e-06,232700
1.06999983473434e-06,232800
1.07009240465872e-06,232900
1.07026442926432e-06,233000
1.07051370441144e-06,233100
1.07083791873578e-06,233200
1.07123465722041e-06,233300
1.07170140487557e-06,233400
1.07223555052062e-06,233500
1.07283439066204e-06,233600
1.07349513346157e-06,233700
1.07421490278834e-06,233800
1.07499074234898e-06,233900
1.07581961988953e-06,234000
1.07669843146305e-06,234100
1.07762400575679e-06,234200
1.07859310847282e-06,234300
1.07960244675593e-06,234400
1.0806486736628e-06,234500
1.08172839266643e-06,234600
1.08283816218969e-06,234700
1.08397450016225e-06,234800
1.08513388859482e-06,234900
1.08631277816511e-06,235000
1.08750759280958e-06,235100
1.08871473431557e-06,235200
1.08993058690813e-06,235300
1.09115152182614e-06,235400
1.09237390188249e-06,235500
1.09359408600305e-06,235600
1.09480843373935e-06,235700
1.09601330975005e-06,235800
1.09720508824629e-06,235900
1.0983801573964e-06,236000
1.09953492368516e-06,236100
1.10066581622344e-06,236200
1.10176929100379e-06,236300
1.10284183509791e-06,236400
1.10387997079198e-06,236500
1.1048802596561e-06,236600
1.10583930654399e-06,236700
1.10675376351958e-06,236800
1.10762033370705e-06,236900
1.10843577506099e-06,237000
1.10919690405369e-06,237100
1.10990059927663e-06,237200
1.11054380495322e-06,237300
1.11112353436036e-06,237400
1.1116368731561e-06,237500
1.11208098261116e-06,237600
1.11245310274203e-06,237700
1.11275055534358e-06,237800
1.11297074691917e-06,237900
1.11311117150648e-06,238000
1.11316941339734e-06,238100
1.11314314974995e-06,238200
1.11303015309211e-06,238300
1.11282829371399e-06,238400
1.11253554194933e-06,238500
1.11214997034392e-06,238600
1.11166975571034e-06,238700
1.11109318106798e-06,238800
1.11041863746771e-06,238900
1.10964462570029e-06,239000
1.10876975788811e-06,239100
1.10779275895946e-06,239200
1.1067124680052e-06,239300
1.10552783951719e-06,239400
1.10423794450844e-06,239500
1.10284197151456e-06,239600
1.10133922747654e-06,239700
1.09972913850472e-06,239800
1.09801125052403e-06,239900
1.09618522980044e-06,240000
1.09425086334898e-06,240100
1.09220805922329e-06,240200
1.09005684668716e-06,240300
1.08779737626823e-06,240400
1.08542991969444e-06,240500
1.08295486971336e-06,240600
1.08037273979519e-06,240700
1.0776841637198e-06,240800
1.07488989504848e-06,240900
1.07199080648103e-06,241000
1.06898788909894e-06,241100
1.06588225149531e-06,241200
1.06267511879253e-06,241300
1.05936783154834e-06,241400
1.05596184455147e-06,241500
1.05245872550756e-06,241600
1.04886015361667e-06,241700
1.04516791804329e-06,241800
1.04138391628008e-06,241900
1.03751015240656e-06,242000
1.03354873524406e-06,242100
1.02950187640823e-06,242200
1.02537188826051e-06,242300
1.02116118176014e-06,242400
1.01687226421816e-06,242500
1.01250773695507e-06,242600
1.00807029286386e-06,242700
1.00356271388012e-06,242800
9.98987868361195e-07,242900
9.9434870837619e-07,243000
9.8964826690892e-07,243100
9.84889654975868e-07,243200
9.80076058661342e-07,243300
9.75210736072087e-07,243400
9.70297014213708e-07,243500
9.65338285791355e-07,243600
9.60338005937189e-07,243700
9.55299688867269e-07,243800
9.50226904470559e-07,243900
9.45123274832877e-07,244000
9.39992470698684e-07,244100
9.34838207873704e-07,244200
9.2966424357147e-07,244300
9.24474372706977e-07,244400
9.19272424140711e-07,244500
9.14062256876424e-07,244600
9.08847756216112e-07,244700
9.0363282987574e-07,244800
8.9842140406535e-07,244900
8.93217419537264e-07,245000
8.88024827606193e-07,245100
8.82847586145135e-07,245200
8.77689655561013e-07,245300
8.72554994754099e-07,245400
8.67447557065327e-07,245500
8.62371286215677e-07,245600
8.57330112241848e-07,245700
8.52327947432549e-07,245800
8.47368682269726e-07,245900
8.42456181379152e-07,246000
8.37594279494809e-07,246100
8.32786777441557e-07,246200
8.280374381406e-07,246300
8.23349982642287e-07,246400
8.18728086190832e-07,246500
8.14175374325506e-07,246600
8.09695419022911e-07,246700
8.05291734884898e-07,246800
8.00967775376729e-07,246900
7.96726929120042e-07,247000
7.92572516245155e-07,247100
7.88507784807246e-07,247200
7.84535907270857e-07,247300
7.80659977067202e-07,247400
7.76883005228614e-07,247500
7.73207917104503e-07,247600
7.69637549163045e-07,247700
7.66174645882812e-07,247800
7.62821856738423e-07,247900
7.59581733284245e-07,248000
7.56456726340037e-07,248100
7.53449183282352e-07,248200
7.50561345445393e-07,248300
7.47795345634878e-07,248400
7.45153205758377e-07,248500
7.42636834575416e-07,248600
7.40248025570518e-07,248700
7.37988454952198e-07,248800
7.3585967978078e-07,248900
7.33863136227725e-07,249000
7.3200013796902e-07,249100
7.30271874714982e-07,249200
7.28679410878655e-07,249300
7.27223684384815e-07,249400
7.2590550562139e-07,249500
7.2472555653491e-07,249600
7.23684389871424e-07,249700
7.22782428564108e-07,249800
7.22019965268582e-07,249900
7.21397162046764e-07,250000
7.20914050199866e-07,250100
7.20570530250943e-07,250200
7.2036637207717e-07,250300
7.20301215191847e-07,250400
7.20374569175885e-07,250500
7.20585814258329e-07,250600
7.20934202045259e-07,250700
7.21418856396208e-07,250800
7.22038774446998e-07,250900
7.22792827777719e-07,251000
7.23679763724342e-07,251100
7.24698206832269e-07,251200
7.25846660449916e-07,251300
7.2712350846022e-07,251400
7.28527017147768e-07,251500
7.30055337199073e-07,251600
7.31706505833299e-07,251700
7.33478449060598e-07,251800
7.35368984064999e-07,251900
7.37375821708666e-07,252000
7.39496569154136e-07,252100
7.41728732601009e-07,252200
7.44069720133411e-07,252300
7.46516844674393e-07,252400
7.49067327043298e-07,252500
7.51718299111995e-07,252600
7.54466807055755e-07,252700
7.5730981469442e-07,252800
7.60244206919425e-07,252900
7.63266793202104e-07,253000
7.66374311178653e-07,253100
7.69563430307005e-07,253200
7.72830755590816e-07,253300
7.76172831365699e-07,253400
7.79586145142751e-07,253500
7.83067131504416e-07,253600
7.86612176047636e-07,253700
7.9021761936925e-07,253800
7.93879761088544e-07,253900
7.97594863901863e-07,254000
8.01359157664167e-07,254100
8.05168843492435e-07,254200
8.0902009788581e-07,254300
8.12909076857401e-07,254400
8.16831920072699e-07,254500
8.2078475498956e-07,254600
8.24763700994788e-07,254700
8.28764873532364e-07,254800
8.32784388218461e-07,254900
8.36818364938382e-07,255000
8.40862931920715e-07,255100
8.44914229783985e-07,255200
8.48968415551221e-07,255300
8.53021666627927e-07,255400
8.57070184739023e-07,255500
8.61110199820448e-07,255600
8.65137973861188e-07,255700
8.69149804691622e-07,255800
8.73142029714191e-07,255900
8.77111029572483e-07,256000
8.8105323175498e-07,256100
8.84965114129818e-07,256200
8.88843208407043e-07,256300
8.92684103524956e-07,256400
8.96484448957308e-07,256500
9.00240957938206e-07,256600
9.03950410601729e-07,256700
9.07609657033416e-07,256800
9.1121562023089e-07,256900
9.14765298971041e-07,257000
9.18255770581343e-07,257100
9.21684193612965e-07,257200
9.25047810413554e-07,257300
9.28343949597636e-07,257400
9.3157002841276e-07,257500
9.34723554999639e-07,257600
9.37802130544666e-07,257700
9.40803451323342e-07,257800
9.43725310633261e-07,257900
9.46565600615451e-07,258000
9.49322313962987e-07,258100
9.51993545515926e-07,258200
9.54577493741746e-07,258300
9.5707246210058e-07,258400
9.59476860294674e-07,258500
9.61789205401606e-07,258600
9.64008122890933e-07,258700
9.66132347524023e-07,258800
9.68160724136976e-07,258900
9.70092208306608e-07,259000
9.71925866899604e-07,259100
9.73660878505054e-07,259200
9.75296533750638e-07,259300
9.76832235502901e-07,259400
9.78267498952076e-07,259500
9.79601951582062e-07,259600
9.80835333026208e-07,259700
9.81967494809684e-07,259800
9.82998399979263e-07,259900
9.83928122621442e-07,260000
9.84756847269898e-07,260100
9.85484868203364e-07,260200
9.86112588635061e-07,260300
9.86640519794914e-07,260400
9.87069279905831e-07,260500
9.87399593055413e-07,260600
9.87632287964501e-07,260700
9.87768296654045e-07,260800
9.87808653011845e-07,260900
9.87754491260768e-07,261000
9.87607044330082e-07,261100
9.87367642131652e-07,261200
9.87037709742761e-07,261300
9.86618765497378e-07,261400
9.86112418987762e-07,261500
9.85520368978341e-07,261600
9.84844401233845e-07,261700
9.84086386263742e-07,261800
9.83248276985053e-07,261900
9.82332106305701e-07,262000
9.81339984630582e-07,262100
9.80274097292586e-07,262200
9.79136701910892e-07,262300
9.77930125678828e-07,262400
9.76656762583742e-07,262500
9.75319070561287e-07,262600
9.73919568586621e-07,262700
9.72460833705073e-07,262800
9.70945498004856e-07,262900
9.69376245534461e-07,263000
9.67755809167448e-07,263100
9.66086967417352e-07,263200
9.64372541205499e-07,263300
9.62615390584594e-07,263400
9.60818411420946e-07,263500
9.58984532038294e-07,263600
9.57116709826212e-07,263700
9.55217927816149e-07,263800
9.53291191228178e-07,263900
9.51339523991611e-07,264000
9.49365965242657e-07,264100
9.4737356580236e-07,264200
9.453653846381e-07,264300
9.43344485311985e-07,264400
9.41313932419495e-07,264500
9.39276788021814e-07,264600
9.37236108075267e-07,264700
9.35194938861399e-07,264800
9.3315631342119e-07,264900
9.31123247996999e-07,265000
9.29098738485814e-07,265100
9.27085756907464e-07,265200
9.25087247891419e-07,265300
9.2310612518589e-07,265400
9.21145268192917e-07,265500
9.19207518533166e-07,265600
9.17295676644183e-07,265700
9.15412498415843e-07,265800
9.13560691866762e-07,265900
9.11742913865413e-07,266000
9.09961766899724e-07,266100
9.08219795898888e-07,266200
9.06519485111151e-07,266300
9.04863255041282e-07,266400
9.03253459451441e-07,266500
9.01692382429126e-07,266600
9.00182235525849e-07,266700
8.98725154970143e-07,266800
8.97323198958487e-07,266900
8.95978345027669e-07,267000
8.94692487512041e-07,267100
8.93467435089109e-07,267200
8.9230490841677e-07,267300
8.91206537865495e-07,267400
8.90173861348649e-07,267500
8.8920832225406e-07,267600
8.8831126747986e-07,267700
8.87483945577545e-07,267800
8.86727505005053e-07,267900
8.86042992492618e-07,268000
8.85431351523973e-07,268100
8.84893420935417e-07,268200
8.84429933635095e-07,268300
8.8404151544473e-07,268400
8.83728684065912e-07,268500
8.83491848172875e-07,268600
8.83331306633606e-07,268700
8.83247247860915e-07,268800
8.83239749294981e-07,268900
8.8330877701871e-07,269000
8.83454185507081e-07,269100
8.83675717511485e-07,269200
8.83973004079879e-07,269300
8.8434556471343e-07,269400
8.84792807660094e-07,269500
8.85314030345456e-07,269600
8.85908419940887e-07,269700
8.86575054068989e-07,269800
8.87312901646008e-07,269900
8.88120823860769e-07,270000
8.88997575289467e-07,270100
8.89941805145467e-07,270200
8.90952058663044e-07,270300
8.92026778613839e-07,270400
8.93164306954577e-07,270500
8.94362886604413e-07,270600
8.95620663350084e-07,270700
8.96935687876842e-07,270800
8.98305917922955e-07,270900
8.99729220555378e-07,271000
9.01203374564018e-07,271100
9.02726072971804e-07,271200
9.04294925657638e-07,271300
9.05907462089092e-07,271400
9.07561134161551e-07,271500
9.09253319140359e-07,271600
9.1098132270232e-07,271700
9.12742382072789e-07,271800
9.14533669254421e-07,271900
9.16352294343482e-07,272000
9.1819530892952e-07,272100
9.20059709574037e-07,272200
9.21942441363685e-07,272300
9.23840401533388e-07,272400
9.25750443154674e-07,272500
9.27669378884417e-07,272600
9.29593984769057e-07,272700
9.31521004099324e-07,272800
9.33447151310351e-07,272900
9.35369115922065e-07,273000
9.37283566514599e-07,273100
9.39187154733484e-07,273200
9.41076519319283e-07,273300
9.42948290156332e-07,273400
9.4479909233518e-07,273500
9.46625550223353e-07,273600
9.4842429153901e-07,273700
9.50191951422084e-07,273800
9.51925176497504e-07,273900
9.53620628925109e-07,274000
9.55274990430894e-07,274100
9.56884966314249e-07,274200
9.58447289425929e-07,274300
9.59958724111498e-07,274400
9.61416070115111e-07,274500
9.62816166438489e-07,274600
9.64155895150116e-07,274700
9.65432185139679e-07,274800
9.66642015812939e-07,274900
9.67782420722279e-07,275000
9.68850491128293e-07,275100
9.69843379487925e-07,275200
9.7075830286474e-07,275300
9.71592546257086e-07,275400
9.72343465840012e-07,275500
9.7300849211696e-07,275600
9.73585132977414e-07,275700
9.74070976656797e-07,275800
9.74463694595121e-07,275900
9.74761044191026e-07,276000
9.74960871448005e-07,276100
9.75061113509811e-07,276200
9.75059801082211e-07,276300
9.74955060738395e-07,276400
9.74745117105598e-07,276500
9.74428294930596e-07,276600
9.74003021022009e-07,276700
9.73467826067447e-07,276800
9.72821346323801e-07,276900
9.72062325179117e-07,277000
9.71189614584709e-07,277100
9.70202176356356e-07,277200
9.6909908334361e-07,277300
9.67879520466446e-07,277400
9.66542785618657e-07,277500
9.65088290437621e-07,277600
9.63515560940205e-07,277700
9.61824238024801e-07,277800
9.6001407783965e-07,277900
9.58084952017805e-07,278000
9.56036847779236e-07,278100
9.53869867900801e-07,278200
9.51584230554927e-07,278300
9.49180269018058e-07,278400
9.46658431250068e-07,278500
9.44019279345997e-07,278600
9.41263488861643e-07,278700
9.38391848014671e-07,278800
9.35405256763073e-07,278900
9.32304725762928e-07,279000
9.29091375207575e-07,279100
9.25766433550422e-07,279200
9.22331236113765e-07,279300
9.18787223586083e-07,279400
9.15135940410414e-07,279500
9.11379033066529e-07,279600
9.07518248249706e-07,279700
9.03555430949011e-07,279800
8.99492522428119e-07,279900
8.95331558111734e-07,280000
8.91074665380806e-07,280100
8.86724061279789e-07,280200
8.82282050139253e-07,280300
8.77751021117249e-07,280400
8.73133445662857e-07,280500
8.68431874905417e-07,280600
8.63648936972987e-07,280700
8.58787334243613e-07,280800
8.53849840533016e-07,280900
8.48839298222371e-07,281000
8.43758615329834e-07,281100
8.38610762529513e-07,281200
8.333987701216e-07,281300
8.28125724957382e-07,281400
8.22794767322848e-07,281500
8.17409087784628e-07,281600
8.11971924001968e-07,281700
8.06486557508476e-07,281800
8.0095631046731e-07,281900
7.95384542403511e-07,282000
7.89774646917128e-07,282100
7.84130048380782e-07,282200
7.7845419862526e-07,282300
7.72750573616728e-07,282400
7.67022670129091e-07,282500
7.61274002415014e-07,282600
7.55508098879041e-07,282700
7.49728498756253e-07,282800
7.43938748799811e-07,282900
7.38142399980709e-07,283000
7.32343004203005e-07,283100
7.26544111037733e-07,283200
7.2074926447866e-07,283300
7.1496199972297e-07,283400
7.09185839979926e-07,283500
7.03424293310464e-07,283600
6.97680849500646e-07,283700
6.91958976971801e-07,283800
6.86262119730135e-07,283900
6.8059369435852e-07,284000
6.74957087053104e-07,284100
6.69355650707292e-07,284200
6.63792702045626e-07,284300
6.58271518809953e-07,284400
6.52795337000259e-07,284500
6.47367348172435e-07,284600
6.41990696795173e-07,284700
6.36668477668123e-07,284800
6.31403733403365e-07,284900
6.26199451972156e-07,285000
6.21058564318858e-07,285100
6.15983942043863e-07,285200
6.10978395157249e-07,285300
6.06044669904829e-07,285400
6.01185446668176e-07,285500
5.9640333794012e-07,285600
5.91700886377143e-07,285700
5.87080562930002e-07,285800
5.82544765053851e-07,285900
5.78095814999025e-07,286000
5.73735958183599e-07,286100
5.69467361648715e-07,286200
5.65292112597621e-07,286300
5.61212217019272e-07,286400
5.5722959839724e-07,286500
5.53346096504643e-07,286600
5.49563466285655e-07,286700
5.45883376824146e-07,286800
5.42307410399855e-07,286900
5.3883706163245e-07,287000
5.35473736713735e-07,287100
5.32218752728182e-07,287200
5.29073337061864e-07,287300
5.26038626899805e-07,287400
5.23115668811661e-07,287500
5.20305418425564e-07,287600
5.17608740189869e-07,287700
5.15026407222481e-07,287800
5.12559101247311e-07,287900
5.10207412617381e-07,288000
5.07971840423949e-07,288100
5.05852792691002e-07,288200
5.03850586654325e-07,288300
5.01965449124311e-07,288400
5.00197516931568e-07,288500
4.98546837454307e-07,288600
4.97013369226403e-07,288700
4.95596982624953e-07,288800
4.9429746063606e-07,288900
4.93114499697486e-07,289000
4.92047710616771e-07,289100
4.9109661956329e-07,289200
4.90260669132683e-07,289300
4.89539219481987e-07,289400
4.88931549533755e-07,289500
4.88436858247346e-07,289600
4.88054265955516e-07,289700
4.87782815764368e-07,289800
4.87621475014663e-07,289900
4.87569136802393e-07,290000
4.87624621556514e-07,290100
4.87786678671624e-07,290200
4.88053988193336e-07,290300
4.88425162554061e-07,290400
4.88898748356822e-07,290500
4.89473228204712e-07,290600
4.90147022573548e-07,290700
4.90918491725222e-07,290800
4.91785937659242e-07,290900
4.92747606099877e-07,291000
4.93801688516342e-07,291100
4.94946324173387e-07,291200
4.96179602209656e-07,291300
4.97499563741159e-07,291400
4.98904203987179e-07,291500
5.00391474415931e-07,291600
5.01959284907284e-07,291700
5.03605505929852e-07,291800
5.05327970729762e-07,291900
5.07124477528419e-07,292000
5.0899279172659e-07,292100
5.1093064811216e-07,292200
5.12935753068909e-07,292300
5.15005786783715e-07,292400
5.17138405449581e-07,292500
5.19331243461955e-07,292600
5.21581915605824e-07,292700
5.23888019231098e-07,292800
5.26247136413899e-07,292900
5.28656836101335e-07,293000
5.31114676237487e-07,293100
5.33618205868316e-07,293200
5.36164967223323e-07,293300
5.38752497771815e-07,293400
5.41378332251727e-07,293500
5.44040004669018e-07,293600
5.46735050265735e-07,293700
5.49461007454915e-07,293800
5.52215419720589e-07,293900
5.54995837481237e-07,294000
5.57799819915114e-07,294100
5.60624936745993e-07,294200
5.63468769987928e-07,294300
5.66328915647769e-07,294400
5.69202985384228e-07,294500
5.72088608122424e-07,294600
5.74983431622911e-07,294700
5.7788512400431e-07,294800
5.80791375218765e-07,294900
5.83699898479537e-07,295000
5.8660843164017e-07,295100
5.89514738524751e-07,295200
5.924166102089e-07,295300
5.95311866251214e-07,295400
5.98198355875012e-07,295500
6.01073959100309e-07,295600
6.03936587826049e-07,295700
6.06784186862743e-07,295800
6.09614734915727e-07,295900
6.1242624551936e-07,296000
6.15216767922584e-07,296100
6.17984387926339e-07,296200
6.2072722867341e-07,296300
6.23443451391395e-07,296400
6.26131256089512e-07,296500
6.28788882210093e-07,296600
6.31414609235636e-07,296700
6.34006757252386e-07,296800
6.36563687471468e-07,296900
6.3908380270865e-07,297000
6.41565547823867e-07,297100
6.44007410121709e-07,297200
6.46407919714083e-07,297300
6.48765649846331e-07,297400
6.51079217188111e-07,297500
6.53347282090369e-07,297600
6.55568548809762e-07,297700
6.57741765701921e-07,297800
6.59865725384938e-07,297900
6.61939264874487e-07,298000
6.63961265691967e-07,298100
6.6593065394711e-07,298200
6.67846400396405e-07,298300
6.69707520478763e-07,298400
6.71513074329772e-07,298500
6.7326216677589e-07,298600
6.74953947309911e-07,298700
6.76587610048976e-07,298800
6.78162393676389e-07,298900
6.79677581368459e-07,299000
6.81132500707514e-07,299100
6.82526523582231e-07,299200
6.83859066076326e-07,299300
6.85129588346626e-07,299400
6.86337594491465e-07,299500
6.87482632410295e-07,299600
6.88564293655321e-07,299700
6.89582213275923e-07,299800
6.90536069656535e-07,299900
6.91425584348591e-07,300000
6.92250521897057e-07,300100
6.93010689662025e-07,300200
6.93705937635717e-07,300300
6.94336158255213e-07,300400
6.94901286211115e-07,300500
6.95401298252274e-07,300600
6.95836212986658e-07,300700
6.96206090678313e-07,300800
6.9651103304033e-07,300900
6.96751183023643e-07,301000
6.96926724601384e-07,301100
6.97037882548488e-07,301200
6.97084922216125e-07,301300
6.97068149300496e-07,301400
6.96987909605455e-07,301500
6.96844588798341e-07,301600
6.96638612158364e-07,301700
6.96370444316806e-07,301800
6.96040588988277e-07,301900
6.95649588692171e-07,302000
6.95198024463467e-07,302100
6.94686515551947e-07,302200
6.94115719108875e-07,302300
6.9348632986015e-07,302400
6.92799079764923e-07,302500
6.9205473765864e-07,302600
6.91254108879443e-07,302700
6.90398034876897e-07,302800
6.89487392801935e-07,302900
6.88523095076977e-07,303000
6.87506088945153e-07,303100
6.86437355997569e-07,303200
6.85317911677588e-07,303300
6.84148804761116e-07,303400
6.82931116811901e-07,303500
6.81665961610904e-07,303600
6.80354484558832e-07,303700
6.78997862050961e-07,303800
6.77597300823457e-07,303900
6.76154037270422e-07,304000
6.74669336730983e-07,304100
6.73144492745791e-07,304200
6.71580826282387e-07,304300
6.69979684928946e-07,304400
6.68342442056011e-07,304500
6.66670495945899e-07,304600
6.64965268889563e-07,304700
6.63228206250777e-07,304800
6.61460775497613e-07,304900
6.59664465201265e-07,305000
6.57840784002404e-07,305100
6.55991259545322e-07,305200
6.54117437380246e-07,305300
6.52220879834307e-07,305400
6.50303164851759e-07,305500
6.48365884804152e-07,305600
6.46410645271268e-07,305700
6.44439063793753e-07,305800
6.42452768598478e-07,305900
6.40453397297769e-07,306000
6.38442595563768e-07,306100
6.3642201577928e-07,306200
6.34393315666574e-07,306300
6.32358156895709e-07,306400
6.30318203674056e-07,306500
6.28275121318776e-07,306600
6.26230574814124e-07,306700
6.24186227355531e-07,306800
6.22143738882484e-07,306900
6.20104764602355e-07,307000
6.18070953507339e-07,307100
6.16043946886793e-07,307200
6.14025376837295e-07,307300
6.12016864772829e-07,307400
6.10020019937519e-07,307500
6.08036437923438e-07,307600
6.06067699195992e-07,307700
6.0411536762948e-07,307800
6.02180989055401e-07,307900
6.00266089826136e-07,308000
5.98372175396628e-07,308100
5.965007289267e-07,308200
5.94653209906623e-07,308300
5.92831052808571e-07,308400
5.91035665766554e-07,308500
5.89268429287397e-07,308600
5.87530694995319e-07,308700
5.8582378441259e-07,308800
5.84148987778728e-07,308900
5.82507562910611e-07,309000
5.80900734105842e-07,309100
5.79329691091594e-07,309200
5.77795588021129e-07,309300
5.76299542520053e-07,309400
5.74842634784297e-07,309500
5.73425906731711e-07,309600
5.7205036120904e-07,309700
5.70716961255952e-07,309800
5.69426629427631e-07,309900
5.6818024717739e-07,310000
5.66978654300529e-07,310100
5.65822648440633e-07,310200
5.64712984659265e-07,310300
5.63650375069938e-07,310400
5.62635488537052e-07,310500
5.61668950440353e-07,310600
5.60751342505298e-07,310700
5.59883202699565e-07,310800
5.5906502519578e-07,310900
5.58297260400358e-07,311000
5.57580315048213e-07,311100
5.56914552362905e-07,311200
5.56300292281644e-07,311300
5.55737811744393e-07,311400
5.55227345046155e-07,311500
5.54769084251364e-07,311600
5.54363179669138e-07,311700
5.54009740388004e-07,311800
5.53708834868522e-07,311900
5.5346049159212e-07,312000
5.53264699764272e-07,312100
5.53121410070022e-07,312200
5.53030535479721e-07,312300
5.52991952102694e-07,312400
5.53005500086445e-07,312500
5.53070984558866e-07,312600
5.53188176610829e-07,312700
5.53356814316388e-07,312800
5.53576603787768e-07,312900
5.53847220262182e-07,313000
5.54168309217456e-07,313100
5.54539487513353e-07,313200
5.54960344555435e-07,313300
5.55430443478212e-07,313400
5.55949322344315e-07,313500
5.56516495356357e-07,313600
5.57131454078136e-07,313700
5.57793668661799e-07,313800
5.5850258907759e-07,313900
5.59257646342777e-07,314000
5.60058253746395e-07,314100
5.60903808066437e-07,314200
5.61793690776152e-07,314300
5.62727269236177e-07,314400
5.63703897869232e-07,314500
5.64722919314216e-07,314600
5.65783665556562e-07,314700
5.66885459031836e-07,314800
5.68027613699603e-07,314900
5.69209436084721e-07,315000
5.70430226283306e-07,315100
5.71689278930734e-07,315200
5.72985884129165e-07,315300
5.74319328332206e-07,315400
5.75688895184484e-07,315500
5.77093866314e-07,315600
5.7853352207536e-07,315700
5.80007142242069e-07,315800
5.81514006646278e-07,315900
5.83053395764543e-07,316000
5.84624591248314e-07,316100
5.8622687639807e-07,316200
5.87859536580198e-07,316300
5.89521859585887e-07,316400
5.91213135931527e-07,316500
5.92932659100269e-07,316600
5.94679725724619e-07,316700
5.96453635710117e-07,316800
5.98253692300377e-07,316900
6.00079202083922e-07,317000
6.01929474943488e-07,317100
6.03803823948629e-07,317200
6.05701565192675e-07,317300
6.07622017575285e-07,317400
6.09564502531993e-07,317500
6.11528343712382e-07,317600
6.13512866608666e-07,317700
6.15517398136633e-07,317800
6.17541266171105e-07,317900
6.19583799038197e-07,318000
6.21644324966852e-07,318100
6.23722171502247e-07,318200
6.25816664883836e-07,318300
6.27927129390917e-07,318400
6.30052886658743e-07,318500
6.32193254968318e-07,318600
6.34347548513127e-07,318700
6.36515076646145e-07,318800
6.38695143110574e-07,318900
6.4088704525782e-07,319000
6.43090073256306e-07,319100
6.45303509294771e-07,319200
6.47526626783754e-07,319300
6.49758689558986e-07,319400
6.51998951090476e-07,319500
6.54246653701036e-07,319600
6.56501027798043e-07,319700
6.58761291122198e-07,319800
6.61026648017026e-07,319900
6.63296288722837e-07,320000
6.65569388698811e-07,320100
6.6784510797683e-07,320200
6.70122590550583e-07,320300
6.72400963803444e-07,320400
6.74679337978462e-07,320500
6.76956805693769e-07,320600
6.79232441506555e-07,320700
6.81505301528662e-07,320800
6.8377442309669e-07,320900
6.86038824499417e-07,321000
6.88297504765107e-07,321100
6.90549443511198e-07,321200
6.92793600858646e-07,321300
6.95028917413034e-07,321400
6.97254314314373e-07,321500
6.99468693357336e-07,321600
7.01670937183464e-07,321700
7.03859909546667e-07,321800
7.06034455653152e-07,321900
7.08193402576692e-07,322000
7.10335559749914e-07,322100
7.12459719532092e-07,322200
7.14564657853672e-07,322300
7.16649134937561e-07,322400
7.18711896096955e-07,322500
7.2075167260928e-07,322600
7.22767182665548e-07,322700
7.24757132394254e-07,322800
7.26720216958665e-07,322900
7.28655121726137e-07,323000
7.30560523507897e-07,323100
7.32435091867463e-07,323200
7.34277490495684e-07,323300
7.36086378650167e-07,323400
7.37860412656637e-07,323500
7.39598247469571e-07,323600
7.41298538289277e-07,323700
7.42959942232356e-07,323800
7.44581120052336e-07,323900
7.46160737907075e-07,324000
7.4769746916937e-07,324100
7.49189996277033e-07,324200
7.50637012618584e-07,324300
7.5203722445053e-07,324400
7.53389352842084e-07,324500
7.54692135643083e-07,324600
7.55944329470721e-07,324700
7.57144711710642e-07,324800
7.58292082527834e-07,324900
7.59385266882722e-07,325000
7.60423116547758e-07,325100
7.61404512119802e-07,325200
7.62328365023507e-07,325300
7.63193619500944e-07,325400
7.63999254582657e-07,325500
7.64744286035355e-07,325600
7.65427768281473e-07,325700
7.66048796285848e-07,325800
7.66606507404792e-07,325900
7.67100083192932e-07,326000
7.67528751163209e-07,326100
7.67891786495538e-07,326200
7.68188513689713e-07,326300
7.68418308158236e-07,326400
7.68580597754886e-07,326500
7.68674864234939e-07,326600
7.68700644643114e-07,326700
7.68657532625465e-07,326800
7.68545179661569e-07,326900
7.6836329621358e-07,327000
7.68111652788835e-07,327100
7.67790080912952e-07,327200
7.67398474010483e-07,327300
7.66936788190459e-07,327400
7.66405042934322e-07,327500
7.65803321683978e-07,327600
7.65131772327932e-07,327700
7.6439060758369e-07,327800
7.63580105274839e-07,327900
7.6270060850148e-07,328000
7.61752525702892e-07,328100
7.60736330611603e-07,328200
7.59652562098235e-07,328300
7.5850182390679e-07,328400
7.57284784280265e-07,328500
7.56002175476741e-07,328600
7.54654793176356e-07,328700
7.53243495779805e-07,328800
7.51769203599264e-07,328900
7.50232897942901e-07,329000
7.48635620094339e-07,329100
7.46978470188726e-07,329200
7.45262605987257e-07,329300
7.43489241552272e-07,329400
7.41659645825229e-07,329500
7.39775141110112e-07,329600
7.37837101465029e-07,329700
7.35846951004966e-07,329800
7.33806162118857e-07,329900
7.31716253604331e-07,330000
7.29578788723665e-07,330100
7.27395373184663e-07,330200
7.25167653050331e-07,330300
7.22897312581368e-07,330400
7.20586072015661e-07,330500
7.18235685289077e-07,330600
7.15847937701974e-07,330700
7.13424643535989e-07,330800
7.10967643625719e-07,330900
7.08478802890034e-07,331000
7.0596000782781e-07,331100
7.03413163982966e-07,331200
7.00840193383706e-07,331300
6.98243031960929e-07,331400
6.95623626950793e-07,331500
6.92983934286435e-07,331600
6.90325915983842e-07,331700
6.87651537526876e-07,331800
6.84962765256429e-07,331900
6.82261563768631e-07,332000
6.79549893327027e-07,332100
6.76829707293559e-07,332200
6.74102949583109e-07,332300
6.71371552146312e-07,332400
6.68637432485243e-07,332500
6.65902491206468e-07,332600
6.6316860961586e-07,332700
6.60437647359458e-07,332800
6.577114401145e-07,332900
6.54991797334636e-07,333000
6.52280500053192e-07,333100
6.49579298748161e-07,333200
6.46889911272477e-07,333300
6.44214020852941e-07,333400
6.41553274160969e-07,333500
6.38909279458186e-07,333600
6.36283604819681e-07,333700
6.33677776437538e-07,333800
6.31093277007074e-07,333900
6.28531544198003e-07,334000
6.2599396921254e-07,334100
6.23481895432256e-07,334200
6.20996617155277e-07,334300
6.18539378425202e-07,334400
6.16111371952923e-07,334500
6.13713738132284e-07,334600
6.11347564150333e-07,334700
6.09013883192682e-07,334800
6.06713673744289e-07,334900
6.0444785898577e-07,335000
6.02217306285127e-07,335100
6.00022826784581e-07,335200
5.97865175082e-07,335300
5.9574504900619e-07,335400
5.93663089485175e-07,335500
5.91619880506323e-07,335600
5.89615949167081e-07,335700
5.8765176581482e-07,335800
5.85727744274184e-07,335900
5.8384424216013e-07,336000
5.82001561274702e-07,336100
5.80199948085435e-07,336200
5.7843959428313e-07,336300
5.76720637416602e-07,336400
5.750431616019e-07,336500
5.7340719830334e-07,336600
5.71812727183607e-07,336700
5.70259677020081e-07,336800
5.68747926684422e-07,336900
5.67277306182393e-07,337000
5.65847597750817e-07,337100
5.6445853700847e-07,337200
5.63109814157711e-07,337300
5.61801075233539e-07,337400
5.60531923396781e-07,337500
5.59301920268045e-07,337600
5.58110587299085e-07,337700
5.56957407178185e-07,337800
5.558418252662e-07,337900
5.54763251059855e-07,338000
5.53721059678967e-07,338100
5.52714593374238e-07,338200
5.5174316305233e-07,338300
5.50806049814952e-07,338400
5.49902506508748e-07,338500
5.49031759282831e-07,338600
5.48193009150866e-07,338700
5.47385433554683e-07,338800
5.46608187926464e-07,338900
5.45860407246649e-07,339000
5.45141207594783e-07,339100
5.44449687690622e-07,339200
5.43784930422917e-07,339300
5.43146004363403e-07,339400
5.42531965263627e-07,339500
5.41941857532358e-07,339600
5.41374715691431e-07,339700
5.40829565808043e-07,339800
5.40305426901552e-07,339900
5.39801312323062e-07,340000
5.39316231106111e-07,340100
5.38849189286966e-07,340200
5.38399191193132e-07,340300
5.37965240698822e-07,340400
5.37546342446254e-07,340500
5.37141503031783e-07,340600
5.36749732155995e-07,340700
5.3637004373703e-07,340800
5.36001456986515e-07,340900
5.35642997447606e-07,341000
5.35293697994803e-07,341100
5.34952599795256e-07,341200
5.34618753231454e-07,341300
5.34291218785279e-07,341400
5.33969067883512e-07,341500
5.33651383704997e-07,341600
5.33337261949773e-07,341700
5.33025811570559e-07,341800
5.32716155467114e-07,341900
5.32407431144026e-07,342000
5.32098791332625e-07,342100
5.31789404577755e-07,342200
5.31478455790219e-07,342300
5.31165146765802e-07,342400
5.30848696671806e-07,342500
5.30528342502108e-07,342600
5.30203339501811e-07,342700
5.29872961562559e-07,342800
5.29536501589692e-07,342900
5.29193271842382e-07,343000
5.28842604247977e-07,343100
5.28483850691748e-07,343200
5.28116383283289e-07,343300
5.27739594600815e-07,343400
5.27352897914593e-07,343500
5.26955727390766e-07,343600
5.26547538276796e-07,343700
5.26127807069752e-07,343800
5.25696031668651e-07,343900
5.25251731512033e-07,344000
5.24794447701918e-07,344100
5.2432374311527e-07,344200
5.23839202504044e-07,344300
5.23340432584858e-07,344400
5.22827062119288e-07,344500
5.22298741985716e-07,344600
5.21755145243634e-07,344700
5.21195967191228e-07,344800
5.20620925417018e-07,344900
5.20029759846263e-07,345000
5.19422232782776e-07,345100
5.18798128946729e-07,345200
5.18157255508953e-07,345300
5.17499442122175e-07,345400
5.16824540949556e-07,345500
5.16132426690823e-07,345600
5.15422996606224e-07,345700
5.14696170538439e-07,345800
5.13951890932527e-07,345900
5.13190122853918e-07,346000
5.12410854004358e-07,346100
5.11614094735678e-07,346200
5.10799878061168e-07,346300
5.09968259664256e-07,346400
5.09119317904173e-07,346500
5.08253153818144e-07,346600
5.07369891119659e-07,346700
5.06469676192259e-07,346800
5.05552678078247e-07,346900
5.04619088461667e-07,347000
5.03669121644837e-07,347100
5.02703014517688e-07,347200
5.01721026519094e-07,347300
5.00723439589373e-07,347400
4.99710558113043e-07,347500
4.98682708850957e-07,347600
4.97640240860838e-07,347700
4.96583525405271e-07,347800
4.95512955846143e-07,347900
4.94428947524538e-07,348000
4.93331937625061e-07,348100
4.92222385023566e-07,348200
4.91100770117259e-07,348300
4.89967594636157e-07,348400
4.88823381434871e-07,348500
4.87668674263717e-07,348600
4.86504037518151e-07,348700
4.85330055965565e-07,348800
4.84147334448497e-07,348900
4.82956497563326e-07,349000
4.81758189313587e-07,349100
4.80553072737042e-07,349200
4.7934182950572e-07,349300
4.78125159498161e-07,349400
4.76903780343161e-07,349500
4.75678426934361e-07,349600
4.74449850915099e-07,349700
4.73218820132981e-07,349800
4.71986118063703e-07,349900
4.70752543203737e-07,350000
4.69518908431536e-07,350100
4.68286040337013e-07,350200
4.67054778519107e-07,350300
4.65825974851342e-07,350400
4.64600492715351e-07,350500
4.63379206202423e-07,350600
4.6216299928323e-07,350700
4.60952764945946e-07,350800
4.59749404303092e-07,350900
4.5855382566749e-07,351000
4.57366943597831e-07,351100
4.56189677914426e-07,351200
4.55022952685812e-07,351300
4.53867695186963e-07,351400
4.52724834829944e-07,351500
4.51595302067956e-07,351600
4.50480027273749e-07,351700
4.49379939593553e-07,351800
4.4829596577766e-07,351900
4.47229028988962e-07,352000
4.46180047590773e-07,352100
4.45149933915357e-07,352200
4.44139593014675e-07,352300
4.43149921394918e-07,352400
4.42181805736471e-07,352500
4.41236121601026e-07,352600
4.40313732127623e-07,352700
4.39415486719457e-07,352800
4.38542219723354e-07,352900
4.37694749103873e-07,353000
4.36873875114037e-07,353100
4.36080378964756e-07,353200
4.35315021495027e-07,353300
4.34578541845063e-07,353400
4.33871656134522e-07,353500
4.33195056148039e-07,353600
4.32549408030287e-07,353700
4.31935350992844e-07,353800
4.31353496035116e-07,353900
4.30804424681612e-07,354000
4.30288687737873e-07,354100
4.29806804067342e-07,354200
4.2935925939149e-07,354300
4.28946505115482e-07,354400
4.28568957181661e-07,354500
4.28226994953152e-07,354600
4.27920960129791e-07,354700
4.27651155698651e-07,354800
4.27417844921336e-07,354900
4.27221250360221e-07,355000
4.27061552945762e-07,355100
4.26938891086978e-07,355200
4.26853359827117e-07,355300
4.26805010046537e-07,355400
4.26793847714698e-07,355500
4.26819833193176e-07,355600
4.26882880591493e-07,355700
4.2698285717752e-07,355800
4.27119582844138e-07,355900
4.27292829633743e-07,356000
4.27502321322145e-07,356100
4.27747733063289e-07,356200
4.28028691096179e-07,356300
4.28344772515258e-07,356400
4.28695505105455e-07,356500
4.29080367242974e-07,356600
4.29498787862837e-07,356700
4.29950146494064e-07,356800
4.30433773363318e-07,356900
4.30948949567682e-07,357000
4.31494907317199e-07,357100
4.32070830247627e-07,357200
4.3267585380383e-07,357300
4.33309065694044e-07,357400
4.33969506415211e-07,357500
4.34656169849423e-07,357600
4.35368003931414e-07,357700
4.36103911386946e-07,357800
4.36862750541788e-07,357900
4.37643336200916e-07,358000
4.384444405974e-07,358100
4.39264794410392e-07,358200
4.4010308785144e-07,358300
4.40957971818326e-07,358400
4.41828059115442e-07,358500
4.42711925739648e-07,358600
4.43608112230435e-07,358700
4.4451512508311e-07,358800
4.45431438223605e-07,358900
4.46355494543416e-07,359000
4.47285707493069e-07,359100
4.48220462732408e-07,359200
4.49158119835901e-07,359300
4.50097014051061e-07,359400
4.51035458107976e-07,359500
4.51971744077871e-07,359600
4.52904145278502e-07,359700
4.53830918224122e-07,359800
4.54750304617652e-07,359900
4.55660533382624e-07,360000
4.5655982273238e-07,360100
4.57446382273921e-07,360200
4.58318415143746e-07,360300
4.59174120172947e-07,360400
4.6001169407875e-07,360500
4.60829333679637e-07,360600
4.61625238131143e-07,360700
4.62397611179328e-07,360800
4.6314466342891e-07,360900
4.63864614622993e-07,361000
4.64555695931263e-07,361100
4.65216152243504e-07,361200
4.65844244465255e-07,361300
4.66438251812393e-07,361400
4.66996474101398e-07,361500
4.67517234032051e-07,361600
4.67998879459293e-07,361700
4.6843978565096e-07,361800
4.68838357528115e-07,361900
4.6919303188467e-07,362000
4.69502279583054e-07,362100
4.69764607722606e-07,362200
4.69978561777475e-07,362300
4.70142727700761e-07,362400
4.70255733991696e-07,362500
4.7031625372267e-07,362600
4.70323006522959e-07,362700
4.70274760516025e-07,362800
4.70170334207345e-07,362900
4.70008598319717e-07,363000
4.6978847757311e-07,363100
4.69508952406125e-07,363200
4.69169060636235e-07,363300
4.68767899056029e-07,363400
4.68304624962755e-07,363500
4.67778457618545e-07,363600
4.67188679638772e-07,363700
4.66534638306092e-07,363800
4.65815746807812e-07,363900
4.65031485394313e-07,364000
4.64181402456364e-07,364100
4.63265115519271e-07,364200
4.6228231215191e-07,364300
4.612327507888e-07,364400
4.60116261463506e-07,364500
4.58932746451755e-07,364600
4.57682180822808e-07,364700
4.56364612897725e-07,364800
4.54980164613304e-07,364900
4.53529031790623e-07,365000
4.5201148430722e-07,365100
4.50427866172122e-07,365200
4.48778595503032e-07,365300
4.47064164405183e-07,365400
4.45285138751455e-07,365500
4.43442157863549e-07,365600
4.41535934094129e-07,365700
4.39567252310016e-07,365800
4.3753696927666e-07,365900
4.35446012944265e-07,366000
4.33295381636115e-07,366100
4.3108614313979e-07,366200
4.28819433702112e-07,366300
4.26496456928836e-07,366400
4.24118482590237e-07,366500
4.21686845333906e-07,366600
4.19202943306224e-07,366700
4.16668236684141e-07,366800
4.1408424611901e-07,366900
4.11452551094423e-07,367000
4.08774788200098e-07,367100
4.06052649324039e-07,367200
4.03287879765324e-07,367300
4.00482276270025e-07,367400
3.97637684992882e-07,367500
3.9475599938751e-07,367600
3.91839158028034e-07,367700
3.88889142365172e-07,367800
3.85907974419927e-07,367900
3.82897714418127e-07,368000
3.79860458369224e-07,368100
3.76798335592804e-07,368200
3.73713506196416e-07,368300
3.70608158508399e-07,368400
3.6748450646948e-07,368500
3.64344786987009e-07,368600
3.61191257255765e-07,368700
3.58026192049356e-07,368800
3.54851880986283e-07,368900
3.51670625774804e-07,369000
3.48484737440801e-07,369100
3.45296533542879e-07,369200
3.42108335378958e-07,369300
3.38922465188691e-07,369400
3.35741243355998e-07,369500
3.32566985616087e-07,369600
3.29402000271293e-07,369700
3.26248585420088e-07,369800
3.23109026203595e-07,369900
3.19985592073938e-07,370000
3.1688053408871e-07,370100
3.13796082235828e-07,370200
3.10734442793005e-07,370300
3.07697795725985e-07,370400
3.04688292129693e-07,370500
3.01708051716308e-07,370600
2.98759160354262e-07,370700
2.95843667662053e-07,370800
2.92963584660659e-07,370900
2.90120881488283e-07,371000
2.87317485181017e-07,371100
2.84555277522914e-07,371200
2.81836092968846e-07,371300
2.79161716643391e-07,371400
2.76533882418853e-07,371500
2.73954271075397e-07,371600
2.71424508546113e-07,371700
2.68946164249695e-07,371800
2.66520749513241e-07,371900
2.6414971608753e-07,372000
2.61834454756956e-07,372100
2.59576294046134e-07,372200
2.57376499025004e-07,372300
2.55236270214089e-07,372400
2.53156742591356e-07,372500
2.51138984701979e-07,372600
2.4918399787205e-07,372700
2.47292715527157e-07,372800
2.45466002616495e-07,372900
2.43704655143003e-07,373000
2.42009399799822e-07,373100
2.40380893713146e-07,373200
2.38819724291358e-07,373300
2.37326409180132e-07,373400
2.35901396322966e-07,373500
2.34545064126442e-07,373600
2.33257721729265e-07,373700
2.32039609373982e-07,373800
2.30890898880038e-07,373900
2.29811694216678e-07,374000
2.28802032173968e-07,374100
2.27861883130059e-07,374200
2.26991151912613e-07,374300
2.26189678752129e-07,374400
2.25457240324746e-07,374500
2.24793550881926e-07,374600
2.24198263464239e-07,374700
2.23670971196342e-07,374800
2.23211208660071e-07,374900
2.22818453342429e-07,375000
2.22492127155113e-07,375100
2.22231598022089e-07,375200
2.22036181531607e-07,375300
2.21905142648933e-07,375400
2.21837697485953e-07,375500
2.21833015123733e-07,375600
2.21890219484006e-07,375700
2.22008391245482e-07,375800
2.22186569800819e-07,375900
2.22423755250008e-07,376000
2.22718910425897e-07,376100
2.23070962947523e-07,376200
2.23478807296875e-07,376300
2.23941306914734e-07,376400
2.2445729631116e-07,376500
2.25025583186253e-07,376600
2.25644950556774e-07,376700
2.2631415888427e-07,376800
2.2703194820034e-07,376900
2.27797040224736e-07,377000
2.28608140472047e-07,377100
2.29463940342742e-07,377200
2.30363119194439e-07,377300
2.31304346389351e-07,377400
2.32286283313907e-07,377500
2.3330758536668e-07,377600
2.34366903910842e-07,377700
2.35462888187475e-07,377800
2.36594187186188e-07,377900
2.37759451469624e-07,378000
2.38957334948582e-07,378100
2.40186496604603e-07,378200
2.41445602157034e-07,378300
2.42733325671751e-07,378400
2.44048351108856e-07,378500
2.45389373806868e-07,378600
2.46755101901069e-07,378700
2.48144257673878e-07,378800
2.49555578835281e-07,378900
2.50987819731556e-07,379000
2.52439752480713e-07,379100
2.53910168033264e-07,379200
2.55397877157145e-07,379300
2.56901711345799e-07,379400
2.58420523648641e-07,379500
2.59953189423323e-07,379600
2.61498607009424e-07,379700
2.63055698323386e-07,379800
2.64623409374739e-07,379900
2.66200710703821e-07,380000
2.67786597741449e-07,380100
2.69380091091161e-07,380200
2.70980236734841e-07,380300
2.72586106162771e-07,380400
2.74196796429284e-07,380500
2.7581143013544e-07,380600
2.77429155340276e-07,380700
2.79049145402385e-07,380800
2.80670598753735e-07,380900
2.82292738607822e-07,381000
2.83914812604379e-07,381100
2.85536092393048e-07,381200
2.87155873158531e-07,381300
2.88773473089909e-07,381400
2.90388232796913e-07,381500
2.91999514676083e-07,381600
2.93606702229825e-07,381700
2.95209199341527e-07,381800
2.96806429509945e-07,381900
2.98397835046187e-07,382000
2.99982876236676e-07,382100
3.01561030475556e-07,382200
3.03131791370061e-07,382300
3.04694667822392e-07,382400
3.06249183091711e-07,382500
3.07794873839878e-07,382600
3.09331289164562e-07,382700
3.1085798962338e-07,382800
3.12374546252705e-07,382900
3.13880539584768e-07,383000
3.15375558666669e-07,383100
3.16859200084855e-07,383200
3.18331066998603e-07,383300
3.19790768185976e-07,383400
3.21237917105664e-07,383500
3.22672130978052e-07,383600
3.24093029888765e-07,383700
3.25500235917864e-07,383800
3.26893372297758e-07,383900
3.28272062602792e-07,384000
3.29635929973361e-07,384100
3.30984596377265e-07,384200
3.32317681910912e-07,384300
3.3363480414281e-07,384400
3.34935577501674e-07,384500
3.36219612711299e-07,384600
3.37486516274226e-07,384700
3.38735890006027e-07,384800
3.3996733062191e-07,384900
3.41180429377151e-07,385000
3.42374771762697e-07,385100
3.43549937257096e-07,385200
3.44705499135755e-07,385300
3.45841024338323e-07,385400
3.46956073394809e-07,385500
3.48050200410898e-07,385600
3.49122953112692e-07,385700
3.50173872950955e-07,385800
3.51202495264748e-07,385900
3.52208349504139e-07,386000
3.53190959511516e-07,386100
3.54149843860829e-07,386200
3.55084516253928e-07,386300
3.55994485972958e-07,386400
3.56879258387651e-07,386500
3.57738335516118e-07,386600
3.58571216637655e-07,386700
3.59377398955851e-07,386800
3.6015637831018e-07,386900
3.60907649934085e-07,387000
3.61630709257431e-07,387100
3.62325052751059e-07,387200
3.62990178811058e-07,387300
3.63625588680239e-07,387400
3.64230787404173e-07,387500
3.64805284819086e-07,387600
3.65348596568741e-07,387700
3.65860245147427e-07,387800
3.66339760966011e-07,387900
3.66786683438011e-07,388000
3.67200562082518e-07,388100
3.67580957640803e-07,388200
3.67927443203347e-07,388300
3.68239605344016e-07,388400
3.68517045258098e-07,388500
3.68759379900864e-07,388600
3.68966243123323e-07,388700
3.69137286801861e-07,388800
3.69272181958432e-07,388900
3.69370619868013e-07,389000
3.6943231315006e-07,389100
3.69456996840739e-07,389200
3.69444429442748e-07,389300
3.69394393949615e-07,389400
3.6930669884142e-07,389500
3.69181179048957e-07,389600
3.69017696883432e-07,389700
3.68816142928905e-07,389800
3.68576436894746e-07,389900
3.68298528425526e-07,390000
3.67982397865826e-07,390100
3.67628056977614e-07,390200
3.67235549607934e-07,390300
3.66804952304784e-07,390400
3.66336374879234e-07,390500
3.65829960911913e-07,390600
3.65285888202212e-07,390700
3.64704369158641e-07,390800
3.64085651128978e-07,390900
3.63430016668978e-07,391000
3.62737783748586e-07,391100
3.62009305894762e-07,391200
3.61244972270181e-07,391300
3.60445207687255e-07,391400
3.5961047255708e-07,391500
3.58741262773082e-07,391600
3.57838109529314e-07,391700
3.5690157907352e-07,391800
3.55932272395234e-07,391900
3.54930824849385e-07,392000
3.53897905716006e-07,392100
3.52834217696831e-07,392200
3.51740496349712e-07,392300
3.50617509461953e-07,392400
3.49466056363802e-07,392500
3.48286967183498e-07,392600
3.47081102045408e-07,392700
3.45849350212934e-07,392800
3.44592629178001e-07,392900
3.43311883699065e-07,393000
3.42008084789703e-07,393100
3.40682228659962e-07,393200
3.39335335612763e-07,393300
3.37968448897733e-07,393400
3.3658263352498e-07,393500
3.35178975041354e-07,393600
3.3375857827187e-07,393700
3.32322566029019e-07,393800
3.30872077792756e-07,393900
3.29408268364009e-07,394000
3.27932306494634e-07,394100
3.26445373496717e-07,394200
3.24948661834238e-07,394300
3.23443373700054e-07,394400
3.21930719581235e-07,394500
3.20411916815777e-07,394600
3.18888188143677e-07,394700
3.17360760255417e-07,394800
3.15830862340818e-07,394900
3.14299724641237e-07,395000
3.12768577008041e-07,395100
3.11238647470234e-07,395200
3.09711160814089e-07,395300
3.08187337177551e-07,395400
3.06668390662142e-07,395500
3.05155527965002e-07,395600
3.0364994703364e-07,395700
3.02152835745879e-07,395800
3.00665370617378e-07,395900
2.99188715539046e-07,396000
2.97724020546514e-07,396100
2.96272420623782e-07,396200
2.94835034542994e-07,396300
2.93412963742208e-07,396400
2.92007291242896e-07,396500
2.90619080608792e-07,396600
2.89249374947569e-07,396700
2.87899195956699e-07,396800
2.86569543014721e-07,396900
2.85261392319016e-07,397000
2.83975696071009e-07,397100
2.82713381709648e-07,397200
2.81475351193812e-07,397300
2.80262480334181e-07,397400
2.79075618174989e-07,397500
2.77915586425889e-07,397600
2.76783178944072e-07,397700
2.75679161266615e-07,397800
2.74604270192916e-07,397900
2.73559213416929e-07,398000
2.72544669208786e-07,398100
2.71561286145283e-07,398200
2.70609682888547e-07,398300
2.69690448012122e-07,398400
2.68804139873572e-07,398500
2.67951286532581e-07,398600
2.67132385713457e-07,398700
2.66347904810803e-07,398800
2.6559828093705e-07,398900
2.6488392101045e-07,399000
2.64205201882026e-07,399100
2.63562470499925e-07,399200
2.62956044109508e-07,399300
2.62386210487493e-07,399400
2.61853228208346e-07,399500
2.61357326941121e-07,399600
2.60898707774859e-07,399700
2.60477543570634e-07,399800
2.60093979338294e-07,399900
2.59748132635927e-07,400000
2.59440093990049e-07,400100
2.59169927334511e-07,400200
2.58937670466096e-07,400300
2.58743335514809e-07,400400
2.58586909426841e-07,400500
2.58468354458215e-07,400600
2.58387608677142e-07,400700
2.58344586473155e-07,400800
2.58339179071085e-07,400900
2.58371255048037e-07,401000
2.58440660851524e-07,401100
2.58547221316992e-07,401200
2.58690740183029e-07,401300
2.58871000602594e-07,401400
2.59087765648695e-07,401500
2.59340778813009e-07,401600
2.59629764495992e-07,401700
2.59954428487161e-07,401800
2.60314458434254e-07,401900
2.60709524300118e-07,402000
2.61139278806231e-07,402100
2.61603357861875e-07,402200
2.62101380978078e-07,402300
2.62632951665538e-07,402400
2.63197657815848e-07,402500
2.63795072065438e-07,402600
2.64424752141769e-07,402700
2.65086241191414e-07,402800
2.65779068089756e-07,402900
2.66502747732164e-07,403000
2.67256781306593e-07,403100
2.68040656547671e-07,403200
2.68853847972437e-07,403300
2.69695817098002e-07,403400
2.705660126415e-07,403500
2.71463870702797e-07,403600
2.72388814930528e-07,403700
2.73340256672127e-07,403800
2.74317595108595e-07,403900
2.75320217374846e-07,404000
2.76347498666569e-07,404100
2.77398802334587e-07,404200
2.78473479967821e-07,404300
2.79570871465987e-07,404400
2.80690305103254e-07,404500
2.81831097584148e-07,404600
2.82992554093025e-07,404700
2.84173968338514e-07,404800
2.85374622594346e-07,404900
2.86593787738062e-07,405000
2.87830723289084e-07,405100
2.8908467744769e-07,405200
2.90354887136463e-07,405300
2.91640578045756e-07,405400
2.9294096468478e-07,405500
2.94255250439878e-07,405600
2.95582627641578e-07,405700
2.96922277641992e-07,405800
2.9827337090411e-07,405900
2.99635067104528e-07,406000
3.01006515251119e-07,406100
3.02386853817102e-07,406200
3.03775210892964e-07,406300
3.05170704357597e-07,406400
3.06572442070001e-07,406500
3.07979522082821e-07,406600
3.09391032878934e-07,406700
3.10806053632244e-07,406800
3.12223654493742e-07,406900
3.13642896903842e-07,407000
3.15062833931918e-07,407100
3.16482510643844e-07,407200
3.17900964498319e-07,407300
3.19317225772586e-07,407400
3.20730318018129e-07,407500
3.22139258546782e-07,407600
3.23543058947608e-07,407700
3.24940725634788e-07,407800
3.26331260426668e-07,407900
3.27713661155981e-07,408000
3.29086922311183e-07,408100
3.30450035708683e-07,408200
3.31801991195705e-07,408300
3.33141777383327e-07,408400
3.34468382409194e-07,408500
3.35780794729266e-07,408600
3.3707800393784e-07,408700
3.38359001614996e-07,408800
3.39622782200499e-07,408900
3.40868343893077e-07,409000
3.420946895739e-07,409100
3.43300827752985e-07,409200
3.44485773537124e-07,409300
3.45648549617891e-07,409400
3.46788187278126e-07,409500
3.47903727415263e-07,409600
3.48994221579729e-07,409700
3.50058733026627e-07,409800
3.51096337778754e-07,409900
3.52106125699021e-07,410000
3.53087201570215e-07,410100
3.54038686179996e-07,410200
3.54959717408987e-07,410300
3.55849451319732e-07,410400
3.56707063244285e-07,410500
3.57531748868121e-07,410600
3.58322725308058e-07,410700
3.59079232181832e-07,410800
3.5980053266696e-07,410900
3.60485914546496e-07,411000
3.61134691239307e-07,411100
3.61746202812453e-07,411200
3.62319816973309e-07,411300
3.62854930039044e-07,411400
3.63350967881096e-07,411500
3.63807386842332e-07,411600
3.64223674624585e-07,411700
3.6459935114431e-07,411800
3.6493396935416e-07,411900
3.65227116028298e-07,412000
3.65478412509368e-07,412100
3.65687515415058e-07,412200
3.6585411730231e-07,412300
3.65977947287261e-07,412400
3.66058771619104e-07,412500
3.66096394206145e-07,412600
3.66090657092412e-07,412700
3.66041440883272e-07,412800
3.65948665118607e-07,412900
3.65812288592225e-07,413000
3.65632309616252e-07,413100
3.65408766229409e-07,413200
3.65141736348158e-07,413300
3.64831337859829e-07,413400
3.64477728656984e-07,413500
3.64081106612356e-07,413600
3.63641709493875e-07,413700
3.63159814819377e-07,413800
3.6263573965076e-07,413900
3.62069840327453e-07,414000
3.61462512139222e-07,414100
3.6081418893844e-07,414200
3.60125342692109e-07,414300
3.59396482974041e-07,414400
3.58628156397739e-07,414500
3.57820945990643e-07,414600
3.56975470510563e-07,414700
3.56092383705203e-07,414800
3.55172373515866e-07,414900
3.54216161226498e-07,415000
3.53224500559389e-07,415100
3.52198176718957e-07,415200
3.51138005385148e-07,415300
3.50044831658116e-07,415400
3.48919528955943e-07,415500
3.47762997867265e-07,415600
3.4657616496078e-07,415700
3.45359981553698e-07,415800
3.44115422441302e-07,415900
3.42843484589852e-07,416000
3.41545185795173e-07,416100
3.40221563309319e-07,416200
3.38873672437794e-07,416300
3.37502585109875e-07,416400
3.36109388424622e-07,416500
3.34695183175237e-07,416600
3.33261082354478e-07,416700
3.31808209643847e-07,416800
3.30337697889353e-07,416900
3.28850687566636e-07,417000
3.27348325238278e-07,417100
3.25831762006155e-07,417200
3.24302151961661e-07,417300
3.22760650636667e-07,417400
3.21208413458063e-07,417500
3.19646594208707e-07,417600
3.1807634349762e-07,417700
3.16498807242199e-07,417800
3.1491512516524e-07,417900
3.13326429309474e-07,418000
3.1173384257233e-07,418100
3.10138477263542e-07,418200
3.08541433688205e-07,418300
3.06943798757788e-07,418400
3.05346644631585e-07,418500
3.0375102739098e-07,418600
3.02157985748845e-07,418700
3.00568539796312e-07,418800
2.98983689789062e-07,418900
2.97404414975199e-07,419000
2.95831672466663e-07,419100
2.94266396156063e-07,419200
2.92709495680699e-07,419300
2.91161855435414e-07,419400
2.8962433363586e-07,419500
2.88097761433593e-07,419600
2.86582942084345e-07,419700
2.85080650170676e-07,419800
2.83591630880099e-07,419900
2.82116599339657e-07,420000
2.80656240007802e-07,420100
2.79211206124305e-07,420200
2.77782119218801e-07,420300
2.76369568678451e-07,420400
2.74974111375085e-07,420500
2.73596271352045e-07,420600
2.72236539570842e-07,420700
2.7089537371762e-07,420800
2.69573198069267e-07,420900
2.68270403418934e-07,421000
2.66987347060572e-07,421100
2.65724352831976e-07,421200
2.64481711215749e-07,421300
2.63259679497421e-07,421400
2.62058481979906e-07,421500
2.60878310253338e-07,421600
2.59719323519217e-07,421700
2.58581648967728e-07,421800
2.57465382206943e-07,421900
2.56370587742575e-07,422000
2.55297299506823e-07,422100
2.54245521434765e-07,422200
2.53215228086695e-07,422300
2.52206365314687e-07,422400
2.51218850971613e-07,422500
2.50252575660775e-07,422600
2.49307403524229e-07,422700
2.48383173067824e-07,422800
2.47479698020941e-07,422900
2.46596768228826e-07,423000
2.45734150575409e-07,423100
2.44891589934421e-07,423200
2.44068810146618e-07,423300
2.43265515020866e-07,423400
2.42481389356826e-07,423500
2.41716099986954e-07,423600
2.40969296835523e-07,423700
2.40240613992351e-07,423800
2.39529670798934e-07,423900
2.38836072944645e-07,424000
2.38159413570733e-07,424100
2.37499274379776e-07,424200
2.36855226748345e-07,424300
2.36226832840596e-07,424400
2.35613646720556e-07,424500
2.35015215460897e-07,424600
2.34431080246019e-07,424700
2.33860777467315e-07,424800
2.33303839808508e-07,424900
2.32759797319024e-07,425000
2.32228178473404e-07,425100
2.31708511214797e-07,425200
2.31200323980668e-07,425300
2.30703146708876e-07,425400
2.30216511822375e-07,425500
2.29739955190838e-07,425600
2.29273017067576e-07,425700
2.28815243000208e-07,425800
2.28366184713603e-07,425900
2.27925400963686e-07,426000
2.27492458360807e-07,426100
2.27066932161406e-07,426200
2.26648407026846e-07,426300
2.26236477748323e-07,426400
2.25830749936866e-07,426500
2.2543084067754e-07,426600
2.25036379147016e-07,426700
2.24647007193804e-07,426800
2.24262379880483e-07,426900
2.23882165987405e-07,427000
2.23506048477388e-07,427100
2.23133724921026e-07,427200
2.22764907882335e-07,427300
2.22399325264524e-07,427400
2.22036720615774e-07,427500
2.21676853394994e-07,427600
2.21319499197608e-07,427700
2.20964449941496e-07,427800
2.20611514013311e-07,427900
2.20260516375462e-07,428000
2.19911298634119e-07,428100
2.19563719068706e-07,428200
2.19217652623378e-07,428300
2.18872990861081e-07,428400
2.18529641880835e-07,428500
2.18187530198986e-07,428600
2.17846596595184e-07,428700
2.1750679792394e-07,428800
2.17168106892681e-07,428900
2.16830511807226e-07,429000
2.16494016285722e-07,429100
2.1615863894208e-07,429200
2.15824413040024e-07,429300
2.15491386118887e-07,429400
2.15159619592351e-07,429500
2.14829188321348e-07,429600
2.1450018016238e-07,429700
2.14172695492531e-07,429800
2.1384684671251e-07,429900
2.13522757729024e-07,430000
2.13200563417872e-07,430100
2.12880409069111e-07,430200
2.12562449815691e-07,430300
2.12246850046954e-07,430400
2.11933782808403e-07,430500
2.11623429189161e-07,430600
2.11315977698517e-07,430700
2.11011623632986e-07,430800
2.10710568435281e-07,430900
2.10413019046604e-07,431000
2.10119187253647e-07,431100
2.09829289031678e-07,431200
2.09543543885083e-07,431300
2.09262174186705e-07,431400
2.08985404517314e-07,431500
2.0871346100651e-07,431600
2.0844657067634e-07,431700
2.08184960788889e-07,431800
2.07928858199066e-07,431900
2.07678488713784e-07,432000
2.07434076458709e-07,432100
2.07195843253682e-07,432200
2.06964007997949e-07,432300
2.06738786066218e-07,432400
2.06520388716602e-07,432500
2.06309022511391e-07,432600
2.06104888751636e-07,432700
2.05908182926409e-07,432800
2.0571909417762e-07,432900
2.05537804781194e-07,433000
2.05364489645386e-07,433100
2.05199315826957e-07,433200
2.05042442065889e-07,433300
2.04894018339288e-07,433400
2.04754185435056e-07,433500
2.04623074545872e-07,433600
2.04500806884005e-07,433700
2.04387493317388e-07,433800
2.04283234027378e-07,433900
2.04188118188557e-07,434000
2.04102223670905e-07,434100
2.04025616764603e-07,434200
2.03958351927714e-07,434300
2.0390047155691e-07,434400
2.03852005781411e-07,434500
2.03812972280223e-07,434600
2.03783376122733e-07,434700
2.03763209632699e-07,434800
2.03752452275598e-07,434900
2.03751070569283e-07,435000
2.03759018017847e-07,435100
2.03776235068572e-07,435200
2.03802649091779e-07,435300
2.03838174383393e-07,435400
2.03882712189972e-07,435500
2.03936150755943e-07,435600
2.03998365392737e-07,435700
2.04069218569502e-07,435800
2.04148560025026e-07,435900
2.04236226900494e-07,436000
2.04332043892663e-07,436100
2.04435823427023e-07,436200
2.04547365850474e-07,436300
2.04666459643052e-07,436400
2.04792881648193e-07,436500
2.04926397321009e-07,436600
2.05066760994044e-07,436700
2.05213716159947e-07,436800
2.05366995770485e-07,436900
2.05526322551318e-07,437000
2.0569140933192e-07,437100
2.05861959390042e-07,437200
2.06037666810085e-07,437300
2.06218216854756e-07,437400
2.06403286349347e-07,437500
2.06592544078002e-07,437600
2.06785651191302e-07,437700
2.06982261624508e-07,437800
2.07182022525788e-07,437900
2.07384574693759e-07,438000
2.07589553023669e-07,438100
2.07796586961536e-07,438200
2.08005300965565e-07,438300
2.08215314974179e-07,438400
2.08426244879957e-07,438500
2.08637703008835e-07,438600
2.08849298603866e-07,438700
2.0906063831289e-07,438800
2.09271326679433e-07,438900
2.09480966636172e-07,439000
2.09689160000312e-07,439100
2.09895507970221e-07,439200
2.10099611622671e-07,439300
2.10301072410042e-07,439400
2.10499492656873e-07,439500
2.10694476055101e-07,439600
2.10885628157406e-07,439700
2.11072556868028e-07,439800
2.11254872930459e-07,439900
2.11432190411426e-07,440000
2.11604127180574e-07,440100
2.11770305385286e-07,440200
2.11930351920063e-07,440300
2.12083898889933e-07,440400
2.1223058406733e-07,440500
2.12370051341921e-07,440600
2.12501951162868e-07,440700
2.12625940973008e-07,440800
2.12741685634466e-07,440900
2.12848857845211e-07,441000
2.12947138546094e-07,441100
2.13036217317904e-07,441200
2.13115792767996e-07,441300
2.13185572906066e-07,441400
2.13245275508657e-07,441500
2.13294628471973e-07,441600
2.13333370152642e-07,441700
2.13361249696012e-07,441800
2.13378027351655e-07,441900
2.13383474775702e-07,442000
2.13377375319688e-07,442100
2.13359524305586e-07,442200
2.13329729286723e-07,442300
2.13287810294287e-07,442400
2.13233600069156e-07,442500
2.13166944278787e-07,442600
2.13087701718916e-07,442700
2.12995744499854e-07,442800
2.12890958217157e-07,442900
2.12773242106482e-07,443000
2.12642509182442e-07,443100
2.12498686361313e-07,443200
2.12341714567432e-07,443300
2.12171548823166e-07,443400
2.11988158322348e-07,443500
2.11791526487079e-07,443600
2.11581651007816e-07,443700
2.11358543866708e-07,443800
2.11122231344124e-07,443900
2.10872754008361e-07,444000
2.10610166688526e-07,444100
2.10334538430614e-07,444200
2.10045952436815e-07,444300
2.09744505988104e-07,444400
2.09430310350191e-07,444500
2.09103490662918e-07,444600
2.08764185813231e-07,444700
2.08412548291832e-07,444800
2.080487440337e-07,444900
2.07672952242612e-07,445000
2.07285365199888e-07,445100
2.06886188057553e-07,445200
2.0647563861615e-07,445300
2.0605394708746e-07,445400
2.05621355842381e-07,445500
2.05178119144284e-07,445600
2.04724502868126e-07,445700
2.04260784205662e-07,445800
2.037872513571e-07,445900
2.03304203209566e-07,446000
2.02811949002758e-07,446100
2.02310807982196e-07,446200
2.01801109040488e-07,446300
2.01283190347047e-07,446400
2.00757398966719e-07,446500
2.00224090467789e-07,446600
1.99683628519859e-07,446700
1.99136384482096e-07,446800
1.98582736982383e-07,446900
1.98023071487894e-07,447000
1.97457779867645e-07,447100
1.968872599476e-07,447200
1.96311915058883e-07,447300
1.95732153579707e-07,447400
1.95148388471608e-07,447500
1.94561036810599e-07,447600
1.93970519313867e-07,447700
1.93377259862636e-07,447800
1.9278168502185e-07,447900
1.92184223557302e-07,448000
1.91585305950883e-07,448100
1.90985363914592e-07,448200
1.90384829903983e-07,448300
1.89784136631704e-07,448400
1.89183716581812e-07,448500
1.88584001525518e-07,448600
1.87985422039046e-07,448700
1.87388407024274e-07,448800
1.86793383232815e-07,448900
1.86200774794225e-07,449000
1.85611002748974e-07,449100
1.85024484586861e-07,449200
1.84441633791505e-07,449300
1.83862859391561e-07,449400
1.83288565519302e-07,449500
1.82719150977172e-07,449600
1.8215500881295e-07,449700
1.815965259041e-07,449800
1.81044082551907e-07,449900
1.80498052085971e-07,450000
1.79958800479619e-07,450100
1.79426685976768e-07,450200
1.78902058730763e-07,450300
1.78385260455703e-07,450400
1.7787662409073e-07,450500
1.77376473477741e-07,450600
1.76885123052981e-07,450700
1.76402877552914e-07,450800
1.75930031734779e-07,450900
1.75466870112199e-07,451000
1.75013666706189e-07,451100
1.74570684811868e-07,451200
1.74138176781192e-07,451300
1.73716383821942e-07,451400
1.73305535813221e-07,451500
1.72905851137659e-07,451600
1.72517536530509e-07,451700
1.72140786945763e-07,451800
1.71775785439432e-07,451900
1.71422703070047e-07,452000
1.71081698816454e-07,452100
1.70752919512919e-07,452200
1.70436499801537e-07,452300
1.70132562101898e-07,452400
1.69841216597955e-07,452500
1.69562561241968e-07,452600
1.69296681775414e-07,452700
1.69043651766675e-07,452800
1.68803532665325e-07,452900
1.68576373872776e-07,453000
1.68362212829039e-07,453100
1.68161075115294e-07,453200
1.67972974571972e-07,453300
1.67797913431992e-07,453400
1.67635882468776e-07,453500
1.67486861158661e-07,453600
1.67350817857252e-07,453700
1.67227709989289e-07,453800
1.67117484251536e-07,453900
1.67020076828195e-07,454000
1.66935413618322e-07,454100
1.66863410474692e-07,454200
1.66803973453562e-07,454300
1.66756999074731e-07,454400
1.66722374591303e-07,454500
1.6669997826853e-07,454600
1.666896796711e-07,454700
1.66691339958226e-07,454800
1.6670481218586e-07,454900
1.66729941615385e-07,455000
1.66766566028072e-07,455100
1.66814516044643e-07,455200
1.66873615449214e-07,455300
1.66943681516948e-07,455400
1.67024525344686e-07,455500
1.67115952183867e-07,455600
1.67217761775028e-07,455700
1.67329748683179e-07,455800
1.67451702633346e-07,455900
1.67583408845603e-07,456000
1.67724648368883e-07,456100
1.67875198412909e-07,456200
1.68034832677548e-07,456300
1.68203321678956e-07,456400
1.6838043307185e-07,456500
1.6856593196727e-07,456600
1.68759581245236e-07,456700
1.68961141861679e-07,456800
1.69170373149075e-07,456900
1.69387033110226e-07,457000
1.69610878704644e-07,457100
1.69841666127016e-07,457200
1.70079151077277e-07,457300
1.70323089021806e-07,457400
1.70573235445314e-07,457500
1.70829346093014e-07,457600
1.71091177202677e-07,457700
1.71358485726234e-07,457800
1.71631029540592e-07,457900
1.71908567647363e-07,458000
1.72190860361262e-07,458100
1.72477669486929e-07,458200
1.72768758483977e-07,458300
1.73063892620114e-07,458400
1.73362839112204e-07,458500
1.73665367255158e-07,458600
1.73971248538616e-07,458700
1.74280256751365e-07,458800
1.74592168073521e-07,458900
1.74906761156506e-07,459000
1.75223817190887e-07,459100
1.75543119962194e-07,459200
1.75864455894855e-07,459300
1.76187614084423e-07,459400
1.76512386318287e-07,459500
1.76838567085135e-07,459600
1.77165953573396e-07,459700
1.77494345659e-07,459800
1.77823545882758e-07,459900
1.78153359417725e-07,460000
1.78483594026937e-07,460100
1.78814060011925e-07,460200
1.79144570152443e-07,460300
1.79474939637871e-07,460400
1.79804985990773e-07,460500
1.80134528983118e-07,460600
1.80463390545685e-07,460700
1.80791394671185e-07,460800
1.8111836731168e-07,460900
1.81444136270845e-07,461000
1.81768531091687e-07,461100
1.82091382940303e-07,461200
1.82412524486293e-07,461300
1.82731789780445e-07,461400
1.83049014130319e-07,461500
1.83364033974358e-07,461600
1.83676686755162e-07,461700
1.83986810792552e-07,461800
1.84294245157073e-07,461900
1.84598829544548e-07,462000
1.84900404152332e-07,462100
1.8519880955787e-07,462200
1.85493886600184e-07,462300
1.85785476264895e-07,462400
1.86073419573358e-07,462500
1.86357557476513e-07,462600
1.86637730754006e-07,462700
1.86913779919119e-07,462800
1.87185545130068e-07,462900
1.87452866108156e-07,463000
1.87715582063281e-07,463100
1.8797353162727e-07,463200
1.88226552795484e-07,463300
1.88474482877106e-07,463400
1.88717158454512e-07,463500
1.88954415352086e-07,463600
1.8918608861482e-07,463700
1.89412012496994e-07,463800
1.89632020461226e-07,463900
1.89845945188125e-07,464000
1.90053618596762e-07,464100
1.90254871876126e-07,464200
1.90449535527733e-07,464300
1.90637439419463e-07,464400
1.90818412850729e-07,464500
1.90992284628999e-07,464600
1.91158883157676e-07,464700
1.91318036535309e-07,464800
1.91469572666064e-07,464900
1.91613319381345e-07,465000
1.91749104572435e-07,465100
1.91876756333972e-07,465200
1.9199610311806e-07,465300
1.9210697389876e-07,465400
1.92209198346687e-07,465500
1.9230260701341e-07,465600
1.9238703152529e-07,465700
1.92462304786402e-07,465800
1.92528261190115e-07,465900
1.92584736838912e-07,466000
1.92631569771963e-07,466100
1.9266860019998e-07,466200
1.9269567074681e-07,466300
1.92712626697253e-07,466400
1.92719316250498e-07,466500
1.92715590778624e-07,466600
1.9270130508953e-07,466700
1.92676317693675e-07,466800
1.92640491073972e-07,466900
1.92593691958194e-07,467000
1.9253579159318e-07,467100
1.92466666020191e-07,467200
1.92386196350683e-07,467300
1.92294269041813e-07,467400
1.9219077617095e-07,467500
1.92075615708478e-07,467600
1.91948691788165e-07,467700
1.91809914974383e-07,467800
1.91659202525442e-07,467900
1.91496478652342e-07,468000
1.91321674772205e-07,468100
1.91134729755701e-07,468200
1.90935590167758e-07,468300
1.90724210500868e-07,468400
1.90500553400325e-07,468500
1.90264589880726e-07,468600
1.90016299533088e-07,468700
1.89755670721968e-07,468800
1.89482700771967e-07,468900
1.89197396143033e-07,469000
1.88899772594011e-07,469100
1.88589855333892e-07,469200
1.88267679160253e-07,469300
1.87933288584399e-07,469400
1.87586737942757e-07,469500
1.87228091494094e-07,469600
1.86857423502153e-07,469700
1.86474818303363e-07,469800
1.86080370359273e-07,469900
1.85674184293428e-07,470000
1.85256374912421e-07,470100
1.84827067210884e-07,470200
1.84386396360258e-07,470300
1.8393450768115e-07,470400
1.83471556599193e-07,470500
1.82997708584319e-07,470600
1.82513139073401e-07,470700
1.82018033376267e-07,470800
1.81512586565127e-07,470900
1.8099700334747e-07,471000
1.80471497922559e-07,471100
1.79936293821672e-07,471200
1.79391623732259e-07,471300
1.78837729306255e-07,471400
1.78274860952808e-07,471500
1.777032776157e-07,471600
1.77123246535809e-07,471700
1.76535042998967e-07,471800
1.75938950069608e-07,471900
1.75335258310644e-07,472000
1.74724265490019e-07,472100
1.74106276274435e-07,472200
1.73481601910773e-07,472300
1.72850559895735e-07,472400
1.72213473634316e-07,472500
1.71570672087656e-07,472600
1.70922489410925e-07,472700
1.70269264581878e-07,472800
1.69611341020713e-07,472900
1.68949066201954e-07,473000
1.68282791259015e-07,473100
1.6761287058218e-07,473200
1.66939661410714e-07,473300
1.66263523419839e-07,473400
1.65584818303322e-07,473500
1.6490390935243e-07,473600
1.64221161031997e-07,473700
1.63536938554392e-07,473800
1.62851607452118e-07,473900
1.62165533149841e-07,474000
1.61479080536591e-07,474100
1.607926135389e-07,474200
1.60106494695647e-07,474300
1.59421084735337e-07,474400
1.58736742156573e-07,474500
1.58053822812451e-07,474600
1.57372679499583e-07,474700
1.56693661552471e-07,474800
1.56017114443921e-07,474900
1.55343379392162e-07,475000
1.54672792975334e-07,475100
1.54005686753993e-07,475200
1.53342386902235e-07,475300
1.52683213848041e-07,475400
1.52028481923422e-07,475500
1.51378499024909e-07,475600
1.50733566284912e-07,475700
1.50093977754441e-07,475800
1.49460020097675e-07,475900
1.48831972298804e-07,476000
1.48210105381577e-07,476100
1.47594682141923e-07,476200
1.46985956894017e-07,476300
1.46384175230106e-07,476400
1.45789573794396e-07,476500
1.45202380071263e-07,476600
1.44622812188012e-07,476700
1.44051078732404e-07,476800
1.43487378585099e-07,476900
1.42931900767173e-07,477000
1.42384824302796e-07,477100
1.41846318097176e-07,477200
1.41316540829773e-07,477300
1.40795640862846e-07,477400
1.40283756165271e-07,477500
1.3978101425162e-07,477600
1.39287532136409e-07,477700
1.38803416303412e-07,477800
1.38328762689924e-07,477900
1.37863656685798e-07,478000
1.37408173147081e-07,478100
1.36962376424049e-07,478200
1.36526320403383e-07,478300
1.36100048564257e-07,478400
1.35683594048037e-07,478500
1.35276979741304e-07,478600
1.34880218371871e-07,478700
1.34493312617459e-07,478800
1.34116255226671e-07,478900
1.33749029151894e-07,479000
1.33391607693727e-07,479100
1.33043954656541e-07,479200
1.32706024514752e-07,479300
1.32377762589369e-07,479400
1.32059105234381e-07,479500
1.31749980032534e-07,479600
1.31450306000038e-07,479700
1.3115999379974e-07,479800
1.30878945962283e-07,479900
1.30607057114794e-07,480000
1.30344214216601e-07,480100
1.30090296801515e-07,480200
1.29845177226182e-07,480300
1.29608720924033e-07,480400
1.29380786664347e-07,480500
1.29161226815946e-07,480600
1.28949887615054e-07,480700
1.28746609436845e-07,480800
1.2855122707021e-07,480900
1.28363569995298e-07,481000
1.28183462663361e-07,481100
1.2801072477847e-07,481200
1.27845171580664e-07,481300
1.27686614130104e-07,481400
1.27534859591816e-07,481500
1.27389711520611e-07,481600
1.27250970145799e-07,481700
1.27118432655301e-07,481800
1.26991893478793e-07,481900
1.26871144569522e-07,482000
1.26755975684443e-07,482100
1.26646174662352e-07,482200
1.26541527699681e-07,482300
1.26441819623658e-07,482400
1.26346834162534e-07,482500
1.26256354212596e-07,482600
1.26170162101693e-07,482700
1.26088039849034e-07,482800
1.26009769421005e-07,482900
1.25935132982778e-07,483000
1.25863913145508e-07,483100
1.25795893208904e-07,483200
1.25730857398987e-07,483300
1.25668591100867e-07,483400
1.25608881086358e-07,483500
1.25551515736295e-07,483600
1.25496285257388e-07,483700
1.25442981893512e-07,483800
1.25391400131272e-07,483900
1.25341336899773e-07,484000
1.25292591764456e-07,484100
1.25244967114931e-07,484200
1.25198268346717e-07,484300
1.25152304036793e-07,484400
1.25106886112927e-07,484500
1.25061830016682e-07,484600
1.25016954860065e-07,484700
1.24972083575769e-07,484800
1.24927043060947e-07,484900
1.24881664314497e-07,485000
1.24835782567809e-07,485100
1.24789237408946e-07,485200
1.2474187290024e-07,485300
1.24693537689257e-07,485400
1.24644085113142e-07,485500
1.24593373296283e-07,485600
1.2454126524132e-07,485700
1.24487628913446e-07,485800
1.24432337318016e-07,485900
1.2437526857143e-07,486000
1.24316305965287e-07,486100
1.24255338023805e-07,486200
1.24192258554484e-07,486300
1.24126966692015e-07,486400
1.24059366935417e-07,486500
1.23989369178404e-07,486600
1.23916888732965e-07,486700
1.23841846346152e-07,486800
1.23764168210077e-07,486900
1.23683785965106e-07,487000
1.23600636696242e-07,487100
1.23514662922709e-07,487200
1.23425812580712e-07,487300
1.23334038999402e-07,487400
1.23239300870013e-07,487500
1.23141562208212e-07,487600
1.23040792309637e-07,487700
1.22936965698652e-07,487800
1.22830062070321e-07,487900
1.22720066225634e-07,488000
1.22606967999977e-07,488100
1.22490762184903e-07,488200
1.22371448443217e-07,488300
1.22249031217411e-07,488400
1.22123519631505e-07,488500
1.21994927386326e-07,488600
1.21863272648292e-07,488700
1.2172857793177e-07,488800
1.21590869975063e-07,488900
1.21450179610126e-07,489000
1.21306541626086e-07,489100
1.21159994626684e-07,489200
1.2101058088172e-07,489300
1.20858346172661e-07,489400
1.20703339632503e-07,489500
1.20545613580064e-07,489600
1.2038522334884e-07,489700
1.20222227110603e-07,489800
1.20056685693918e-07,489900
1.19888662397766e-07,490000
1.19718222800492e-07,490100
1.19545434564276e-07,490200
1.19370367235383e-07,490300
1.19193092040416e-07,490400
1.19013681678846e-07,490500
1.18832210112084e-07,490600
1.18648752349383e-07,490700
1.18463384230872e-07,490800
1.18276182208035e-07,490900
1.18087223121955e-07,491000
1.17896583979671e-07,491100
1.17704341728996e-07,491200
1.17510573032162e-07,491300
1.17315354038659e-07,491400
1.17118760157675e-07,491500
1.16920865830512e-07,491600
1.16721744303405e-07,491700
1.16521467401156e-07,491800
1.16320105302001e-07,491900
1.16117726314169e-07,492000
1.15914396654546e-07,492100
1.15710180229919e-07,492200
1.1550513842124e-07,492300
1.15299329871378e-07,492400
1.15092810276812e-07,492500
1.14885632183749e-07,492600
1.14677844789115e-07,492700
1.144694937469e-07,492800
1.14260620980321e-07,492900
1.1405126450027e-07,493000
1.13841458230502e-07,493100
1.13631231840035e-07,493200
1.13420610583205e-07,493300
1.13209615147821e-07,493400
1.12998261511864e-07,493500
1.12786560809157e-07,493600
1.12574519204416e-07,493700
1.12362137778101e-07,493800
1.12149412421447e-07,493900
1.11936333742059e-07,494000
1.11722886980429e-07,494100
1.11509051937729e-07,494200
1.11294802915193e-07,494300
1.11080108665401e-07,494400
1.10864932355753e-07,494500
1.10649231544397e-07,494600
1.10432958168845e-07,494700
1.10216058547501e-07,494800
1.09998473394289e-07,494900
1.09780137846549e-07,495000
1.09560981506337e-07,495100
1.09340928495242e-07,495200
1.09119897522799e-07,495300
1.08897801968553e-07,495400
1.08674549977797e-07,495500
1.08450044570973e-07,495600
1.08224183766699e-07,495700
1.07996860718351e-07,495800
1.07767963864096e-07,495900
1.07537377090245e-07,496000
1.07304979907748e-07,496100
1.07070647641648e-07,496200
1.06834251633245e-07,496300
1.06595659454717e-07,496400
1.06354735135894e-07,496500
1.0611133940286e-07,496600
1.05865329928024e-07,496700
1.0561656159126e-07,496800
1.05364886751703e-07,496900
1.05110155529748e-07,497000
1.04852216098761e-07,497100
1.04590914986004e-07,497200
1.04326097382235e-07,497300
1.04057607459401e-07,497400
1.0378528869587e-07,497500
1.0350898420855e-07,497600
1.03228537091282e-07,497700
1.02943790758847e-07,497800
1.0265458929589e-07,497900
1.02360777810092e-07,498000
1.02062202788844e-07,498100
1.01758712458718e-07,498200
1.01450157146967e-07,498300
1.0113638964432e-07,498400
1.00817265568281e-07,498500
1.00492643726169e-07,498600
1.00162386477107e-07,498700
9.9826360092179e-08,498800
9.94844351119518e-08,498900
9.91364867005727e-08,499000
9.87823949956503e-08,499100
9.84220454531256e-08,499200
9.80553291863461e-08,499300
9.76821432985654e-08,499400
9.73023912080945e-08,499500
9.69159829653457e-08,499600
9.65228355610186e-08,499700
9.61228732246971e-08,499800
9.57160277131363e-08,499900
9.53022385875425e-08,500000
9.48814534791648e-08,500100
9.44536283425425e-08,500200
9.4018727695773e-08,500300
9.35767248471916e-08,500400
9.31276021078826e-08,500500
9.26713509894673e-08,500600
9.22079723866468e-08,500700
9.17374767440077e-08,500800
9.12598842066321e-08,500900
9.07752247540883e-08,501000
9.02835383174114e-08,501100
8.97848748787239e-08,501200
8.92792945531792e-08,501300
8.87668676529529e-08,501400
8.8247674733044e-08,501500
8.77218066186894e-08,501600
8.71893644142351e-08,501700
8.66504594933481e-08,501800
8.61052134704973e-08,501900
8.55537581536683e-08,502000
8.4996235478325e-08,502100
8.443279742267e-08,502200
8.38636059042966e-08,502300
8.32888326583698e-08,502400
8.27086590975153e-08,502500
8.21232761536334e-08,502600
8.15328841019009e-08,502700
8.09376923672584e-08,502800
8.03379193137266e-08,502900
7.97337920169255e-08,503000
7.91255460202182e-08,503100
7.8513425074929e-08,503200
7.78976808651263e-08,503300
7.72785727174932e-08,503400
7.66563672968436e-08,503500
7.60313382878714e-08,503600
7.54037660637519e-08,503700
7.47739373422432e-08,503800
7.41421448299633e-08,503900
7.35086868555411e-08,504000
7.28738669923686e-08,504100
7.22379936716966e-08,504200
7.16013797868432e-08,504300
7.09643422892972e-08,504400
7.03272017775168e-08,504500
6.96902820792387e-08,504600
6.9053909828123e-08,504700
6.84184140355706e-08,504800
6.77841256585574e-08,504900
6.71513771643348e-08,505000
6.65205020928503e-08,505100
6.58918346177435e-08,505200
6.52657091067712e-08,505300
6.46424596825152e-08,505400
6.4022419784217e-08,505500
6.34059217315822e-08,505600
6.27932962913849e-08,505700
6.21848722476912e-08,505800
6.15809759765111e-08,505900
6.09819310256708e-08,506000
6.03880577006804e-08,506100
5.9799672657355e-08,506200
5.92170885019275e-08,506300
5.86406133993656e-08,506400
5.80705506905872e-08,506500
5.7507198519239e-08,506600
5.69508494686787e-08,506700
5.64017902097718e-08,506800
5.58603011600874e-08,506900
5.53266561550423e-08,507000
5.48011221315159e-08,507100
5.42839588244227e-08,507200
5.37754184766958e-08,507300
5.32757455631033e-08,507400
5.27851765282788e-08,507500
5.23039395393182e-08,507600
5.18322542532532e-08,507700
5.13703315996778e-08,507800
5.09183735787674e-08,507900
5.04765730748918e-08,508000
5.00451136859857e-08,508100
4.96241695688063e-08,508200
4.92139053001655e-08,508300
4.88144757541922e-08,508400
4.84260259956402e-08,508500
4.80486911892222e-08,508600
4.7682596524917e-08,508700
4.73278571591565e-08,508800
4.69845781717725e-08,508900
4.66528545385417e-08,509000
4.63327711191427e-08,509100
4.60244026603002e-08,509200
4.57278138138657e-08,509300
4.54430591695545e-08,509400
4.51701833020265e-08,509500
4.49092208319772e-08,509600
4.46601965008752e-08,509700
4.44231252589611e-08,509800
4.41980123660985e-08,509900
4.39848535050477e-08,510000
4.37836349067119e-08,510100
4.35943334868892e-08,510200
4.3416916994046e-08,510300
4.32513441676122e-08,510400
4.30975649062881e-08,510500
4.29555204458374e-08,510600
4.2825143545835e-08,510700
4.27063586848272e-08,510800
4.25990822633563e-08,510900
4.25032228142989e-08,511000
4.24186812199597e-08,511100
4.23453509353668e-08,511200
4.22831182172091e-08,511300
4.22318623578626e-08,511400
4.21914559239542e-08,511500
4.21617649989141e-08,511600
4.214264942898e-08,511700
4.21339630721174e-08,511800
4.2135554049335e-08,511900
4.21472649978815e-08,512000
4.21689333258233e-08,512100
4.22003914675148e-08,512200
4.22414671394884e-08,512300
4.22919835963054e-08,512400
4.23517598859253e-08,512500
4.2420611104169e-08,512600
4.24983486478687e-08,512700
4.25847804663163e-08,512800
4.26797113106416e-08,512900
4.27829429807718e-08,513000
4.28942745696439e-08,513100
4.30135027043632e-08,513200
4.31404217840228e-08,513300
4.32748242139194e-08,513400
4.34165006359232e-08,513500
4.35652401547831e-08,513600
4.37208305601674e-08,513700
4.38830585442646e-08,513800
4.40517099147897e-08,513900
4.42265698032628e-08,514000
4.44074228684478e-08,514100
4.45940534948611e-08,514200
4.47862459862786e-08,514300
4.49837847541907e-08,514400
4.51864545011742e-08,514500
4.53940403991662e-08,514600
4.56063282626472e-08,514700
4.58231047167533e-08,514800
4.60441573603566e-08,514900
4.62692749241669e-08,515000
4.64982474239219e-08,515100
4.67308663087483e-08,515200
4.69669246047865e-08,515300
4.72062170541834e-08,515400
4.74485402495701e-08,515500
4.76936927641468e-08,515600
4.79414752775095e-08,515700
4.81916906973555e-08,515800
4.8444144277215e-08,515900
4.86986437303566e-08,516000
4.89549993400212e-08,516100
4.92130240661391e-08,516200
4.94725336486863e-08,516300
4.97333467078386e-08,516400
4.9995284841076e-08,516500
5.02581727173938e-08,516600
5.05218381687687e-08,516700
5.07861122790258e-08,516800
5.10508294702486e-08,516900
5.13158275868639e-08,517000
5.15809479775319e-08,517100
5.1846035574958e-08,517200
5.21109389737386e-08,517300
5.23755105063408e-08,517400
5.26396063173078e-08,517500
5.29030864357675e-08,517600
5.31658148463157e-08,517700
5.34276595583265e-08,517800
5.36884926737364e-08,517900
5.39481904533316e-08,518000
5.42066333815553e-08,518100
5.44637062298412e-08,518200
5.47192981184614e-08,518300
5.49733025768665e-08,518400
5.5225617602481e-08,518500
5.54761457179023e-08,518600
5.57247940264392e-08,518700
5.59714742659121e-08,518800
5.62161028606229e-08,518900
5.64586009713916e-08,519000
5.66988945435418e-08,519100
5.69369143527066e-08,519200
5.71725960483157e-08,519300
5.74058801946104e-08,519400
5.76367123090269e-08,519500
5.78650428977755e-08,519600
5.80908274884356e-08,519700
5.83140266593791e-08,519800
5.8534606065826e-08,519900
5.87525364623316e-08,520000
5.8967793721496e-08,520100
5.91803588486877e-08,520200
5.9390217992564e-08,520300
5.95973624511719e-08,520400
5.98017886734117e-08,520500
6.00034982556438e-08,520600
6.02024979332226e-08,520700
6.03987995667407e-08,520800
6.05924201227723e-08,520900
6.07833816489075e-08,521000
6.09717112428763e-08,521100
6.11574410155648e-08,521200
6.13406080477384e-08,521300
6.1521254340291e-08,521400
6.1699426757853e-08,521500
6.18751769655997e-08,521600
6.20485613591139e-08,521700
6.22196409871721e-08,521800
6.23884814673342e-08,521900
6.25551528942344e-08,522000
6.27197297404859e-08,522100
6.28822907501293e-08,522200
6.30429188245708e-08,522300
6.32017009009782e-08,522400
6.33587278231155e-08,522500
6.3514094204625e-08,522600
6.36678982847776e-08,522700
6.38202417767391e-08,522800
6.39712297084175e-08,522900
6.41209702559808e-08,523000
6.42695745701536e-08,523100
6.44171565954259e-08,523200
6.45638328823272e-08,523300
6.4709722392943e-08,523400
6.48549462998713e-08,523500
6.49996277788414e-08,523600
6.51438917952365e-08,523700
6.52878648847837e-08,523800
6.54316749287006e-08,523900
6.55754509236008e-08,524000
6.57193227464892e-08,524100
6.58634209151926e-08,524200
6.60078763445926e-08,524300
6.61528200990459e-08,524400
6.6298383141395e-08,524500
6.64446960789899e-08,524600
6.65918889071556e-08,524700
6.67400907505581e-08,524800
6.68894296029332e-08,524900
6.70400320656569e-08,525000
6.71920230856469e-08,525100
6.73455256930974e-08,525200
6.75006607395548e-08,525300
6.76575466368559e-08,525400
6.78162990974509e-08,525500
6.79770308766431e-08,525600
6.81398515172795e-08,525700
6.83048670974293e-08,525800
6.84721799815889e-08,525900
6.86418885759517e-08,526000
6.88140870882773e-08,526100
6.89888652928955e-08,526200
6.91663083013718e-08,526300
6.93464963393566e-08,526400
6.95295045301324e-08,526500
6.97154026853652e-08,526600
6.99042551035528e-08,526700
7.00961203766543e-08,526800
7.02910512053682e-08,526900
7.04890942235145e-08,527000
7.06902898319585e-08,527100
7.08946720424955e-08,527200
7.11022683321004e-08,527300
7.13130995079218e-08,527400
7.1527179583382e-08,527500
7.17445156657217e-08,527600
7.19651078553032e-08,527700
7.21889491569638e-08,527800
7.24160254036842e-08,527900
7.2646315192811e-08,528000
7.28797898350467e-08,528100
7.31164133163908e-08,528200
7.33561422731888e-08,528300
7.35989259804174e-08,528400
7.38447063533033e-08,528500
7.40934179623452e-08,528600
7.43449880617765e-08,528700
7.45993366314781e-08,528800
7.48563764323188e-08,528900
7.51160130748698e-08,529000
7.5378145101412e-08,529100
7.56426640811215e-08,529200
7.59094547182894e-08,529300
7.61783949734035e-08,529400
7.64493561968876e-08,529500
7.67222032752677e-08,529600
7.69967947895027e-08,529700
7.72729831851922e-08,529800
7.75506149543444e-08,529900
7.78295308283633e-08,530000
7.81095659818843e-08,530100
7.83905502470678e-08,530200
7.86723083379325e-08,530300
7.89546600842894e-08,530400
7.92374206748151e-08,530500
7.95204009087826e-08,530600
7.98034074559491e-08,530700
8.00862431240811e-08,530800
8.03687071335813e-08,530900
8.0650595398667e-08,531000
8.09317008145341e-08,531100
8.12118135499297e-08,531200
8.14907213445447e-08,531300
8.17682098106296e-08,531400
8.20440627382259e-08,531500
8.23180624034019e-08,531600
8.25899898788758e-08,531700
8.28596253464046e-08,531800
8.31267484103185e-08,531900
8.33911384115759e-08,532000
8.36525747417199e-08,532100
8.39108371561177e-08,532200
8.41657060858691e-08,532300
8.44169629477766e-08,532400
8.46643904517774e-08,532500
8.49077729052453e-08,532600
8.51468965135832e-08,532700
8.53815496765363e-08,532800
8.56115232796708e-08,532900
8.58366109804767e-08,533000
8.60566094885697e-08,533100
8.62713188394838e-08,533200
8.64805426615644e-08,533300
8.66840884354906e-08,533400
8.68817677459777e-08,533500
8.7073396525229e-08,533600
8.72587952877309e-08,533700
8.74377893560084e-08,533800
8.76102090769791e-08,533900
8.77758900285731e-08,534000
8.79346732163071e-08,534100
8.80864052595293e-08,534200
8.82309385670783e-08,534300
8.8368131502123e-08,534400
8.84978485359831e-08,534500
8.86199603907499e-08,534600
8.87343441705623e-08,534700
8.88408834814142e-08,534800
8.89394685394013e-08,534900
8.90299962673415e-08,535000
8.91123703797293e-08,535100
8.91865014560155e-08,535200
8.92523070022264e-08,535300
8.93097115009665e-08,535400
8.93586464498731e-08,535500
8.93990503886185e-08,535600
8.94308689145798e-08,535700
8.94540546873202e-08,535800
8.94685674220524e-08,535900
8.94743738722741e-08,536000
8.94714478017921e-08,536100
8.94597699463686e-08,536200
8.94393279652488e-08,536300
8.94101163828441e-08,536400
8.93721365208671e-08,536500
8.93253964212309e-08,536600
8.92699107600417e-08,536700
8.92057007530296e-08,536800
8.91327940527774e-08,536900
8.90512246381181e-08,537000
8.89610326960876e-08,537100
8.88622644968262e-08,537200
8.87549722618331e-08,537300
8.86392140259891e-08,537400
8.8515053493765e-08,537500
8.83825598900437e-08,537600
8.82418078059847e-08,537700
8.80928770403663e-08,537800
8.79358524368408e-08,537900
8.77708237175397e-08,538000
8.7597885313465e-08,538100
8.74171361921026e-08,538200
8.72286796826889e-08,538300
8.70326232995609e-08,538400
8.68290785640106e-08,538500
8.66181608250655e-08,538600
8.63999890796001e-08,538700
8.61746857921872e-08,538800
8.59423767150769e-08,538900
8.57031907086897e-08,539000
8.54572595629956e-08,539100
8.52047178201398e-08,539200
8.49457025986629e-08,539300
8.46803534196511e-08,539400
8.44088120351382e-08,539500
8.41312222590635e-08,539600
8.38477298010793e-08,539700
8.35584821034832e-08,539800
8.32636281815318e-08,539900
8.29633184673833e-08,540000
8.26577046578902e-08,540100
8.23469395664537e-08,540200
8.20311769791291e-08,540300
8.17105715151559e-08,540400
8.13852784920688e-08,540500
8.10554537955254e-08,540600
8.07212537539719e-08,540700
8.03828350182469e-08,540800
8.00403544462085e-08,540900
7.96939689924497e-08,541000
7.93438356031508e-08,541100
7.89901111161013e-08,541200
7.8632952165904e-08,541300
7.82725150943604e-08,541400
7.79089558660183e-08,541500
7.75424299888473e-08,541600
7.7173092439993e-08,541700
7.68010975965454e-08,541800
7.64265991712413e-08,541900
7.60497501530107e-08,542000
7.56707027522596e-08,542100
7.52896083507718e-08,542200
7.49066174560996e-08,542300
7.45218796603027e-08,542400
7.41355436028833e-08,542500
7.37477569377569e-08,542600
7.3358666304088e-08,542700
7.29684173008128e-08,542800
7.25771544646634e-08,542900
7.21850212515004e-08,543000
7.17921600207565e-08,543100
7.13987120227877e-08,543200
7.10048173889234e-08,543300
7.06106151240065e-08,543400
7.02162431012078e-08,543500
6.98218380588996e-08,543600
6.94275355993717e-08,543700
6.90334701891728e-08,543800
6.86397751608596e-08,543900
6.82465827159377e-08,544000
6.78540239287806e-08,544100
6.74622287513144e-08,544200
6.70713260182594e-08,544300
6.66814434527246e-08,544400
6.62927076719526e-08,544500
6.5905244193021e-08,544600
6.55191774383089e-08,544700
6.51346307405445e-08,544800
6.47517263472564e-08,544900
6.43705854244577e-08,545000
6.39913280593996e-08,545100
6.36140732622392e-08,545200
6.3238938966474e-08,545300
6.28660420280057e-08,545400
6.24954982227012e-08,545500
6.21274222423331e-08,545600
6.17619276887861e-08,545700
6.13991270664294e-08,545800
6.10391317725618e-08,545900
6.06820520858493e-08,546000
6.03279971526811e-08,546100
5.99770749713843e-08,546200
5.96293923742441e-08,546300
5.92850550072885e-08,546400
5.8944167307806e-08,546500
5.86068324795739e-08,546600
5.82731524657875e-08,546700
5.79432279196863e-08,546800
5.76171581728866e-08,546900
5.72950412014386e-08,547000
5.69769735896318e-08,547100
5.66630504915894e-08,547200
5.63533655906921e-08,547300
5.60480110568872e-08,547400
5.57470775019451e-08,547500
5.5450653932731e-08,547600
5.51588277025724e-08,547700
5.48716844608044e-08,547800
5.45893081005871e-08,547900
5.43117807050935e-08,548000
5.40391824921722e-08,548100
5.37715917575966e-08,548200
5.35090848170183e-08,548300
5.32517359467447e-08,548400
5.29996173234688e-08,548500
5.27527989630823e-08,548600
5.25113486587067e-08,548700
5.22753319180813e-08,548800
5.20448119004498e-08,548900
5.18198493530906e-08,549000
5.16005025476368e-08,549100
5.13868272163368e-08,549200
5.11788764884041e-08,549300
5.09767008266092e-08,549400
5.07803479642658e-08,549500
5.05898628427653e-08,549600
5.04052875498112e-08,549700
5.02266612585071e-08,549800
5.00540201674511e-08,549900
4.9887397441987e-08,550000
4.97268231567619e-08,550100
4.95723242397406e-08,550200
4.94239244178203e-08,550300
4.92816441641924e-08,550400
4.91455006475917e-08,550500
4.90155076835731e-08,550600
4.88916756879498e-08,550700
4.87740116325285e-08,550800
4.86625190032684e-08,550900
4.8557197760991e-08,551000
4.84580443047619e-08,551100
4.83650514380616e-08,551200
4.82782083378597e-08,551300
4.81975005267002e-08,551400
4.81229098479027e-08,551500
4.80544144439789e-08,551600
4.79919887383589e-08,551700
4.79356034205162e-08,551800
4.78852254345773e-08,551900
4.78408179714941e-08,552000
4.78023404648526e-08,552100
4.77697485903874e-08,552200
4.77429942692649e-08,552300
4.7722025675192e-08,552400
4.77067872454023e-08,552500
4.76972196955674e-08,552600
4.76932600386714e-08,552700
4.7694841607886e-08,552800
4.77018940834735e-08,552900
4.77143435237416e-08,553000
4.77321124000671e-08,553100
4.77551196360012e-08,553200
4.77832806504603e-08,553300
4.78165074050039e-08,553400
4.78547084551934e-08,553500
4.78977890060185e-08,553600
4.7945650971376e-08,553700
4.79981930375753e-08,553800
4.8055310730843e-08,553900
4.81168964887895e-08,554000
4.81828397357992e-08,554100
4.82530269622946e-08,554200
4.83273418078245e-08,554300
4.84056651479156e-08,554400
4.84878751846249e-08,554500
4.85738475407232e-08,554600
4.86634553574328e-08,554700
4.87565693956398e-08,554800
4.88530581404933e-08,554900
4.89527879093002e-08,555000
4.90556229626161e-08,555100
4.91614256184306e-08,555200
4.92700563693372e-08,555300
4.93813740025742e-08,555400
4.94952357228166e-08,555500
4.96114972775939e-08,555600
4.9730013085206e-08,555700
4.98506363649984e-08,555800
4.99732192698602e-08,555900
5.00976130207981e-08,556000
5.02236680434361e-08,556100
5.03512341062879e-08,556200
5.0480160460641e-08,556300
5.06102959818907e-08,556400
5.07414893121539e-08,556500
5.08735890039923e-08,556600
5.10064436650673e-08,556700
5.11399021035475e-08,556800
5.12738134740841e-08,556900
5.14080274241669e-08,557000
5.1542394240671e-08,557100
5.16767649963991e-08,557200
5.18109916964234e-08,557300
5.19449274240284e-08,557400
5.20784264860506e-08,557500
5.22113445574142e-08,557600
5.23435388246545e-08,557700
5.24748681282234e-08,557800
5.26051931033668e-08,557900
5.27343763193667e-08,558000
5.28622824169347e-08,558100
5.29887782435492e-08,558200
5.31137329865244e-08,558300
5.32370183036013e-08,558400
5.33585084508515e-08,558500
5.3478080407686e-08,558600
5.35956139987619e-08,558700
5.37109920125825e-08,558800
5.38241003165895e-08,558900
5.39348279685458e-08,559000
5.40430673240152e-08,559100
5.41487141397435e-08,559200
5.42516676727553e-08,559300
5.43518307749795e-08,559400
5.44491099832269e-08,559500
5.45434156043434e-08,559600
5.46346617953736e-08,559700
5.47227666385706e-08,559800
5.4807652211098e-08,559900
5.48892446492757e-08,560000
5.49674742072301e-08,560100
5.50422753098141e-08,560200
5.51135865996749e-08,560300
5.51813509783534e-08,560400
5.52455156413087e-08,560500
5.53060321067718e-08,560600
5.53628562383421e-08,560700
5.54159482612498e-08,560800
5.54652727722187e-08,560900
5.55107987428751e-08,561000
5.55524995166597e-08,561100
5.559035279921e-08,561200
5.56243406421935e-08,561300
5.56544494205849e-08,561400
5.56806698033897e-08,561500
5.57029967178335e-08,561600
5.57214293070447e-08,561700
5.57359708812751e-08,561800
5.57466288627106e-08,561900
5.57534147239442e-08,562000
5.57563439201898e-08,562100
5.57554358153326e-08,562200
5.5750713601923e-08,562300
5.57422042152353e-08,562400
5.57299382415239e-08,562500
5.57139498206238e-08,562600
5.56942765430544e-08,562700
5.56709593417973e-08,562800
5.56440423789331e-08,562900
5.56135729273324e-08,563000
5.5579601247608e-08,563100
5.55421804605484e-08,563200
5.55013664152617e-08,563300
5.54572175532716e-08,563400
5.54097947688155e-08,563500
5.53591612656065e-08,563600
5.53053824103291e-08,563700
5.52485255831475e-08,563800
5.51886600255146e-08,563900
5.51258566855754e-08,564000
5.50601880614688e-08,564100
5.49917280428345e-08,564200
5.49205517508411e-08,564300
5.4846735377054e-08,564400
5.47703560214678e-08,564500
5.46914915300301e-08,564600
5.46102203319894e-08,564700
5.45266212773977e-08,564800
5.44407734751043e-08,564900
5.43527561315747e-08,565000
5.42626483908707e-08,565100
5.41705291761257e-08,565200
5.4076477032846e-08,565300
5.39805699743714e-08,565400
5.38828853298182e-08,565500
5.37834995948286e-08,565600
5.36824882854453e-08,565700
5.3579925795419e-08,565800
5.34758852572589e-08,565900
5.33704384073189e-08,566000
5.32636554552133e-08,566100
5.31556049578392e-08,566200
5.30463536982786e-08,566300
5.29359665698397e-08,566400
5.28245064654874e-08,566500
5.27120341728993e-08,566600
5.25986082753749e-08,566700
5.2484285058806e-08,566800
5.23691184249112e-08,566900
5.22531598109153e-08,567000
5.21364581158434e-08,567100
5.20190596335858e-08,567200
5.19010079928686e-08,567300
5.17823441042555e-08,567400
5.16631061142834e-08,567500
5.15433293668224e-08,567600
5.14230463717306e-08,567700
5.13022867808588e-08,567800
5.11810773714394e-08,567900
5.10594420368805e-08,568000
5.09374017849641e-08,568100
5.08149747434323e-08,568200
5.06921761729244e-08,568300
5.05690184872139e-08,568400
5.04455112806724e-08,568500
5.03216613628724e-08,568600
5.01974728002223e-08,568700
5.00729469645096e-08,568800
4.99480825882121e-08,568900
4.98228758264184e-08,569000
4.96973203251851e-08,569100
4.95714072961401e-08,569200
4.94451255971264e-08,569300
4.93184618186667e-08,569400
4.91914003760145e-08,569500
4.90639236065416e-08,569600
4.89360118722023e-08,569700
4.88076436667988e-08,569800
4.86787957277626e-08,569900
4.85494431521542e-08,570000
4.84195595165744e-08,570100
4.82891170006705e-08,570200
4.81580865139115e-08,570300
4.80264378252991e-08,570400
4.78941396956759e-08,570500
4.7761160012282e-08,570600
4.7627465925212e-08,570700
4.74930239854149e-08,570800
4.7357800283879e-08,570900
4.72217605916424e-08,571000
4.70848705002646e-08,571100
4.69470955623998e-08,571200
4.68084014321085e-08,571300
4.66687540045484e-08,571400
4.65281195546863e-08,571500
4.63864648746788e-08,571600
4.62437574095718e-08,571700
4.6099965390974e-08,571800
4.59550579683695e-08,571900
4.58090053377373e-08,572000
4.56617788671564e-08,572100
4.55133512190841e-08,572200
4.53636964690035e-08,572300
4.52127902201484e-08,572400
4.50606097140239e-08,572500
4.49071339364552e-08,572600
4.47523437189059e-08,572700
4.45962218348261e-08,572800
4.44387530907993e-08,572900
4.42799244122767e-08,573000
4.41197249236972e-08,573100
4.39581460228143e-08,573200
4.37951814490584e-08,573300
4.36308273457893e-08,573400
4.34650823163012e-08,573500
4.32979474734677e-08,573600
4.31294264829253e-08,573700
4.29595255997168e-08,573800
4.27882536983296e-08,573900
4.26156222960849e-08,574000
4.24416455698492e-08,574100
4.22663403660593e-08,574200
4.20897262040697e-08,574300
4.1911825272846e-08,574400
4.17326624210516e-08,574500
4.15522651405843e-08,574600
4.13706635436443e-08,574700
4.11878903334262e-08,574800
4.10039807685462e-08,574900
4.08189726213323e-08,575000
4.06329061301186e-08,575100
4.04458239457024e-08,575200
4.02577710721345e-08,575300
4.00687948020294e-08,575400
3.98789446465939e-08,575500
3.96882722605849e-08,575600
3.94968313624211e-08,575700
3.93046776496811e-08,575800
3.9111868710234e-08,575900
3.8918463929257e-08,576000
3.87245243924017e-08,576100
3.85301127853822e-08,576200
3.83352932902611e-08,576300
3.81401314787205e-08,576400
3.79446942026053e-08,576500
3.77490494820348e-08,576600
3.75532663913802e-08,576700
3.73574149434085e-08,576800
3.71615659718961e-08,576900
3.6965791013014e-08,577000
3.67701621857896e-08,577100
3.65747520719474e-08,577200
3.63796335954288e-08,577300
3.6184879901889e-08,577400
3.59905642384677e-08,577500
3.57967598341217e-08,577600
3.56035397808058e-08,577700
3.54109769157824e-08,577800
3.52191437053308e-08,577900
3.50281121301226e-08,578000
3.48379535725212e-08,578100
3.46487387060519e-08,578200
3.44605373872846e-08,578300
3.42734185503549e-08,578400
3.4087450104345e-08,578500
3.39026988337302e-08,578600
3.37192303020868e-08,578700
3.3537108759246e-08,578800
3.33563970520642e-08,578900
3.31771565389683e-08,579000
3.29994470084219e-08,579100
3.28233266014432e-08,579200
3.26488517382943e-08,579300
3.2476077049445e-08,579400
3.23050553109025e-08,579500
3.21358373839833e-08,579600
3.19684721595896e-08,579700
3.18030065070397e-08,579800
3.16394852274846e-08,579900
3.14779510119344e-08,580000
3.13184444038991e-08,580100
3.11610037666382e-08,580200
3.10056652549987e-08,580300
3.08524627918093e-08,580400
3.07014280487845e-08,580500
3.05525904318806e-08,580600
3.0405977071034e-08,580700
3.02616128142011e-08,580800
3.01195202256047e-08,580900
2.9979719588088e-08,581000
2.98422289094587e-08,581100
2.97070639327041e-08,581200
2.95742381499444e-08,581300
2.9443762819984e-08,581400
2.93156469893149e-08,581500
2.91898975164163e-08,581600
2.90665190991913e-08,581700
2.89455143053728e-08,581800
2.88268836057282e-08,581900
2.87106254098876e-08,582000
2.85967361046148e-08,582100
2.84852100943411e-08,582200
2.83760398437757e-08,582300
2.82692159224084e-08,582400
2.81647270507174e-08,582500
2.80625601478961e-08,582600
2.7962700380913e-08,582700
2.78651312147192e-08,582800
2.77698344634231e-08,582900
2.76767903422495e-08,583000
2.75859775201083e-08,583100
2.74973731726e-08,583200
2.74109530352877e-08,583300
2.7326691457074e-08,583400
2.72445614535245e-08,583500
2.71645347599849e-08,583600
2.70865818843476e-08,583700
2.70106721593293e-08,583800
2.69367737941269e-08,583900
2.68648539253308e-08,584000
2.67948786669788e-08,584100
2.67268131596441e-08,584200
2.66606216184598e-08,584300
2.65962673799894e-08,584400
2.65337129478648e-08,584500
2.64729200371199e-08,584600
2.64138496171582e-08,584700
2.63564619533031e-08,584800
2.63007166468872e-08,584900
2.62465726738487e-08,585000
2.61939884218101e-08,585100
2.61429217256262e-08,585200
2.60933299013943e-08,585300
2.60451697789333e-08,585400
2.59983977327422e-08,585500
2.59529697114609e-08,585600
2.59088412658633e-08,585700
2.58659675754198e-08,585800
2.5824303473477e-08,585900
2.57838034711057e-08,586000
2.57444217796796e-08,586100
2.57061123322509e-08,586200
2.56688288037962e-08,586300
2.56325246304113e-08,586400
2.55971530275408e-08,586500
2.55626670073299e-08,586600
2.5529019395193e-08,586700
2.54961628456952e-08,586800
2.54640498578488e-08,586900
2.54326327899255e-08,587000
2.54018638738914e-08,587100
2.53716952295704e-08,587200
2.53420788786438e-08,587300
2.53129667585937e-08,587400
2.52843107366988e-08,587500
2.52560626241881e-08,587600
2.52281741906597e-08,587700
2.52005971788674e-08,587800
2.51732833199765e-08,587900
2.51461843493878e-08,588000
2.51192520232233e-08,588100
2.50924381355659e-08,588200
2.50656945365389e-08,588300
2.50389731513059e-08,588400
2.50122260000685e-08,588500
2.4985405219131e-08,588600
2.49584630830966e-08,588700
2.49313520282528e-08,588800
2.49040246771951e-08,588900
2.48764338647348e-08,589000
2.48485326651239e-08,589100
2.48202744206279e-08,589200
2.47916127714646e-08,589300
2.47625016871214e-08,589400
2.47328954990559e-08,589500
2.47027489347737e-08,589600
2.46720171532708e-08,589700
2.4640655781819e-08,589800
2.46086209540645e-08,589900
2.45758693494002e-08,590000
2.45423582335654e-08,590100
2.45080455004167e-08,590200
2.44728897148083e-08,590300
2.44368501565079e-08,590400
2.43998868650702e-08,590500
2.43619606855818e-08,590600
2.43230333151815e-08,590700
2.42830673502568e-08,590800
2.42420263342073e-08,590900
2.41998748056629e-08,591000
2.41565783470346e-08,591100
2.4112103633275e-08,591200
2.4066418480716e-08,591300
2.40194918958505e-08,591400
2.39712941239183e-08,591500
2.39217966971542e-08,591600
2.38709724825517e-08,591700
2.3818795728996e-08,591800
2.37652421136145e-08,591900
2.3710288787195e-08,592000
2.36539144185181e-08,592100
2.35960992374522e-08,592200
2.35368250766591e-08,592300
2.34760754117583e-08,592400
2.3413835399801e-08,592500
2.33500919159063e-08,592600
2.32848335879145e-08,592700
2.32180508289158e-08,592800
2.31497358675177e-08,592900
2.30798827757156e-08,593000
2.30084874942411e-08,593100
2.29355478552622e-08,593200
2.28610636023199e-08,593300
2.27850364073908e-08,593400
2.27074698849713e-08,593500
2.2628369603087e-08,593600
2.254774309114e-08,593700
2.24655998445128e-08,593800
2.23819513258573e-08,593900
2.22968109630062e-08,594000
2.22101941434542e-08,594100
2.21221182053623e-08,594200
2.20326024250551e-08,594300
2.1941668000982e-08,594400
2.18493380341329e-08,594500
2.17556375049007e-08,594600
2.16605932463996e-08,594700
2.15642339142554e-08,594800
2.14665899528958e-08,594900
2.13676935583784e-08,595000
2.12675786378054e-08,595100
2.11662807653846e-08,595200
2.10638371352048e-08,595300
2.09602865108069e-08,595400
2.08556691716386e-08,595500
2.07500268564942e-08,595600
2.06434027040455e-08,595700
2.05358411905852e-08,595800
2.04273880651076e-08,595900
2.03180902818629e-08,596000
2.02079959305295e-08,596100
2.00971541641552e-08,596200
1.99856151250271e-08,596300
1.98734298686351e-08,596400
1.97606502859021e-08,596500
1.96473290238586e-08,596600
1.9533519404946e-08,596700
1.94192753451354e-08,596800
1.93046512710559e-08,596900
1.91897020363278e-08,597000
1.90744828373003e-08,597100
1.89590491283948e-08,597200
1.88434565372572e-08,597300
1.87277607799245e-08,597400
1.86120175762103e-08,597500
1.84962825655134e-08,597600
1.83806112232548e-08,597700
1.82650587781461e-08,597800
1.81496801304881e-08,597900
1.80345297716999e-08,598000
1.79196617052727e-08,598100
1.78051293693374e-08,598200
1.76909855610359e-08,598300
1.75772823628735e-08,598400
1.74640710712306e-08,598500
1.73514021272027e-08,598600
1.72393250499303e-08,598700
1.71278883725749e-08,598800
1.70171395810886e-08,598900
1.6907125055917e-08,599000
1.67978900167647e-08,599100
1.66894784705476e-08,599200
1.65819331626413e-08,599300
1.64752955315306e-08,599400
1.63696056669508e-08,599500
1.62649022716032e-08,599600
1.61612226265162e-08,599700
1.60586025601127e-08,599800
1.59570764210324e-08,599900
1.58566770547478e-08,600000
1.5757435784001e-08,600100
1.56593823930763e-08,600200
1.55625451159129e-08,600300
1.54669506280518e-08,600400
1.53726240423957e-08,600500
1.52795889087549e-08,600600
1.51878672171368e-08,600700
1.50974794047274e-08,600800
1.50084443665013e-08,600900
1.49207794693893e-08,601000
1.48345005699167e-08,601100
1.47496220352208e-08,601200
1.46661567673443e-08,601300
1.45841162306904e-08,601400
1.4503510482519e-08,601500
1.44243482063536e-08,601600
1.43466367481603e-08,601700
1.42703821551526e-08,601800
1.41955892170695e-08,601900
1.41222615097659e-08,602000
1.40504014409508e-08,602100
1.39800102978996e-08,602200
1.39110882969658e-08,602300
1.38436346347104e-08,602400
1.37776475404632e-08,602500
1.37131243301293e-08,602600
1.3650061461049e-08,602700
1.35884545877187e-08,602800
1.35282986181787e-08,602900
1.34695877708732e-08,603000
1.34123156317866e-08,603100
1.33564752116633e-08,603200
1.3302059003116e-08,603300
1.32490590374317e-08,603400
1.31974669408861e-08,603500
1.31472739903806e-08,603600
1.3098471168218e-08,603700
1.30510492158397e-08,603800
1.30049986863498e-08,603900
1.29603099956578e-08,604000
1.29169734720762e-08,604100
1.28749794042179e-08,604200
1.28343180870427e-08,604300
1.27949798659092e-08,604400
1.27569551784996e-08,604500
1.27202345944881e-08,604600
1.26848088528351e-08,604700
1.2650668896598e-08,604800
1.26178059051571e-08,604900
1.25862113237656e-08,605000
1.25558768903415e-08,605100
1.25267946594305e-08,605200
1.24989570232769e-08,605300
1.2472356729952e-08,605400
1.24469868984971e-08,605500
1.24228410310525e-08,605600
1.23999130219493e-08,605700
1.23781971637562e-08,605800
1.23576881502808e-08,605900
1.23383810765364e-08,606000
1.23202714356954e-08,606100
1.23033551130614e-08,606200
1.22876283771002e-08,606300
1.2273087867583e-08,606400
1.22597305809008e-08,606500
1.2247553852622e-08,606600
1.22365553373724e-08,606700
1.22267329861258e-08,606800
1.22180850210031e-08,606900
1.22106099076838e-08,607000
1.22043063255443e-08,607100
1.21991731356429e-08,607200
1.21952093466784e-08,607300
1.21924140790572e-08,607400
1.2190786527208e-08,607500
1.21903259202902e-08,607600
1.21910314814464e-08,607700
1.21929023857543e-08,607800
1.21959377170375e-08,607900
1.22001364236972e-08,608000
1.22054972737314e-08,608100
1.22120188091099e-08,608200
1.22196992996735e-08,608300
1.22285366967313e-08,608400
1.22385285865256e-08,608500
1.22496721437384e-08,608600
1.22619640852113e-08,608700
1.22754006240488e-08,608800
1.22899774242755e-08,608900
1.23056895562142e-08,609000
1.23225314527504e-08,609100
1.23404968666449e-08,609200
1.23595788290531e-08,609300
1.23797696094048e-08,609400
1.24010606767955e-08,609500
1.24234426630334e-08,609600
1.24469053274815e-08,609700
1.24714375238291e-08,609800
1.24970271689197e-08,609900
1.25236612137561e-08,610000
1.25513256167975e-08,610100
1.25800053196543e-08,610200
1.26096842252796e-08,610300
1.26403451787499e-08,610400
1.2671969950717e-08,610500
1.27045392236056e-08,610600
1.27380325806244e-08,610700
1.27724284976467e-08,610800
1.28077043380104e-08,610900
1.28438363502761e-08,611000
1.28807996689755e-08,611100
1.29185683183706e-08,611200
1.29571152192367e-08,611300
1.29964121986737e-08,611400
1.30364300029383e-08,611500
1.30771383132844e-08,611600
1.31185057647876e-08,611700
1.31604999681212e-08,611800
1.32030875342437e-08,611900
1.32462341019478e-08,612000
1.32899043682142e-08,612100
1.33340621213034e-08,612200
1.33786702765127e-08,612300
1.3423690914518e-08,612400
1.34690853222107e-08,612500
1.35148140359351e-08,612600
1.35608368870259e-08,612700
1.3607113049534e-08,612800
1.36536010900304e-08,612900
1.37002590193663e-08,613000
1.37470443462639e-08,613100
1.37939141326107e-08,613200
1.38408250503204e-08,613300
1.38877334396247e-08,613400
1.39345953686523e-08,613500
1.39813666941528e-08,613600
1.40280031232154e-08,613700
1.40744602758354e-08,613800
1.41206937481759e-08,613900
1.41666591763721e-08,614000
1.42123123007245e-08,614100
1.42576090301283e-08,614200
1.43025055065834e-08,614300
1.43469581696326e-08,614400
1.43909238205751e-08,614500
1.44343596863035e-08,614600
1.4477223482616e-08,614700
1.45194734768547e-08,614800
1.45610685497262e-08,614900
1.46019682561617e-08,615000
1.46421328850786e-08,615100
1.46815235179077e-08,615200
1.47201020857546e-08,615300
1.47578314250698e-08,615400
1.47946753317033e-08,615500
1.48305986132274e-08,615600
1.48655671394147e-08,615700
1.48995478907659e-08,615800
1.49325090049838e-08,615900
1.49644198212998e-08,616000
1.49952509225642e-08,616100
1.50249741750142e-08,616200
1.50535627656469e-08,616300
1.50809912371238e-08,616400
1.51072355201452e-08,616500
1.5132272963237e-08,616600
1.51560823598996e-08,616700
1.51786439730767e-08,616800
1.51999395569066e-08,616900
1.52199523757275e-08,617000
1.52386672203134e-08,617100
1.5256070421326e-08,617200
1.52721498599727e-08,617300
1.52868949758696e-08,617400
1.53002967721125e-08,617500
1.53123478175692e-08,617600
1.53230422464077e-08,617700
1.53323757548874e-08,617800
1.53403455954396e-08,617900
1.5346950568077e-08,618000
1.53521910091697e-08,618100
1.53560687776393e-08,618200
1.53585872386196e-08,618300
1.53597512446451e-08,618400
1.53595671144277e-08,618500
1.53580426092902e-08,618600
1.53551869073284e-08,618700
1.53510105753773e-08,618800
1.53455255388622e-08,618900
1.53387450496177e-08,619000
1.53306836517622e-08,619100
1.53213571457183e-08,619200
1.53107825504707e-08,619300
1.52989780641597e-08,619400
1.5285963023106e-08,619500
1.52717578593677e-08,619600
1.52563840569308e-08,619700
1.52398641066372e-08,619800
1.52222214599523e-08,619900
1.520348048168e-08,620000
1.51836664017284e-08,620100
1.51628052660336e-08,620200
1.51409238867476e-08,620300
1.51180497917958e-08,620400
1.50942111739099e-08,620500
1.5069436839241e-08,620600
1.50437561556574e-08,620700
1.50171990008286e-08,620800
1.49897957101987e-08,620900
1.4961577024948e-08,621000
1.49325740400417e-08,621100
1.49028181524608e-08,621200
1.48723410097116e-08,621300
1.48411744587033e-08,621400
1.48093504950849e-08,621500
1.47769012131272e-08,621600
1.47438587562346e-08,621700
1.47102552681684e-08,621800
1.46761228450591e-08,621900
1.46414934882832e-08,622000
1.46063990582777e-08,622100
1.457087122936e-08,622200
1.45349414456192e-08,622300
1.44986408779418e-08,622400
1.44620003822292e-08,622500
1.44250504588644e-08,622600
1.43878212134781e-08,622700
1.43503423190634e-08,622800
1.43126429794839e-08,622900
1.42747518944175e-08,623000
1.42366972257719e-08,623100
1.41985065656083e-08,623200
1.4160206905603e-08,623300
1.41218246080746e-08,623400
1.40833853786016e-08,623500
1.40449142402501e-08,623600
1.40064355094305e-08,623700
1.39679727733956e-08,623800
1.39295488693926e-08,623900
1.3891185865476e-08,624000
1.38529050429871e-08,624100
1.38147268807004e-08,624200
1.37766710406376e-08,624300
1.37387563555437e-08,624400
1.37010008180194e-08,624500
1.36634215713006e-08,624600
1.36260349016714e-08,624700
1.35888562324988e-08,624800
1.35519001198696e-08,624900
1.35151802498118e-08,625000
1.34787094370784e-08,625100
1.34424996254708e-08,625200
1.34065618896746e-08,625300
1.33709064385816e-08,625400
1.33355426200676e-08,625500
1.33004789271952e-08,625600
1.32657230058077e-08,625700
1.32312816634804e-08,625800
1.31971608797917e-08,625900
1.31633658178778e-08,626000
1.31299008372303e-08,626100
1.30967695076975e-08,626200
1.30639746246462e-08,626300
1.30315182252427e-08,626400
1.29994016058075e-08,626500
1.29676253401997e-08,626600
1.29361892991843e-08,626700
1.29050926707355e-08,626800
1.28743339812288e-08,626900
1.28439111174727e-08,627000
1.28138213495307e-08,627100
1.27840613542837e-08,627200
1.27546272396825e-08,627300
1.2725514569639e-08,627400
1.26967183895039e-08,627500
1.26682332520796e-08,627600
1.26400532441162e-08,627700
1.26121720132357e-08,627800
1.25845827952344e-08,627900
1.25572784417067e-08,628000
1.25302514479402e-08,628100
1.25034939810258e-08,628200
1.24769979081307e-08,628300
1.24507548248796e-08,628400
1.24247560837909e-08,628500
1.23989928227151e-08,628600
1.237345599322e-08,628700
1.23481363888712e-08,628800
1.23230246733546e-08,628900
1.22981114083881e-08,629000
1.22733870813694e-08,629100
1.22488421327106e-08,629200
1.22244669828056e-08,629300
1.22002520585816e-08,629400
1.21761878195834e-08,629500
1.21522647835428e-08,629600
1.2128473551383e-08,629700
1.2104804831612e-08,629800
1.20812494640568e-08,629900
1.20577984428947e-08,630000
1.2034442938936e-08,630100
1.20111743211147e-08,630200
1.19879841771464e-08,630300
1.19648643333124e-08,630400
1.19418068733295e-08,630500
1.19188041562705e-08,630600
1.1895848833497e-08,630700
1.18729338645714e-08,630800
1.18500525321156e-08,630900
1.18271984555855e-08,631000
1.18043656039322e-08,631100
1.17815483071249e-08,631200
1.17587412665085e-08,631300
1.17359395639763e-08,631400
1.17131386699352e-08,631500
1.16903344500481e-08,631600
1.16675231707364e-08,631700
1.16447015034309e-08,631800
1.16218665275612e-08,631900
1.15990157322744e-08,632000
1.15761470168807e-08,632100
1.15532586900216e-08,632200
1.15303494675631e-08,632300
1.15074184692166e-08,632400
1.14844652138933e-08,632500
1.14614896138038e-08,632600
1.14384919673121e-08,632700
1.1415472950562e-08,632800
1.13924336078927e-08,632900
1.13693753410647e-08,633000
1.13462998973212e-08,633100
1.13232093563115e-08,633200
1.13001061159068e-08,633300
1.12769928769417e-08,633400
1.12538726269162e-08,633500
1.1230748622699e-08,633600
1.12076243722728e-08,633700
1.1184503615565e-08,633800
1.11613903044129e-08,633900
1.11382885817116e-08,634000
1.11152027597982e-08,634100
1.10921372981247e-08,634200
1.10690967802797e-08,634300
1.10460858904154e-08,634400
1.10231093891431e-08,634500
1.10001720889592e-08,634600
1.09772788292679e-08,634700
1.09544344510666e-08,634800
1.09316437713633e-08,634900
1.09089115573943e-08,635000
1.08862425007152e-08,635100
1.08636411912356e-08,635200
1.0841112091271e-08,635300
1.08186595096859e-08,635400
1.07962875762013e-08,635500
1.07740002159422e-08,635600
1.07518011242985e-08,635700
1.07296937421746e-08,635800
1.07076812317014e-08,635900
1.06857664524843e-08,636000
1.0663951938461e-08,636100
1.06422398754394e-08,636200
1.06206320793888e-08,636300
1.05991299755519e-08,636400
1.0577734578447e-08,636500
1.05564464728258e-08,636600
1.05352657956517e-08,636700
1.05141922191607e-08,636800
1.04932249350645e-08,636900
1.04723626399529e-08,637000
1.04516035219503e-08,637100
1.04309452486782e-08,637200
1.04103849565707e-08,637300
1.03899192415908e-08,637400
1.0369544151386e-08,637500
1.0349255178924e-08,637600
1.03290472576416e-08,637700
1.03089147581378e-08,637800
1.02888514864369e-08,637900
1.02688506838452e-08,638000
1.02489050284177e-08,638100
1.02290066380506e-08,638200
1.02091470752074e-08,638300
1.01893173532844e-08,638400
1.01695079446155e-08,638500
1.01497087901126e-08,638600
1.01299093105318e-08,638700
1.01100984193538e-08,638800
1.00902645372584e-08,638900
1.00703956081713e-08,639000
1.00504791168564e-08,639100
1.00305021080209e-08,639200
1.00104512068972e-08,639300
9.99031264126126e-09,639400
9.97007226484097e-09,639500
9.94971558206685e-09,639600
9.9292277741103e-09,639700
9.90859372615223e-09,639800
9.88779805582054e-09,639900
9.86682514273154e-09,640000
9.84565915906596e-09,640100
9.82428410110792e-09,640200
9.80268382167123e-09,640300
9.78084206333448e-09,640400
9.75874249240395e-09,640500
9.73636873352043e-09,640600
9.71370440482362e-09,640700
9.69073315358609e-09,640800
9.66743869222633e-09,640900
9.64380483460929e-09,641000
9.61981553254115e-09,641100
9.59545491236399e-09,641200
9.57070731155536e-09,641300
9.54555731523688e-09,641400
9.51998979249622e-09,641500
9.4939899324263e-09,641600
9.46754327978595e-09,641700
9.44063577018718e-09,641800
9.41325376471472e-09,641900
9.38538408388462e-09,642000
9.3570140408503e-09,642100
9.32813147376604e-09,642200
9.29872477721969e-09,642300
9.26878293264914e-09,642400
9.23829553765871e-09,642500
9.20725283415533e-09,642600
9.17564573522672e-09,642700
9.14346585068707e-09,642800
9.11070551121973e-09,642900
9.07735779104929e-09,643000
9.0434165290801e-09,643100
9.00887634844173e-09,643200
8.97373267438681e-09,643300
8.93798175049045e-09,643400
8.90162065310566e-09,643500
8.86464730403376e-09,643600
8.82706048137328e-09,643700
8.78885982851671e-09,643800
8.75004586126878e-09,643900
8.71061997306552e-09,644000
8.67058443827872e-09,644100
8.62994241359557e-09,644200
8.58869793746851e-09,644300
8.54685592763624e-09,644400
8.50442217672153e-09,644500
8.46140334591754e-09,644600
8.41780695677897e-09,644700
8.37364138114067e-09,644800
8.32891582919039e-09,644900
8.28364033572864e-09,645000
8.23782574465278e-09,645100
8.19148369170815e-09,645200
8.14462658555334e-09,645300
8.09726758719168e-09,645400
8.04942058782541e-09,645500
8.00110018519348e-09,645600
7.95232165845792e-09,645700
7.9031009417078e-09,645800
7.8534545961535e-09,645900
7.80339978108767e-09,646000
7.75295422369216e-09,646100
7.70213618777383e-09,646200
7.65096444151431e-09,646300
7.59945822432188e-09,646400
7.54763721287532e-09,646500
7.495521486452e-09,646600
7.44313149163399e-09,646700
7.39048800648716e-09,646800
7.33761210430982e-09,646900
7.2845251170476e-09,647000
7.23124859847218e-09,647100
7.17780428722194e-09,647200
7.12421406980145e-09,647300
7.07049994363751e-09,647400
7.01668398028802e-09,647500
6.96278828889902e-09,647600
6.90883498000407e-09,647700
6.85484612975859e-09,647800
6.80084374469967e-09,647900
6.74684972711981e-09,648000
6.69288584114071e-09,648100
6.63897367957053e-09,648200
6.58513463162478e-09,648300
6.53138985158835e-09,648400
6.47776022849233e-09,648500
6.42426635687594e-09,648600
6.37092850869974e-09,648700
6.31776660647268e-09,648800
6.26480019765093e-09,648900
6.21204843036232e-09,649000
6.15953003050571e-09,649100
6.10726328026966e-09,649200
6.05526599811046e-09,649300
6.00355552022421e-09,649400
5.95214868354326e-09,649500
5.90106181028156e-09,649600
5.8503106940491e-09,649700
5.79991058755019e-09,649800
5.74987619187502e-09,649900
5.70022164738913e-09,650000
5.65096052622028e-09,650100
5.60210582633688e-09,650200
5.55366996720725e-09,650300
5.50566478702423e-09,650400
5.45810154147441e-09,650500
5.41099090402674e-09,650600
5.36434296771052e-09,650700
5.31816724834828e-09,650800
5.2724726892047e-09,650900
5.22726766700834e-09,651000
5.18255999929917e-09,651100
5.13835695305084e-09,651200
5.09466525451304e-09,651300
5.05149110021574e-09,651400
5.00884016907412e-09,651500
4.96671763552978e-09,651600
4.92512818366112e-09,651700
4.88407602219333e-09,651800
4.84356490033622e-09,651900
4.80359812437592e-09,652000
4.7641785749451e-09,652100
4.72530872489462e-09,652200
4.68699065768854e-09,652300
4.64922608624344e-09,652400
4.61201637213246e-09,652500
4.57536254507418e-09,652600
4.53926532262632e-09,652700
4.50372513000449e-09,652800
4.46874211994702e-09,652900
4.43431619254715e-09,653000
4.40044701497566e-09,653100
4.36713404101753e-09,653200
4.33437653034866e-09,653300
4.30217356747978e-09,653400
4.27052408029738e-09,653500
4.23942685813339e-09,653600
4.20888056929816e-09,653700
4.17888377801396e-09,653800
4.14943496068921e-09,653900
4.12053252147684e-09,654000
4.09217480706368e-09,654100
4.06436012064091e-09,654200
4.03708673500982e-09,654300
4.01035290478061e-09,654400
3.98415687762589e-09,654500
3.95849690455491e-09,654600
3.9333712491784e-09,654700
3.90877819593837e-09,654800
3.88471605728129e-09,654900
3.86118317975795e-09,655000
3.83817794903684e-09,655100
3.81569879382334e-09,655200
3.79374418868058e-09,655300
3.77231265575274e-09,655400
3.75140276539578e-09,655500
3.73101313572489e-09,655600
3.71114243109235e-09,655700
3.6917893595136e-09,655800
3.67295266906355e-09,655900
3.65463114326891e-09,656000
3.63682359552667e-09,656100
3.61952886258213e-09,656200
3.60274579710381e-09,656300
3.58647325939608e-09,656400
3.57071010829328e-09,656500
3.55545519128257e-09,656600
3.54070733390569e-09,656700
3.52646532849216e-09,656800
3.51272792227939e-09,656900
3.49949380497721e-09,657000
3.48676159583649e-09,657100
3.47452983028345e-09,657200
3.46279694618265e-09,657300
3.45156126979323e-09,657400
3.44082100148394e-09,657500
3.43057420127363e-09,657600
3.42081877426399e-09,657700
3.41155245603233e-09,657800
3.40277279805184e-09,657900
3.39447715320685e-09,658000
3.38666266147015e-09,658100
3.3793262358089e-09,658200
3.37246454838471e-09,658300
3.36607401711242e-09,658400
3.36015079264059e-09,658500
3.35469074581559e-09,658600
3.34968945568873e-09,658700
3.34514219812456e-09,658800
3.3410439350656e-09,658900
3.3373893045071e-09,659000
3.33417261123192e-09,659100
3.33138781835374e-09,659200
3.3290285397134e-09,659300
3.32708803316994e-09,659400
3.32555919482525e-09,659500
3.32443455421719e-09,659600
3.32370627051315e-09,659700
3.32336612973202e-09,659800
3.32340554301904e-09,659900
3.32381554599432e-09,660000
3.32458679919171e-09,660100
3.32570958960125e-09,660200
3.32717383332409e-09,660300
3.32896907934518e-09,660400
3.33108451442489e-09,660500
3.33350896910695e-09,660600
3.336230924836e-09,660700
3.3392385221744e-09,660800
3.34251957010392e-09,660900
3.34606155639431e-09,661000
3.34985165901701e-09,661100
3.35387675857868e-09,661200
3.35812345174568e-09,661300
3.36257806562733e-09,661400
3.36722667308256e-09,661500
3.37205510891114e-09,661600
3.37704898688823e-09,661700
3.38219371759759e-09,661800
3.38747452701656e-09,661900
3.39287647580323e-09,662000
3.39838447923399e-09,662100
3.40398332773751e-09,662200
3.40965770796919e-09,662300
3.41539222436869e-09,662400
3.42117142114129e-09,662500
3.42697980460263e-09,662600
3.43280186582559e-09,662700
3.43862210352662e-09,662800
3.44442504712868e-09,662900
3.45019527993736e-09,663000
3.45591746236636e-09,663100
3.4615763551487e-09,663200
3.46715684247022e-09,663300
3.47264395496225e-09,663400
3.47802289249116e-09,663500
3.48327904668305e-09,663600
3.4883980231233e-09,663700
3.49336566317144e-09,663800
3.49816806533387e-09,663900
3.50279160613789e-09,664000
3.50722296045289e-09,664100
3.51144912120623e-09,664200
3.51545741844341e-09,664300
3.51923553768487e-09,664400
3.52277153753345e-09,664500
3.52605386648996e-09,664600
3.5290713789363e-09,664700
3.53181335024877e-09,664800
3.53426949100702e-09,664900
3.53642996026719e-09,665000
3.53828537787049e-09,665100
3.53982683576229e-09,665200
3.54104590829928e-09,665300
3.54193466152613e-09,665400
3.5424856614059e-09,665500
3.54269198099197e-09,665600
3.54254720653272e-09,665700
3.54204544250307e-09,665800
3.54118131556076e-09,665900
3.5399499774282e-09,666000
3.53834710670416e-09,666100
3.53636890961246e-09,666200
3.53401211969838e-09,666300
3.5312739964861e-09,666400
3.52815232311381e-09,666500
3.52464540296567e-09,666600
3.52075205532304e-09,666700
3.51647161005948e-09,666800
3.51180390140706e-09,666900
3.50674926082378e-09,667000
3.50130850899395e-09,667100
3.49548294699601e-09,667200
3.48927434667379e-09,667300
3.48268494024935e-09,667400
3.47571740921727e-09,667500
3.46837487256134e-09,667600
3.46066087433672e-09,667700
3.45257937066104e-09,667800
3.44413471615957e-09,667900
3.43533164991002e-09,668000
3.42617528093349e-09,668100
3.41667107327835e-09,668200
3.40682483074444e-09,668300
3.39664268129493e-09,668400
3.3861310612032e-09,668500
3.37529669898205e-09,668600
3.36414659914201e-09,668700
3.35268802582537e-09,668800
3.34092848636128e-09,668900
3.32887571478722e-09,669000
3.31653765538048e-09,669100
3.30392244624271e-09,669200
3.29103840297906e-09,669300
3.27789400251216e-09,669400
3.26449786706973e-09,669500
3.25085874838294e-09,669600
3.23698551213103e-09,669700
3.22288712266582e-09,669800
3.20857262804785e-09,669900
3.19405114542391e-09,670000
3.17933184677383e-09,670100
3.16442394505198e-09,670200
3.14933668074706e-09,670300
3.13407930888153e-09,670400
3.11866108646948e-09,670500
3.10309126044995e-09,670600
3.08737905611008e-09,670700
3.07153366601038e-09,670800
3.0555642394219e-09,670900
3.03947987228329e-09,671000
3.02328959768274e-09,671100
3.00700237686862e-09,671200
2.99062709078929e-09,671300
2.97417253216142e-09,671400
2.95764739806358e-09,671500
2.94106028304993e-09,671600
2.92441967277714e-09,671700
2.90773393813539e-09,671800
2.89101132987307e-09,671900
2.87425997370272e-09,672000
2.8574878658743e-09,672100
2.84070286920048e-09,672200
2.82391270951731e-09,672300
2.80712497256205e-09,672400
2.79034710124937e-09,672500
2.77358639332552e-09,672600
2.7568499993796e-09,672700
2.74014492119016e-09,672800
2.72347801038452e-09,672900
2.7068559673881e-09,673000
2.69028534064013e-09,673100
2.67377252605234e-09,673200
2.65732376668678e-09,673300
2.6409451526289e-09,673400
2.62464262103232e-09,673500
2.60842195631176e-09,673600
2.59228879046101e-09,673700
2.5762486034733e-09,673800
2.56030672384188e-09,673900
2.5444683291194e-09,674000
2.5287384465155e-09,674100
2.51312195351266e-09,674200
2.49762357848148e-09,674300
2.48224790127775e-09,674400
2.46699935380434e-09,674500
2.45188222052264e-09,674600
2.43690063889915e-09,674700
2.42205859977443e-09,674800
2.40735994764276e-09,674900
2.39280838083226e-09,675000
2.37840745157712e-09,675100
2.36416056597424e-09,675200
2.35007098381899e-09,675300
2.33614181831557e-09,675400
2.32237603565946e-09,675500
2.30877645449064e-09,675600
2.29534574521812e-09,675700
2.28208642921734e-09,675800
2.26900087790391e-09,675900
2.2560913116884e-09,676000
2.24335979881823e-09,676100
2.23080825411412e-09,676200
2.21843843761005e-09,676300
2.20625195310646e-09,676400
2.19425024664819e-09,676500
2.18243460493916e-09,676600
2.17080615370741e-09,676700
2.15936585603454e-09,676800
2.14811451066486e-09,676900
2.13705275031016e-09,677000
2.12618103996662e-09,677100
2.11549967526122e-09,677200
2.10500878084525e-09,677300
2.09470830885306e-09,677400
2.08459803744442e-09,677500
2.07467756944909e-09,677600
2.06494633113225e-09,677700
2.0554035710993e-09,677800
2.0460483593588e-09,677900
2.03687958656153e-09,678000
2.02789596343372e-09,678100
2.019096020422e-09,678200
2.01047810756683e-09,678300
2.00204039462103e-09,678400
1.99378087142851e-09,678500
1.9856973485785e-09,678600
1.9777874583487e-09,678700
1.97004865595039e-09,678800
1.96247822108724e-09,678900
1.95507325983842e-09,679000
1.94783070687541e-09,679100
1.9407473280208e-09,679200
1.93381972315554e-09,679300
1.92704432948046e-09,679400
1.92041742513564e-09,679500
1.91393513318047e-09,679600
1.90759342593522e-09,679700
1.90138812968356e-09,679800
1.89531492973419e-09,679900
1.88936937583768e-09,680000
1.88354688795356e-09,680100
1.87784276236085e-09,680200
1.87225217810375e-09,680300
1.86677020376271e-09,680400
1.86139180453957e-09,680500
1.85611184964412e-09,680600
1.85092511996769e-09,680700
1.84582631602837e-09,680800
1.84081006617092e-09,680900
1.83587093500321e-09,681000
1.83100343204972e-09,681100
1.82620202060172e-09,681200
1.82146112674249e-09,681300
1.81677514852509e-09,681400
1.81213846527903e-09,681500
1.80754544702192e-09,681600
1.80299046395081e-09,681700
1.79846789598781e-09,681800
1.7939721423539e-09,681900
1.78949763114433e-09,682000
1.7850388288789e-09,682100
1.78059025000002e-09,682200
1.77614646629155e-09,682300
1.77170211619123e-09,682400
1.76725191396985e-09,682500
1.76279065875045e-09,682600
1.75831324334106e-09,682700
1.75381466285536e-09,682800
1.74929002309553e-09,682900
1.74473454867312e-09,683000
1.74014359084354e-09,683100
1.73551263503162e-09,683200
1.73083730802586e-09,683300
1.72611338482059e-09,683400
1.72133679508607e-09,683500
1.71650362924816e-09,683600
1.71161014415994e-09,683700
1.70665276834975e-09,683800
1.70162810683098e-09,683900
1.69653294546081e-09,684000
1.69136425483652e-09,684100
1.68611919371966e-09,684200
1.68079511198013e-09,684300
1.67538955305369e-09,684400
1.6699002559084e-09,684500
1.66432515651722e-09,684600
1.65866238883548e-09,684700
1.65291028528418e-09,684800
1.64706737674146e-09,684900
1.64113239204659e-09,685000
1.63510425702249e-09,685100
1.62898209302439e-09,685200
1.62276521502447e-09,685300
1.61645312924317e-09,685400
1.6100455303403e-09,685500
1.60354229818007e-09,685600
1.59694349418598e-09,685700
1.59024935730298e-09,685800
1.58346029958535e-09,685900
1.57657690143058e-09,686000
1.56959990648036e-09,686100
1.56253021621101e-09,686200
1.55536888423696e-09,686300
1.54811711035136e-09,686400
1.5407762343294e-09,686500
1.53334772952006e-09,686600
1.525833196253e-09,686700
1.51823435508779e-09,686800
1.51055303993286e-09,686900
1.50279119106234e-09,687000
1.49495084805853e-09,687100
1.48703414270831e-09,687200
1.47904329188146e-09,687300
1.47098059041891e-09,687400
1.46284840405835e-09,687500
1.45464916242462e-09,687600
1.44638535211143e-09,687700
1.43805950988051e-09,687800
1.42967421600362e-09,687900
1.42123208777168e-09,688000
1.41273577319486e-09,688100
1.40418794491581e-09,688200
1.39559129435752e-09,688300
1.38694852612598e-09,688400
1.37826235268617e-09,688500
1.36953548932903e-09,688600
1.36077064944507e-09,688700
1.35197054011909e-09,688800
1.34313785805874e-09,688900
1.33427528586793e-09,689000
1.32538548867448e-09,689100
1.31647111111957e-09,689200
1.30753477471497e-09,689300
1.29857907557176e-09,689400
1.289606582503e-09,689500
1.28061983550052e-09,689600
1.27162134458431e-09,689700
1.26261358902128e-09,689800
1.25359901690808e-09,689900
1.24458004511107e-09,690000
1.23555905955466e-09,690100
1.22653841584758e-09,690200
1.21752044023477e-09,690300
1.2085074308613e-09,690400
1.19950165933263e-09,690500
1.19050537255453e-09,690600
1.18152079483418e-09,690700
1.17255013022282e-09,690800
1.16359556507885e-09,690900
1.15465927082934e-09,691000
1.14574340690658e-09,691100
1.13685012383556e-09,691200
1.12798156644713e-09,691300
1.11913987719113e-09,691400
1.11032719952279e-09,691500
1.1015456813356e-09,691600
1.09279747841292e-09,691700
1.08408475787088e-09,691800
1.07540970156448e-09,691900
1.06677450942913e-09,692000
1.05818140272966e-09,692100
1.04963262718948e-09,692200
1.04113045597234e-09,692300
1.03267719249032e-09,692400
1.02427517301163e-09,692500
1.015926769043e-09,692600
1.00763438946213e-09,692700
9.99400482376661e-10,692800
9.91227536687124e-10,692900
9.83118083332786e-10,693000
9.75074696200353e-10,693100
9.67099992677064e-10,693200
9.59196633831205e-10,693300
9.51367324204616e-10,693400
9.43614811203516e-10,693500
9.35941884075747e-10,693600
9.28351372464311e-10,693700
9.20846144529055e-10,693800
9.13429104630286e-10,693900
9.0610319057014e-10,694000
8.98871370389512e-10,694100
8.91736638720539e-10,694200
8.84702012696694e-10,694300
8.77770527424647e-10,694400
8.70945231024213e-10,694500
8.64229179244887e-10,694600
8.57625429669472e-10,694700
8.51137035517519e-10,694800
8.44767039063308e-10,694900
8.38518464685186e-10,695000
8.32394311564977e-10,695100
8.26397546058202e-10,695200
8.20531093757735e-10,695300
8.14797831275175e-10,695400
8.09200577766093e-10,695500
8.03742086226928e-10,695600
7.98425034592658e-10,695700
7.93252016666131e-10,695800
7.88225532910963e-10,695900
7.83347981141249e-10,696000
7.78621647142542e-10,696100
7.74048695259265e-10,696200
7.69631158984743e-10,696300
7.65370931590763e-10,696400
7.61269756833904e-10,696500
7.57329219776596e-10,696600
7.53550737760881e-10,696700
7.49935551573144e-10,696800
7.46484716837912e-10,696900
7.43199095678739e-10,697000
7.40079348683837e-10,697100
7.37125927213579e-10,697200
7.34339066086418e-10,697300
7.31718776678905e-10,697400
7.29264840474646e-10,697500
7.26976803095889e-10,697600
7.24853968850155e-10,697700
7.22895395823084e-10,697800
7.21099891547025e-10,697900
7.19466009273363e-10,698000
7.17992044874749e-10,698100
7.16676034401517e-10,698200
7.15515752314623e-10,698300
7.14508710415233e-10,698400
7.13652157489032e-10,698500
7.12943079680806e-10,698600
7.12378201612687e-10,698700
7.11953988256834e-10,698800
7.11666647570839e-10,698900
7.11512133901576e-10,699000
7.11486152160496e-10,699100
7.11584162770806e-10,699200
7.11801387384142e-10,699300
7.12132815361663e-10,699400
7.12573211011755e-10,699500
7.13117121573795e-10,699600
7.13758885934653e-10,699700
7.14492644061897e-10,699800
7.15312347135091e-10,699900
7.16211768353735e-10,700000
7.17184514397992e-10,700100
7.1822403751572e-10,700200
7.19323648206876e-10,700300
7.20476528473997e-10,700400
7.21675745605152e-10,700500
7.22914266453619e-10,700600
7.24184972176343e-10,700700
7.25480673391426e-10,700800
7.26794125712887e-10,700900
7.28118045619337e-10,701000
7.29445126611567e-10,701100
7.30768055612733e-10,701200
7.32079529563273e-10,701300
7.33372272161998e-10,701400
7.34639050703381e-10,701500
7.35872692960626e-10,701600
7.37066104063286e-10,701700
7.38212283317835e-10,701800
7.39304340919267e-10,701900
7.40335514501774e-10,702000
7.41299185476619e-10,702100
7.42188895105492e-10,702200
7.42998360258273e-10,702300
7.4372148880461e-10,702400
7.44352394589557e-10,702500
7.44885411944533e-10,702600
7.45315109686028e-10,702700
7.45636304555791e-10,702800
7.45844074057694e-10,702900
7.45933768648273e-10,703000
7.45901023239537e-10,703100
7.45741767974921e-10,703200
7.45452238241021e-10,703300
7.45028983880308e-10,703400
7.44468877572264e-10,703500
7.43769122352907e-10,703600
7.42927258245328e-10,703700
7.41941167976632e-10,703800
7.40809081759416e-10,703900
7.39529581118938e-10,704000
7.38101601750086e-10,704100
7.36524435391361e-10,704200
7.34797730706126e-10,704300
7.32921493164687e-10,704400
7.30896083923891e-10,704500
7.28722217704111e-10,704600
7.26400959666944e-10,704700
7.23933721299905e-10,704800
7.21322255317907e-10,704900
7.18568649594405e-10,705000
7.15675320138221e-10,705100
7.12645003135401e-10,705200
7.09480746078315e-10,705300
7.06185898007446e-10,705400
7.02764098894052e-10,705500
6.99219268194991e-10,705600
6.95555592613512e-10,705700
6.91777513102665e-10,705800
6.87889711150432e-10,705900
6.83897094388091e-10,706000
6.79804781565687e-10,706100
6.75618086940482e-10,706200
6.71342504126434e-10,706300
6.66983689454378e-10,706400
6.62547444894414e-10,706500
6.58039700593421e-10,706600
6.53466497081932e-10,706700
6.48833967205799e-10,706800
6.44148317838974e-10,706900
6.39415811434506e-10,707000
6.34642747471484e-10,707100
6.29835443855935e-10,707200
6.25000218333962e-10,707300
6.20143369975353e-10,707400
6.15271160785634e-10,707500
6.10389797504303e-10,707600
6.05505413646102e-10,707700
6.00624051841695e-10,707800
5.95751646532901e-10,707900
5.90894007076587e-10,708000
5.86056801309925e-10,708100
5.81245539628202e-10,708200
5.76465559624614e-10,708300
5.71722011339731e-10,708400
5.67019843166087e-10,708500
5.62363788451349e-10,708600
5.57758352841067e-10,708700
5.53207802399589e-10,708800
5.48716152545075e-10,708900
5.44287157831856e-10,709000
5.39924302610557e-10,709100
5.35630792593415e-10,709200
5.31409547349237e-10,709300
5.27263193749321e-10,709400
5.23194060382505e-10,709500
5.19204172954209e-10,709600
5.15295250681137e-10,709700
5.11468703689916e-10,709800
5.07725631424643e-10,709900
5.0406682206493e-10,710000
5.00492752952719e-10,710100
4.97003592022709e-10,710200
4.93599200228036e-10,710300
4.90279134949417e-10,710400
4.87042654372864e-10,710500
4.83888722817748e-10,710600
4.80816016993993e-10,710700
4.7782293316406e-10,710800
4.74907595182452e-10,710900
4.72067863382645e-10,711000
4.69301344278526e-10,711100
4.66605401044921e-10,711200
4.6397716473918e-10,711300
4.61413546223441e-10,711400
4.58911248745083e-10,711500
4.56466781130668e-10,711600
4.54076471546839e-10,711700
4.51736481779931e-10,711800
4.49442821984369e-10,711900
4.47191365848664e-10,712000
4.44977866126494e-10,712100
4.4279797047938e-10,712200
4.40647237576612e-10,712300
4.3852115339743e-10,712400
4.36415147679971e-10,712500
4.34324610461272e-10,712600
4.32244908652505e-10,712700
4.30171402593744e-10,712800
4.2809946253289e-10,712900
4.26024484973862e-10,713000
4.23941908839817e-10,713100
4.21847231398153e-10,713200
4.1973602389491e-10,713300
4.17603946847628e-10,713400
4.15446764946961e-10,713500
4.13260361518989e-10,713600
4.110407525019e-10,713700
4.08784099892603e-10,713800
4.06486724620819e-10,713900
4.04145118810445e-10,714000
4.01755957390223e-10,714100
3.99316109018197e-10,714200
3.96822646287029e-10,714300
3.94272855179779e-10,714400
3.91664243748592e-10,714500
3.88994549991545e-10,714600
3.86261748905721e-10,714700
3.8346405869767e-10,714800
3.80599946135291e-10,714900
3.77668131028349e-10,715000
3.74667589827816e-10,715100
3.71597558337431e-10,715200
3.68457533533881e-10,715300
3.65247274495225e-10,715400
3.61966802440181e-10,715500
3.58616399884041e-10,715600
3.55196608919963e-10,715700
3.51708228637396e-10,715800
3.48152311692352e-10,715900
3.44530160047047e-10,716000
3.40843319899267e-10,716100
3.37093575824499e-10,716200
3.33282944156456e-10,716300
3.29413665634146e-10,716400
3.25488197346025e-10,716500
3.21509204003973e-10,716600
3.17479548582072e-10,716700
3.13402282357059e-10,716800
3.09280634389241e-10,716900
3.05118000484352e-10,717000
3.0091793167836e-10,717100
2.96684122288657e-10,717200
2.92420397576254e-10,717300
2.88130701064709e-10,717400
2.83819081562354e-10,717500
2.79489679935148e-10,717600
2.75146715678001e-10,717700
2.70794473332785e-10,717800
2.66437288801447e-10,717900
2.62079535602653e-10,718000
2.57725611120232e-10,718100
2.5337992289134e-10,718200
2.4904687498181e-10,718300
2.44730854495418e-10,718400
2.40436218263008e-10,718500
2.36167279756407e-10,718600
2.31928296270902e-10,718700
2.27723456418752e-10,718800
2.23556867974742e-10,718900
2.19432546113251e-10,719000
2.15354402074483e-10,719100
2.1132623229578e-10,719200
2.07351708041867e-10,719300
2.03434365565857e-10,719400
1.99577596830677e-10,719500
1.95784640818227e-10,719600
1.92058575451337e-10,719700
1.88402310151044e-10,719800
1.84818579049302e-10,719900
1.81309934874624e-10,720000
1.77878743525588e-10,720100
1.74527179344495e-10,720200
1.71257221100766e-10,720300
1.68070648691074e-10,720400
1.6496904056041e-10,720500
1.61953771845698e-10,720600
1.59026013240826e-10,720700
1.56186730579381e-10,720800
1.53436685128726e-10,720900
1.50776434586485e-10,721000
1.48206334768025e-10,721100
1.45726541971025e-10,721200
1.43337016000857e-10,721300
1.41037523838217e-10,721400
1.38827643928182e-10,721500
1.36706771067787e-10,721600
1.34674121867182e-10,721700
1.32728740757493e-10,721800
1.30869506516763e-10,721900
1.29095139283612e-10,722000
1.27404208026779e-10,722100
1.25795138437218e-10,722200
1.24266221208217e-10,722300
1.22815620667806e-10,722400
1.21441383726767e-10,722500
1.20141449104712e-10,722600
1.1891365679596e-10,722700
1.1775575773646e-10,722800
1.16665423632559e-10,722900
1.15640256912198e-10,723000
1.14677800759029e-10,723100
1.13775549190016e-10,723200
1.12930957137276e-10,723300
1.12141450495314e-10,723400
1.11404436095264e-10,723500
1.10717311568485e-10,723600
1.10077475062543e-10,723700
1.09482334773664e-10,723800
1.08929318260695e-10,723900
1.08415881506878e-10,724000
1.07939517697004e-10,724100
1.07497765678986e-10,724200
1.07088218080357e-10,724300
1.06708529051922e-10,724400
1.06356421612458e-10,724500
1.06029694570216e-10,724600
1.05726228998863e-10,724700
1.05443994247498e-10,724800
1.05181053466387e-10,724900
1.049355686322e-10,725000
1.04705805058629e-10,725100
1.0449013538049e-10,725200
1.04287043001616e-10,725300
1.04095124999053e-10,725400
1.03913094478376e-10,725500
1.03739782377138e-10,725600
1.03574138715757e-10,725700
1.03415233297329e-10,725800
1.03262255860129e-10,725900
1.0311451568868e-10,726000
1.02971440691439e-10,726100
1.02832575955258e-10,726200
1.0269758178877e-10,726300
1.02566231268852e-10,726400
1.0243840730623e-10,726500
1.02314099248085e-10,726600
1.02193399037279e-10,726700
1.02076496949459e-10,726800
1.01963676930877e-10,726900
1.01855311561156e-10,727000
1.01751856666651e-10,727100
1.01653845611209e-10,727200
1.01561883292309e-10,727300
1.01476639871508e-10,727400
1.01398844269028e-10,727500
1.01329277453032e-10,727600
1.01268765554774e-10,727700
1.01218172841286e-10,727800
1.01178394577623e-10,727900
1.01150349810894e-10,728000
1.01134974108432e-10,728100
1.01133212282377e-10,728200
1.01146011132795e-10,728300
1.0117431224116e-10,728400
1.01219044845576e-10,728500
1.0128111882859e-10,728600
1.01361417847734e-10,728700
1.01460792638202e-10,728800
1.0158005451608e-10,728900
1.01719969109589e-10,729000
1.01881250344661e-10,729100
1.02064554709914e-10,729200
1.02270475824818e-10,729300
1.02499539333379e-10,729400
1.02752198144238e-10,729500
1.03028828036438e-10,729600
1.03329723648534e-10,729700
1.03655094866981e-10,729800
1.04005063627979e-10,729900
1.04379661145163e-10,730000
1.04778825573647e-10,730100
1.05202400119073e-10,730200
1.0565013159839e-10,730300
1.06121669457171e-10,730400
1.06616565246336e-10,730500
1.07134272559204e-10,730600
1.07674147427864e-10,730700
1.08235449175954e-10,730800
1.08817341723017e-10,730900
1.09418895333727e-10,731000
1.10039088803477e-10,731100
1.10676812070006e-10,731200
1.11330869238996e-10,731300
1.11999982009923e-10,731400
1.12682793486782e-10,731500
1.13377872356796e-10,731600
1.14083717418735e-10,731700
1.14798762441062e-10,731800
1.15521381328864e-10,731900
1.16249893577257e-10,732000
1.16982569987904e-10,732100
1.17717638624214e-10,732200
1.18453290979914e-10,732300
1.19187688334885e-10,732400
1.19918968271428e-10,732500
1.20645251323606e-10,732600
1.21364647731761e-10,732700
1.22075264274061e-10,732800
1.22775211146595e-10,732900
1.23462608863491e-10,733000
1.24135595148514e-10,733100
1.24792331789717e-10,733200
1.25431011428944e-10,733300
1.26049864258376e-10,733400
1.26647164596711e-10,733500
1.27221237318211e-10,733600
1.27770464108463e-10,733700
1.28293289521553e-10,733800
1.28788226814174e-10,733900
1.29253863533224e-10,734000
1.29688866834498e-10,734100
1.30091988511234e-10,734200
1.30462069712563e-10,734300
1.30798045333163e-10,734400
1.31098948056906e-10,734500
1.31363912038632e-10,734600
1.31592176209832e-10,734700
1.31783087195483e-10,734800
1.3193610183097e-10,734900
1.32050789269657e-10,735000
1.32126832673368e-10,735100
1.32164030479763e-10,735200
1.32162297242323e-10,735300
1.32121664040416e-10,735400
1.32042278458657e-10,735500
1.31924404136543e-10,735600
1.31768419891062e-10,735700
1.31574818416732e-10,735800
1.31344204569187e-10,735900
1.31077293240133e-10,736000
1.3077490683311e-10,736100
1.30437972351097e-10,736200
1.30067518108509e-10,736300
1.29664670081672e-10,736400
1.29230647913218e-10,736500
1.28766760587254e-10,736600
1.28274401793391e-10,736700
1.27755044998965e-10,736800
1.27210238249857e-10,736900
1.26641598721416e-10,737000
1.26050807041836e-10,737100
1.25439601411315e-10,737200
1.24809771540931e-10,737300
1.24163152435959e-10,737400
1.23501618048788e-10,737500
1.2282707482712e-10,737600
1.22141455183427e-10,737700
1.21446710911898e-10,737800
1.2074480657921e-10,737900
1.200377129155e-10,738000
1.19327400231787e-10,738100
1.18615831889945e-10,738200
1.17904957850967e-10,738300
1.17196708326903e-10,738400
1.164929875613e-10,738500
1.15795667762419e-10,738600
1.15106583212718e-10,738700
1.14427524577376e-10,738800
1.13760233433675e-10,738900
1.13106397042111e-10,739000
1.12467643379045e-10,739100
1.11845536449558e-10,739200
1.11241571897967e-10,739300
1.1065717293218e-10,739400
1.10093686576753e-10,739500
1.0955238026805e-10,739600
1.09034438803547e-10,739700
1.08540961655761e-10,739800
1.08072960659787e-10,739900
1.07631358081841e-10,740000
1.07216985074653e-10,740100
1.06830580523905e-10,740200
1.06472790288323e-10,740300
1.06144166834374e-10,740400
1.0584516926493e-10,740500
1.05576163739595e-10,740600
1.05337424282844e-10,740700
1.05129133974475e-10,740800
1.04951386515374e-10,740900
1.04804188160029e-10,741000
1.04687460005756e-10,741100
1.04601040627166e-10,741200
1.0454468904301e-10,741300
1.04518088001177e-10,741400
1.04520847566401e-10,741500
1.0455250899398e-10,741600
1.04612548871701e-10,741700
1.04700383511077e-10,741800
1.04815373568096e-10,741900
1.04956828872669e-10,742000
1.05124013445281e-10,742100
1.05316150678537e-10,742200
1.05532428660725e-10,742300
1.05772005617976e-10,742400
1.06034015451124e-10,742500
1.0631757334314e-10,742600
1.06621781412651e-10,742700
1.06945734389032e-10,742800
1.07288525284438e-10,742900
1.07649251038306e-10,743000
1.0802701810991e-10,743100
1.08420947994941e-10,743200
1.08830182642346e-10,743300
1.09253889748195e-10,743400
1.09691267903857e-10,743500
1.10141551576434e-10,743600
1.10604015900139e-10,743700
1.1107798125811e-10,743800
1.11562817635083e-10,743900
1.12057948722292e-10,744000
1.12562855757069e-10,744100
1.13077081080695e-10,744200
1.13600231399281e-10,744300
1.14131980733683e-10,744400
1.14672073045783e-10,744500
1.15220324529808e-10,744600
1.1577662555876e-10,744700
1.16340942277471e-10,744800
1.16913317835278e-10,744900
1.17493873252759e-10,745000
1.18082807918574e-10,745100
1.18680399713877e-10,745200
1.19287004763387e-10,745300
1.19903056813719e-10,745400
1.20529066241048e-10,745500
1.2116561869183e-10,745600
1.21813373361659e-10,745700
1.22473060918933e-10,745800
1.23145481081398e-10,745900
1.23831499855056e-10,746000
1.24532046446337e-10,746100
1.25248109859704e-10,746200
1.25980735194194e-10,746300
1.26731019653595e-10,746400
1.27500108286082e-10,746500
1.28289189470333e-10,746600
1.29099490166013e-10,746700
1.29932270947655e-10,746800
1.30788820841621e-10,746900
1.31670451986834e-10,747000
1.325784941405e-10,747100
1.33514289050764e-10,747200
1.34479184718745e-10,747300
1.35474529572813e-10,747400
1.36501666578343e-10,747500
1.37561927306426e-10,747600
1.38656625985178e-10,747700
1.39787053557327e-10,747800
1.40954471767766e-10,747900
1.42160107304602e-10,748000
1.43405146017012e-10,748100
1.44690727232928e-10,748200
1.46017938199123e-10,748300
1.47387808665828e-10,748400
1.48801305637389e-10,748500
1.50259328309806e-10,748600
1.51762703215283e-10,748700
1.53312179593048e-10,748800
1.54908425004825e-10,748900
1.56552021212364e-10,749000
1.58243460333363e-10,749100
1.5998314129109e-10,749200
1.61771366571732e-10,749300
1.63608339302418e-10,749400
1.65494160661475e-10,749500
1.67428827631259e-10,749600
1.69412231102519e-10,749700
1.71444154337874e-10,749800
1.73524271800603e-10,749900
1.75652148353485e-10,750000
1.77827238831046e-10,750100
1.80048887987061e-10,750200
1.82316330817741e-10,750300
1.84628693259586e-10,750400
1.8698499325944e-10,750500
1.8938414221285e-10,750600
1.91824946765429e-10,750700
1.94306110970566e-10,750800
1.96826238795429e-10,750900
1.99383836965934e-10,751000
2.0197731814008e-10,751100
2.04605004397779e-10,751200
2.07265131034211e-10,751300
2.09955850642522e-10,751400
2.12675237470757e-10,751500
2.15421292036746e-10,751600
2.18191945983926e-10,751700
2.20985067160083e-10,751800
2.23798464900298e-10,751900
2.2662989549465e-10,752000
2.29477067820619e-10,752100
2.32337649119575e-10,752200
2.35209270896294e-10,752300
2.38089534920124e-10,752400
2.40976019306009e-10,752500
2.43866284653549e-10,752600
2.46757880222061e-10,752700
2.49648350119596e-10,752800
2.52535239483999e-10,752900
2.5541610063419e-10,753000
2.58288499170123e-10,753100
2.61150020000221e-10,753200
2.63998273275436e-10,753300
2.66830900209677e-10,753400
2.69645578766822e-10,753500
2.72440029195244e-10,753600
2.75212019391484e-10,753700
2.77959370075493e-10,753800
2.80679959760727e-10,753900
2.83371729503288e-10,754000
2.86032687415346e-10,754100
2.88660912928991e-10,754200
2.91254560797882e-10,754300
2.93811864825102e-10,754400
2.96331141306806e-10,754500
2.98810792182511e-10,754600
3.01249307884032e-10,754700
3.03645269876384e-10,754800
3.05997352885214e-10,754900
3.08304326806661e-10,755000
3.10565058296774e-10,755100
3.12778512039002e-10,755200
3.14943751689493e-10,755300
3.17059940501303e-10,755400
3.19126341629842e-10,755500
3.21142318123154e-10,755600
3.23107332601894e-10,755700
3.2502094663505e-10,755800
3.26882819818616e-10,755900
3.28692708565588e-10,756000
3.30450464616742e-10,756100
3.32156033282637e-10,756200
3.33809451428427e-10,756300
3.35410845213775e-10,756400
3.36960427601262e-10,756500
3.38458495647339e-10,756600
3.39905427590723e-10,756700
3.41301679753709e-10,756800
3.42647783272569e-10,756900
3.43944340673686e-10,757000
3.45192022312544e-10,757100
3.46391562693063e-10,757200
3.47543756685036e-10,757300
3.48649455657756e-10,757400
3.49709563547862e-10,757500
3.5072503287969e-10,757600
3.51696860756261e-10,757700
3.52626084838946e-10,757800
3.53513779333742e-10,757900
3.54361051001731e-10,758000
3.55169035210994e-10,758100
3.55938892046862e-10,758200
3.56671802496825e-10,758300
3.57368964725974e-10,758400
3.5803159045805e-10,758500
3.58660901476699e-10,758600
3.59258126260561e-10,758700
3.59824496765161e-10,758800
3.60361245363653e-10,758900
3.60869601957503e-10,759000
3.61350791267311e-10,759100
3.61806030312931e-10,759200
3.6223652609098e-10,759300
3.62643473456807e-10,759400
3.63028053216827e-10,759500
3.63391430436081e-10,759600
3.63734752964635e-10,759700
3.64059150185379e-10,759800
3.64365731984595e-10,759900
3.64655587945409e-10,760000
3.64929786763277e-10,760100
3.65189375881272e-10,760200
3.65435381342032e-10,760300
3.65668807851892e-10,760400
3.65890639051839e-10,760500
3.66101837988689e-10,760600
3.66303347778987e-10,760700
3.66496092457021e-10,760800
3.6668097799754e-10,760900
3.66858893502704e-10,761000
3.67030712542065e-10,761100
3.67197294633542e-10,761200
3.67359486852598e-10,761300
3.67518125556182e-10,761400
3.67674038207395e-10,761500
3.678280452863e-10,761600
3.67980962271769e-10,761700
3.68133601678965e-10,761800
3.68286775136676e-10,761900
3.68441295488461e-10,762000
3.68597978901457e-10,762100
3.68757646966539e-10,762200
3.68921128773598e-10,762300
3.69089262945696e-10,762400
3.69262899616044e-10,762500
3.69442902332006e-10,762600
3.69630149870542e-10,762700
3.69825537950029e-10,762800
3.70029980823704e-10,762900
3.7024441274062e-10,763000
3.70469789260571e-10,763100
3.7070708841006e-10,763200
3.70957311667242e-10,763300
3.7122148476442e-10,763400
3.71500658297661e-10,763500
3.71795908133949e-10,763600
3.72108335607253e-10,763700
3.72439067495945e-10,763800
3.72789255774994e-10,763900
3.73160077137534e-10,764000
3.73552732281438e-10,764100
3.73968444957827e-10,764200
3.7440846077942e-10,764300
3.74874045788053e-10,764400
3.75366484781756e-10,764500
3.75887079403023e-10,764600
3.76437145991224e-10,764700
3.77018013203197e-10,764800
3.77631019407336e-10,764900
3.78277509857767e-10,765000
3.78958833656185e-10,765100
3.79676340510299e-10,765200
3.80431377298807e-10,765300
3.81225284453966e-10,765400
3.82059392173923e-10,765500
3.82935016477828e-10,765600
3.83853455117913e-10,765700
3.84815983363433e-10,765800
3.85823849672346e-10,765900
3.86878271267302e-10,766000
3.87980429633271e-10,766100
3.89131465954769e-10,766200
3.90332476511248e-10,766300
3.91584508049621e-10,766400
3.92888553153441e-10,766500
3.94245545628471e-10,766600
3.9565635592471e-10,766700
3.97121786615077e-10,766800
3.98642567951031e-10,766900
4.00219353515452e-10,767000
4.01852715992902e-10,767100
4.03543143077377e-10,767200
4.05291033537196e-10,767300
4.070966934565e-10,767400
4.08960332672238e-10,767500
4.10882061425099e-10,767600
4.12861887242214e-10,767700
4.14899712068665e-10,767800
4.16995329664242e-10,767900
4.1914842328089e-10,768000
4.213585636354e-10,768100
4.23625207190985e-10,768200
4.25947694760189e-10,768300
4.28325250440593e-10,768400
4.30756980893498e-10,768500
4.33241874974551e-10,768600
4.35778803724072e-10,768700
4.38366520723383e-10,768800
4.410036628222e-10,768900
4.43688751240622e-10,769000
4.46420193047975e-10,769100
4.49196283019131e-10,769200
4.52015205867632e-10,769300
4.54875038853335e-10,769400
4.57773754760878e-10,769500
4.60709225243781e-10,769600
4.63679224527481e-10,769700
4.66681433463161e-10,769800
4.69713443922822e-10,769900
4.72772763524549e-10,770000
4.75856820675609e-10,770100
4.78962969919636e-10,770200
4.82088497572866e-10,770300
4.85230627633091e-10,770400
4.88386527943868e-10,770500
4.91553316595259e-10,770600
4.94728068541487e-10,770700
4.97907822414609e-10,770800
5.01089587512666e-10,770900
5.04270350939695e-10,771000
5.07447084874293e-10,771100
5.10616753942727e-10,771200
5.13776322671997e-10,771300
5.169227629977e-10,771400
5.20053061801159e-10,771500
5.23164228449978e-10,771600
5.26253302315938e-10,771700
5.29317360243996e-10,771800
5.32353523946244e-10,771900
5.35358967294625e-10,772000
5.38330923486494e-10,772100
5.4126669205738e-10,772200
5.44163645715639e-10,772300
5.47019236974267e-10,772400
5.49831004555699e-10,772500
5.52596579546032e-10,772600
5.553136912761e-10,772700
5.57980172907423e-10,772800
5.6059396670231e-10,772900
5.6315312895826e-10,773000
5.65655834588015e-10,773100
5.6810038132786e-10,773200
5.70485193557971e-10,773300
5.72808825720195e-10,773400
5.75069965319715e-10,773500
5.77267435498983e-10,773600
5.79400197173465e-10,773700
5.81467350720612e-10,773800
5.83468137214979e-10,773900
5.85401939204076e-10,774000
5.87268281021384e-10,774100
5.89066828634521e-10,774200
5.90797389028442e-10,774300
5.92459909125221e-10,774400
5.9405447424381e-10,774500
5.95581306104781e-10,774600
5.97040760387115e-10,774700
5.98433323845413e-10,774800
5.99759610997969e-10,774900
6.01020360397713e-10,775000
6.02216430499569e-10,775100
6.03348795139561e-10,775200
6.04418538642343e-10,775300
6.05426850575553e-10,775400
6.06375020170581e-10,775500
6.07264430430919e-10,775600
6.08096551950346e-10,775700
6.08872936464561e-10,775800
6.09595210160947e-10,775900
6.10265066772129e-10,776000
6.10884260479999e-10,776100
6.11454598657684e-10,776200
6.11977934477627e-10,776300
6.12456159414699e-10,776400
6.12891195673605e-10,776500
6.13284988570439e-10,776600
6.13639498898383e-10,776700
6.13956695307779e-10,776800
6.14238546730987e-10,776900
6.14487014882077e-10,777000
6.14704046861586e-10,777100
6.14891567896046e-10,777200
6.15051474241627e-10,777300
6.1518562628076e-10,777400
6.15295841839913e-10,777500
6.1538388975595e-10,777600
6.15451483717639e-10,777700
6.15500276407904e-10,777800
6.15531853971326e-10,777900
6.15547730830195e-10,778000
6.15549344871142e-10,778100
6.15538053023113e-10,778200
6.15515127245727e-10,778300
6.15481750945857e-10,778400
6.15439015838278e-10,778500
6.15387919264886e-10,778600
6.15329361984975e-10,778700
6.15264146447337e-10,778800
6.1519297555307e-10,778900
6.15116451916103e-10,779000
6.15035077626346e-10,779100
6.14949254518588e-10,779200
6.1485928494807e-10,779300
6.14765373071745e-10,779400
6.14667626632159e-10,779500
6.14566059238843e-10,779600
6.14460593140093e-10,779700
6.14351062475993e-10,779800
6.14237217001558e-10,779900
6.14118726266848e-10,780000
6.13995184239098e-10,780100
6.13866114349918e-10,780200
6.13730974948842e-10,780300
6.13589165142753e-10,780400
6.13440030998995e-10,780500
6.13282872088358e-10,780600
6.13116948342607e-10,780700
6.12941487199721e-10,780800
6.12755691008763e-10,780900
6.12558744664862e-10,781000
6.12349823443823e-10,781100
6.12128101004724e-10,781200
6.11892757527927e-10,781300
6.11642987955196e-10,781400
6.11378010297846e-10,781500
6.11097073978313e-10,781600
6.10799468170107e-10,781700
6.10484530100827e-10,781800
6.10151653282688e-10,781900
6.09800295634964e-10,782000
6.09429987463022e-10,782100
6.09040339258566e-10,782200
6.08631049286335e-10,782300
6.08201910922938e-10,782400
6.07752819713955e-10,782500
6.07283780116576e-10,782600
6.06794911895606e-10,782700
6.06286456141845e-10,782800
6.0575878088305e-10,782900
6.05212386258839e-10,783000
6.04647909232403e-10,783100
6.04066127813287e-10,783200
6.03467964767236e-10,783300
6.02854490790713e-10,783400
6.02226927129549e-10,783500
6.01586647623097e-10,783600
6.0093518015724e-10,783700
6.002742075116e-10,783800
5.99605567588619e-10,783900
5.98931253014045e-10,784000
5.98253410101012e-10,784100
5.97574337171842e-10,784200
5.96896482234227e-10,784300
5.96222440010823e-10,784400
5.95554948323496e-10,784500
5.94896883836072e-10,784600
5.94251257161752e-10,784700
5.93621207343678e-10,784800
5.93009995719705e-10,784900
5.92420999184573e-10,785000
5.91857702865212e-10,785100
5.913236922271e-10,785200
5.90822644631802e-10,785300
5.90358320368127e-10,785400
5.8993455318139e-10,785500
5.8955524032727e-10,785600
5.89224332178863e-10,785700
5.8894582141731e-10,785800
5.88723731838155e-10,785900
5.88562106807342e-10,786000
5.88464997402365e-10,786100
5.88436450275379e-10,786200
5.88480495276616e-10,786300
5.88601132877604e-10,786400
5.88802321434642e-10,786500
5.89087964334199e-10,786600
5.89461897062416e-10,786700
5.89927874241787e-10,786800
5.90489556678524e-10,786900
5.91150498464392e-10,787000
5.9191413417728e-10,787100
5.92783766224439e-10,787200
5.9376255237271e-10,787300
5.94853493509386e-10,787400
5.96059421677233e-10,787500
5.97382988426543e-10,787600
5.98826653526408e-10,787700
6.00392674076559e-10,787800
6.02083094060104e-10,787900
6.03899734376336e-10,788000
6.05844183391627e-10,788100
6.07917788044737e-10,788200
6.10121645541627e-10,788300
6.12456595672922e-10,788400
6.14923213785523e-10,788500
6.17521804437864e-10,788600
6.20252395766312e-10,788700
6.23114734588035e-10,788800
6.26108282263466e-10,788900
6.29232211339123e-10,789000
6.32485402989168e-10,789100
6.35866445271583e-10,789200
6.39373632212334e-10,789300
6.43004963728199e-10,789400
6.46758146396374e-10,789500
6.50630595076223e-10,789600
6.54619435385862e-10,789700
6.58721507033442e-10,789800
6.62933368000331e-10,789900
6.67251299570515e-10,790000
6.71671312198e-10,790100
6.76189152200959e-10,790200
6.80800309268912e-10,790300
6.85500024766488e-10,790400
6.90283300814569e-10,790500
6.95144910127222e-10,790600
7.00079406580152e-10,790700
7.05081136484094e-10,790800
7.10144250534113e-10,790900
7.15262716403535e-10,791000
7.20430331949059e-10,791100
7.25640738991545e-10,791200
7.30887437634895e-10,791300
7.36163801083852e-10,791400
7.41463090919444e-10,791500
7.46778472789602e-10,791600
7.52103032470685e-10,791700
7.57429792254622e-10,791800
7.62751727614923e-10,791900
7.68061784104045e-10,792000
7.73352894433562e-10,792100
7.78617995687927e-10,792200
7.83850046622099e-10,792300
7.89042044992834e-10,792400
7.94187044873259e-10,792500
7.9927817390032e-10,792600
8.04308650404661e-10,792700
8.09271800372859e-10,792800
8.14161074192382e-10,792900
8.18970063130047e-10,793000
8.2369251549572e-10,793100
8.2832235244374e-10,793200
8.32853683365585e-10,793300
8.37280820828734e-10,793400
8.41598295017569e-10,793500
8.4580086763423e-10,793600
8.49883545218384e-10,793700
8.53841591847065e-10,793800
8.57670541177403e-10,793900
8.61366207797003e-10,794000
8.64924697849123e-10,794100
8.68342418901581e-10,794200
8.71616089031147e-10,794300
8.74742745097092e-10,794400
8.77719750180319e-10,794500
8.80544800167095e-10,794600
8.83215929458689e-10,794700
8.85731515791368e-10,794800
8.8809028415351e-10,794900
8.9029130978952e-10,795000
8.92334020283115e-10,795100
8.94218196715068e-10,795200
8.95943973893648e-10,795300
8.97511839658472e-10,795400
8.98922633261587e-10,795500
9.00177542832195e-10,795600
9.01278101934069e-10,795700
9.02226185227949e-10,795800
9.03024003253082e-10,795900
9.03674096345476e-10,796000
9.04179327712391e-10,796100
9.04542875685419e-10,796200
9.04768225176803e-10,796300
9.0485915836581e-10,796400
9.04819744644527e-10,796500
9.04654329854162e-10,796600
9.0436752484531e-10,796700
9.03964193397209e-10,796800
9.0344943953304e-10,796900
9.02828594269814e-10,797000
9.02107201842974e-10,797100
9.01291005447153e-10,797200
9.0038593253587e-10,797300
8.99398079723919e-10,797400
8.98333697337206e-10,797500
8.97199173655713e-10,797600
8.96001018895553e-10,797700
8.94745848977129e-10,797800
8.93440369126185e-10,797900
8.92091357355169e-10,798000
8.9070564787202e-10,798100
8.8929011446373e-10,798200
8.87851653901422e-10,798300
8.86397169413515e-10,798400
8.84933554272851e-10,798500
8.83467675543054e-10,798600
8.82006358028402e-10,798700
8.80556368470709e-10,798800
8.79124400035387e-10,798900
8.77717057127765e-10,799000
8.7634084057929e-10,799100
8.75002133241808e-10,799200
8.73707186026484e-10,799300
8.72462104422207e-10,799400
8.71272835526523e-10,799500
8.70145155620411e-10,799600
8.69084658315799e-10,799700
8.68096743303331e-10,799800
8.67186605724983e-10,799900
8.66359226194685e-10,800000
8.6561936148727e-10,800100
8.64971535914183e-10,800200
8.64420033401782e-10,800300
8.63968890285873e-10,800400
8.63621888833731e-10,800500
8.6338255150229e-10,800600
8.63254135939072e-10,800700
8.63239630729779e-10,800800
8.63341751894192e-10,800900
8.63562940129764e-10,801000
8.63905358799723e-10,801100
8.64370892660432e-10,801200
8.64961147320398e-10,801300
8.65677449421075e-10,801400
8.66520847527639e-10,801500
8.674921137156e-10,801600
8.68591745837291e-10,801700
8.69819970450332e-10,801800
8.71176746388214e-10,801900
8.72661768951493e-10,802000
8.74274474696448e-10,802100
8.76014046796417e-10,802200
8.77879420949624e-10,802300
8.79869291806013e-10,802400
8.81982119884292e-10,802500
8.84216138949325e-10,802600
8.86569363819005e-10,802700
8.89039598568962e-10,802800
8.91624445102494e-10,802900
8.9432131205271e-10,803000
8.97127423983279e-10,803100
9.00039830853798e-10,803200
9.03055417715525e-10,803300
9.06170914603219e-10,803400
9.09382906588625e-10,803500
9.12687843961523e-10,803600
9.1608205250424e-10,803700
9.19561743826144e-10,803800
9.23123025724805e-10,803900
9.26761912541488e-10,804000
9.30474335479041e-10,804100
9.34256152851058e-10,804200
9.3810316023239e-10,804300
9.42011100481682e-10,804400
9.45975673608012e-10,804500
9.49992546454769e-10,804600
9.54057362175139e-10,804700
9.58165749474977e-10,804800
9.62313331600197e-10,804900
9.66495735047292e-10,805000
9.70708597977142e-10,805100
9.74947578313763e-10,805200
9.79208361511442e-10,805300
9.8348666797498e-10,805400
9.87778260120117e-10,805500
9.92078949061992e-10,805600
9.96384600922126e-10,805700
1.00069114274553e-09,805800
1.00499456802152e-09,805900
1.00929094180344e-09,806000
1.01357640542439e-09,806100
1.01784718080746e-09,806200
1.02209957437089e-09,806300
1.02632998053014e-09,806400
1.03053488480033e-09,806500
1.03471086650425e-09,806600
1.03885460109251e-09,806700
1.04296286208401e-09,806800
1.04703252263601e-09,806900
1.05106055675476e-09,807000
1.05504404015864e-09,807100
1.05898015080705e-09,807200
1.06286616910946e-09,807300
1.06669947782982e-09,807400
1.07047756170285e-09,807500
1.0741980067791e-09,807600
1.07785849951686e-09,807700
1.08145682563957e-09,807800
1.08499086877754e-09,807900
1.08845860891405e-09,808000
1.09185812065554e-09,808100
1.09518757134629e-09,808200
1.09844521904817e-09,808300
1.10162941040586e-09,808400
1.10473857841828e-09,808500
1.10777124013674e-09,808600
1.11072599430995e-09,808700
1.11360151899612e-09,808800
1.11639656916155e-09,808900
1.11910997428523e-09,809000
1.12174063598774e-09,809100
1.12428752570281e-09,809200
1.12674968240862e-09,809300
1.12912621043554e-09,809400
1.13141627736601e-09,809500
1.13361911204125e-09,809600
1.1357340026889e-09,809700
1.13776029518411e-09,809800
1.13969739145599e-09,809900
1.14154474805014e-09,810000
1.14330187485641e-09,810100
1.14496833401052e-09,810200
1.14654373897639e-09,810300
1.14802775381499e-09,810400
1.14942009264434e-09,810500
1.1507205192938e-09,810600
1.15192884715477e-09,810700
1.15304493922839e-09,810800
1.15406870836963e-09,810900
1.15500011772616e-09,811000
1.15583918136848e-09,811100
1.15658596510746e-09,811200
1.15724058749338e-09,811300
1.15780322098996e-09,811400
1.15827409331557e-09,811500
1.15865348894254e-09,811600
1.15894175074484e-09,811700
1.15913928178299e-09,811800
1.1592465472144e-09,811900
1.15926407631636e-09,812000
1.15919246460821e-09,812100
1.15903237605825e-09,812200
1.1587845453604e-09,812300
1.1584497802652e-09,812400
1.15802896394888e-09,812500
1.1575230574039e-09,812600
1.15693310183427e-09,812700
1.15626022103812e-09,812800
1.15550562376036e-09,812900
1.15467060599774e-09,813000
1.15375655323867e-09,813100
1.15276494262039e-09,813200
1.15169734498599e-09,813300
1.15055542682395e-09,813400
1.14934095207347e-09,813500
1.14805578377877e-09,813600
1.14670188557645e-09,813700
1.14528132300007e-09,813800
1.14379626458711e-09,813900
1.14224898277388e-09,814000
1.14064185456464e-09,814100
1.13897736196226e-09,814200
1.13725809214836e-09,814300
1.13548673740175e-09,814400
1.13366609474537e-09,814500
1.13179906531224e-09,814600
1.12988865342271e-09,814700
1.12793796536604e-09,814800
1.12595020788033e-09,814900
1.12392868632651e-09,815000
1.12187680255265e-09,815100
1.11979805244669e-09,815200
1.11769602317637e-09,815300
1.11557439011684e-09,815400
1.11343691346742e-09,815500
1.1112874345602e-09,815600
1.10912987186471e-09,815700
1.10696821669373e-09,815800
1.10480652861683e-09,815900
1.10264893058942e-09,816000
1.10049960380586e-09,816100
1.09836278228706e-09,816200
1.09624274721345e-09,816300
1.09414382101537e-09,816400
1.09207036123462e-09,816500
1.09002675417069e-09,816600
1.0880174083274e-09,816700
1.08604674767564e-09,816800
1.08411920474905e-09,816900
1.08223921359027e-09,817000
1.08041120256607e-09,817100
1.07863958707007e-09,817200
1.07692876213264e-09,817300
1.07528309495768e-09,817400
1.07370691740677e-09,817500
1.07220451845122e-09,817600
1.07078013661267e-09,817700
1.06943795241373e-09,817800
1.06818208085921e-09,817900
1.06701656396952e-09,818000
1.06594536338687e-09,818100
1.06497235307558e-09,818200
1.06410131213677e-09,818300
1.06333591775793e-09,818400
1.0626797383175e-09,818500
1.06213622666355e-09,818600
1.06170871358604e-09,818700
1.06140040150051e-09,818800
1.06121435836137e-09,818900
1.0611535118214e-09,819000
1.06122064365378e-09,819100
1.0614183844521e-09,819200
1.06174920862233e-09,819300
1.06221542968075e-09,819400
1.06281919586975e-09,819500
1.06356248610331e-09,819600
1.06444710625212e-09,819700
1.06547468577764e-09,819800
1.06664667472323e-09,819900
1.06796434106888e-09,820000
1.06942876845539e-09,820100
1.07104085428241e-09,820200
1.07280130818332e-09,820300
1.07471065087905e-09,820400
1.07676921341159e-09,820500
1.0789771367564e-09,820600
1.08133437181231e-09,820700
1.08384067976566e-09,820800
1.0864956328247e-09,820900
1.08929861531884e-09,821000
1.0922488251563e-09,821100
1.09534527563268e-09,821200
1.09858679758156e-09,821300
1.10197204185782e-09,821400
1.10549948214262e-09,821500
1.10916741805878e-09,821600
1.11297397858379e-09,821700
1.11691712574734e-09,821800
1.12099465859914e-09,821900
1.12520421743226e-09,822000
1.12954328824651e-09,822100
1.13400920743589e-09,822200
1.13859916668342e-09,822300
1.14331021804646e-09,822400
1.14813927921508e-09,822500
1.15308313892579e-09,822600
1.15813846251273e-09,822700
1.16330179757826e-09,822800
1.16856957976476e-09,822900
1.17393813860953e-09,823000
1.17940370346461e-09,823100
1.18496240946362e-09,823200
1.19061030351788e-09,823300
1.19634335032422e-09,823400
1.20215743836748e-09,823500
1.20804838590094e-09,823600
1.21401194688839e-09,823700
1.22004381689217e-09,823800
1.22613963889212e-09,823900
1.23229500902094e-09,824000
1.23850548220227e-09,824100
1.2447665776784e-09,824200
1.25107378441558e-09,824300
1.2574225663756e-09,824400
1.26380836764298e-09,824500
1.27022661739853e-09,824600
1.27667273473054e-09,824700
1.28314213327606e-09,824800
1.28963022568562e-09,824900
1.29613242790592e-09,825000
1.30264416327574e-09,825100
1.30916086643174e-09,825200
1.31567798702156e-09,825300
1.32219099322269e-09,825400
1.32869537506697e-09,825500
1.33518664757081e-09,825600
1.34166035367332e-09,825700
1.34811206698439e-09,825800
1.35453739434655e-09,825900
1.360931978215e-09,826000
1.36729149886105e-09,826100
1.3736116764054e-09,826200
1.37988827268792e-09,826300
1.38611709298216e-09,826400
1.39229398756266e-09,826500
1.39841485313465e-09,826600
1.40447563413557e-09,826700
1.41047232391909e-09,826800
1.41640096583228e-09,826900
1.42225765419729e-09,827000
1.42803853520931e-09,827100
1.43373980776262e-09,827200
1.43935772421715e-09,827300
1.44488859111777e-09,827400
1.45032876987902e-09,827500
1.45567467744764e-09,827600
1.4609227869555e-09,827700
1.46606962837534e-09,827800
1.47111178919165e-09,827900
1.47604591509838e-09,828000
1.48086871073563e-09,828100
1.48557694047615e-09,828200
1.49016742927299e-09,828300
1.49463706357824e-09,828400
1.49898279234312e-09,828500
1.5032016281081e-09,828600
1.5072906481922e-09,828700
1.51124699598857e-09,828800
1.51506788237405e-09,828900
1.5187505872383e-09,829000
1.52229246113833e-09,829100
1.52569092708252e-09,829200
1.52894348244781e-09,829300
1.5320477010325e-09,829400
1.53500123524625e-09,829500
1.53780181843787e-09,829600
1.54044726736016e-09,829700
1.54293548477057e-09,829800
1.54526446216488e-09,829900
1.54743228264034e-09,830000
1.54943712388351e-09,830100
1.55127726127729e-09,830200
1.55295107111996e-09,830300
1.554457033949e-09,830400
1.55579373796054e-09,830500
1.5569598825148e-09,830600
1.5579542817171e-09,830700
1.55877586806252e-09,830800
1.55942369613212e-09,830900
1.5598969463275e-09,831000
1.56019492862942e-09,831100
1.56031708636626e-09,831200
1.56026299997648e-09,831300
1.56003239074973e-09,831400
1.55962512452956e-09,831500
1.55904121536124e-09,831600
1.55828082906712e-09,831700
1.55734428673209e-09,831800
1.55623206808093e-09,831900
1.55494481472983e-09,832000
1.5534833332936e-09,832100
1.55184859833059e-09,832200
1.55004175510692e-09,832300
1.54806412216232e-09,832400
1.5459171936595e-09,832500
1.54360264149972e-09,832600
1.54112231718733e-09,832700
1.53847825342669e-09,832800
1.53567266543534e-09,832900
1.53270795195775e-09,833000
1.52958669596497e-09,833100
1.52631166502607e-09,833200
1.52288581133801e-09,833300
1.51931227140172e-09,833400
1.51559436533288e-09,833500
1.51173559579717e-09,833600
1.50773964656053e-09,833700
1.50361038064654e-09,833800
1.49935183809369e-09,833900
1.49496823330713e-09,834000
1.49046395200017e-09,834100
1.48584354772278e-09,834200
1.48111173797509e-09,834300
1.47627339990555e-09,834400
1.47133356559497e-09,834500
1.4662974169288e-09,834600
1.46117028006156e-09,834700
1.45595761947884e-09,834800
1.45066503166369e-09,834900
1.44529823837562e-09,835000
1.43986307955193e-09,835100
1.43436550584258e-09,835200
1.42881157079102e-09,835300
1.42320742267495e-09,835400
1.41755929602232e-09,835500
1.41187350281897e-09,835600
1.4061564234261e-09,835700
1.40041449722611e-09,835800
1.39465421301775e-09,835900
1.38888209918118e-09,836000
1.38310471363602e-09,836100
1.37732863361536e-09,836200
1.37156044528024e-09,836300
1.36580673319978e-09,836400
1.36007406972284e-09,836500
1.35436900426785e-09,836600
1.34869805255808e-09,836700
1.34306768583012e-09,836800
1.33748432004371e-09,836900
1.33195430512136e-09,837000
1.32648391424684e-09,837100
1.32107933325091e-09,837200
1.31574665011385e-09,837300
1.31049184461323e-09,837400
1.30532077814594e-09,837500
1.30023918375295e-09,837600
1.29525265637489e-09,837700
1.29036664336636e-09,837800
1.28558643529603e-09,837900
1.28091715705921e-09,838000
1.27636375932861e-09,838100
1.27193101036855e-09,838200
1.26762348823648e-09,838300
1.26344557339519e-09,838400
1.25940144175757e-09,838500
1.25549505818499e-09,838600
1.25173017045887e-09,838700
1.24811030374376e-09,838800
1.24463875555912e-09,838900
1.24131859127508e-09,839000
1.2381526401464e-09,839100
1.23514349189705e-09,839200
1.23229349386633e-09,839300
1.22960474872572e-09,839400
1.22707911277406e-09,839500
1.22471819481676e-09,839600
1.22252335563335e-09,839700
1.22049570803534e-09,839800
1.21863611751532e-09,839900
1.21694520348553e-09,840000
1.21542334110332e-09,840100
1.21407066367825e-09,840200
1.21288706565442e-09,840300
1.21187220615943e-09,840400
1.21102551310985e-09,840500
1.21034618786142e-09,840600
1.20983321039021e-09,840700
1.20948534498958e-09,840800
1.20930114646617e-09,840900
1.2092789668164e-09,841000
1.20941696236378e-09,841100
1.20971310133542e-09,841200
1.2101651718555e-09,841300
1.21077079033113e-09,841400
1.21152741020607e-09,841500
1.2124323310553e-09,841600
1.21348270799364e-09,841700
1.21467556136963e-09,841800
1.21600778671563e-09,841900
1.21747616492408e-09,842000
1.21907737261928e-09,842100
1.22080799269326e-09,842200
1.22266452497411e-09,842300
1.22464339699458e-09,842400
1.2267409748285e-09,842500
1.22895357396255e-09,842600
1.23127747017053e-09,842700
1.23370891035775e-09,842800
1.23624412334301e-09,842900
1.2388793305459e-09,843000
1.24161075654777e-09,843100
1.24443463949492e-09,843200
1.24734724131317e-09,843300
1.25034485770389e-09,843400
1.25342382789198e-09,843500
1.25658054409741e-09,843600
1.25981146070284e-09,843700
1.2631131030907e-09,843800
1.26648207612471e-09,843900
1.26991507225127e-09,844000
1.27340887919837e-09,844100
1.27696038725027e-09,844200
1.2805665960779e-09,844300
1.28422462110671e-09,844400
1.2879316994046e-09,844500
1.29168519507504e-09,844600
1.29548260414112e-09,844700
1.29932155890895e-09,844800
1.30319983179987e-09,844900
1.30711533864292e-09,845000
1.31106614142104e-09,845100
1.3150504504657e-09,845200
1.31906662609702e-09,845300
1.32311317970805e-09,845400
1.32718877429356e-09,845500
1.33129222442569e-09,845600
1.3354224956805e-09,845700
1.33957870352126e-09,845800
1.34376011164608e-09,845900
1.34796612980909e-09,846000
1.35219631112626e-09,846100
1.35645034887827e-09,846200
1.3607280728249e-09,846300
1.36502944504618e-09,846400
1.36935455532806e-09,846500
1.37370361611061e-09,846600
1.37807695701902e-09,846700
1.3824750189985e-09,846800
1.38689834807532e-09,846900
1.39134758876763e-09,847000
1.3958234771704e-09,847100
1.40032683373995e-09,847200
1.40485855580441e-09,847300
1.40941960982702e-09,847400
1.41401102344994e-09,847500
1.41863387734696e-09,847600
1.42328929691349e-09,847700
1.42797844382329e-09,847800
1.43270250748086e-09,847900
1.43746269639928e-09,848000
1.4422602295328e-09,848100
1.44709632759382e-09,848200
1.45197220438363e-09,848300
1.45688905816591e-09,848400
1.46184806311189e-09,848500
1.46685036084546e-09,848600
1.47189705211619e-09,848700
1.47698918862729e-09,848800
1.48212776504523e-09,848900
1.48731371121649e-09,849000
1.49254788461681e-09,849100
1.49783106305612e-09,849200
1.50316393766279e-09,849300
1.50854710616849e-09,849400
1.51398106651457e-09,849500
1.51946621079923e-09,849600
1.52500281958387e-09,849700
1.53059105657507e-09,849800
1.53623096369802e-09,849900
1.54192245657514e-09,850000
1.54766532042278e-09,850100
1.55345920637659e-09,850200
1.55930362825577e-09,850300
1.56519795977363e-09,850400
1.5711414322015e-09,850500
1.57713313249041e-09,850600
1.5831720018544e-09,850700
1.589256834817e-09,850800
1.59538627872119e-09,850900
1.6015588337017e-09,851000
1.60777285311677e-09,851100
1.6140265444351e-09,851200
1.62031797057239e-09,851300
1.62664505167008e-09,851400
1.63300556730802e-09,851500
1.63939715914083e-09,851600
1.64581733394708e-09,851700
1.65226346707856e-09,851800
1.6587328062962e-09,851900
1.66522247597766e-09,852000
1.67172948168099e-09,852100
1.67825071504714e-09,852200
1.68478295902399e-09,852300
1.69132289339282e-09,852400
1.69786710057802e-09,852500
1.70441207171981e-09,852600
1.71095421298926e-09,852700
1.71748985212414e-09,852800
1.72401524516396e-09,852900
1.73052658336181e-09,853000
1.7370200002507e-09,853100
1.74349157884161e-09,853200
1.74993735893021e-09,853300
1.75635334448966e-09,853400
1.76273551112627e-09,853500
1.76907981357556e-09,853600
1.77538219321562e-09,853700
1.78163858557612e-09,853800
1.78784492782021e-09,853900
1.79399716617839e-09,854000
1.80009126331272e-09,854100
1.80612320559109e-09,854200
1.81208901025166e-09,854300
1.81798473243791e-09,854400
1.82380647208612e-09,854500
1.82955038064746e-09,854600
1.83521266762761e-09,854700
1.84078960692825e-09,854800
1.84627754297531e-09,854900
1.8516728966197e-09,855000
1.85697217079787e-09,855100
1.86217195593991e-09,855200
1.86726893511447e-09,855300
1.87225988890064e-09,855400
1.87714169997812e-09,855500
1.8819113574281e-09,855600
1.88656596073852e-09,855700
1.89110272350837e-09,855800
1.89551897684696e-09,855900
1.89981217246519e-09,856000
1.90397988545681e-09,856100
1.90801981676936e-09,856200
1.91192979536459e-09,856300
1.91570778007028e-09,856400
1.91935186112581e-09,856500
1.92286026142485e-09,856600
1.92623133745999e-09,856700
1.9294635799745e-09,856800
1.93255561432781e-09,856900
1.93550620058175e-09,857000
1.93831423331601e-09,857100
1.94097874118109e-09,857200
1.94349888619889e-09,857300
1.94587396282092e-09,857400
1.94810339675485e-09,857500
1.9501867435712e-09,857600
1.95212368710175e-09,857700
1.95391403764221e-09,857800
1.95555772997181e-09,857900
1.95705482120285e-09,858000
1.95840548847371e-09,858100
1.95961002649848e-09,858200
1.96066884498709e-09,858300
1.96158246594974e-09,858400
1.962351520899e-09,858500
1.96297674796351e-09,858600
1.96345898892676e-09,858700
1.96379918620436e-09,858800
1.96399837977282e-09,858900
1.964057704063e-09,859000
1.96397838483048e-09,859100
1.96376173601521e-09,859200
1.96340915660219e-09,859300
1.96292212749431e-09,859400
1.96230220840831e-09,859500
1.96155103480391e-09,859600
1.96067031485585e-09,859700
1.9596618264777e-09,859800
1.95852741440603e-09,859900
1.95726898735234e-09,860000
1.95588851522989e-09,860100
1.95438802646175e-09,860200
1.95276960537536e-09,860300
1.95103538968868e-09,860400
1.94918756809172e-09,860500
1.94722837792685e-09,860600
1.94516010297041e-09,860700
1.94298507131734e-09,860800
1.94070565336986e-09,860900
1.93832425993045e-09,861000
1.9358433403988e-09,861100
1.93326538107153e-09,861200
1.93059290354262e-09,861300
1.92782846320251e-09,861400
1.92497464783221e-09,861500
1.92203407628925e-09,861600
1.91900939728048e-09,861700
1.91590328821742e-09,861800
1.9127184541486e-09,861900
1.90945762676291e-09,862000
1.90612356345785e-09,862100
1.90271904646611e-09,862200
1.89924688203324e-09,862300
1.89570989963937e-09,862400
1.89211095125734e-09,862500
1.88845291063955e-09,862600
1.88473867262556e-09,862700
1.88097115246262e-09,862800
1.87715328513101e-09,862900
1.87328802466603e-09,863000
1.86937834346882e-09,863100
1.86542723159807e-09,863200
1.86143769603461e-09,863300
1.8574127599117e-09,863400
1.85335546170324e-09,863500
1.84926885436304e-09,863600
1.84515600440834e-09,863700
1.84101999094109e-09,863800
1.83686390460099e-09,863900
1.83269084644468e-09,864000
1.82850392674596e-09,864100
1.82430626371229e-09,864200
1.82010098211366e-09,864300
1.81589121181986e-09,864400
1.8116800862437e-09,864500
1.8074707406872e-09,864600
1.80326631058936e-09,864700
1.79906992967407e-09,864800
1.7948847279978e-09,864900
1.7907138298971e-09,865000
1.78656035183657e-09,865100
1.78242740015888e-09,865200
1.77831806873883e-09,865300
1.77423543654389e-09,865400
1.77018256510508e-09,865500
1.76616249590152e-09,865600
1.7621782476638e-09,865700
1.75823281360071e-09,865800
1.75432915855564e-09,865900
1.75047021609844e-09,866000
1.74665888555985e-09,866100
1.74289802901549e-09,866200
1.7391904682274e-09,866300
1.73553898155113e-09,866400
1.73194630081688e-09,866500
1.72841510819371e-09,866600
1.72494803304596e-09,866700
1.72154764879129e-09,866800
1.7182164697701e-09,866900
1.71495694813615e-09,867000
1.71177147077839e-09,867100
1.70866235628416e-09,867200
1.70563185195364e-09,867300
1.70268213087599e-09,867400
1.69981528907705e-09,867500
1.6970333427484e-09,867600
1.69433822556799e-09,867700
1.69173178612151e-09,867800
1.68921578543412e-09,867900
1.68679189462137e-09,868000
1.68446169266832e-09,868100
1.6822266643449e-09,868200
1.68008819826553e-09,868300
1.67804758510054e-09,868400
1.67610601594614e-09,868500
1.6742645808596e-09,868600
1.6725242675651e-09,868700
1.67088596033594e-09,868800
1.66935043905729e-09,868900
1.66791837847378e-09,869000
1.66659034762477e-09,869100
1.66536680947037e-09,869200
1.66424812070961e-09,869300
1.66323453179205e-09,869400
1.66232618712328e-09,869500
1.66152312546374e-09,869600
1.66082528051985e-09,869700
1.66023248172553e-09,869800
1.65974445521147e-09,869900
1.65936082495871e-09,870000
1.65908111413251e-09,870100
1.65890474659162e-09,870200
1.65883104856735e-09,870300
1.65885925050626e-09,870400
1.65898848906973e-09,870500
1.65921780928243e-09,870600
1.65954616682227e-09,870700
1.65997243044241e-09,870800
1.6604953845165e-09,870900
1.66111373169749e-09,871000
1.66182609567937e-09,871100
1.66263102405175e-09,871200
1.66352699123597e-09,871300
1.66451240149149e-09,871400
1.66558559198109e-09,871500
1.66674483588301e-09,871600
1.66798834553795e-09,871700
1.66931427561913e-09,871800
1.67072072631278e-09,871900
1.67220574649748e-09,872000
1.67376733690959e-09,872100
1.67540345328337e-09,872200
1.67711200945328e-09,872300
1.67889088040734e-09,872400
1.68073790527986e-09,872500
1.68265089027245e-09,872600
1.68462761149265e-09,872700
1.68666581769995e-09,872800
1.68876323294921e-09,872900
1.69091755912235e-09,873000
1.6931264783393e-09,873100
1.69538765524045e-09,873200
1.69769873913269e-09,873300
1.70005736599259e-09,873400
1.70246116032037e-09,873500
1.7049077368396e-09,873600
1.70739470203782e-09,873700
1.70991965554458e-09,873800
1.71248019134397e-09,873900
1.71507389881947e-09,874000
1.71769836363028e-09,874100
1.72035116841853e-09,874200
1.72302989334826e-09,874300
1.72573211647759e-09,874400
1.72845541396653e-09,874500
1.73119736012388e-09,874600
1.73395552729717e-09,874700
1.73672748561117e-09,874800
1.73951080256052e-09,874900
1.7423030424636e-09,875000
1.74510176578515e-09,875100
1.74790452833612e-09,875200
1.75070888035987e-09,875300
1.75351236551484e-09,875400
1.7563125197641e-09,875500
1.75910687018316e-09,875600
1.76189293369801e-09,875700
1.76466821576568e-09,875800
1.76743020901023e-09,875900
1.77017639182785e-09,876000
1.77290422697457e-09,876100
1.77561116015089e-09,876200
1.7782946185976e-09,876300
1.78095200971762e-09,876400
1.78358071973856e-09,876500
1.78617811243064e-09,876600
1.78874152789535e-09,876700
1.79126828143914e-09,876800
1.79375566254733e-09,876900
1.79620093397248e-09,877000
1.79860133095156e-09,877100
1.80095406056608e-09,877200
1.80325630125843e-09,877300
1.80550520251777e-09,877400
1.80769788474809e-09,877500
1.80983143933025e-09,877600
1.81190292888958e-09,877700
1.81390938777953e-09,877800
1.81584782279139e-09,877900
1.81771521409894e-09,878000
1.81950851644647e-09,878100
1.82122466058726e-09,878200
1.82286055497873e-09,878300
1.82441308773982e-09,878400
1.8258791288744e-09,878500
1.82725553276428e-09,878600
1.82853914093324e-09,878700
1.82972678508355e-09,878800
1.83081529040413e-09,878900
1.83180147914908e-09,879000
1.83268217448362e-09,879100
1.8334542045938e-09,879200
1.83411440705437e-09,879300
1.83465963344871e-09,879400
1.8350867542331e-09,879500
1.83539266383632e-09,879600
1.83557428598481e-09,879700
1.8356285792419e-09,879800
1.83555254274894e-09,879900
1.83534322215478e-09,880000
1.83499771571895e-09,880100
1.83451318057304e-09,880200
1.83388683912355e-09,880300
1.83311598557877e-09,880400
1.83219799258096e-09,880500
1.83113031792482e-09,880600
1.82991051134188e-09,880700
1.82853622133019e-09,880800
1.82700520200747e-09,880900
1.82531531996633e-09,881000
1.82346456110806e-09,881100
1.82145103743291e-09,881200
1.81927299376287e-09,881300
1.81692881437367e-09,881400
1.81441702951204e-09,881500
1.81173632177444e-09,881600
1.80888553232331e-09,881700
1.80586366691702e-09,881800
1.80266990172985e-09,881900
1.79930358893875e-09,882000
1.79576426205348e-09,882100
1.79205164096798e-09,882200
1.78816563671048e-09,882300
1.78410635587117e-09,882400
1.77987410468641e-09,882500
1.77546939275961e-09,882600
1.77089293639973e-09,882700
1.76614566155903e-09,882800
1.76122870635299e-09,882900
1.7561434231464e-09,883000
1.75089138019069e-09,883100
1.74547436279872e-09,883200
1.7398943740449e-09,883300
1.73415363497944e-09,883400
1.72825458434728e-09,883500
1.72219987780358e-09,883600
1.71599238661903e-09,883700
1.70963519587022e-09,883800
1.70313160211131e-09,883900
1.6964851105254e-09,884000
1.68969943155539e-09,884100
1.68277847701552e-09,884200
1.67572635568737e-09,884300
1.6685473684045e-09,884400
1.66124600263269e-09,884500
1.65382692655388e-09,884600
1.64629498266366e-09,884700
1.63865518089405e-09,884800
1.63091269127444e-09,884900
1.62307283614576e-09,885000
1.6151410819442e-09,885100
1.60712303057227e-09,885200
1.59902441037659e-09,885300
1.59085106675343e-09,885400
1.58260895240385e-09,885500
1.57430411726229e-09,885600
1.56594269812312e-09,885700
1.55753090799111e-09,885800
1.549075025183e-09,885900
1.54058138220802e-09,886000
1.53205635445631e-09,886100
1.52350634872535e-09,886200
1.51493779161443e-09,886300
1.50635711781892e-09,886400
1.49777075835558e-09,886500
1.48918512875163e-09,886600
1.48060661722957e-09,886700
1.47204157292101e-09,886800
1.46349629414215e-09,886900
1.45497701676389e-09,887000
1.44648990270958e-09,887100
1.43804102861289e-09,887200
1.42963637466812e-09,887300
1.42128181370514e-09,887400
1.41298310052015e-09,887500
1.40474586149312e-09,887600
1.39657558452191e-09,887700
1.38847760930239e-09,887800
1.38045711798285e-09,887900
1.37251912621964e-09,888000
1.36466847466059e-09,888100
1.35690982088071e-09,888200
1.34924763179404e-09,888300
1.34168617656344e-09,888400
1.33422952002949e-09,888500
1.32688151667718e-09,888600
1.31964580515824e-09,888700
1.31252580338478e-09,888800
1.30552470420837e-09,888900
1.29864547169688e-09,889000
1.29189083801946e-09,889100
1.28526330094836e-09,889200
1.27876512198407e-09,889300
1.27239832510862e-09,889400
1.26616469616968e-09,889500
1.26006578289628e-09,889600
1.25410289554485e-09,889700
1.24827710817236e-09,889800
1.24258926053137e-09,889900
1.23703996057976e-09,890000
1.23162958759605e-09,890100
1.22635829588908e-09,890200
1.22122601908933e-09,890300
1.21623247500684e-09,890400
1.21137717103914e-09,890500
1.20665941011091e-09,890600
1.20207829712515e-09,890700
1.1976327459042e-09,890800
1.19332148659733e-09,890900
1.18914307353011e-09,891000
1.1850958934694e-09,891100
1.18117817427643e-09,891200
1.17738799391929e-09,891300
1.17372328981503e-09,891400
1.17018186847028e-09,891500
1.16676141538882e-09,891600
1.16345950521331e-09,891700
1.16027361206788e-09,891800
1.15720112006755e-09,891900
1.15423933396019e-09,892000
1.15138548986609e-09,892100
1.14863676608003e-09,892200
1.14599029390085e-09,892300
1.14344316845307e-09,892400
1.14099245946566e-09,892500
1.13863522197291e-09,892600
1.13636850690297e-09,892700
1.13418937151995e-09,892800
1.13209488968602e-09,892900
1.13008216191077e-09,893000
1.1281483251558e-09,893100
1.12629056236338e-09,893200
1.12450611167915e-09,893300
1.1227922753399e-09,893400
1.12114642819863e-09,893500
1.1195660258604e-09,893600
1.11804861240415e-09,893700
1.11659182766662e-09,893800
1.11519341406666e-09,893900
1.1138512229493e-09,894000
1.11256322043124e-09,894100
1.11132749273062e-09,894200
1.11014225096617e-09,894300
1.10900583541242e-09,894400
1.10791671919991e-09,894500
1.10687351145085e-09,894600
1.10587495984316e-09,894700
1.10491995259727e-09,894800
1.10400751988271e-09,894900
1.10313683464287e-09,895000
1.1023072128391e-09,895100
1.10151811311644e-09,895200
1.10076913589623e-09,895300
1.10006002190213e-09,895400
1.09939065012826e-09,895500
1.09876103526043e-09,895600
1.09817132456253e-09,895700
1.09762179424304e-09,895800
1.09711284531741e-09,895900
1.09664499898443e-09,896000
1.09621889153606e-09,896100
1.09583526882205e-09,896200
1.09549498029176e-09,896300
1.09519897263747e-09,896400
1.09494828306445e-09,896500
1.09474403221467e-09,896600
1.09458741677169e-09,896700
1.09447970177586e-09,896800
1.09442221267942e-09,896900
1.09441632717222e-09,897000
1.09446346680951e-09,897100
1.09456508847354e-09,897200
1.09472267570169e-09,897300
1.09493772991374e-09,897400
1.09521176157152e-09,897500
1.09554628130418e-09,897600
1.09594279103215e-09,897700
1.0964027751233e-09,897800
1.09692769161379e-09,897900
1.09751896352674e-09,898000
1.0981779703204e-09,898100
1.09890603949774e-09,898200
1.09970443840823e-09,898300
1.10057436627207e-09,898400
1.10151694645599e-09,898500
1.10253321902891e-09,898600
1.10362413362478e-09,898700
1.10479054263825e-09,898800
1.10603319477827e-09,898900
1.10735272900259e-09,899000
1.10874966885528e-09,899100
1.1102244172275e-09,899200
1.11177725156045e-09,899300
1.11340831950745e-09,899400
1.11511763507066e-09,899500
1.11690507522613e-09,899600
1.11877037704888e-09,899700
1.12071313534825e-09,899800
1.12273280082128e-09,899900
1.12482867873074e-09,900000
1.12699992811186e-09,900100
1.12924556151012e-09,900200
1.13156444525074e-09,900300
1.13395530023821e-09,900400
1.13641670328241e-09,900500
1.13894708894628e-09,900600
1.14154475190747e-09,900700
1.14420784982531e-09,900800
1.14693440670202e-09,900900
1.14972231672557e-09,901000
1.15256934858007e-09,901100
1.15547315020751e-09,901200
1.15843125400334e-09,901300
1.16144108242691e-09,901400
1.16449995400609e-09,901500
1.16760508971425e-09,901600
1.17075361969639e-09,901700
1.17394259032002e-09,901800
1.17716897152526e-09,901900
1.18042966444772e-09,902000
1.18372150928673e-09,902100
1.18704129339058e-09,902200
1.19038575952999e-09,902300
1.19375161433027e-09,902400
1.19713553683208e-09,902500
1.20053418715044e-09,902600
1.20394421520146e-09,902700
1.20736226946595e-09,902800
1.21078500575889e-09,902900
1.21420909597453e-09,903000
1.21763123677605e-09,903100
1.22104815819978e-09,903200
1.22445663214437e-09,903300
1.22785348071506e-09,903400
1.23123558439512e-09,903500
1.23459989001581e-09,903600
1.23794341849827e-09,903700
1.24126327234098e-09,903800
1.24455664282772e-09,903900
1.24782081693172e-09,904000
1.25105318389379e-09,904100
1.25425124145215e-09,904200
1.25741260170438e-09,904300
1.26053499658229e-09,904400
1.26361628292272e-09,904500
1.26665444711837e-09,904600
1.26964760933461e-09,904700
1.27259402727981e-09,904800
1.2754920995183e-09,904900
1.27834036831703e-09,905000
1.28113752201848e-09,905100
1.28388239693438e-09,905200
1.2865739787564e-09,905300
1.28921140348195e-09,905400
1.2917939578548e-09,905500
1.2943210793222e-09,905600
1.29679235551186e-09,905700
1.29920752323404e-09,905800
1.30156646701546e-09,905900
1.30386921717382e-09,906000
1.30611594744286e-09,906100
1.30830697216018e-09,906200
1.31044274303104e-09,906300
1.31252384548294e-09,906400
1.31455099462766e-09,906500
1.31652503084834e-09,906600
1.31844691503052e-09,906700
1.32031772345775e-09,906800
1.32213864239294e-09,906900
1.32391096236808e-09,907000
1.32563607220579e-09,907100
1.32731545279692e-09,907200
1.32895067065964e-09,907300
1.33054337130552e-09,907400
1.3320952724392e-09,907500
1.33360815701849e-09,907600
1.33508386620225e-09,907700
1.33652429221346e-09,907800
1.33793137114532e-09,907900
1.33930707573807e-09,908000
1.34065340815434e-09,908100
1.34197239278051e-09,908200
1.34326606908157e-09,908300
1.34453648453611e-09,908400
1.3457856876784e-09,908500
1.34701572127304e-09,908600
1.34822861564774e-09,908700
1.34942638220858e-09,908800
1.35061100716154e-09,908900
1.35178444546288e-09,909000
1.35294861502021e-09,909100
1.35410539116471e-09,909200
1.35525660141402e-09,909300
1.35640402054394e-09,909400
1.35754936598576e-09,909500
1.35869429356469e-09,909600
1.35984039359346e-09,909700
1.36098918733364e-09,909800
1.36214212383561e-09,909900
1.36330057716675e-09,910000
1.36446584403571e-09,910100
1.36563914181879e-09,910200
1.36682160699327e-09,910300
1.36801429398043e-09,910400
1.36921817439964e-09,910500
1.370434136733e-09,910600
1.37166298639844e-09,910700
1.37290544622779e-09,910800
1.37416215734417e-09,910900
1.3754336804319e-09,911000
1.37672049739042e-09,911100
1.3780230133621e-09,911200
1.37934155912238e-09,911300
1.38067639381923e-09,911400
1.38202770804765e-09,911500
1.38339562724328e-09,911600
1.38478021537829e-09,911700
1.38618147894132e-09,911800
1.3875993711821e-09,911900
1.38903379660048e-09,912000
1.39048461565846e-09,912100
1.3919516496931e-09,912200
1.39343468600723e-09,912300
1.39493348311437e-09,912400
1.39644777611348e-09,912500
1.39797728216887e-09,912600
1.39952170606987e-09,912700
1.401080745845e-09,912800
1.40265409840468e-09,912900
1.40424146518687e-09,913000
1.40584255777972e-09,913100
1.40745710349539e-09,913200
1.4090848508699e-09,913300
1.41072557506329e-09,913400
1.41237908313569e-09,913500
1.41404521917483e-09,913600
1.41572386925113e-09,913700
1.41741496617771e-09,913800
1.41911849405267e-09,913900
1.42083449256249e-09,914000
1.42256306102615e-09,914100
1.42430436216035e-09,914200
1.42605862554789e-09,914300
1.42782615079172e-09,914400
1.42960731033916e-09,914500
1.43140255196148e-09,914600
1.43321240087593e-09,914700
1.43503746149814e-09,914800
1.43687841881495e-09,914900
1.4387360393688e-09,915000
1.44061117184627e-09,915100
1.44250474726545e-09,915200
1.44441777875791e-09,915300
1.44635136094282e-09,915400
1.44830666889259e-09,915500
1.45028495669079e-09,915600
1.45228755558483e-09,915700
1.45431587173742e-09,915800
1.45637138358279e-09,915900
1.45845563879463e-09,916000
1.46057025087502e-09,916100
1.46271689537438e-09,916200
1.46489730575462e-09,916300
1.46711326890878e-09,916400
1.46936662035188e-09,916500
1.47165923909922e-09,916600
1.47399304224933e-09,916700
1.47636997929051e-09,916800
1.47879202615052e-09,916900
1.48126117901031e-09,917000
1.48377944790392e-09,917100
1.486348850127e-09,917200
1.48897140347791e-09,917300
1.49164911935569e-09,917400
1.49438399573982e-09,917500
1.49717801007775e-09,917600
1.50003311210592e-09,917700
1.50295121663101e-09,917800
1.50593419629803e-09,917900
1.50898387437223e-09,918000
1.51210201756186e-09,918100
1.51529032890862e-09,918200
1.51855044077274e-09,918300
1.5218839079394e-09,918400
1.52529220087242e-09,918500
1.52877669914142e-09,918600
1.53233868504771e-09,918700
1.53597933747336e-09,918800
1.53969972597775e-09,918900
1.54350080516459e-09,919000
1.54738340934177e-09,919100
1.55134824749529e-09,919200
1.55539589859757e-09,919300
1.55952680726929e-09,919400
1.56374127981259e-09,919500
1.56803948063225e-09,919600
1.57242142906032e-09,919700
1.57688699659785e-09,919800
1.58143590458637e-09,919900
1.58606772231997e-09,920000
1.59078186560739e-09,920100
1.59557759579202e-09,920200
1.60045401923594e-09,920300
1.60541008727271e-09,920400
1.61044459663157e-09,920500
1.61555619033475e-09,920600
1.62074335906708e-09,920700
1.62600444301604e-09,920800
1.63133763417836e-09,920900
1.63674097912794e-09,921000
1.64221238223782e-09,921100
1.64774960934767e-09,921200
1.65335029186654e-09,921300
1.65901193129891e-09,921400
1.66473190418099e-09,921500
1.67050746741207e-09,921600
1.67633576396514e-09,921700
1.68221382895896e-09,921800
1.68813859607266e-09,921900
1.69410690428293e-09,922000
1.70011550490257e-09,922100
1.70616106889783e-09,922200
1.7122401944613e-09,922300
1.7183494148162e-09,922400
1.72448520622673e-09,922500
1.73064399618873e-09,922600
1.73682217177405e-09,922700
1.74301608810167e-09,922800
1.74922207690776e-09,922900
1.75543645518694e-09,923000
1.76165553387645e-09,923100
1.76787562655474e-09,923200
1.77409305812622e-09,923300
1.78030417346342e-09,923400
1.78650534597846e-09,923500
1.79269298609568e-09,923600
1.79886354959756e-09,923700
1.80501354581652e-09,923800
1.81113954564602e-09,923900
1.81723818934425e-09,924000
1.82330619410537e-09,924100
1.82934036137306e-09,924200
1.83533758387285e-09,924300
1.84129485233995e-09,924400
1.8472092619211e-09,924500
1.85307801822916e-09,924600
1.85889844303118e-09,924700
1.86466797955144e-09,924800
1.87038419737237e-09,924900
1.87604479691776e-09,925000
1.88164761350384e-09,925100
1.88719062094559e-09,925200
1.89267193470685e-09,925300
1.8980898145845e-09,925400
1.90344266691861e-09,925500
1.90872904632194e-09,925600
1.91394765692384e-09,925700
1.91909735312522e-09,925800
1.92417713986297e-09,925900
1.92918617238393e-09,926000
1.93412375552968e-09,926100
1.93898934253592e-09,926200
1.94378253335091e-09,926300
1.94850307247975e-09,926400
1.95315084636237e-09,926500
1.957725880295e-09,926600
1.96222833490619e-09,926700
1.96665850220005e-09,926800
1.97101680118042e-09,926900
1.97530377307191e-09,927000
1.979520076154e-09,927100
1.98366648022632e-09,927200
1.98774386072439e-09,927300
1.99175319250596e-09,927400
1.99569554332909e-09,927500
1.99957206704468e-09,927600
2.00338399652614e-09,927700
2.00713263636053e-09,927800
2.01081935532568e-09,927900
2.01444557867874e-09,928000
2.01801278028213e-09,928100
2.02152247459301e-09,928200
2.02497620854326e-09,928300
2.02837555333699e-09,928400
2.03172209619252e-09,928500
2.03501743205658e-09,928600
2.03826315531755e-09,928700
2.04146085154544e-09,928800
2.04461208928532e-09,928900
2.04771841193112e-09,929000
2.05078132970629e-09,929100
2.05380231177711e-09,929200
2.05678277852434e-09,929300
2.05972409399783e-09,929400
2.06262755857848e-09,929500
2.06549440187062e-09,929600
2.06832577584764e-09,929700
2.07112274827247e-09,929800
2.07388629641327e-09,929900
2.07661730107429e-09,930000
2.07931654096021e-09,930100
2.08198468739126e-09,930200
2.08462229938548e-09,930300
2.08722981912268e-09,930400
2.089807567804e-09,930500
2.09235574191894e-09,930600
2.09487440993117e-09,930700
2.09736350939227e-09,930800
2.09982284449158e-09,930900
2.10225208404884e-09,931000
2.10465075995471e-09,931100
2.10701826606299e-09,931200
2.10935385753685e-09,931300
2.1116566506497e-09,931400
2.11392562304042e-09,931500
2.11615961442061e-09,931600
2.11835732773058e-09,931700
2.12051733073914e-09,931800
2.12263805808112e-09,931900
2.12471781372494e-09,932000
2.12675477386148e-09,932100
2.12874699020422e-09,932200
2.13069239368917e-09,932300
2.13258879856241e-09,932400
2.13443390684143e-09,932500
2.13622531313576e-09,932600
2.13796050981134e-09,932700
2.13963689248184e-09,932800
2.1412517658098e-09,932900
2.14280234959914e-09,933000
2.14428578516e-09,933100
2.14569914192665e-09,933200
2.14703942430764e-09,933300
2.1483035787479e-09,933400
2.14948850098131e-09,933500
2.15059104345222e-09,933600
2.1516080228839e-09,933700
2.15253622797194e-09,933800
2.15337242718016e-09,933900
2.15411337661671e-09,934000
2.15475582796794e-09,934100
2.15529653646783e-09,934200
2.15573226888065e-09,934300
2.15605981147503e-09,934400
2.15627597796753e-09,934500
2.15637761741478e-09,934600
2.15636162203281e-09,934700
2.1562249349233e-09,934800
2.15596455768702e-09,934900
2.15557755790477e-09,935000
2.15506107646738e-09,935100
2.15441233473678e-09,935200
2.15362864152063e-09,935300
2.15270739984471e-09,935400
2.15164611350638e-09,935500
2.15044239339558e-09,935600
2.14909396356857e-09,935700
2.14759866706208e-09,935800
2.14595447143549e-09,935900
2.14415947403047e-09,936000
2.14221190693793e-09,936100
2.1401101416631e-09,936200
2.13785269348136e-09,936300
2.13543822547741e-09,936400
2.13286555226226e-09,936500
2.130133643363e-09,936600
2.12724162628177e-09,936700
2.12418878922114e-09,936800
2.12097458347381e-09,936900
2.11759862547663e-09,937000
2.11406069852833e-09,937100
2.11036075417264e-09,937200
2.106498913249e-09,937300
2.10247546661338e-09,937400
2.09829087553367e-09,937500
2.09394577176396e-09,937600
2.08944095730354e-09,937700
2.08477740384667e-09,937800
2.07995625193025e-09,937900
2.07497880978722e-09,938000
2.06984655191372e-09,938100
2.06456111735925e-09,938200
2.05912430774917e-09,938300
2.05353808504945e-09,938400
2.04780456908418e-09,938500
2.04192603481665e-09,938600
2.03590490940513e-09,938700
2.02974376904488e-09,938800
2.02344533560792e-09,938900
2.01701247309276e-09,939000
2.01044818389589e-09,939100
2.00375560491737e-09,939200
1.99693800351256e-09,939300
1.98999877330243e-09,939400
1.98294142985439e-09,939500
1.97576960624604e-09,939600
1.96848704852338e-09,939700
1.96109761106576e-09,939800
1.95360525186887e-09,939900
1.94601402775719e-09,940000
1.93832808953699e-09,940100
1.93055167710067e-09,940200
1.92268911449281e-09,940300
1.91474480494813e-09,940400
1.90672322591075e-09,940500
1.89862892404433e-09,940600
1.89046651024153e-09,940700
1.8822406546416e-09,940800
1.87395608166352e-09,940900
1.86561756506244e-09,941000
1.85722992301611e-09,941100
1.84879801324785e-09,941200
1.84032672819203e-09,941300
1.83182099020719e-09,941400
1.82328574684208e-09,941500
1.81472596615885e-09,941600
1.80614663211727e-09,941700
1.79755274002368e-09,941800
1.78894929204722e-09,941900
1.78034129280651e-09,942000
1.77173374502813e-09,942100
1.76313164527922e-09,942200
1.75453997977515e-09,942300
1.74596372026314e-09,942400
1.73740781998243e-09,942500
1.7288772097013e-09,942600
1.72037679383075e-09,942700
1.71191144661436e-09,942800
1.7034860083939e-09,942900
1.69510528194967e-09,943000
1.68677402891471e-09,943100
1.6784969662615e-09,943200
1.67027876285979e-09,943300
1.66212403610435e-09,943400
1.65403734861093e-09,943500
1.64602320497886e-09,943600
1.63808604861886e-09,943700
1.6302302586444e-09,943800
1.6224601468251e-09,943900
1.61477995460079e-09,944000
1.6071938501549e-09,944100
1.5997059255458e-09,944200
1.5923201938953e-09,944300
1.58504058663312e-09,944400
1.57787095079676e-09,944500
1.57081504638636e-09,944600
1.56387654377397e-09,944700
1.55705902116758e-09,944800
1.55036596212978e-09,944900
1.54380075315175e-09,945000
1.53736668128318e-09,945100
1.53106693181935e-09,945200
1.52490458604651e-09,945300
1.51888261904718e-09,945400
1.51300389756748e-09,945500
1.50727117794835e-09,945600
1.50168710412337e-09,945700
1.49625420568588e-09,945800
1.49097489602827e-09,945900
1.48585147055687e-09,946000
1.48088610498585e-09,946100
1.47608085371392e-09,946200
1.47143764828759e-09,946300
1.46695829595542e-09,946400
1.46264447831726e-09,946500
1.45849775007306e-09,946600
1.45451953787581e-09,946700
1.45071113929329e-09,946800
1.44707372188306e-09,946900
1.44360832238602e-09,947000
1.44031584604267e-09,947100
1.43719706603732e-09,947200
1.43425262307453e-09,947300
1.43148302509272e-09,947400
1.42888864711928e-09,947500
1.42646973127141e-09,947600
1.42422638690706e-09,947700
1.42215859092976e-09,947800
1.42026618825102e-09,947900
1.41854889241375e-09,948000
1.41700628637979e-09,948100
1.4156378234842e-09,948200
1.41444282855881e-09,948300
1.41342049922696e-09,948400
1.41256990737077e-09,948500
1.41189000077238e-09,948600
1.41137960492946e-09,948700
1.41103742504517e-09,948800
1.41086204819227e-09,948900
1.41085194565016e-09,949000
1.41100547541355e-09,949100
1.41132088487053e-09,949200
1.41179631364743e-09,949300
1.41242979661708e-09,949400
1.41321926706669e-09,949500
1.41416256002087e-09,949600
1.41525741571454e-09,949700
1.41650148321025e-09,949800
1.41789232415341e-09,949900
1.41942741665864e-09,950000
1.42110415931977e-09,950100
1.42291987533535e-09,950200
1.42487181674114e-09,950300
1.42695716874038e-09,950400
1.42917305412226e-09,950500
1.43151653775825e-09,950600
1.43398463116596e-09,950700
1.43657429712911e-09,950800
1.4392824543625e-09,950900
1.44210598220987e-09,951000
1.44504172536266e-09,951100
1.44808649858706e-09,951200
1.45123709144674e-09,951300
1.4544902730084e-09,951400
1.45784279651673e-09,951500
1.46129140402587e-09,951600
1.46483283097404e-09,951700
1.46846381068785e-09,951800
1.47218107880309e-09,951900
1.4759813775889e-09,952000
1.47986146016199e-09,952100
1.4838180945782e-09,952200
1.48784806778863e-09,952300
1.49194818944797e-09,952400
1.49611529556293e-09,952500
1.50034625196907e-09,952600
1.50463795762498e-09,952700
1.50898734771276e-09,952800
1.51339139653481e-09,952900
1.51784712019724e-09,953000
1.52235157907087e-09,953100
1.52690188002145e-09,953200
1.5314951784017e-09,953300
1.536128679798e-09,953400
1.54079964152596e-09,953500
1.54550537386953e-09,953600
1.55024324105916e-09,953700
1.55501066198596e-09,953800
1.55980511064869e-09,953900
1.56462411633261e-09,954000
1.56946526351916e-09,954100
1.57432619152701e-09,954200
1.57920459388568e-09,954300
1.58409821744431e-09,954400
1.58900486121866e-09,954500
1.59392237498114e-09,954600
1.59884865759873e-09,954700
1.60378165512572e-09,954800
1.6087193586584e-09,954900
1.61365980196014e-09,955000
1.61860105886634e-09,955100
1.62354124047934e-09,955200
1.62847849216487e-09,955300
1.63341099036182e-09,955400
1.63833693921864e-09,955500
1.64325456706993e-09,955600
1.64816212276805e-09,955700
1.653057871885e-09,955800
1.65794009280064e-09,955900
1.66280707269382e-09,956000
1.66765710345406e-09,956100
1.67248847753111e-09,956200
1.67729948374116e-09,956300
1.68208840304803e-09,956400
1.6868535043387e-09,956500
1.6915930402123e-09,956600
1.69630524280234e-09,956700
1.70098831965167e-09,956800
1.70564044966019e-09,956900
1.71025977912489e-09,957000
1.71484441789207e-09,957100
1.71939243564141e-09,957200
1.723901858321e-09,957300
1.72837066475258e-09,957400
1.73279678342582e-09,957500
1.73717808949958e-09,957600
1.7415124020282e-09,957700
1.74579748142989e-09,957800
1.75003102721369e-09,957900
1.75421067598094e-09,958000
1.75833399971608e-09,958100
1.76239850438112e-09,958200
1.76640162882687e-09,958300
1.77034074403328e-09,958400
1.77421315268999e-09,958500
1.77801608912738e-09,958600
1.78174671960696e-09,958700
1.78540214297898e-09,958800
1.78897939171374e-09,958900
1.79247543331207e-09,959000
1.79588717209871e-09,959100
1.79921145140144e-09,959200
1.80244505611718e-09,959300
1.80558471566498e-09,959400
1.80862710732429e-09,959500
1.81156885995569e-09,959600
1.81440655809973e-09,959700
1.81713674644808e-09,959800
1.81975593467979e-09,959900
1.82226060265401e-09,960000
1.82464720594921e-09,960100
1.82691218173756e-09,960200
1.8290519549815e-09,960300
1.83106294493868e-09,960400
1.83294157195956e-09,960500
1.83468426456132e-09,960600
1.83628746676001e-09,960700
1.83774764564186e-09,960800
1.83906129915374e-09,960900
1.84022496409145e-09,961000
1.84123522426352e-09,961100
1.84208871880742e-09,961200
1.84278215063426e-09,961300
1.84331229497684e-09,961400
1.84367600801577e-09,961500
1.8438702355573e-09,961600
1.84389202173618e-09,961700
1.84373851771622e-09,961800
1.84340699036101e-09,961900
1.84289483084692e-09,962000
1.84219956319007e-09,962100
1.84131885265917e-09,962200
1.84025051404604e-09,962300
1.8389925197654e-09,962400
1.83754300775607e-09,962500
1.8359002891559e-09,962600
1.83406285572272e-09,962700
1.83202938697482e-09,962800
1.82979875702417e-09,962900
1.82737004107689e-09,963000
1.82474252157586e-09,963100
1.82191569396126e-09,963200
1.81888927202587e-09,963300
1.81566319284268e-09,963400
1.81223762124386e-09,963500
1.80861295383073e-09,963600
1.80478982249615e-09,963700
1.80076909744181e-09,963800
1.79655188967421e-09,963900
1.79213955296453e-09,964000
1.78753368525962e-09,964100
1.78273612953187e-09,964200
1.7777489740584e-09,964300
1.77257455212111e-09,964400
1.76721544112051e-09,964500
1.76167446109906e-09,964600
1.75595467266992e-09,964700
1.75005937435058e-09,964800
1.743992099301e-09,964900
1.73775661146874e-09,965000
1.73135690114512e-09,965100
1.72479717993797e-09,965200
1.71808187516863e-09,965300
1.71121562370275e-09,965400
1.70420326522576e-09,965500
1.69704983497614e-09,965600
1.68976055595094e-09,965700
1.6823408306001e-09,965800
1.67479623202715e-09,965900
1.66713249471625e-09,966000
1.6593555048063e-09,966100
1.65147128993498e-09,966200
1.64348600867649e-09,966300
1.63540593959838e-09,966400
1.62723746996425e-09,966500
1.61898708410994e-09,966600
1.61066135152223e-09,966700
1.60226691465004e-09,966800
1.59381047647903e-09,966900
1.58529878790146e-09,967000
1.57673863491347e-09,967100
1.5681368256737e-09,967200
1.55950017745601e-09,967300
1.55083550353138e-09,967400
1.54214960001293e-09,967500
1.53344923269913e-09,967600
1.52474112394997e-09,967700
1.51603193963101e-09,967800
1.50732827616025e-09,967900
1.49863664769236e-09,968000
1.48996347347466e-09,968100
1.48131506540871e-09,968200
1.47269761585096e-09,968300
1.46411718568538e-09,968400
1.45557969269978e-09,968500
1.44709090029739e-09,968600
1.43865640657393e-09,968700
1.43028163378925e-09,968800
1.42197181826197e-09,968900
1.41373200071392e-09,969000
1.40556701709018e-09,969100
1.39748148987885e-09,969200
1.38947981995365e-09,969300
1.38156617896046e-09,969400
1.37374450226776e-09,969500
1.36601848249897e-09,969600
1.35839156366307e-09,969700
1.35086693589841e-09,969800
1.34344753084222e-09,969900
1.33613601763704e-09,970000
1.32893479958333e-09,970100
1.3218460114453e-09,970200
1.31487151741538e-09,970300
1.30801290974081e-09,970400
1.30127150801383e-09,970500
1.29464835912472e-09,970600
1.28814423787567e-09,970700
1.28175964825097e-09,970800
1.27549482533708e-09,970900
1.26934973788476e-09,971000
1.26332409150307e-09,971100
1.25741733247349e-09,971200
1.25162865217054e-09,971300
1.24595699207361e-09,971400
1.24040104935286e-09,971500
1.23495928301085e-09,971600
1.22962992055941e-09,971700
1.22441096521025e-09,971800
1.21930020355617e-09,971900
1.2142952137185e-09,972000
1.20939337393505e-09,972100
1.20459187156173e-09,972200
1.19988771246001e-09,972300
1.19527773074112e-09,972400
1.19075859883749e-09,972500
1.18632683787064e-09,972600
1.18197882828418e-09,972700
1.17771082071049e-09,972800
1.1735189470382e-09,972900
1.16939923164827e-09,973000
1.1653476027853e-09,973100
1.16135990403123e-09,973200
1.15743190584823e-09,973300
1.1535593171574e-09,973400
1.14973779692076e-09,973500
1.14596296569346e-09,973600
1.14223041711413e-09,973700
1.13853572930144e-09,973800
1.13487447612578e-09,973900
1.13124223832514e-09,974000
1.12763461443585e-09,974100
1.12404723150892e-09,974200
1.12047575558404e-09,974300
1.11691590189447e-09,974400
1.11336344477679e-09,974500
1.10981422726104e-09,974600
1.10626417031787e-09,974700
1.10270928174062e-09,974800
1.09914566464185e-09,974900
1.09556952554507e-09,975000
1.0919771820541e-09,975100
1.08836507008406e-09,975200
1.08472975063933e-09,975300
1.08106791612587e-09,975400
1.0773763961867e-09,975500
1.07365216305091e-09,975600
1.06989233638879e-09,975700
1.06609418766665e-09,975800
1.06225514399737e-09,975900
1.05837279148393e-09,976000
1.05444487805519e-09,976100
1.05046931579456e-09,976200
1.04644418276447e-09,976300
1.04236772433049e-09,976400
1.03823835399122e-09,976500
1.03405465372131e-09,976600
1.02981537383654e-09,976700
1.02551943239167e-09,976800
1.02116591412291e-09,976900
1.01675406894847e-09,977000
1.01228331004183e-09,977100
1.00775321149393e-09,977200
1.00316350558133e-09,977300
9.98514079658752e-10,977400
9.93804972695432e-10,977500
9.89036371475678e-10,977600
9.84208606484901e-10,977700
9.79322147503169e-10,977800
9.74377598929131e-10,977900
9.69375694857764e-10,978000
9.6431729393581e-10,978100
9.59203374019387e-10,978200
9.54035026658425e-10,978300
9.48813451433087e-10,978400
9.43539950167065e-10,978500
9.38215921043171e-10,978600
9.32842852646215e-10,978700
9.27422317958317e-10,978800
9.21955968331299e-10,978900
9.16445527460771e-10,979000
9.10892785385822e-10,979100
9.05299592537992e-10,979200
8.99667853862376e-10,979300
8.93999523033217e-10,979400
8.88296596785526e-10,979500
8.82561109383381e-10,979600
8.76795127244792e-10,979700
8.71000743741885e-10,979800
8.6518007419426e-10,979900
8.5933525107218e-10,980000
8.53468419425175e-10,980100
8.47581732550302e-10,980200
8.41677347913258e-10,980300
8.35757423334007e-10,980400
8.29824113447466e-10,980500
8.23879566448202e-10,980600
8.1792592112695e-10,980700
8.11965304205134e-10,980800
8.05999827972239e-10,980900
8.0003158822949e-10,981000
7.94062662541748e-10,981100
7.88095108798106e-10,981200
7.82130964080374e-10,981300
7.76172243837036e-10,981400
7.70220941358922e-10,981500
7.64279027551592e-10,981600
7.58348450997813e-10,981700
7.5243113830245e-10,981800
7.46528994710721e-10,981900
7.406439049894e-10,982000
7.34777734559651e-10,982100
7.28932330868775e-10,982200
7.23109524987234e-10,982300
7.17311133416248e-10,982400
7.11538960090306e-10,982500
7.05794798558121e-10,982600
7.00080434324655e-10,982700
6.94397647336171e-10,982800
6.88748214589644e-10,982900
6.83133912847158e-10,983000
6.77556521435595e-10,983100
6.72017825111425e-10,983200
6.66519616970041e-10,983300
6.61063701378944e-10,983400
6.55651896913872e-10,983500
6.50286039276964e-10,983600
6.44967984175953e-10,983700
6.39699610143659e-10,983800
6.34482821277169e-10,983900
6.29319549876344e-10,984000
6.24211758961749e-10,984100
6.19161444652518e-10,984200
6.14170638385201e-10,984300
6.09241408955255e-10,984400
6.0437586436358e-10,984500
5.99576153451191e-10,984600
5.94844467306056e-10,984700
5.9018304042696e-10,984800
5.85594151630244e-10,984900
5.81080124686389e-10,985000
5.76643328674326e-10,985100
5.72286178042708e-10,985200
5.68011132368423e-10,985300
5.63820695803934e-10,985400
5.59717416206273e-10,985500
5.55703883941829e-10,985600
5.51782730362512e-10,985700
5.4795662594998e-10,985800
5.44228278126359e-10,985900
5.40600428730936e-10,986000
5.37075851163956e-10,986100
5.33657347199926e-10,986200
5.30347743474289e-10,986300
5.27149887648714e-10,986400
5.24066644261634e-10,986500
5.21100890272052e-10,986600
5.18255510305862e-10,986700
5.15533391615522e-10,986800
5.12937418764797e-10,986900
5.1047046805192e-10,987000
5.0813540168545e-10,987100
5.05935061728406e-10,987200
5.03872263827283e-10,987300
5.01949790743592e-10,987400
5.0017038570668e-10,987500
4.98536745607232e-10,987600
4.97051514052088e-10,987700
4.95717274301404e-10,987800
4.94536542110143e-10,987900
4.93511758496501e-10,988000
4.92645282460226e-10,988100
4.91939383674528e-10,988200
4.9139623517548e-10,988300
4.91017906073136e-10,988400
4.90806354308963e-10,988500
4.90763419484029e-10,988600
4.90890815782744e-10,988700
4.91190125016699e-10,988800
4.91662789813075e-10,988900
4.92310106971909e-10,989000
4.93133221016156e-10,989100
4.94133117958092e-10,989200
4.95310619305177e-10,989300
4.96666376327895e-10,989400
4.9820086461142e-10,989500
4.99914378912324e-10,989600
5.01807028340674e-10,989700
5.03878731887029e-10,989800
5.06129214312875e-10,989900
5.08558002422097e-10,990000
5.11164421729884e-10,990100
5.13947593544535e-10,990200
5.16906432476194e-10,990300
5.20039644385521e-10,990400
5.23345724783891e-10,990500
5.26822957695372e-10,990600
5.3046941498947e-10,990700
5.34282956192098e-10,990800
5.38261228780823e-10,990900
5.42401668969033e-10,991000
5.46701502982134e-10,991100
5.51157748827374e-10,991200
5.55767218557447e-10,991300
5.60526521026442e-10,991400
5.6543206513526e-10,991500
5.70480063562078e-10,991600
5.75666536971929e-10,991700
5.80987318698053e-10,991800
5.86438059886133e-10,991900
5.92014235091202e-10,992000
5.97711148315462e-10,992100
6.03523939474047e-10,992200
6.09447591274381e-10,992300
6.15476936493361e-10,992400
6.21606665635702e-10,992500
6.27831334955174e-10,992600
6.34145374819701e-10,992700
6.4054309840008e-10,992800
6.47018710660993e-10,992900
6.53566317632244e-10,993000
6.60179935937229e-10,993100
6.66853502554693e-10,993200
6.73580884789419e-10,993300
6.80355890426629e-10,993400
6.87172278044361e-10,993500
6.9402376745773e-10,993600
7.00904050268459e-10,993700
7.07806800492823e-10,993800
7.14725685240936e-10,993900
7.21654375420131e-10,994000
7.28586556435154e-10,994100
7.35515938858003e-10,994200
7.42436269040207e-10,994300
7.49341339640654e-10,994400
7.56225000042371e-10,994500
7.63081166631975e-10,994600
7.69903832915974e-10,994700
7.76687079448666e-10,994800
7.83425083546925e-10,994900
7.90112128767908e-10,995000
7.96742614126432e-10,995100
8.03311063029573e-10,995200
8.09812131906985e-10,995300
8.16240618516289e-10,995400
8.22591469904079e-10,995500
8.2885979000382e-10,995600
8.35040846853474e-10,995700
8.41130079416465e-10,995800
8.47123103990945e-10,995900
8.53015720193781e-10,996000
8.58803916506459e-10,996100
8.6448387537205e-10,996200
8.70051977833173e-10,996300
8.75504807702583e-10,996400
8.80839155259344e-10,996500
8.86052020464745e-10,996600
8.9114061569383e-10,996700
8.96102367979604e-10,996800
9.00934920768383e-10,996900
9.05636135186326e-10,997000
9.10204090818336e-10,997100
9.14637086002175e-10,997200
9.18933637641694e-10,997300
9.23092480544641e-10,997400
9.27112566291751e-10,997500
9.30993061644973e-10,997600
9.34733346504222e-10,997700
9.38333011422808e-10,997800
9.41791854693339e-10,997900
9.45109879016632e-10,998000
9.48287287767275e-10,998100
9.51324480870869e-10,998200
9.54222050308244e-10,998300
9.56980775263566e-10,998400
9.59601616933497e-10,998500
9.62085713015748e-10,998600
9.64434371895833e-10,998700
9.66649066551561e-10,998800
9.6873142819531e-10,998900
9.70683239674804e-10,999000
9.72506428653243e-10,999100
9.7420306059035e-10,999200
9.75775331545801e-10,999300
9.7722556082712e-10,999400
9.78556183503908e-10,999500
9.79769742810688e-10,999600
9.80868882460219e-10,999700
9.81856338889617e-10,999800
9.82734933460891e-10,999900
9.83507564637855e-10,1000000
9.84177200160593e-10,1000100
9.847468692388e-10,1000200
9.85219654784491e-10,1000300
9.85598685704438e-10,1000400
9.85887129271998e-10,1000500
9.86088183597448e-10,1000600
9.86205070215405e-10,1000700
9.86241026807079e-10,1000800
9.86199300074549e-10,1000900
9.86083138783294e-10,1001000
9.85895786988641e-10,1001100
9.85640477460674e-10,1001200
9.85320425321436e-10,1001300
9.84938821907364e-10,1001400
9.84498828868753e-10,1001500
9.84003572517338e-10,1001600
9.83456138431869e-10,1001700
9.82859566330736e-10,1001800
9.8221684521951e-10,1001900
9.81530908820366e-10,1002000
9.80804631289305e-10,1002100
9.80040823225945e-10,1002200
9.79242227979832e-10,1002300
9.78411518255915e-10,1002400
9.77551293021121e-10,1002500
9.76664074712673e-10,1002600
9.75752306748002e-10,1002700
9.74818351335068e-10,1002800
9.73864487580891e-10,1002900
9.72892909895298e-10,1003000
9.71905726685896e-10,1003100
9.70904959339458e-10,1003200
9.69892541484037e-10,1003300
9.68870318525398e-10,1003400
9.67840047450534e-10,1003500
9.6680339689038e-10,1003600
9.65761947433021e-10,1003700
9.6471719217832e-10,1003800
9.63670537523998e-10,1003900
9.62623304172907e-10,1004000
9.61576728350597e-10,1004100
9.60531963221946e-10,1004200
9.59490080495095e-10,1004300
9.58452072200756e-10,1004400
9.57418852634496e-10,1004500
9.56391260449545e-10,1004600
9.55370060887318e-10,1004700
9.54355948132799e-10,1004800
9.53349547781873e-10,1004900
9.52351419407522e-10,1005000
9.51362059212036e-10,1005100
9.50381902752196e-10,1005200
9.49411327724692e-10,1005300
9.48450656799113e-10,1005400
9.47500160486031e-10,1005500
9.46560060028041e-10,1005600
9.45630530301717e-10,1005700
9.44711702718983e-10,1005800
9.43803668116644e-10,1005900
9.42906479623147e-10,1006000
9.42020155492306e-10,1006100
9.41144681893895e-10,1006200
9.40280015651754e-10,1006300
9.39426086920393e-10,1006400
9.38582801791711e-10,1006500
9.37750044823999e-10,1006600
9.36927681485912e-10,1006700
9.36115560508811e-10,1006800
9.35313516141309e-10,1006900
9.3452137030066e-10,1007000
9.33738934616113e-10,1007100
9.32966012360076e-10,1007200
9.32202400263483e-10,1007300
9.31447890212495e-10,1007400
9.30702270824159e-10,1007500
9.29965328899477e-10,1007600
9.29236850752651e-10,1007700
9.28516623416213e-10,1007800
9.27804435722135e-10,1007900
9.27100079259566e-10,1008000
9.26403349210583e-10,1008100
9.25714045065745e-10,1008200
9.25031971221766e-10,1008300
9.24356937464196e-10,1008400
9.23688759338425e-10,1008500
9.23027258412748e-10,1008600
9.22372262437744e-10,1008700
9.2172360540649e-10,1008800
9.21081127520578e-10,1008900
9.20444675067256e-10,1009000
9.19814100213186e-10,1009100
9.19189260720742e-10,1009200
9.1857001959289e-10,1009300
9.1795624465292e-10,1009400
9.17347808065502e-10,1009500
9.16744585805634e-10,1009600
9.16146457082131e-10,1009700
9.15553303722464e-10,1009800
9.14965009525617e-10,1009900
9.14381459589865e-10,1010000
9.13802539622064e-10,1010100
9.13228135235255e-10,1010200
9.12658131241055e-10,1010300
9.12092410943345e-10,1010400
9.11530855439495e-10,1010500
9.10973342935284e-10,1010600
9.10419748079366e-10,1010700
9.09869941322937e-10,1010800
9.09323788310062e-10,1010900
9.08781149303722e-10,1011000
9.08241878652378e-10,1011100
9.0770582430166e-10,1011200
9.07172827355215e-10,1011300
9.06642721688564e-10,1011400
9.06115333619475e-10,1011500
9.05590481637754e-10,1011600
9.0506797619733e-10,1011700
9.04547619572747e-10,1011800
9.04029205782018e-10,1011900
9.0351252057734e-10,1012000
9.02997341504648e-10,1012100
9.02483438032766e-10,1012200
9.01970571752358e-10,1012300
9.01458496644557e-10,1012400
9.00946959418728e-10,1012500
9.00435699918431e-10,1012600
8.99924451594312e-10,1012700
8.99412942042208e-10,1012800
8.98900893604473e-10,1012900
8.98388024032149e-10,1013000
8.9787404720527e-10,1013100
8.9735867390832e-10,1013200
8.96841612657515e-10,1013300
8.96322570576396e-10,1013400
8.95801254315819e-10,1013500
8.95277371014394e-10,1013600
8.94750629295025e-10,1013700
8.94220740293105e-10,1013800
8.93687418711808e-10,1013900
8.93150383899656e-10,1014000
8.92609360945508e-10,1014100
8.92064081785972e-10,1014200
8.91514286320283e-10,1014300
8.90959723527454e-10,1014400
8.90400152580707e-10,1014500
8.89835343953982e-10,1014600
8.89265080515593e-10,1014700
8.88689158603861e-10,1014800
8.88107389079926e-10,1014900
8.87519598352818e-10,1015000
8.86925629372114e-10,1015100
8.86325342583595e-10,1015200
8.85718616843468e-10,1015300
8.85105350286963e-10,1015400
8.84485461147285e-10,1015500
8.83858888521048e-10,1015600
8.83225593076674e-10,1015700
8.82585557702398e-10,1015800
8.8193878809087e-10,1015900
8.81285313257424e-10,1016000
8.80625185989703e-10,1016100
8.79958483226242e-10,1016200
8.79285306362239e-10,1016300
8.78605781480821e-10,1016400
8.77920059508548e-10,1016500
8.77228316294238e-10,1016600
8.76530752610355e-10,1016700
8.75827594076723e-10,1016800
8.75119091006518e-10,1016900
8.74405518174857e-10,1017000
8.73687174510557e-10,1017100
8.72964382712062e-10,1017200
8.72237488788712e-10,1017300
8.71506861528895e-10,1017400
8.70772891896873e-10,1017500
8.70035992360366e-10,1017600
8.69296596151223e-10,1017700
8.68555156461797e-10,1017800
8.67812145579783e-10,1017900
8.67068053964635e-10,1018000
8.66323389268755e-10,1018100
8.65578675306896e-10,1018200
8.64834450977438e-10,1018300
8.6409126913919e-10,1018400
8.63349695447755e-10,1018500
8.62610307155316e-10,1018600
8.61873691878096e-10,1018700
8.61140446335575e-10,1018800
8.60411175065776e-10,1018900
8.5968648912085e-10,1019000
8.58967004747335e-10,1019100
8.58253342055356e-10,1019200
8.57546123681016e-10,1019300
8.56845973446343e-10,1019400
8.56153515020839e-10,1019500
8.55469370588899e-10,1019600
8.54794159527026e-10,1019700
8.54128497094793e-10,1019800
8.53472993143386e-10,1019900
8.52828250845314e-10,1020000
8.52194865448868e-10,1020100
8.51573423060584e-10,1020200
8.50964499458926e-10,1020300
8.50368658942137e-10,1020400
8.49786453212998e-10,1020500
8.49218420303026e-10,1020600
8.48665083538518e-10,1020700
8.48126950550448e-10,1020800
8.4760451233013e-10,1020900
8.47098242332265e-10,1021000
8.46608595626772e-10,1021100
8.46136008100509e-10,1021200
8.45680895709828e-10,1021300
8.4524365378461e-10,1021400
8.44824656384121e-10,1021500
8.44424255704992e-10,1021600
8.44042781541158e-10,1021700
8.43680540795471e-10,1021800
8.43337817042533e-10,1021900
8.43014870141952e-10,1022000
8.42711935901119e-10,1022100
8.42429225786326e-10,1022200
8.42166926680934e-10,1022300
8.41925200689098e-10,1022400
8.41704184983311e-10,1022500
8.41503991694035e-10,1022600
8.41324707839389e-10,1022700
8.4116639529287e-10,1022800
8.41029090786851e-10,1022900
8.40912805949681e-10,1023000
8.40817527373871e-10,1023100
8.40743216713128e-10,1023200
8.40689810805584e-10,1023300
8.40657221820892e-10,1023400
8.40645337428547e-10,1023500
8.40654020985017e-10,1023600
8.40683111737177e-10,1023700
8.40732425039538e-10,1023800
8.40801752582999e-10,1023900
8.40890862632653e-10,1024000
8.40999500272524e-10,1024100
8.41127387655e-10,1024200
8.41274224252961e-10,1024300
8.41439687112703e-10,1024400
8.41623431105809e-10,1024500
8.41825089178457e-10,1024600
8.42044272596552e-10,1024700
8.42280571185471e-10,1024800
8.42533553563304e-10,1024900
8.42802767366555e-10,1025000
8.43087739467636e-10,1025100
8.43387976183569e-10,1025200
8.43702963475555e-10,1025300
8.44032167139226e-10,1025400
8.44375032985688e-10,1025500
8.4473098701355e-10,1025600
8.45099435572508e-10,1025700
8.4547976551905e-10,1025800
8.45871344365222e-10,1025900
8.46273520421555e-10,1026000
8.46685622935336e-10,1026100
8.47106962225759e-10,1026200
8.47536829817538e-10,1026300
8.47974498574824e-10,1026400
8.48419222837358e-10,1026500
8.48870238560961e-10,1026600
8.49326763464667e-10,1026700
8.49787997186799e-10,1026800
8.50253121452543e-10,1026900
8.50721300255536e-10,1027000
8.51191680056149e-10,1027100
8.51663389999222e-10,1027200
8.52135542153986e-10,1027300
8.52607231779004e-10,1027400
8.53077537614865e-10,1027500
8.53545522207617e-10,1027600
8.54010232265528e-10,1027700
8.54470699052076e-10,1027800
8.54925938817789e-10,1027900
8.55374953273528e-10,1028000
8.55816730107814e-10,1028100
8.56250243550503e-10,1028200
8.56674454985138e-10,1028300
8.57088313612073e-10,1028400
8.5749075716434e-10,1028500
8.57880712678002e-10,1028600
8.5825709731857e-10,1028700
8.58618819264856e-10,1028800
8.58964778651361e-10,1028900
8.59293868570085e-10,1029000
8.59604976132406e-10,1029100
8.59896983591361e-10,1029200
8.60168769524415e-10,1029300
8.60419210076566e-10,1029400
8.60647180263181e-10,1029500
8.60851555331877e-10,1029600
8.61031212182255e-10,1029700
8.61185030842147e-10,1029800
8.61311895998559e-10,1029900
8.61410698581329e-10,1030000
8.61480337397117e-10,1030100
8.61519720811061e-10,1030200
8.61527768473094e-10,1030300
8.61503413085675e-10,1030400
8.61445602209302e-10,1030500
8.61353300101956e-10,1030600
8.6122548958832e-10,1030700
8.61061173954318e-10,1030800
8.60859378862302e-10,1030900
8.60619154281965e-10,1031000
8.60339576431742e-10,1031100
8.60019749725464e-10,1031200
8.59658808718451e-10,1031300
8.59255920047561e-10,1031400
8.58810284359045e-10,1031500
8.58321138218287e-10,1031600
8.57787755995184e-10,1031700
8.57209451718937e-10,1031800
8.56585580895909e-10,1031900
8.55915542284128e-10,1032000
8.55198779618059e-10,1032100
8.54434783277227e-10,1032200
8.53623091892343e-10,1032300
8.52763293882526e-10,1032400
8.51855028917493e-10,1032500
8.50897989298503e-10,1032600
8.49891921252056e-10,1032700
8.48836626130589e-10,1032800
8.47731961514372e-10,1032900
8.46577842209346e-10,1033000
8.45374241135505e-10,1033100
8.44121190101012e-10,1033200
8.42818780457379e-10,1033300
8.41467163631278e-10,1033400
8.40066551529071e-10,1033500
8.3861721681033e-10,1033600
8.37119493027061e-10,1033700
8.35573774625787e-10,1033800
8.33980516809916e-10,1033900
8.32340235260403e-10,1034000
8.30653505713085e-10,1034100
8.28920963391446e-10,1034200
8.27143302294203e-10,1034300
8.25321274337468e-10,1034400
8.23455688351709e-10,1034500
8.21547408934329e-10,1034600
8.19597355159071e-10,1034700
8.1760649914402e-10,1034800
8.15575864480484e-10,1034900
8.13506524525456e-10,1035000
8.11399600560961e-10,1035100
8.09256259824041e-10,1035200
8.07077713411542e-10,1035300
8.04865214064506e-10,1035400
8.0262005383731e-10,1035500
8.0034356165718e-10,1035600
7.98037100780158e-10,1035700
7.95702066150026e-10,1035800
7.93339881667135e-10,1035900
7.90951997374335e-10,1036000
7.88539886567793e-10,1036100
7.86105042840558e-10,1036200
7.83648977067345e-10,1036300
7.81173214338989e-10,1036400
7.78679290855566e-10,1036500
7.76168750787237e-10,1036600
7.73643143112108e-10,1036700
7.71104018440619e-10,1036800
7.68552925836086e-10,1036900
7.65991409641134e-10,1037000
7.63421006319791e-10,1037100
7.6084324132513e-10,1037200
7.58259626002313e-10,1037300
7.55671654536847e-10,1037400
7.53080800957773e-10,1037500
7.50488516205548e-10,1037600
7.47896225274001e-10,1037700
7.4530532443583e-10,1037800
7.42717178560696e-10,1037900
7.40133118534889e-10,1038000
7.37554438791072e-10,1038100
7.34982394956548e-10,1038200
7.32418201627925e-10,1038300
7.29863030279797e-10,1038400
7.27318007314663e-10,1038500
7.2478421226077e-10,1038600
7.22262676124277e-10,1038700
7.19754379901432e-10,1038800
7.17260253256174e-10,1038900
7.147811733678e-10,1039000
7.12317963953e-10,1039100
7.09871394465834e-10,1039200
7.0744217947867e-10,1039300
7.05030978246535e-10,1039400
7.02638394456664e-10,1039500
7.00264976164399e-10,1039600
6.9791121591595e-10,1039700
6.9557755105793e-10,1039800
6.93264364232806e-10,1039900
6.90971984058882e-10,1040000
6.88700685992682e-10,1040100
6.86450693370994e-10,1040200
6.84222178629151e-10,1040300
6.8201526469155e-10,1040400
6.79830026529663e-10,1040500
6.77666492882342e-10,1040600
6.75524648132424e-10,1040700
6.73404434333242e-10,1040800
6.71305753377924e-10,1040900
6.69228469303924e-10,1041000
6.67172410724677e-10,1041100
6.65137373379706e-10,1041200
6.63123122794196e-10,1041300
6.61129397038406e-10,1041400
6.59155909577088e-10,1041500
6.5720235219854e-10,1041600
6.55268398012706e-10,1041700
6.53353704507317e-10,1041800
6.51457916650926e-10,1041900
6.49580670031358e-10,1042000
6.47721594017936e-10,1042100
6.45880314935754e-10,1042200
6.44056459240071e-10,1042300
6.42249656678903e-10,1042400
6.40459543431839e-10,1042500
6.38685765213131e-10,1042600
6.36927980327207e-10,1042700
6.35185862664771e-10,1042800
6.33459104627917e-10,1042900
6.31747419972826e-10,1043000
6.30050546558812e-10,1043100
6.28368248992824e-10,1043200
6.26700321158792e-10,1043300
6.25046588621569e-10,1043400
6.23406910895626e-10,1043500
6.21781183569059e-10,1043600
6.20169340273972e-10,1043700
6.18571354494809e-10,1043800
6.16987241206656e-10,1043900
6.15417058336281e-10,1044000
6.13860908039039e-10,1044100
6.12318937785606e-10,1044200
6.10791341253077e-10,1044300
6.0927835901552e-10,1044400
6.07780279030044e-10,1044500
6.06297436914823e-10,1044600
6.04830216016512e-10,1044700
6.03379047265091e-10,1044800
6.01944408814975e-10,1044900
6.00526825471902e-10,1045000
5.99126867906105e-10,1045100
5.97745151652651e-10,1045200
5.96382335901075e-10,1045300
5.95039122076742e-10,1045400
5.93716252217477e-10,1045500
5.92414507149558e-10,1045600
5.9113470446796e-10,1045700
5.8987769632652e-10,1045800
5.88644367044254e-10,1045900
5.87435630534958e-10,1046000
5.86252427567677e-10,1046100
5.85095722866453e-10,1046200
5.83966502058226e-10,1046300
5.82865768478488e-10,1046400
5.81794539844749e-10,1046500
5.80753844808469e-10,1046600
5.79744719396518e-10,1046700
5.78768203353794e-10,1046800
5.77825336398945e-10,1046900
5.76917154405561e-10,1047000
5.76044685521533e-10,1047100
5.75208946239555e-10,1047200
5.74410937432013e-10,1047300
5.7365164036369e-10,1047400
5.7293201269585e-10,1047500
5.72252984495464e-10,1047600
5.71615454263259e-10,1047700
5.71020284994405e-10,1047800
5.70468300285597e-10,1047900
5.69960280502163e-10,1048000
5.69496959018741e-10,1048100
5.69079018546885e-10,1048200
5.68707087562723e-10,1048300
5.68381736847558e-10,1048400
5.68103476153929e-10,1048500
5.67872751009356e-10,1048600
5.67689939669552e-10,1048700
5.67555350232437e-10,1048800
5.67469217923861e-10,1048900
5.67431702565329e-10,1049000
5.67442886233559e-10,1049100
5.67502771121047e-10,1049200
5.67611277606197e-10,1049300
5.67768242540938e-10,1049400
5.67973417763051e-10,1049500
5.68226468839701e-10,1049600
5.68526974047969e-10,1049700
5.6887442359734e-10,1049800
5.69268219098495e-10,1049900
5.697076732817e-10,1050000
5.70192009967593e-10,1050100
5.70720364292056e-10,1050200
5.71291783186231e-10,1050300
5.71905226111874e-10,1050400
5.72559566051291e-10,1050500
5.73253590750475e-10,1050600
5.73986004213051e-10,1050700
5.74755428441893e-10,1050800
5.755604054245e-10,1050900
5.76399399357366e-10,1051000
5.77270799103796e-10,1051100
5.7817292087889e-10,1051200
5.79104011154686e-10,1051300
5.80062249777646e-10,1051400
5.81045753290051e-10,1051500
5.82052578446221e-10,1051600
5.83080725913735e-10,1051700
5.84128144149352e-10,1051800
5.85192733438636e-10,1051900
5.8627235008788e-10,1052000
5.87364810756311e-10,1052100
5.88467896916184e-10,1052200
5.89579359427951e-10,1052300
5.90696923217256e-10,1052400
5.91818292040276e-10,1052500
5.92941153323555e-10,1052600
5.94063183064327e-10,1052700
5.95182050777072e-10,1052800
5.96295424471907e-10,1052900
5.97400975650435e-10,1053000
5.98496384304419e-10,1053100
5.99579343902862e-10,1053200
6.00647566353047e-10,1053300
6.01698786921106e-10,1053400
6.02730769097972e-10,1053500
6.03741309396701e-10,1053600
6.04728242067377e-10,1053700
6.05689443716094e-10,1053800
6.06622837814903e-10,1053900
6.07526399089915e-10,1054000
6.08398157775181e-10,1054100
6.09236203720428e-10,1054200
6.1003869034127e-10,1054300
6.10803838400931e-10,1054400
6.11529939613181e-10,1054500
6.12215360056731e-10,1054600
6.12858543391981e-10,1054700
6.13458013871623e-10,1054800
6.14012379137341e-10,1054900
6.14520332795517e-10,1055000
6.14980656765538e-10,1055100
6.15392223395121e-10,1055200
6.15753997337777e-10,1055300
6.16065037188228e-10,1055400
6.16324496872613e-10,1055500
6.16531626790715e-10,1055600
6.1668577470864e-10,1055700
6.16786386400865e-10,1055800
6.16833006041516e-10,1055900
6.16825276345482e-10,1056000
6.16762938460687e-10,1056100
6.16645831613753e-10,1056200
6.1647389251188e-10,1056300
6.16247154504652e-10,1056400
6.15965746510059e-10,1056500
6.156298917099e-10,1056600
6.1523990602024e-10,1056700
6.14796196343395e-10,1056800
6.14299258608445e-10,1056900
6.13749675607974e-10,1057000
6.13148114639207e-10,1057100
6.12495324958344e-10,1057200
6.1179213505736e-10,1057300
6.11039449772986e-10,1057400
6.10238247238078e-10,1057500
6.09389575685954e-10,1057600
6.08494550118548e-10,1057700
6.07554348849767e-10,1057800
6.06570209935449e-10,1057900
6.05543427501709e-10,1058000
6.04475347983675e-10,1058100
6.03367366286634e-10,1058200
6.02220921881814e-10,1058300
6.01037494849089e-10,1058400
5.99818601878833e-10,1058500
5.98565792245241e-10,1058600
5.97280643763257e-10,1058700
5.95964758741224e-10,1058800
5.94619759941181e-10,1058900
5.93247286558569e-10,1059000
5.91848990232839e-10,1059100
5.9042653110026e-10,1059200
5.88981573899859e-10,1059300
5.87515784143123e-10,1059400
5.86030824357689e-10,1059500
5.84528350414967e-10,1059600
5.83010007950977e-10,1059700
5.81477428889475e-10,1059800
5.79932228075833e-10,1059900
5.78376000029585e-10,1060000
5.76810315823122e-10,1060100
5.75236720093459e-10,1060200
5.73656728193324e-10,1060300
5.72071823487361e-10,1060400
5.70483454798586e-10,1060500
5.68893034009631e-10,1060600
5.67301933822699e-10,1060700
5.65711485681567e-10,1060800
5.64122977858282e-10,1060900
5.62537653706676e-10,1061000
5.60956710084072e-10,1061100
5.59381295942113e-10,1061200
5.57812511086822e-10,1061300
5.56251405107603e-10,1061400
5.546989764742e-10,1061500
5.53156171800012e-10,1061600
5.51623885269755e-10,1061700
5.50102958228725e-10,1061800
5.48594178930601e-10,1061900
5.47098282439997e-10,1062000
5.45615950685713e-10,1062100
5.44147812660001e-10,1062200
5.42694444758891e-10,1062300
5.41256371258035e-10,1062400
5.39834064918371e-10,1062500
5.38427947715373e-10,1062600
5.37038391685469e-10,1062700
5.35665719882869e-10,1062800
5.34310207439825e-10,1062900
5.32972082723116e-10,1063000
5.31651528579352e-10,1063100
5.30348683661666e-10,1063200
5.2906364383002e-10,1063300
5.27796463617525e-10,1063400
5.2654715775498e-10,1063500
5.25315702745862e-10,1063600
5.24102038484023e-10,1063700
5.22906069906481e-10,1063800
5.2172766867361e-10,1063900
5.20566674869361e-10,1064000
5.19422898714163e-10,1064100
5.1829612228337e-10,1064200
5.17186101224349e-10,1064300
5.16092566465561e-10,1064400
5.15015225911142e-10,1064500
5.13953766114977e-10,1064600
5.12907853928346e-10,1064700
5.11877138115732e-10,1064800
5.10861250933634e-10,1064900
5.09859809667661e-10,1065000
5.08872418123495e-10,1065100
5.07898668067788e-10,1065200
5.06938140615393e-10,1065300
5.05990407559852e-10,1065400
5.05055032644354e-10,1065500
5.04131572770943e-10,1065600
5.03219579146092e-10,1065700
5.02318598361288e-10,1065800
5.01428173407616e-10,1065900
5.00547844623806e-10,1066000
4.99677150577728e-10,1066100
4.98815628881511e-10,1066200
4.97962816941157e-10,1066300
4.97118252641713e-10,1066400
4.96281474969531e-10,1066500
4.9545202457356e-10,1066600
4.94629444267874e-10,1066700
4.93813279478081e-10,1066800
4.93003078634533e-10,1066900
4.92198393515528e-10,1067000
4.91398779544051e-10,1067100
4.90603796041761e-10,1067200
4.89813006444291e-10,1067300
4.89025978481925e-10,1067400
4.88242284330131e-10,1067500
4.87461500734437e-10,1067600
4.86683209114228e-10,1067700
4.85906995650276e-10,1067800
4.85132451360709e-10,1067900
4.84359172170346e-10,1068000
4.83586758978095e-10,1068100
4.82814817727342e-10,1068200
4.82042959483975e-10,1068300
4.81270800526783e-10,1068400
4.80497962454693e-10,1068500
4.79724072315346e-10,1068600
4.78948762759153e-10,1068700
4.78171672222933e-10,1068800
4.77392445146922e-10,1068900
4.76610732228735e-10,1069000
4.7582619071753e-10,1069100
4.75038484751493e-10,1069200
4.74247285741192e-10,1069300
4.73452272801259e-10,1069400
4.72653133232369e-10,1069500
4.71849563055149e-10,1069600
4.71041267597286e-10,1069700
4.70227962134693e-10,1069800
4.69409372587177e-10,1069900
4.68585236268658e-10,1070000
4.67755302691548e-10,1070100
4.66919334424513e-10,1070200
4.66077108002333e-10,1070300
4.65228414886234e-10,1070400
4.6437306247258e-10,1070500
4.63510875147422e-10,1070600
4.62641695383919e-10,1070700
4.61765384879383e-10,1070800
4.60881825728051e-10,1070900
4.59990921625615e-10,1071000
4.59092599100827e-10,1071100
4.58186808769456e-10,1071200
4.57273526605268e-10,1071300
4.56352755222542e-10,1071400
4.55424525164305e-10,1071500
4.54488896190103e-10,1071600
4.53545958556998e-10,1071700
4.52595834287182e-10,1071800
4.51638678415368e-10,1071900
4.50674680209082e-10,1072000
4.4970406435464e-10,1072100
4.48727092101669e-10,1072200
4.47744062358878e-10,1072300
4.46755312733661e-10,1072400
4.45761220508289e-10,1072500
4.44762203545276e-10,1072600
4.43758721114686e-10,1072700
4.42751274636189e-10,1072800
4.41740408328811e-10,1072900
4.40726709761485e-10,1073000
4.39710810297693e-10,1073100
4.3869338542772e-10,1073200
4.37675154982343e-10,1073300
4.3665688322199e-10,1073400
4.35639378795801e-10,1073500
4.34623494565382e-10,1073600
4.33610127288364e-10,1073700
4.32600217157365e-10,1073800
4.31594747190374e-10,1073900
4.30594742469032e-10,1074000
4.29601269221801e-10,1074100
4.28615433749516e-10,1074200
4.27638381191369e-10,1074300
4.26671294129905e-10,1074400
4.25715391034203e-10,1074500
4.24771924541043e-10,1074600
4.23842179574351e-10,1074700
4.22927471303961e-10,1074800
4.22029142945277e-10,1074900
4.21148563402033e-10,1075000
4.2028712475506e-10,1075100
4.19446239600487e-10,1075200
4.18627338241563e-10,1075300
4.17831865738795e-10,1075400
4.17061278823781e-10,1075500
4.16317042682748e-10,1075600
4.15600627616323e-10,1075700
4.14913505582738e-10,1075800
4.14257146632189e-10,1075900
4.13633015240635e-10,1076000
4.1304256655187e-10,1076100
4.12487242537149e-10,1076200
4.11968468082218e-10,1076300
4.11487647011976e-10,1076400
4.11046158063469e-10,1076500
4.1064535081825e-10,1076600
4.10286541605612e-10,1076700
4.0997100938836e-10,1076800
4.09699991643249e-10,1076900
4.09474680248277e-10,1077000
4.09296217389472e-10,1077100
4.09165691499701e-10,1077200
4.09084133242358e-10,1077300
4.09052511552832e-10,1077400
4.09071729750621e-10,1077500
4.09142621734996e-10,1077600
4.09265948277126e-10,1077700
4.09442393421382e-10,1077800
4.09672561008457e-10,1077900
4.09956971332742e-10,1078000
4.10296057946154e-10,1078100
4.10690164620367e-10,1078200
4.1113954247903e-10,1078300
4.11644347311245e-10,1078400
4.12204637077149e-10,1078500
4.12820369615961e-10,1078600
4.13491400566471e-10,1078700
4.14217481509276e-10,1078800
4.14998258339658e-10,1078900
4.15833269879271e-10,1079000
4.16721946734269e-10,1079100
4.17663610406743e-10,1079200
4.18657472665775e-10,1079300
4.19702635183532e-10,1079400
4.20798089441222e-10,1079500
4.21942716908842e-10,1079600
4.23135289501966e-10,1079700
4.2437447031791e-10,1079800
4.25658814652832e-10,1079900
4.26986771300546e-10,1080000
4.28356684132801e-10,1080100
4.29766793960163e-10,1080200
4.31215240671556e-10,1080300
4.32700065649797e-10,1080400
4.34219214459563e-10,1080500
4.3577053980331e-10,1080600
4.37351804739962e-10,1080700
4.38960686160144e-10,1080800
4.40594778511145e-10,1080900
4.42251597763773e-10,1081000
4.43928585612621e-10,1081100
4.45623113900449e-10,1081200
4.47332489256603e-10,1081300
4.49053957938766e-10,1081400
4.50784710866572e-10,1081500
4.52521888834995e-10,1081600
4.54262587894812e-10,1081700
4.56003864886847e-10,1081800
4.5774274311613e-10,1081900
4.59476218151729e-10,1082000
4.61201263737316e-10,1082100
4.62914837797408e-10,1082200
4.64613888523604e-10,1082300
4.66295360524984e-10,1082400
4.67956201026474e-10,1082500
4.69593366098788e-10,1082600
4.71203826903427e-10,1082700
4.72784575936003e-10,1082800
4.74332633251202e-10,1082900
4.75845052652589e-10,1083000
4.77318927830557e-10,1083100
4.78751398431782e-10,1083200
4.80139656043759e-10,1083300
4.81480950078014e-10,1083400
4.82772593536105e-10,1083500
4.84011968642548e-10,1083600
4.85196532329392e-10,1083700
4.86323821557373e-10,1083800
4.87391458459139e-10,1083900
4.88397155290532e-10,1084000
4.89338719176372e-10,1084100
4.90214056637853e-10,1084200
4.91021177889236e-10,1084300
4.91758200892218e-10,1084400
4.92423355157019e-10,1084500
4.93014985280036e-10,1084600
4.9353155420854e-10,1084700
4.93971646223901e-10,1084800
4.9433396963544e-10,1084900
4.94617359177998e-10,1085000
4.94820778107128e-10,1085100
4.94943319986695e-10,1085200
4.94984210164673e-10,1085300
4.94942806933666e-10,1085400
4.94818602373809e-10,1085500
4.94611222876529e-10,1085600
4.94320429348602e-10,1085700
4.93946117096907e-10,1085800
4.93488315395208e-10,1085900
4.92947186735243e-10,1086000
4.92323025765261e-10,1086100
4.9161625792021e-10,1086200
4.90827437748478e-10,1086300
4.89957246941156e-10,1086400
4.89006492070532e-10,1086500
4.87976102045423e-10,1086600
4.86867125291754e-10,1086700
4.85680726667551e-10,1086800
4.8441818412231e-10,1086900
4.83080885111384e-10,1087000
4.81670322776731e-10,1087100
4.80188091906046e-10,1087200
4.78635884682763e-10,1087300
4.77015486240229e-10,1087400
4.75328770033566e-10,1087500
4.73577693043492e-10,1087600
4.71764290826545e-10,1087700
4.69890672426775e-10,1087800
4.67959015164063e-10,1087900
4.65971559314682e-10,1088000
4.63930602699861e-10,1088100
4.6183849519825e-10,1088200
4.5969763319842e-10,1088300
4.57510454007492e-10,1088400
4.55279430232049e-10,1088500
4.53007064147449e-10,1088600
4.50695882071587e-10,1088700
4.48348428758969e-10,1088800
4.45967261830799e-10,1088900
4.43554946256576e-10,1089000
4.41114048902296e-10,1089100
4.3864713316019e-10,1089200
4.36156753674349e-10,1089300
4.33645451176348e-10,1089400
4.31115747444361e-10,1089500
4.28570140398821e-10,1089600
4.26011099347141e-10,1089700
4.23441060389362e-10,1089800
4.20862421996014e-10,1089900
4.1827754076882e-10,1090000
4.15688727394145e-10,1090100
4.13098242798476e-10,1090200
4.10508294514282e-10,1090300
4.07921033264126e-10,1090400
4.05338549769816e-10,1090500
4.0276287179283e-10,1090600
4.00195961411262e-10,1090700
3.97639712537829e-10,1090800
3.95095948682569e-10,1090900
3.92566420963054e-10,1091000
3.90052806364125e-10,1091100
3.87556706248238e-10,1091200
3.85079645116767e-10,1091300
3.82623069621718e-10,1091400
3.80188347826493e-10,1091500
3.77776768713568e-10,1091600
3.75389541936101e-10,1091700
3.7302779780979e-10,1091800
3.70692587540404e-10,1091900
3.68384883681862e-10,1092000
3.66105580818872e-10,1092100
3.6385549646751e-10,1092200
3.61635372186509e-10,1092300
3.59445874891345e-10,1092400
3.57287598362651e-10,1092500
3.55161064939921e-10,1092600
3.53066727391022e-10,1092700
3.51004970947376e-10,1092800
3.48976115494528e-10,1092900
3.46980417907103e-10,1093000
3.45018074517047e-10,1093100
3.43089223703622e-10,1093200
3.41193948593379e-10,1093300
3.39332279858147e-10,1093400
3.37504198598857e-10,1093500
3.35709639302928e-10,1093600
3.3394849286284e-10,1093700
3.32220609643486e-10,1093800
3.30525802585931e-10,1093900
3.288638503352e-10,1094000
3.27234500379881e-10,1094100
3.25637472191414e-10,1094200
3.2407246035119e-10,1094300
3.22539137653722e-10,1094400
3.210371581745e-10,1094500
3.19566160291404e-10,1094600
3.18125769648893e-10,1094700
3.16715602054601e-10,1094800
3.15335266298333e-10,1094900
3.1398436688397e-10,1095000
3.12662506665211e-10,1095100
3.11369289376593e-10,1095200
3.10104322051837e-10,1095300
3.08867217322011e-10,1095400
3.07657595586679e-10,1095500
3.06475087051736e-10,1095600
3.0531933362833e-10,1095700
3.04189990687777e-10,1095800
3.03086728668159e-10,1095900
3.02009234528856e-10,1096000
3.00957213049948e-10,1096100
2.99930387974109e-10,1096200
2.98928502989252e-10,1096300
2.97951322550893e-10,1096400
2.96998632543786e-10,1096500
2.96070240783161e-10,1096600
2.95165977356449e-10,1096700
2.94285694807019e-10,1096800
2.93429268162179e-10,1096900
2.92596594808158e-10,1097000
2.91787594215533e-10,1097100
2.91002207519005e-10,1097200
2.90240396956078e-10,1097300
2.89502145169668e-10,1097400
2.88787454380208e-10,1097500
2.88096345433267e-10,1097600
2.87428856729163e-10,1097700
2.86785043041464e-10,1097800
2.86164974231659e-10,1097900
2.8556873386762e-10,1098000
2.84996417753827e-10,1098100
2.84448132381553e-10,1098200
2.83923993307546e-10,1098300
2.83424123469843e-10,1098400
2.82948651449613e-10,1098500
2.8249770968802e-10,1098600
2.8207143266723e-10,1098700
2.81669955064657e-10,1098800
2.81293409889713e-10,1098900
2.8094192661214e-10,1099000
2.80615629291123e-10,1099100
2.80314634714124e-10,1099200
2.80039050554393e-10,1099300
2.79788973555843e-10,1099400
2.79564487753851e-10,1099500
2.79365662740296e-10,1099600
2.79192551980853e-10,1099700
2.79045191192298e-10,1099800
2.78923596787269e-10,1099900
2.78827764393533e-10,1100000
2.7875766745446e-10,1100100
2.78713255917013e-10,1100200
2.78694455013079e-10,1100300
2.78701164139609e-10,1100400
2.78733255842465e-10,1100500
2.78790574908494e-10,1100600
2.78872937569726e-10,1100700
2.78980130823223e-10,1100800
2.79111911869448e-10,1100900
2.79268007671584e-10,1101000
2.79448114637635e-10,1101100
2.79651898426665e-10,1101200
2.7987899387986e-10,1101300
2.80129005076747e-10,1101400
2.80401505516145e-10,1101500
2.80696038421035e-10,1101600
2.81012117165977e-10,1101700
2.81349225825104e-10,1101800
2.81706819838313e-10,1101900
2.82084326792683e-10,1102000
2.82481147315767e-10,1102100
2.82896656076798e-10,1102200
2.83330202891563e-10,1102300
2.83781113926128e-10,1102400
2.84248692994261e-10,1102500
2.84732222943052e-10,1102600
2.85230967120738e-10,1102700
2.85744170920576e-10,1102800
2.86271063394189e-10,1102900
2.86810858927541e-10,1103000
2.87362758972543e-10,1103100
2.87925953826943e-10,1103200
2.88499624455078e-10,1103300
2.89082944341857e-10,1103400
2.89675081372246e-10,1103500
2.90275199728436e-10,1103600
2.90882461796791e-10,1103700
2.91496030076728e-10,1103800
2.92115069083588e-10,1103900
2.92738747237699e-10,1104000
2.93366238731847e-10,1104100
2.93996725369492e-10,1104200
2.94629398366258e-10,1104300
2.95263460107276e-10,1104400
2.95898125853338e-10,1104500
2.96532625388855e-10,1104600
2.97166204605038e-10,1104700
2.97798127011907e-10,1104800
2.9842767517305e-10,1104900
2.99054152057464e-10,1105000
2.9967688230307e-10,1105100
3.00295213386936e-10,1105200
3.00908516697621e-10,1105300
3.01516188505488e-10,1105400
3.02117650827199e-10,1105500
3.02712352181192e-10,1105600
3.03299768231214e-10,1105700
3.03879402315639e-10,1105800
3.04450785860633e-10,1105900
3.05013478675802e-10,1106000
3.05567069131425e-10,1106100
3.06111174216846e-10,1106200
3.06645439480134e-10,1106300
3.07169538849557e-10,1106400
3.07683174337997e-10,1106500
3.08186075631779e-10,1106600
3.08677999566023e-10,1106700
3.09158729488958e-10,1106800
3.096280745182e-10,1106900
3.10085868692346e-10,1107000
3.10531970021748e-10,1107100
3.10966259442713e-10,1107200
3.11388639679723e-10,1107300
3.11799034020741e-10,1107400
3.12197385010935e-10,1107500
3.12583653070559e-10,1107600
3.12957815042939e-10,1107700
3.13319862678947e-10,1107800
3.13669801064431e-10,1107900
3.14007646997452e-10,1108000
3.14333427322284e-10,1108100
3.14647177227361e-10,1108200
3.14948938514461e-10,1108300
3.15238757846599e-10,1108400
3.15516684982111e-10,1108500
3.15782771002506e-10,1108600
3.16037066541714e-10,1108700
3.16279620024302e-10,1108800
3.1651047592024e-10,1108900
3.16729673023695e-10,1109000
3.16937242763279e-10,1109100
3.17133207551021e-10,1109200
3.17317579177206e-10,1109300
3.17490357257992e-10,1109400
3.17651527742592e-10,1109500
3.17801061486512e-10,1109600
3.17938912897055e-10,1109700
3.18065018657121e-10,1109800
3.18179296532877e-10,1109900
3.18281644270691e-10,1110000
3.1837193858827e-10,1110100
3.18450034264602e-10,1110200
3.18515763332925e-10,1110300
3.18568934380572e-10,1110400
3.18609331959013e-10,1110500
3.1863671610714e-10,1110600
3.1865082199028e-10,1110700
3.18651359657009e-10,1110800
3.18638013915393e-10,1110900
3.18610444329823e-10,1111000
3.18568285339102e-10,1111100
3.18511146496007e-10,1111200
3.18438612828105e-10,1111300
3.18350245319041e-10,1111400
3.18245581509183e-10,1111500
3.1812413621392e-10,1111600
3.1798540235754e-10,1111700
3.1782885192017e-10,1111800
3.17653936994767e-10,1111900
3.17460090950804e-10,1112000
3.17246729700824e-10,1112100
3.17013253065707e-10,1112200
3.1675904623406e-10,1112300
3.1648348131083e-10,1112400
3.1618591894988e-10,1112500
3.15865710064977e-10,1112600
3.15522197613309e-10,1112700
3.1515471844541e-10,1112800
3.1476260521515e-10,1112900
3.14345188343129e-10,1113000
3.13901798026774e-10,1113100
3.13431766290084e-10,1113200
3.12934429066014e-10,1113300
3.12409128304227e-10,1113400
3.1185521409694e-10,1113500
3.11272046815505e-10,1113600
3.10658999250334e-10,1113700
3.10015458746801e-10,1113800
3.09340829329705e-10,1113900
3.08634533809079e-10,1114000
3.0789601586002e-10,1114100
3.07124742069504e-10,1114200
3.06320203943134e-10,1114300
3.05481919865089e-10,1114400
3.04609437004534e-10,1114500
3.03702333162166e-10,1114600
3.02760218550631e-10,1114700
3.01782737502942e-10,1114800
3.00769570103165e-10,1114900
2.99720433734109e-10,1115000
2.98635084536894e-10,1115100
2.9751331877773e-10,1115200
2.96354974117542e-10,1115300
2.95159930780429e-10,1115400
2.93928112617374e-10,1115500
2.92659488061925e-10,1115600
2.91354070975069e-10,1115700
2.9001192137683e-10,1115800
2.88633146062602e-10,1115900
2.8721789910264e-10,1116000
2.85766382223496e-10,1116100
2.84278845070704e-10,1116200
2.82755585352338e-10,1116300
2.81196948863597e-10,1116400
2.79603329392879e-10,1116500
2.7797516851032e-10,1116600
2.76312955240098e-10,1116700
2.7461722561827e-10,1116800
2.72888562138221e-10,1116900
2.71127593086279e-10,1117000
2.69334991770319e-10,1117100
2.6751147564457e-10,1117200
2.65657805334225e-10,1117300
2.63774783563654e-10,1117400
2.61863253992437e-10,1117500
2.59924099963652e-10,1117600
2.57958243169123e-10,1117700
2.559666422366e-10,1117800
2.53950291244022e-10,1117900
2.51910218166248e-10,1118000
2.49847483259792e-10,1118100
2.4776317739126e-10,1118200
2.45658420315302e-10,1118300
2.43534358908003e-10,1118400
2.4139216536171e-10,1118500
2.39233035347355e-10,1118600
2.37058186150334e-10,1118700
2.3486885478604e-10,1118800
2.32666296101089e-10,1118900
2.30451780866288e-10,1119000
2.2822659386723e-10,1119100
2.25992031998432e-10,1119200
2.23749402366691e-10,1119300
2.21500020409285e-10,1119400
2.19245208032444e-10,1119500
2.16986291775339e-10,1119600
2.14724601004652e-10,1119700
2.1246146614454e-10,1119800
2.10198216946613e-10,1119900
2.07936180804243e-10,1120000
2.05676681115306e-10,1120100
2.03421035697104e-10,1120200
2.01170555257008e-10,1120300
1.98926541921983e-10,1120400
1.96690287829845e-10,1120500
1.94463073784838e-10,1120600
1.92246167979714e-10,1120700
1.90040824786176e-10,1120800
1.8784828361524e-10,1120900
1.85669767848687e-10,1121000
1.83506483842429e-10,1121100
1.81359620002316e-10,1121200
1.79230345932482e-10,1121300
1.771198116561e-10,1121400
1.75029146907947e-10,1121500
1.72959460497994e-10,1121600
1.70911839744798e-10,1121700
1.68887349977219e-10,1121800
1.66887034102695e-10,1121900
1.64911912239972e-10,1122000
1.62962981413943e-10,1122100
1.61041215310002e-10,1122200
1.59147564085034e-10,1122300
1.57282954231963e-10,1122400
1.55448288494555e-10,1122500
1.53644445828993e-10,1122600
1.5187228140855e-10,1122700
1.50132626667547e-10,1122800
1.48426289380634e-10,1122900
1.46754053773348e-10,1123000
1.45116680659769e-10,1123100
1.43514907603071e-10,1123200
1.41949449094675e-10,1123300
1.40420996747743e-10,1123400
1.38930219500672e-10,1123500
1.37477763826357e-10,1123600
1.36064253942943e-10,1123700
1.3469029202195e-10,1123800
1.33356458389636e-10,1123900
1.32063311717659e-10,1124000
1.30811389199181e-10,1124100
1.29601206706708e-10,1124200
1.2843325892815e-10,1124300
1.27308019477743e-10,1124400
1.26225940978714e-10,1124500
1.25187455114738e-10,1124600
1.24192972647552e-10,1124700
1.23242883398248e-10,1124800
1.22337556190121e-10,1124900
1.21477338751162e-10,1125000
1.20662557574613e-10,1125100
1.19893517736271e-10,1125200
1.19170502667571e-10,1125300
1.18493773883753e-10,1125400
1.17863570666756e-10,1125500
1.17280109702831e-10,1125600
1.16743584675125e-10,1125700
1.16254165811907e-10,1125800
1.15811999391333e-10,1125900
1.1541720720407e-10,1126000
1.15069885975353e-10,1126100
1.14770106748388e-10,1126200
1.14517914231338e-10,1126300
1.14313326110418e-10,1126400
1.14156332331911e-10,1126500
1.14046894356234e-10,1126600
1.13984944387406e-10,1126700
1.13970384581587e-10,1126800
1.14003086238525e-10,1126900
1.14082888980079e-10,1127000
1.14209599920073e-10,1127100
1.14382992830052e-10,1127200
1.14602807305593e-10,1127300
1.14868747938032e-10,1127400
1.15180483496572e-10,1127500
1.15537646125881e-10,1127600
1.15939830564334e-10,1127700
1.16386593388187e-10,1127800
1.16877452286937e-10,1127900
1.17411885375209e-10,1128000
1.17989330546483e-10,1128100
1.18609184873934e-10,1128200
1.19270804063641e-10,1128300
1.19973501965318e-10,1128400
1.20716550145621e-10,1128500
1.21499177529005e-10,1128600
1.22320570110893e-10,1128700
1.23179870747805e-10,1128800
1.24076179028884e-10,1128900
1.25008551233035e-10,1129000
1.25976000375673e-10,1129100
1.26977496348806e-10,1129200
1.28011966157934e-10,1129300
1.29078294258898e-10,1129400
1.30175322997573e-10,1129500
1.31301853154893e-10,1129600
1.32456644599438e-10,1129700
1.33638417049374e-10,1129800
1.34845850945225e-10,1129900
1.36077588434554e-10,1130000
1.37332234469229e-10,1130100
1.38608358015587e-10,1130200
1.39904493377342e-10,1130300
1.41219141630736e-10,1130400
1.42550772170967e-10,1130500
1.43897824368543e-10,1130600
1.45258709333767e-10,1130700
1.46631811787155e-10,1130800
1.48015492033167e-10,1130900
1.49408088034236e-10,1131000
1.50807917581634e-10,1131100
1.52213280559371e-10,1131200
1.53622461296891e-10,1131300
1.55033731005971e-10,1131400
1.5644535029686e-10,1131500
1.57855571768341e-10,1131600
1.59262642666047e-10,1131700
1.60664807603097e-10,1131800
1.62060311336716e-10,1131900
1.63447401594334e-10,1132000
1.64824331942293e-10,1132100
1.66189364690128e-10,1132200
1.67540773823109e-10,1132300
1.68876847955584e-10,1132400
1.70195893297442e-10,1132500
1.71496236625909e-10,1132600
1.72776228254762e-10,1132700
1.74034244992897e-10,1132800
1.75268693084237e-10,1132900
1.76478011120775e-10,1133000
1.77660672920678e-10,1133100
1.78815190363276e-10,1133200
1.79940116172894e-10,1133300
1.81034046643481e-10,1133400
1.82095624296154e-10,1133500
1.83123540461857e-10,1133600
1.84116537781499e-10,1133700
1.8507341261614e-10,1133800
1.85993017359955e-10,1133900
1.86874262648985e-10,1134000
1.87716119458922e-10,1134100
1.88517621085454e-10,1134200
1.89277865000995e-10,1134300
1.89996014581999e-10,1134400
1.90671300701312e-10,1134500
1.91303023180536e-10,1134600
1.91890552097557e-10,1134700
1.92433328945053e-10,1134800
1.9293086763595e-10,1134900
1.93382755352453e-10,1135000
1.93788653235623e-10,1135100
1.94148296912909e-10,1135200
1.94461496861609e-10,1135300
1.94728138606635e-10,1135400
1.9494818275148e-10,1135500
1.95121664841763e-10,1135600
1.95248695061254e-10,1135700
1.9532945776073e-10,1135800
1.95364210820556e-10,1135900
1.95353284848351e-10,1136000
1.95297082213617e-10,1136100
1.95196075921684e-10,1136200
1.95050808329772e-10,1136300
1.94861889708534e-10,1136400
1.9462999665279e-10,1136500
1.94355870345689e-10,1136600
1.94040314680991e-10,1136700
1.93684194248473e-10,1136800
1.93288432187988e-10,1136900
1.92854007918049e-10,1137000
1.9238195474513e-10,1137100
1.9187335736033e-10,1137200
1.91329349230255e-10,1137300
1.90751109889368e-10,1137400
1.90139862141275e-10,1137500
1.89496869176733e-10,1137600
1.88823431616311e-10,1137700
1.88120884485928e-10,1137800
1.8739059413361e-10,1137900
1.86633955095949e-10,1138000
1.85852386922954e-10,1138100
1.8504733096995e-10,1138200
1.84220247165339e-10,1138300
1.83372610763049e-10,1138400
1.82505909088474e-10,1138500
1.81621638286734e-10,1138600
1.80721300081972e-10,1138700
1.79806398556405e-10,1138800
1.78878436957649e-10,1138900
1.77938914542773e-10,1139000
1.76989323467338e-10,1139100
1.76031145727511e-10,1139200
1.75065850163103e-10,1139300
1.74094889529163e-10,1139400
1.73119697643496e-10,1139500
1.72141686617179e-10,1139600
1.71162244174836e-10,1139700
1.70182731071132e-10,1139800
1.69204478609576e-10,1139900
1.68228786269351e-10,1140000
1.67256919445548e-10,1140100
1.66290107307738e-10,1140200
1.65329540781422e-10,1140300
1.64376370656514e-10,1140400
1.63431705826492e-10,1140500
1.62496611661515e-10,1140600
1.61572108518278e-10,1140700
1.60659170388949e-10,1140800
1.5975872369107e-10,1140900
1.5887164619986e-10,1141000
1.5799876612385e-10,1141100
1.57140861324378e-10,1141200
1.56298658678955e-10,1141300
1.55472833588117e-10,1141400
1.54664009624857e-10,1141500
1.53872758325349e-10,1141600
1.53099599119252e-10,1141700
1.52344999397358e-10,1141800
1.51609374714091e-10,1141900
1.508930891218e-10,1142000
1.50196455633572e-10,1142100
1.49519736810767e-10,1142200
1.48863145471257e-10,1142300
1.482268455139e-10,1142400
1.47610952854602e-10,1142500
1.47015536468874e-10,1142600
1.4644061953565e-10,1142700
1.45886180676808e-10,1142800
1.45352155286632e-10,1142900
1.44838436945237e-10,1143000
1.44344878909807e-10,1143100
1.43871295677363e-10,1143200
1.4341746461258e-10,1143300
1.42983127634137e-10,1143400
1.42567992952977e-10,1143500
1.4217173685575e-10,1143600
1.41794005526778e-10,1143700
1.41434416901783e-10,1143800
1.41092562546678e-10,1143900
1.40768009554777e-10,1144000
1.40460302455798e-10,1144100
1.4016896513018e-10,1144200
1.39893502722319e-10,1144300
1.39633403546435e-10,1144400
1.39388140979016e-10,1144500
1.39157175331879e-10,1144600
1.3893995570014e-10,1144700
1.38735921779575e-10,1144800
1.38544505648109e-10,1144900
1.38365133506386e-10,1145000
1.38197227372685e-10,1145100
1.38040206727689e-10,1145200
1.3789349010492e-10,1145300
1.37756496622967e-10,1145400
1.37628647455941e-10,1145500
1.37509367238918e-10,1145600
1.37398085405447e-10,1145700
1.37294237454574e-10,1145800
1.37197266145148e-10,1145900
1.37106622615514e-10,1146000
1.3702176742708e-10,1146100
1.36942171530568e-10,1146200
1.36867317154108e-10,1146300
1.36796698612685e-10,1146400
1.36729823038792e-10,1146500
1.36666211034474e-10,1146600
1.36605397245291e-10,1146700
1.36546930857009e-10,1146800
1.36490376016197e-10,1146900
1.36435312176171e-10,1147000
1.36381334370045e-10,1147100
1.36328053412875e-10,1147200
1.3627509603523e-10,1147300
1.36222104950694e-10,1147400
1.36168738860083e-10,1147500
1.36114672395375e-10,1147600
1.36059596006529e-10,1147700
1.36003215794583e-10,1147800
1.35945253294564e-10,1147900
1.35885445211904e-10,1148000
1.3582354311616e-10,1148100
1.35759313095976e-10,1148200
1.35692535379289e-10,1148300
1.35623003922842e-10,1148400
1.35550525975134e-10,1148500
1.35474921616961e-10,1148600
1.35396023283679e-10,1148700
1.3531367527334e-10,1148800
1.3522773324481e-10,1148900
1.35138063709898e-10,1149000
1.35044543523488e-10,1149100
1.34947059375568e-10,1149200
1.34845507288896e-10,1149300
1.34739792125996e-10,1149400
1.3462982710895e-10,1149500
1.34515533355363e-10,1149600
1.34396839433631e-10,1149700
1.34273680940551e-10,1149800
1.34146000103991e-10,1149900
1.3401374541323e-10,1150000
1.33876871279275e-10,1150100
1.33735337727297e-10,1150200
1.33589110123004e-10,1150300
1.33438158934586e-10,1150400
1.33282459531582e-10,1150500
1.33121992021744e-10,1150600
1.32956741126717e-10,1150700
1.32786696097111e-10,1150800
1.32611850667192e-10,1150900
1.32432203049253e-10,1151000
1.3224775596738e-10,1151100
1.32058516730052e-10,1151200
1.31864497340829e-10,1151300
1.31665714646051e-10,1151400
1.3146219051823e-10,1151500
1.31253952073588e-10,1151600
1.31041031921962e-10,1151700
1.30823468447053e-10,1151800
1.30601306114762e-10,1151900
1.30374595807209e-10,1152000
1.30143395179759e-10,1152100
1.29907769038302e-10,1152200
1.29667789733725e-10,1152300
1.29423537570551e-10,1152400
1.29175101226378e-10,1152500
1.28922578178838e-10,1152600
1.28666075136525e-10,1152700
1.28405708470369e-10,1152800
1.28141604641826e-10,1152900
1.27873900624198e-10,1153000
1.27602744313405e-10,1153100
1.27328294924481e-10,1153200
1.27050723370113e-10,1153300
1.26770212617543e-10,1153400
1.26486958020218e-10,1153500
1.26201167620625e-10,1153600
1.2591306242086e-10,1153700
1.2562287661753e-10,1153800
1.25330857797773e-10,1153900
1.25037267093276e-10,1154000
1.24742379289327e-10,1154100
1.24446482886131e-10,1154200
1.24149880109769e-10,1154300
1.23852886870443e-10,1154400
1.23555832665759e-10,1154500
1.23259060427168e-10,1154600
1.22962926307761e-10,1154700
1.22667799410032e-10,1154800
1.22374061452334e-10,1154900
1.22082106373118e-10,1155000
1.21792339872295e-10,1155100
1.21505178889308e-10,1155200
1.21221051017857e-10,1155300
1.20940393857438e-10,1155400
1.20663654302208e-10,1155500
1.20391287767963e-10,1155600
1.20123757358293e-10,1155700
1.19861532971308e-10,1155800
1.19605090348605e-10,1155900
1.19354910068424e-10,1156000
1.19111476485244e-10,1156100
1.18875276618336e-10,1156200
1.18646798992078e-10,1156300
1.18426532431048e-10,1156400
1.18214964813252e-10,1156500
1.18012581784998e-10,1156600
1.1781986544119e-10,1156700
1.1763729297506e-10,1156800
1.174653353015e-10,1156900
1.17304455658404e-10,1157000
1.17155108190552e-10,1157100
1.1701773652074e-10,1157200
1.16892772313016e-10,1157300
1.16780633832968e-10,1157400
1.16681724510131e-10,1157500
1.1659643150765e-10,1157600
1.16525124304419e-10,1157700
1.16468153294894e-10,1157800
1.16425848411906e-10,1157900
1.16398517777679e-10,1158000
1.16386446388325e-10,1158100
1.16389894836993e-10,1158200
1.16409098080827e-10,1158300
1.16444264256757e-10,1158400
1.16495573551085e-10,1158500
1.16563177127672e-10,1158600
1.16647196119401e-10,1158700
1.16747720687431e-10,1158800
1.16864809152545e-10,1158900
1.16998487202731e-10,1159000
1.17148747180885e-10,1159100
1.17315547456307e-10,1159200
1.17498811883369e-10,1159300
1.1769842935055e-10,1159400
1.17914253422623e-10,1159500
1.18146102078621e-10,1159600
1.18393757547771e-10,1159700
1.18656966245381e-10,1159800
1.18935438810226e-10,1159900
1.19228850244741e-10,1160000
1.19536840158897e-10,1160100
1.19859013118344e-10,1160200
1.20194939097017e-10,1160300
1.20544154034037e-10,1160400
1.20906160494402e-10,1160500
1.21280428432568e-10,1160600
1.21666396057679e-10,1160700
1.22063470798817e-10,1160800
1.22471030368324e-10,1160900
1.22888423920849e-10,1161000
1.23314973305456e-10,1161100
1.2374997440778e-10,1161200
1.24192698578869e-10,1161300
1.24642394147072e-10,1161400
1.25098288008939e-10,1161500
1.25559587294933e-10,1161600
1.26025481105298e-10,1161700
1.26495142311318e-10,1161800
1.2696772941685e-10,1161900
1.27442388474786e-10,1162000
1.27918255052938e-10,1162100
1.2839445624354e-10,1162200
1.28870112710496e-10,1162300
1.29344340768211e-10,1162400
1.29816254485837e-10,1162500
1.3028496781052e-10,1162600
1.30749596703222e-10,1162700
1.31209261280591e-10,1162800
1.31663087956273e-10,1162900
1.32110211575068e-10,1163000
1.32549777533304e-10,1163100
1.32980943878835e-10,1163200
1.33402883384067e-10,1163300
1.33814785585548e-10,1163400
1.34215858783661e-10,1163500
1.34605331996164e-10,1163600
1.34982456859336e-10,1163700
1.35346509470747e-10,1163800
1.35696792167789e-10,1163900
1.36032635236288e-10,1164000
1.36353398543778e-10,1164100
1.3665847309222e-10,1164200
1.36947282485195e-10,1164300
1.37219284304906e-10,1164400
1.37473971394567e-10,1164500
1.37710873042097e-10,1164600
1.37929556061336e-10,1164700
1.38129625767326e-10,1164800
1.3831072684256e-10,1164900
1.38472544091448e-10,1165000
1.38614803080597e-10,1165100
1.38737270662922e-10,1165200
1.38839755383919e-10,1165300
1.38922107768866e-10,1165400
1.38984220490104e-10,1165500
1.3902602841391e-10,1165600
1.39047508526908e-10,1165700
1.3904867974233e-10,1165800
1.39029602586859e-10,1165900
1.38990378769145e-10,1166000
1.38931150631497e-10,1166100
1.38852100486643e-10,1166200
1.38753449841781e-10,1166300
1.38635458512558e-10,1166400
1.38498423629963e-10,1166500
1.38342678543422e-10,1166600
1.38168591623793e-10,1166700
1.37976564970213e-10,1166800
1.37767033025084e-10,1166900
1.37540461101798e-10,1167000
1.37297343830026e-10,1167100
1.37038203523701e-10,1167200
1.3676358847705e-10,1167300
1.36474071194228e-10,1167400
1.36170246558353e-10,1167500
1.35852729945889e-10,1167600
1.35522155292477e-10,1167700
1.35179173116507e-10,1167800
1.34824448506752e-10,1167900
1.34458659080576e-10,1168000
1.34082492919219e-10,1168100
1.33696646486764e-10,1168200
1.33301822539384e-10,1168300
1.32898728031499e-10,1168400
1.32488072025413e-10,1168500
1.32070563611014e-10,1168600
1.31646909841996e-10,1168700
1.31217813695007e-10,1168800
1.30783972058045e-10,1168900
1.30346073754199e-10,1169000
1.29904797606815e-10,1169100
1.29460810551876e-10,1169200
1.29014765803257e-10,1169300
1.28567301076313e-10,1169400
1.28119036874974e-10,1169500
1.27670574847362e-10,1169600
1.27222496214594e-10,1169700
1.26775360277251e-10,1169800
1.26329703003608e-10,1169900
1.25886035703528e-10,1170000
1.25444843791513e-10,1170100
1.25006585642137e-10,1170200
1.2457169154074e-10,1170300
1.2414056273193e-10,1170400
1.23713570568077e-10,1170500
1.23291055759638e-10,1170600
1.22873327728821e-10,1170700
1.22460664067692e-10,1170800
1.22053310101512e-10,1170900
1.21651478557706e-10,1171000
1.21255349340527e-10,1171100
1.2086506941109e-10,1171200
1.20480752772154e-10,1171300
1.20102480556617e-10,1171400
1.19730301218421e-10,1171500
1.19364230824149e-10,1171600
1.19004253443368e-10,1171700
1.18650321635368e-10,1171800
1.18302357029703e-10,1171900
1.17960250997638e-10,1172000
1.17623865411298e-10,1172100
1.17293033487104e-10,1172200
1.16967560709782e-10,1172300
1.16647225833029e-10,1172400
1.16331781952699e-10,1172500
1.16020957648141e-10,1172600
1.15714458187215e-10,1172700
1.15411966790234e-10,1172800
1.15113145948061e-10,1172900
1.14817638789346e-10,1173000
1.14525070491894e-10,1173100
1.14235049732949e-10,1173200
1.13947170173219e-10,1173300
1.13661011969353e-10,1173400
1.13376143309583e-10,1173500
1.13092121967195e-10,1173600
1.12808496866584e-10,1173700
1.1252480965658e-10,1173800
1.12240596285853e-10,1173900
1.11955388575253e-10,1174000
1.11668715782007e-10,1174100
1.11380106150829e-10,1174200
1.11089088447101e-10,1174300
1.10795193467416e-10,1174400
1.10497955522966e-10,1174500
1.10196913891343e-10,1174600
1.09891614232623e-10,1174700
1.09581609965663e-10,1174800
1.09266463600877e-10,1174900
1.0894574802587e-10,1175000
1.08619047740619e-10,1175100
1.08285960039056e-10,1175200
1.07946096134239e-10,1175300
1.07599082224472e-10,1175400
1.07244560498043e-10,1175500
1.06882190074492e-10,1175600
1.0651164788062e-10,1175700
1.06132629459673e-10,1175800
1.05744849712476e-10,1175900
1.05348043569476e-10,1176000
1.04941966593049e-10,1176100
1.04526395509554e-10,1176200
1.0410112867103e-10,1176300
1.03665986446581e-10,1176400
1.03220811543823e-10,1176500
1.02765469261003e-10,1176600
1.02299847670639e-10,1176700
1.0182385773578e-10,1176800
1.01337433360227e-10,1176900
1.0084053137422e-10,1177000
1.00333131457431e-10,1177100
9.98152360011238e-11,1177200
9.92868699117234e-11,1177300
9.87480803580399e-11,1177400
9.81989364646935e-11,1177500
9.76395289543348e-11,1177600
9.7069969741449e-11,1177700
9.64903914806286e-11,1177800
9.59009470722937e-11,1177900
9.53018091289825e-11,1178000
9.46931694053107e-11,1178100
9.40752381948826e-11,1178200
9.34482436973555e-11,1178300
9.28124313589893e-11,1178400
9.21680631899566e-11,1178500
9.15154170617265e-11,1178600
9.08547859877882e-11,1178700
9.0186477390974e-11,1178800
8.95108123605794e-11,1178900
8.88281249024186e-11,1179000
8.8138761184872e-11,1179100
8.7443078783904e-11,1179200
8.67414459299571e-11,1179300
8.60342407594154e-11,1179400
8.53218505733613e-11,1179500
8.46046711060587e-11,1179600
8.38831058055626e-11,1179700
8.31575651286563e-11,1179800
8.24284658521476e-11,1179900
8.16962304024277e-11,1180000
8.09612862049577e-11,1180100
8.02240650552538e-11,1180200
7.94850025126602e-11,1180300
7.87445373181032e-11,1180400
7.80031108367437e-11,1180500
7.72611665263305e-11,1180600
7.65191494318054e-11,1180700
7.57775057065486e-11,1180800
7.50366821604498e-11,1180900
7.42971258348027e-11,1181000
7.35592836038499e-11,1181100
7.28236018025888e-11,1181200
7.20905258803076e-11,1181300
7.13605000791309e-11,1181400
7.06339671366937e-11,1181500
6.99113680119064e-11,1181600
6.91931416326268e-11,1181700
6.84797246639058e-11,1181800
6.77715512953632e-11,1181900
6.70690530461089e-11,1182000
6.63726585855321e-11,1182100
6.56827935681801e-11,1182200
6.49998804808396e-11,1182300
6.4324338499926e-11,1182400
6.36565833571312e-11,1182500
6.29970272113255e-11,1182600
6.23460785246057e-11,1182700
6.17041419404042e-11,1182800
6.10716181615517e-11,1182900
6.04489038261776e-11,1183000
5.98363913793926e-11,1183100
5.92344689386727e-11,1183200
5.86435201509806e-11,1183300
5.80639240396464e-11,1183400
5.74960548391704e-11,1183500
5.6940281816135e-11,1183600
5.63969690745661e-11,1183700
5.58664753441397e-11,1183800
5.53491537497899e-11,1183900
5.48453515613862e-11,1184000
5.4355409922281e-11,1184100
5.38796635556971e-11,1184200
5.34184404480672e-11,1184300
5.29720615086019e-11,1184400
5.25408402045526e-11,1184500
5.21250821717803e-11,1184600
5.17250848004674e-11,1184700
5.13411367959625e-11,1184800
5.09735177149454e-11,1184900
5.06224974773146e-11,1185000
5.02883358543706e-11,1185100
4.99712819340689e-11,1185200
4.96715735643173e-11,1185300
4.93894367754881e-11,1185400
4.91250851834958e-11,1185500
4.887871937498e-11,1185600
4.86505262763417e-11,1185700
4.84406785084994e-11,1185800
4.82493337294966e-11,1185900
4.80766339671471e-11,1186000
4.79227049441563e-11,1186100
4.77876553982464e-11,1186200
4.76715763999723e-11,1186300
4.75745406710419e-11,1186400
4.74966019060672e-11,1186500
4.74377941007777e-11,1186600
4.73981308898191e-11,1186700
4.73776048973385e-11,1186800
4.73761871036293e-11,1186900
4.73938262311352e-11,1187000
4.74304481531936e-11,1187100
4.74859553288596e-11,1187200
4.75602262672241e-11,1187300
4.765311502456e-11,1187400
4.77644507376728e-11,1187500
4.78940371967327e-11,1187600
4.80416524608458e-11,1187700
4.82070485195342e-11,1187800
4.83899510032003e-11,1187900
4.85900589455724e-11,1188000
4.88070446009575e-11,1188100
4.90405533190674e-11,1188200
4.9290203479952e-11,1188300
4.95555864914829e-11,1188400
4.98362668516056e-11,1188500
5.01317822774068e-11,1188600
5.04416439028499e-11,1188700
5.0765336546786e-11,1188800
5.11023190526695e-11,1188900
5.14520247011279e-11,1189000
5.18138616963128e-11,1189100
5.21872137267134e-11,1189200
5.25714406008247e-11,1189300
5.2965878957831e-11,1189400
5.33698430531663e-11,1189500
5.37826256185445e-11,1189600
5.42034987957847e-11,1189700
5.46317151434459e-11,1189800
5.50665087150397e-11,1189900
5.55070962072653e-11,1190000
5.5952678176466e-11,1190100
5.64024403212e-11,1190200
5.68555548285604e-11,1190300
5.73111817815825e-11,1190400
5.77684706248486e-11,1190500
5.82265616850986e-11,1190600
5.8684587743443e-11,1190700
5.91416756554969e-11,1190800
5.95969480155446e-11,1190900
6.00495248606278e-11,1191000
6.04985254102176e-11,1191100
6.09430698369475e-11,1191200
6.13822810637243e-11,1191300
6.18152865823219e-11,1191400
6.22412202884499e-11,1191500
6.26592243281501e-11,1191600
6.30684509502228e-11,1191700
6.34680643593365e-11,1191800
6.38572425643523e-11,1191900
6.42351792163445e-11,1192000
6.46010854307726e-11,1192100
6.49541915881946e-11,1192200
6.52937491079632e-11,1192300
6.56190321893077e-11,1192400
6.5929339514276e-11,1192500
6.62239959070648e-11,1192600
6.65023539443194e-11,1192700
6.67637955111038e-11,1192800
6.70077332973625e-11,1192900
6.72336122298001e-11,1193000
6.74409108342992e-11,1193100
6.76291425241503e-11,1193200
6.77978568095535e-11,1193300
6.79466404240882e-11,1193400
6.80751183640522e-11,1193500
6.81829548368224e-11,1193600
6.82698541146609e-11,1193700
6.83355612906409e-11,1193800
6.83798629336893e-11,1193900
6.84025876400091e-11,1194000
6.8403606478485e-11,1194100
6.83828333279996e-11,1194200
6.8340225104895e-11,1194300
6.82757818792018e-11,1194400
6.81895468785604e-11,1194500
6.8081606379162e-11,1194600
6.79520894833658e-11,1194700
6.78011677840336e-11,1194800
6.76290549159703e-11,1194900
6.74360059952621e-11,1195000
6.7222316947636e-11,1195100
6.69883237273579e-11,1195200
6.67344014285254e-11,1195300
6.64609632910146e-11,1195400
6.61684596036315e-11,1195500
6.58573765074259e-11,1195600
6.55282347024277e-11,1195700
6.51815880614057e-11,1195800
6.48180221545624e-11,1195900
6.44381526894143e-11,1196000
6.40426238703323e-11,1196100
6.36321066825738e-11,1196200
6.32072971058614e-11,1196300
6.27689142627912e-11,1196400
6.23176985076477e-11,1196500
6.18544094613238e-11,1196600
6.13798239983423e-11,1196700
6.08947341920351e-11,1196800
6.03999452241921e-11,1196900
5.98962732655494e-11,1197000
5.93845433336243e-11,1197100
5.88655871344953e-11,1197200
5.83402408951817e-11,1197300
5.78093431933132e-11,1197400
5.72737327908132e-11,1197500
5.67342464782948e-11,1197600
5.6191716936866e-11,1197700
5.56469706239552e-11,1197800
5.5100825689737e-11,1197900
5.4554089930588e-11,1198000
5.40075587859261e-11,1198100
5.34620133846336e-11,1198200
5.29182186470707e-11,1198300
5.23769214485473e-11,1198400
5.1838848849878e-11,1198500
5.13047064004304e-11,1198600
5.07751765188496e-11,1198700
5.02509169563295e-11,1198800
4.97325593470856e-11,1198900
4.9220707850332e-11,1199000
4.87159378877767e-11,1199100
4.82187949803227e-11,1199200
4.77297936873097e-11,1199300
4.72494166513014e-11,1199400
4.67781137510251e-11,1199500
4.63163013647432e-11,1199600
4.58643617459049e-11,1199700
4.5422642512602e-11,1199800
4.49914562518803e-11,1199900
4.45710802396591e-11,1200000
4.41617562765145e-11,1200100
4.3763690639263e-11,1200200
4.33770541478362e-11,1200300
4.30019823465552e-11,1200400
4.26385757985299e-11,1200500
4.22869004914974e-11,1200600
4.19469883530546e-11,1200700
4.16188378728501e-11,1200800
4.13024148289455e-11,1200900
4.09976531151873e-11,1201000
4.07044556661134e-11,1201100
4.0422695475539e-11,1201200
4.0152216704723e-11,1201300
3.98928358756352e-11,1201400
3.96443431446143e-11,1201500
3.94065036514326e-11,1201600
3.91790589384937e-11,1201700
3.8961728434723e-11,1201800
3.87542109984424e-11,1201900
3.85561865133724e-11,1202000
3.8367317531706e-11,1202100
3.81872509580885e-11,1202200
3.80156197681773e-11,1202300
3.78520447553797e-11,1202400
3.76961362992876e-11,1202500
3.75474961492689e-11,1202600
3.74057192166503e-11,1202700
3.72703953689197e-11,1202800
3.71411112194029e-11,1202900
3.7017451905897e-11,1203000
3.6899002851833e-11,1203100
3.67853515035981e-11,1203200
3.66760890377966e-11,1203300
3.65708120323419e-11,1203400
3.64691240954233e-11,1203500
3.63706374466071e-11,1203600
3.62749744444823e-11,1203700
3.6181769055518e-11,1203800
3.60906682590262e-11,1203900
3.60013333833788e-11,1204000
3.59134413689087e-11,1204100
3.58266859532018e-11,1204200
3.57407787748169e-11,1204300
3.56554503917678e-11,1204400
3.55704512114397e-11,1204500
3.54855523289721e-11,1204600
3.54005462714654e-11,1204700
3.53152476457593e-11,1204800
3.52294936878895e-11,1204900
3.51431447126949e-11,1205000
3.50560844624629e-11,1205100
3.49682203538276e-11,1205200
3.48794836225957e-11,1205300
3.47898293664877e-11,1205400
3.46992364862241e-11,1205500
3.46077075257301e-11,1205600
3.45152684126434e-11,1205700
3.44219681006447e-11,1205800
3.43278781155444e-11,1205900
3.42330920073673e-11,1206000
3.41377247110668e-11,1206100
3.4041911818812e-11,1206200
3.39458087671286e-11,1206300
3.38495899424832e-11,1206400
3.37534477092016e-11,1206500
3.36575913638885e-11,1206600
3.35622460207899e-11,1206700
3.34676514327785e-11,1206800
3.33740607528824e-11,1206900
3.32817392414798e-11,1207000
3.31909629244788e-11,1207100
3.31020172079654e-11,1207200
3.30151954549594e-11,1207300
3.29307975300376e-11,1207400
3.28491283176943e-11,1207500
3.27704962203799e-11,1207600
3.2695211642241e-11,1207700
3.26235854645847e-11,1207800
3.25559275191481e-11,1207900
3.2492545065201e-11,1208000
3.24337412765023e-11,1208100
3.23798137440743e-11,1208200
3.23310530006652e-11,1208300
3.22877410726804e-11,1208400
3.22501500652416e-11,1208500
3.22185407858859e-11,1208600
3.2193161412248e-11,1208700
3.21742462088927e-11,1208800
3.21620142982547e-11,1208900
3.2156668490429e-11,1209000
3.21583941762934e-11,1209100
3.21673582882261e-11,1209200
3.21837083323707e-11,1209300
3.22075714961383e-11,1209400
3.22390538343297e-11,1209500
3.22782395369485e-11,1209600
3.23251902814538e-11,1209700
3.23799446718731e-11,1209800
3.24425177668387e-11,1209900
3.25129006982965e-11,1210000
3.25910603822391e-11,1210100
3.26769393224985e-11,1210200
3.27704555082429e-11,1210300
3.2871502405473e-11,1210400
3.29799490424604e-11,1210500
3.30956401886802e-11,1210600
3.32183966264684e-11,1210700
3.33480155142461e-11,1210800
3.3484270839835e-11,1210900
3.36269139620125e-11,1211000
3.37756742381598e-11,1211100
3.39302597354901e-11,1211200
3.40903580230619e-11,1211300
3.42556370414661e-11,1211400
3.44257460467856e-11,1211500
3.46003166251466e-11,1211600
3.4778963773936e-11,1211700
3.49612870454919e-11,1211800
3.51468717488642e-11,1211900
3.53352902050233e-11,1212000
3.55261030506991e-11,1212100
3.57188605858707e-11,1212200
3.59131041597667e-11,1212300
3.61083675900997e-11,1212400
3.63041786101539e-11,1212500
3.65000603382515e-11,1212600
3.66955327640515e-11,1212700
3.68901142460861e-11,1212800
3.70833230149188e-11,1212900
3.72746786762971e-11,1213000
3.74637037086988e-11,1213100
3.76499249496971e-11,1213200
3.78328750656439e-11,1213300
3.80120939992437e-11,1213400
3.81871303896911e-11,1213500
3.83575429601786e-11,1213600
3.85229018677144e-11,1213700
3.86827900103434e-11,1213800
3.88368042870712e-11,1213900
3.89845568059584e-11,1214000
3.91256760360856e-11,1214100
3.92598078993198e-11,1214200
3.93866167980368e-11,1214300
3.95057865752514e-11,1214400
3.9617021403848e-11,1214500
3.97200466018938e-11,1214600
3.98146093713317e-11,1214700
3.99004794576275e-11,1214800
3.99774497282828e-11,1214900
4.00453366684239e-11,1215000
4.01039807920251e-11,1215100
4.01532469676311e-11,1215200
4.01930246578016e-11,1215300
4.02232280718127e-11,1215400
4.02437962315103e-11,1215500
4.0254692950518e-11,1215600
4.02559067273609e-11,1215700
4.02474505533834e-11,1215800
4.02293616366655e-11,1215900
4.02017010434563e-11,1216000
4.01645532589732e-11,1216100
4.01180256696934e-11,1216200
4.00622479695817e-11,1216300
3.99973714929644e-11,1216400
3.9923568477037e-11,1216500
3.98410312572632e-11,1216600
3.97499713991391e-11,1216700
3.96506187700601e-11,1216800
3.95432205552155e-11,1216900
3.94280402216521e-11,1217000
3.93053564348174e-11,1217100
3.91754619320575e-11,1217200
3.90386623577038e-11,1217300
3.88952750644815e-11,1217400
3.87456278861072e-11,1217500
3.85900578860091e-11,1217600
3.84289100871859e-11,1217700
3.82625361882529e-11,1217800
3.80912932707557e-11,1217900
3.791554250285e-11,1218000
3.7735647844406e-11,1218100
3.75519747585837e-11,1218200
3.73648889348646e-11,1218300
3.71747550284413e-11,1218400
3.69819354207913e-11,1218500
3.67867890061336e-11,1218600
3.65896700083344e-11,1218700
3.63909268326989e-11,1218800
3.61909009569004e-11,1218900
3.59899258651202e-11,1219000
3.57883260292811e-11,1219100
3.55864159410375e-11,1219200
3.53844991979635e-11,1219300
3.51828676471342e-11,1219400
3.49818005890495e-11,1219500
3.4781564044585e-11,1219600
3.4582410087387e-11,1219700
3.43845762438339e-11,1219800
3.41882849624251e-11,1219900
3.399374315412e-11,1220000
3.3801141804906e-11,1220100
3.36106556615133e-11,1220200
3.34224429909394e-11,1220300
3.32366454140964e-11,1220400
3.3053387813612e-11,1220500
3.28727783155046e-11,1220600
3.2694908344134e-11,1220700
3.25198527495507e-11,1220800
3.23476700060488e-11,1220900
3.21784024804559e-11,1221000
3.20120767683972e-11,1221100
3.18487040965033e-11,1221200
3.16882807882654e-11,1221300
3.15307887909784e-11,1221400
3.13761962609928e-11,1221500
3.12244582042282e-11,1221600
3.10755171687192e-11,1221700
3.0929303985741e-11,1221800
3.07857385558759e-11,1221900
3.06447306762222e-11,1222000
3.05061809047663e-11,1222100
3.03699814578275e-11,1222200
3.0236017136336e-11,1222300
3.01041662766311e-11,1222400
2.99743017213463e-11,1222500
2.98462918059084e-11,1222600
2.97200013561252e-11,1222700
2.95952926922882e-11,1222800
2.94720266352359e-11,1222900
2.93500635098112e-11,1223000
2.92292641411794e-11,1223100
2.9109490839531e-11,1223200
2.89906083687427e-11,1223300
2.88724848946693e-11,1223400
2.87549929088332e-11,1223500
2.86380101233938e-11,1223600
2.85214203334366e-11,1223700
2.84051142427429e-11,1223800
2.8288990249398e-11,1223900
2.81729551877667e-11,1224000
2.80569250235615e-11,1224100
2.79408254989482e-11,1224200
2.78245927248493e-11,1224300
2.77081737178465e-11,1224400
2.75915268793258e-11,1224500
2.74746224147717e-11,1224600
2.7357442691362e-11,1224700
2.7239982532316e-11,1224800
2.71222494466944e-11,1224900
2.7004263793655e-11,1225000
2.68860588804419e-11,1225100
2.67676809936789e-11,1225200
2.66491893638321e-11,1225300
2.65306560629812e-11,1225400
2.6412165836363e-11,1225500
2.62938158683845e-11,1225600
2.61757154841513e-11,1225700
2.60579857877761e-11,1225800
2.5940759239052e-11,1225900
2.5824179170315e-11,1226000
2.57083992455915e-11,1226100
2.55935828643743e-11,1226200
2.5479902512607e-11,1226300
2.5367539063697e-11,1226400
2.52566810325804e-11,1226500
2.51475237860716e-11,1226600
2.50402687129358e-11,1226700
2.49351223572698e-11,1226800
2.4832295518966e-11,1226900
2.47320023251659e-11,1227000
2.46344592767316e-11,1227100
2.45398842739044e-11,1227200
2.44484956253671e-11,1227300
2.43605110450574e-11,1227400
2.42761466410944e-11,1227500
2.41956159012399e-11,1227600
2.41191286793456e-11,1227700
2.40468901872122e-11,1227800
2.39790999963101e-11,1227900
2.3915951053733e-11,1228000
2.38576287167492e-11,1228100
2.38043098101952e-11,1228200
2.37561617109215e-11,1228300
2.37133414633413e-11,1228400
2.36759949300444e-11,1228500
2.36442559812964e-11,1228600
2.36182457270603e-11,1228700
2.3598071795037e-11,1228800
2.35838276580223e-11,1228900
2.35755920136699e-11,1229000
2.35734282195553e-11,1229100
2.35773837861866e-11,1229200
2.35874899303947e-11,1229300
2.36037611912756e-11,1229400
2.36261951105912e-11,1229500
2.36547719793016e-11,1229600
2.36894546515907e-11,1229700
2.3730188427498e-11,1229800
2.37769010049768e-11,1229900
2.3829502501908e-11,1230000
2.38878855483115e-11,1230100
2.39519254487158e-11,1230200
2.40214804143408e-11,1230300
2.40963918644638e-11,1230400
2.41764847960623e-11,1230500
2.42615682205195e-11,1230600
2.43514356659255e-11,1230700
2.44458657432075e-11,1230800
2.45446227740741e-11,1230900
2.46474574784888e-11,1231000
2.4754107719139e-11,1231100
2.48642993001321e-11,1231200
2.4977746816908e-11,1231300
2.50941545541595e-11,1231400
2.52132174283202e-11,1231500
2.5334621971022e-11,1231600
2.54580473497129e-11,1231700
2.55831664214937e-11,1231800
2.5709646816071e-11,1231900
2.5837152043594e-11,1232000
2.59653426230487e-11,1232100
2.60938772267604e-11,1232200
2.62224138365065e-11,1232300
2.63506109066717e-11,1232400
2.64781285298299e-11,1232500
2.66046296001404e-11,1232600
2.67297809699133e-11,1232700
2.68532545947492e-11,1232800
2.69747286626596e-11,1232900
2.70938887026634e-11,1233000
2.72104286684016e-11,1233100
2.73240519924129e-11,1233200
2.7434472606829e-11,1233300
2.75414159263608e-11,1233400
2.76446197896058e-11,1233500
2.77438353548501e-11,1233600
2.78388279467282e-11,1233700
2.79293778502904e-11,1233800
2.80152810492248e-11,1233900
2.80963499052112e-11,1234000
2.81724137756098e-11,1234100
2.82433195669207e-11,1234200
2.83089322217331e-11,1234300
2.83691351371018e-11,1234400
2.84238305126027e-11,1234500
2.84729396265754e-11,1234600
2.85164030393482e-11,1234700
2.8554180722541e-11,1234800
2.85862521138266e-11,1234900
2.86126160968377e-11,1235000
2.86332909062008e-11,1235100
2.86483139579798e-11,1235200
2.86577416061167e-11,1235300
2.86616488257403e-11,1235400
2.86601288245322e-11,1235500
2.86532925836059e-11,1235600
2.86412683296503e-11,1235700
2.86242009403763e-11,1235800
2.86022512855458e-11,1235900
2.85755955061694e-11,1236000
2.8544424234662e-11,1236100
2.85089417590252e-11,1236200
2.84693651343274e-11,1236300
2.84259232449888e-11,1236400
2.83788558215592e-11,1236500
2.8328412415887e-11,1236600
2.8274851338731e-11,1236700
2.82184385640293e-11,1236800
2.81594466041848e-11,1236900
2.80981533608381e-11,1237000
2.80348409557078e-11,1237100
2.79697945461705e-11,1237200
2.79033011302996e-11,1237300
2.78356483461608e-11,1237400
2.77671232701597e-11,1237500
2.76980112192719e-11,1237600
2.76285945619568e-11,1237700
2.75591515425473e-11,1237800
2.74899551238356e-11,1237900
2.74212718525328e-11,1238000
2.73533607521752e-11,1238100
2.72864722479572e-11,1238200
2.72208471278384e-11,1238300
2.71567155441439e-11,1238400
2.70942960597069e-11,1238500
2.70337947424381e-11,1238600
2.69754043120168e-11,1238700
2.69193033421831e-11,1238800
2.68656555219029e-11,1238900
2.68146089784475e-11,1239000
2.6766295665168e-11,1239100
2.67208308165062e-11,1239200
2.66783124725092e-11,1239300
2.66388210748339e-11,1239400
2.66024191359587e-11,1239500
2.6569150983006e-11,1239600
2.65390425772973e-11,1239700
2.65121014104626e-11,1239800
2.64883164775953e-11,1239900
2.64676583276714e-11,1240000
2.64500791911055e-11,1240100
2.64355131840347e-11,1240200
2.64238765885914e-11,1240300
2.6415068208138e-11,1240400
2.64089697961176e-11,1240500
2.64054465568896e-11,1240600
2.64043477166218e-11,1240700
2.64055071620258e-11,1240800
2.64087441444549e-11,1240900
2.64138640466008e-11,1241000
2.64206592087968e-11,1241100
2.64289098116575e-11,1241200
2.6438384811591e-11,1241300
2.6448842925467e-11,1241400
2.64600336605525e-11,1241500
2.64716983856117e-11,1241600
2.6483571438923e-11,1241700
2.64953812687781e-11,1241800
2.65068516019354e-11,1241900
2.65177026353279e-11,1242000
2.65276522462717e-11,1242100
2.65364172163138e-11,1242200
2.65437144638026e-11,1242300
2.65492622802222e-11,1242400
2.65527815652985e-11,1242500
2.65539970559132e-11,1242600
2.65526385438247e-11,1242700
2.6548442077294e-11,1242800
2.6541151141708e-11,1242900
2.65305178144296e-11,1243000
2.65163038891417e-11,1243100
2.64982819651073e-11,1243200
2.64762364968833e-11,1243300
2.6449964800171e-11,1243400
2.64192780096741e-11,1243500
2.63840019849886e-11,1243600
2.63439781607858e-11,1243700
2.6299064337729e-11,1243800
2.62491354108263e-11,1243900
2.61940840321413e-11,1244000
2.61338212050501e-11,1244100
2.60682768075082e-11,1244200
2.59974000420461e-11,1244300
2.59211598105298e-11,1244400
2.5839545011988e-11,1244500
2.57525647621322e-11,1244600
2.56602485335005e-11,1244700
2.5562646215455e-11,1244800
2.54598280936028e-11,1244900
2.5351884748505e-11,1245000
2.52389268738819e-11,1245100
2.51210850148177e-11,1245200
2.49985092268106e-11,1245300
2.48713686568061e-11,1245400
2.47398510476758e-11,1245500
2.4604162167912e-11,1245600
2.44645251685917e-11,1245700
2.43211798699717e-11,1245800
2.41743819803449e-11,1245900
2.402440225007e-11,1246000
2.38715255639418e-11,1246100
2.37160499753191e-11,1246200
2.35582856856591e-11,1246300
2.33985539733399e-11,1246400
2.32371860758362e-11,1246500
2.30745220295353e-11,1246600
2.29109094716179e-11,1246700
2.27467024086162e-11,1246800
2.25822599563751e-11,1246900
2.2417945056281e-11,1247000
2.22541231727071e-11,1247100
2.2091160976714e-11,1247200
2.19294250211093e-11,1247300
2.17692804119934e-11,1247400
2.16110894819608e-11,1247500
2.14552104701122e-11,1247600
2.13019962140146e-11,1247700
2.11517928587133e-11,1247800
2.10049385878289e-11,1247900
2.08617623817012e-11,1248000
2.07225828074311e-11,1248100
2.05877068455646e-11,1248200
2.04574287580144e-11,1248300
2.03320290016596e-11,1248400
2.02117731918969e-11,1248500
2.00969111202118e-11,1248600
1.99876758296459e-11,1248700
1.98842827518035e-11,1248800
1.97869289087999e-11,1248900
1.96957921833157e-11,1249000
1.96110306596431e-11,1249100
1.95327820383427e-11,1249200
1.94611631268411e-11,1249300
1.93962694080037e-11,1249400
1.93381746884081e-11,1249500
1.92869308277452e-11,1249600
1.92425675504417e-11,1249700
1.92050923402912e-11,1249800
1.91744904185448e-11,1249900
1.91507248055913e-11,1250000
1.91337364660298e-11,1250100
1.91234445366041e-11,1250200
1.91197466361531e-11,1250300
1.91225192563996e-11,1250400
1.91316182320871e-11,1250500
1.91468792886641e-11,1250600
1.91681186654009e-11,1250700
1.91951338115436e-11,1250800
1.92277041528033e-11,1250900
1.92655919252138e-11,1251000
1.93085430731268e-11,1251100
1.9356288207844e-11,1251200
1.9408543623175e-11,1251300
1.94650123639497e-11,1251400
1.95253853433414e-11,1251500
1.9589342504631e-11,1251600
1.96565540228909e-11,1251700
1.97266815418985e-11,1251800
1.97993794414464e-11,1251900
1.98742961301112e-11,1252000
1.99510753584208e-11,1252100
2.00293575472978e-11,1252200
2.01087811265836e-11,1252300
2.0188983878419e-11,1252400
2.0269604280221e-11,1252500
2.03502828420144e-11,1252600
2.04306634328927e-11,1252700
2.05103945914152e-11,1252800
2.05891308148295e-11,1252900
2.06665338220765e-11,1253000
2.07422737856507e-11,1253100
2.08160305274961e-11,1253200
2.08874946742838e-11,1253300
2.09563687675539e-11,1253400
2.10223683244011e-11,1253500
2.1085222844571e-11,1253600
2.1144676760049e-11,1253700
2.1200490323455e-11,1253800
2.12524404317926e-11,1253900
2.13003213823666e-11,1254000
2.13439455579516e-11,1254100
2.13831440385682e-11,1254200
2.1417767137521e-11,1254300
2.14476848596632e-11,1254400
2.14727872801369e-11,1254500
2.14929848421868e-11,1254600
2.15082085729415e-11,1254700
2.15184102163982e-11,1254800
2.15235622831733e-11,1254900
2.15236580169108e-11,1255000
2.15187112775772e-11,1255100
2.15087563421996e-11,1255200
2.14938476239389e-11,1255300
2.14740593107102e-11,1255400
2.14494849248901e-11,1255500
2.14202368059612e-11,1255600
2.13864455182579e-11,1255700
2.13482591862701e-11,1255800
2.13058427602667e-11,1255900
2.12593772152581e-11,1256000
2.1209058686605e-11,1256100
2.11550975458255e-11,1256200
2.10977174203935e-11,1256300
2.1037154161548e-11,1256400
2.09736547643445e-11,1256500
2.09074762443681e-11,1256600
2.0838884475705e-11,1256700
2.07681529949315e-11,1256800
2.06955617760015e-11,1256900
2.06213959810556e-11,1257000
2.05459446922504e-11,1257100
2.04694996297989e-11,1257200
2.03923538614655e-11,1257300
2.03148005087964e-11,1257400
2.02371314553775e-11,1257500
2.01596360624136e-11,1257600
2.00825998968899e-11,1257700
2.0006303477526e-11,1257800
1.9931021043671e-11,1257900
1.98570193521939e-11,1258000
1.9784556507312e-11,1258100
1.97138808281689e-11,1258200
1.96452297588322e-11,1258300
1.95788288252003e-11,1258400
1.95148906431311e-11,1258500
1.94536139818948e-11,1258600
1.93951828868339e-11,1258700
1.93397658648794e-11,1258800
1.92875151363162e-11,1258900
1.92385659559261e-11,1259000
1.91930360063642e-11,1259100
1.9151024866321e-11,1259200
1.91126135557412e-11,1259300
1.90778641600375e-11,1259400
1.90468195349386e-11,1259500
1.9019503093276e-11,1259600
1.89959186746791e-11,1259700
1.89760504988247e-11,1259800
1.89598632025422e-11,1259900
1.89473019607244e-11,1260000
1.89382926906819e-11,1260100
1.89327423392075e-11,1260200
1.89305392513042e-11,1260300
1.89315536191824e-11,1260400
1.89356380098158e-11,1260500
1.89426279690107e-11,1260600
1.89523426996445e-11,1260700
1.89645858114062e-11,1260800
1.8979146139099e-11,1260900
1.89957986262589e-11,1261000
1.90143052705897e-11,1261100
1.90344161274484e-11,1261200
1.90558703673769e-11,1261300
1.90783973834429e-11,1261400
1.91017179439515e-11,1261500
1.91255453858901e-11,1261600
1.91495868442934e-11,1261700
1.91735445125641e-11,1261800
1.91971169286455e-11,1261900
1.9220000281831e-11,1262000
1.9241889734892e-11,1262100
1.92624807561372e-11,1262200
1.92814704559702e-11,1262300
1.92985589224598e-11,1262400
1.93134505504591e-11,1262500
1.93258553587914e-11,1262600
1.9335490290079e-11,1262700
1.93420804878349e-11,1262800
1.93453605455149e-11,1262900
1.934507572234e-11,1263000
1.93409831207994e-11,1263100
1.9332852820905e-11,1263200
1.93204689664152e-11,1263300
1.93036307984288e-11,1263400
1.92821536319593e-11,1263500
1.92558697713003e-11,1263600
1.92246293602405e-11,1263700
1.91883011634267e-11,1263800
1.91467732754507e-11,1263900
1.90999537545044e-11,1264000
1.90477711777445e-11,1264100
1.89901751158211e-11,1264200
1.89271365243252e-11,1264300
1.88586480502483e-11,1264400
1.87847242518807e-11,1264500
1.87054017309043e-11,1264600
1.86207391757999e-11,1264700
1.8530817316023e-11,1264800
1.84357387867728e-11,1264900
1.83356279045192e-11,1265000
1.82306303538184e-11,1265100
1.81209127863033e-11,1265200
1.80066623330749e-11,1265300
1.78880860320881e-11,1265400
1.77654101724476e-11,1265500
1.76388795578811e-11,1265600
1.75087566919793e-11,1265700
1.73753208881033e-11,1265800
1.72388673071847e-11,1265900
1.70997059269206e-11,1266000
1.69581604461632e-11,1266100
1.68145671285623e-11,1266200
1.66692735897787e-11,1266300
1.65226375328189e-11,1266400
1.6375025436265e-11,1266500
1.62268112003685e-11,1266600
1.60783747561688e-11,1266700
1.59301006429483e-11,1266800
1.5782376559489e-11,1266900
1.5635591894706e-11,1267000
1.54901362433396e-11,1267100
1.53463979124659e-11,1267200
1.52047624246311e-11,1267300
1.50656110234606e-11,1267400
1.49293191875908e-11,1267500
1.47962551587671e-11,1267600
1.46667784899082e-11,1267700
1.45412386188883e-11,1267800
1.44199734736873e-11,1267900
1.43033081144827e-11,1268000
1.41915534181032e-11,1268100
1.40850048101365e-11,1268200
1.39839410498023e-11,1268300
1.38886230725225e-11,1268400
1.37992928949048e-11,1268500
1.37161725866268e-11,1268600
1.36394633134756e-11,1268700
1.35693444555144e-11,1268800
1.35059728040853e-11,1268900
1.34494818410582e-11,1269000
1.33999811034232e-11,1269100
1.33575556360092e-11,1269200
1.33222655347761e-11,1269300
1.32941455827857e-11,1269400
1.32732049806018e-11,1269500
1.32594271725171e-11,1269600
1.325276976963e-11,1269700
1.32531645704318e-11,1269800
1.32605176791853e-11,1269900
1.32747097220003e-11,1270000
1.32955961601387e-11,1270100
1.33230076996998e-11,1270200
1.33567507964694e-11,1270300
1.33966082543414e-11,1270400
1.34423399153611e-11,1270500
1.34936834390732e-11,1270600
1.35503551685241e-11,1270700
1.36120510799064e-11,1270800
1.3678447812522e-11,1270900
1.37492037754167e-11,1271000
1.38239603267306e-11,1271100
1.39023430215261e-11,1271200
1.39839629235801e-11,1271300
1.40684179763643e-11,1271400
1.4155294428208e-11,1271500
1.42441683064069e-11,1271600
1.43346069348507e-11,1271700
1.44261704895498e-11,1271800
1.45184135862984e-11,1271900
1.46108868945548e-11,1272000
1.47031387715207e-11,1272100
1.47947169103017e-11,1272200
1.48851699959594e-11,1272300
1.49740493632293e-11,1272400
1.50609106496498e-11,1272500
1.51453154378468e-11,1272600
1.52268328807611e-11,1272700
1.53050413036318e-11,1272800
1.53795297766459e-11,1272900
1.54498996522419e-11,1273000
1.55157660611975e-11,1273100
1.55767593617476e-11,1273200
1.56325265361706e-11,1273300
1.56827325294518e-11,1273400
1.57270615248434e-11,1273500
1.57652181513763e-11,1273600
1.57969286186142e-11,1273700
1.58219417742165e-11,1273800
1.58400300801599e-11,1273900
1.58509905037517e-11,1274000
1.58546453199125e-11,1274100
1.58508428215016e-11,1274200
1.58394579348307e-11,1274300
1.5820392737837e-11,1274400
1.57935768787745e-11,1274500
1.57589678936345e-11,1274600
1.57165514209039e-11,1274700
1.56663413126368e-11,1274800
1.56083796412215e-11,1274900
1.55427366016095e-11,1275000
1.54695103091667e-11,1275100
1.53888264937048e-11,1275200
1.53008380906473e-11,1275300
1.52057247306626e-11,1275400
1.51036921294965e-11,1275500
1.49949713801055e-11,1275600
1.48798181495704e-11,1275700
1.47585117836256e-11,1275800
1.46313543220059e-11,1275900
1.44986694281367e-11,1276000
1.43608012370351e-11,1276100
1.42181131255973e-11,1276200
1.40709864097485e-11,1276300
1.39198189732145e-11,1276400
1.37650238329313e-11,1276500
1.36070276463709e-11,1276600
1.34462691662665e-11,1276700
1.32831976484431e-11,1276800
1.31182712186381e-11,1276900
1.29519552043515e-11,1277000
1.27847204379177e-11,1277100
1.26170415370988e-11,1277200
1.24493951695894e-11,1277300
1.22822583079014e-11,1277400
1.21161064811304e-11,1277500
1.19514120301315e-11,1277600
1.17886423726241e-11,1277700
1.16282582847186e-11,1277800
1.14707122052977e-11,1277900
1.13164465696103e-11,1278000
1.11658921783332e-11,1278100
1.10194666082296e-11,1278200
1.08775726703751e-11,1278300
1.07405969217656e-11,1278400
1.06089082359054e-11,1278500
1.04828564377822e-11,1278600
1.03627710083719e-11,1278700
1.0248959863586e-11,1278800
1.01417082122762e-11,1278900
1.00412774976395e-11,1279000
9.94790442603494e-12,1279100
9.86180008692153e-12,1279200
9.78314916726814e-12,1279300
9.71210926344716e-12,1279400
9.64881029325466e-12,1279500
9.59335401032618e-12,1279600
9.5458136228383e-12,1279700
9.50623351798923e-12,1279800
9.47462909336641e-12,1279900
9.45098669589648e-12,1280000
9.43526366868196e-12,1280100
9.42738850561522e-12,1280200
9.42726111326126e-12,1280300
9.43475317909922e-12,1280400
9.44970864480582e-12,1280500
9.47194428288181e-12,1280600
9.50125037452071e-12,1280700
9.53739148625022e-12,1280800
9.58010734249851e-12,1280900
9.62911379087716e-12,1281000
9.6841038566291e-12,1281100
9.74474888234836e-12,1281200
9.81069974875813e-12,1281300
9.88158817203571e-12,1281400
9.95702807287124e-12,1281500
1.00366170121931e-11,1281600
1.01199376882259e-11,1281700
1.02065594893275e-11,1281800
1.02960400968354e-11,1281900
1.03879271319648e-11,1282000
1.04817598406361e-11,1282100
1.05770708099643e-11,1282200
1.06733877100252e-11,1282300
1.07702350544145e-11,1282400
1.08671359730476e-11,1282500
1.09636139905999e-11,1282600
1.10591948039662e-11,1282700
1.11534080521172e-11,1282800
1.12457890717674e-11,1282900
1.1335880632311e-11,1283000
1.14232346435659e-11,1283100
1.15074138299697e-11,1283200
1.15879933649889e-11,1283300
1.16645624596578e-11,1283400
1.17367258993346e-11,1283500
1.18041055229552e-11,1283600
1.18663416392764e-11,1283700
1.19230943748463e-11,1283800
1.19740449486847e-11,1283900
1.20188968689376e-11,1284000
1.2057377047059e-11,1284100
1.20892368253839e-11,1284200
1.21142529142775e-11,1284300
1.21322282353934e-11,1284400
1.21429926679048e-11,1284500
1.21464036949646e-11,1284600
1.21423469479969e-11,1284700
1.21307366468174e-11,1284800
1.21115159339727e-11,1284900
1.20846571020726e-11,1285000
1.20501617132976e-11,1285100
1.20080606106656e-11,1285200
1.19584138210417e-11,1285300
1.19013103502817e-11,1285400
1.18368678713018e-11,1285500
1.17652323062666e-11,1285600
1.1686577304475e-11,1285700
1.16011036179255e-11,1285800
1.1509038376904e-11,1285900
1.14106342683271e-11,1286000
1.13061686199189e-11,1286100
1.11959423936583e-11,1286200
1.10802790922652e-11,1286300
1.09595235828164e-11,1286400
1.08340408418846e-11,1286500
1.07042146268893e-11,1286600
1.05704460786119e-11,1286700
1.04331522600856e-11,1286800
1.02927646372996e-11,1286900
1.01497275073686e-11,1287000
1.00044963800126e-11,1287100
9.8575363183581e-12,1287200
9.70932024521442e-12,1287300
9.5603272211062e-12,1287400
9.41104070044176e-12,1287500
9.2619467722653e-12,1287600
9.11353239209767e-12,1287700
8.96628361139633e-12,1287800
8.82068381116101e-12,1287900
8.67721194619365e-12,1288000
8.536340806473e-12,1288100
8.39853530202935e-12,1288200
8.26425077761501e-12,1288300
8.13393136334065e-12,1288400
8.00800836731097e-12,1288500
7.88689871612706e-12,1288600
7.77100344893483e-12,1288700
7.66070627049587e-12,1288800
7.55637216852411e-12,1288900
7.45834610029156e-12,1289000
7.36695175323415e-12,1289100
7.28249038401319e-12,1289200
7.20523974018429e-12,1289300
7.13545306831256e-12,1289400
7.07335821204998e-12,1289500
7.01915680334077e-12,1289600
6.97302354958122e-12,1289700
6.93510561918839e-12,1289800
6.90552212766767e-12,1289900
6.88436372588932e-12,1290000
6.87169229190404e-12,1290100
6.86754072723615e-12,1290200
6.87191285820579e-12,1290300
6.88478344243983e-12,1290400
6.90609828033796e-12,1290500
6.93577443087493e-12,1290600
6.97370053072621e-12,1290700
7.01973721533284e-12,1290800
7.07371764013403e-12,1290900
7.13544809983671e-12,1291000
7.20470874322658e-12,1291100
7.28125438067711e-12,1291200
7.36481538117581e-12,1291300
7.45509865536005e-12,1291400
7.55178872074572e-12,1291500
7.65454884503255e-12,1291600
7.76302226309361e-12,1291700
7.87683346299036e-12,1291800
7.99558953611361e-12,1291900
8.11888158631811e-12,1292000
8.24628619272356e-12,1292100
8.37736692065911e-12,1292200
8.51167587507034e-12,1292300
8.64875529056469e-12,1292400
8.78813915215052e-12,1292500
8.92935484062954e-12,1292600
9.07192479652533e-12,1292700
9.21536819638489e-12,1292800
9.35920263525798e-12,1292900
9.50294580915778e-12,1293000
9.64611719132639e-12,1293100
9.78823969616775e-12,1293200
9.92884132478346e-12,1293300
1.00674567861268e-11,1293400
1.02036290879102e-11,1293500
1.03369110915247e-11,1293600
1.0466867025395e-11,1293700
1.05930739513572e-11,1293800
1.07151231788501e-11,1293900
1.08326216219201e-11,1294000
1.09451930942708e-11,1294100
1.10524795378438e-11,1294200
1.11541421806739e-11,1294300
1.1249862620055e-11,1294400
1.1339343827331e-11,1294500
1.14223110709562e-11,1294600
1.14985127547649e-11,1294700
1.15677211687437e-11,1294800
1.16297331499228e-11,1294900
1.16843706513552e-11,1295000
1.17314812175118e-11,1295100
1.17709383647696e-11,1295200
1.18026418660436e-11,1295300
1.18265179389661e-11,1295400
1.18425193373982e-11,1295500
1.18506253464073e-11,1295600
1.18508416812201e-11,1295700
1.18432002910203e-11,1295800
1.18277590688041e-11,1295900
1.18046014688739e-11,1296000
1.17738360338773e-11,1296100
1.1735595833644e-11,1296200
1.16900378183873e-11,1296300
1.16373420891583e-11,1296400
1.1577711088734e-11,1296500
1.15113687164125e-11,1296600
1.14385593704601e-11,1296700
1.13595469222083e-11,1296800
1.12746136260464e-11,1296900
1.11840589697705e-11,1297000
1.10881984699661e-11,1297100
1.09873624172703e-11,1297200
1.08818945765516e-11,1297300
1.0772150847163e-11,1297400
1.06584978885784e-11,1297500
1.05413117168065e-11,1297600
1.04209762770708e-11,1297700
1.02978819983066e-11,1297800
1.01724243350617e-11,1297900
1.00450023024108e-11,1298000
9.91601700948733e-12,1298100
9.78587019721676e-12,1298200
9.65496278578164e-12,1298300
9.52369343729022e-12,1298400
9.39245713902122e-12,1298500
9.26164381252084e-12,1298600
9.13163695368731e-12,1298700
9.00281230883841e-12,1298800
8.87553659158362e-12,1298900
8.75016624514435e-12,1299000
8.62704625455394e-12,1299100
8.50650901295955e-12,1299200
8.38887324600642e-12,1299300
8.27444299803994e-12,1299400
8.16350668359432e-12,1299500
8.05633620736908e-12,1299600
7.95318615559725e-12,1299700
7.85429306142589e-12,1299800
7.75987474661044e-12,1299900
