1.60769413507238e-11,-1300000
1.60851349571834e-11,-1299900
1.60933800942766e-11,-1299800
1.6101676479306e-11,-1299700
1.61100237998505e-11,-1299600
1.61184217141598e-11,-1299500
1.61268698515786e-11,-1299400
1.61353678130024e-11,-1299300
1.61439151713644e-11,-1299200
1.61525114721495e-11,-1299100
1.61611562339415e-11,-1299000
1.61698489489961e-11,-1298900
1.61785890838435e-11,-1298800
1.61873760799187e-11,-1298700
1.6196209354218e-11,-1298600
1.62050882999829e-11,-1298500
1.62140122874082e-11,-1298400
1.62229806643772e-11,-1298300
1.62319927572185e-11,-1298200
1.62410478714886e-11,-1298100
1.6250145292775e-11,-1298000
1.62592842875235e-11,-1297900
1.62684641038843e-11,-1297800
1.62776839725789e-11,-1297700
1.62869431077875e-11,-1297600
1.62962407080524e-11,-1297500
1.63055759572021e-11,-1297400
1.6314948025287e-11,-1297300
1.63243560695369e-11,-1297200
1.63337992353276e-11,-1297100
1.63432766571642e-11,-1297000
1.63527874596758e-11,-1296900
1.63623307586223e-11,-1296800
1.63719056619116e-11,-1296700
1.63815112706266e-11,-1296600
1.63911466800597e-11,-1296500
1.64008109807563e-11,-1296400
1.64105032595635e-11,-1296300
1.64202226006846e-11,-1296200
1.64299680867377e-11,-1296100
1.64397387998185e-11,-1296000
1.64495338225626e-11,-1295900
1.64593522392114e-11,-1295800
1.64691931366777e-11,-1295700
1.64790556056085e-11,-1295600
1.64889387414466e-11,-1295500
1.649884164549e-11,-1295400
1.6508763425944e-11,-1295300
1.65187031989714e-11,-1295200
1.65286600897332e-11,-1295100
1.65386332334234e-11,-1295000
1.65486217762943e-11,-1294900
1.6558624876674e-11,-1294800
1.65686417059688e-11,-1294700
1.65786714496598e-11,-1294600
1.65887133082817e-11,-1294500
1.65987664983902e-11,-1294400
1.66088302535149e-11,-1294300
1.66189038250952e-11,-1294200
1.66289864834006e-11,-1294100
1.66390775184325e-11,-1294000
1.6649176240808e-11,-1293900
1.66592819826247e-11,-1293800
1.6669394098304e-11,-1293700
1.66795119654141e-11,-1293600
1.66896349854707e-11,-1293500
1.66997625847145e-11,-1293400
1.67098942148663e-11,-1293300
1.67200293538553e-11,-1293200
1.67301675065253e-11,-1293100
1.6740308205312e-11,-1293000
1.67504510108958e-11,-1292900
1.67605955128266e-11,-1292800
1.67707413301196e-11,-1292700
1.67808881118254e-11,-1292600
1.67910355375677e-11,-1292500
1.68011833180534e-11,-1292400
1.68113311955515e-11,-1292300
1.68214789443426e-11,-1292200
1.68316263711346e-11,-1292100
1.68417733154504e-11,-1292000
1.685191964998e-11,-1291900
1.68620652809032e-11,-1291800
1.68722101481769e-11,-1291700
1.68823542257917e-11,-1291600
1.6892497521994e-11,-1291500
1.69026400794736e-11,-1291400
1.69127819755203e-11,-1291300
1.69229233221439e-11,-1291200
1.69330642661613e-11,-1291100
1.69432049892493e-11,-1291000
1.69533457079634e-11,-1290900
1.69634866737214e-11,-1290800
1.69736281727542e-11,-1290700
1.69837705260209e-11,-1290600
1.69939140890903e-11,-1290500
1.70040592519895e-11,-1290400
1.70142064390163e-11,-1290300
1.70243561085192e-11,-1290200
1.70345087526441e-11,-1290100
1.70446648970471e-11,-1290000
1.70548251005747e-11,-1289900
1.70649899549104e-11,-1289800
1.707516008419e-11,-1289700
1.70853361445846e-11,-1289600
1.70955188238512e-11,-1289500
1.71057088408539e-11,-1289400
1.71159069450514e-11,-1289300
1.71261139159589e-11,-1289200
1.71363305625746e-11,-1289100
1.71465577227827e-11,-1289000
1.71567962627239e-11,-1288900
1.71670470761396e-11,-1288800
1.71773110836895e-11,-1288700
1.71875892322404e-11,-1288600
1.71978824941326e-11,-1288500
1.7208191866417e-11,-1288400
1.72185183700714e-11,-1288300
1.72288630491914e-11,-1288200
1.72392269701588e-11,-1288100
1.7249611220788e-11,-1288000
1.72600169094521e-11,-1287900
1.72704451641866e-11,-1287800
1.72808971317772e-11,-1287700
1.72913739768252e-11,-1287600
1.73018768807986e-11,-1287500
1.73124070410647e-11,-1287400
1.73229656699084e-11,-1287300
1.73335539935347e-11,-1287200
1.73441732510576e-11,-1287100
1.73548246934787e-11,-1287000
1.73655095826499e-11,-1286900
1.73762291902302e-11,-1286800
1.73869847966292e-11,-1286700
1.73977776899447e-11,-1286600
1.74086091648916e-11,-1286500
1.74194805217244e-11,-1286400
1.74303930651552e-11,-1286300
1.7441348103267e-11,-1286200
1.74523469464238e-11,-1286100
1.74633909061799e-11,-1286000
1.74744812941859e-11,-1285900
1.7485619421097e-11,-1285800
1.7496806595482e-11,-1285700
1.75080441227346e-11,-1285600
1.75193333039873e-11,-1285500
1.75306754350317e-11,-1285400
1.75420718052428e-11,-1285300
1.75535236965102e-11,-1285200
1.75650323821785e-11,-1285100
1.75765991259939e-11,-1285000
1.75882251810639e-11,-1284900
1.75999117888252e-11,-1284800
1.7611660178025e-11,-1284700
1.76234715637148e-11,-1284600
1.76353471462576e-11,-1284500
1.76472881103523e-11,-1284400
1.76592956240711e-11,-1284300
1.76713708379155e-11,-1284200
1.76835148838903e-11,-1284100
1.76957288745958e-11,-1284000
1.77080139023389e-11,-1283900
1.7720371038267e-11,-1283800
1.77328013315215e-11,-1283700
1.77453058084137e-11,-1283600
1.77578854716247e-11,-1283500
1.77705412994284e-11,-1283400
1.778327424494e-11,-1283300
1.77960852353884e-11,-1283200
1.78089751714168e-11,-1283100
1.78219449264085e-11,-1283000
1.78349953458407e-11,-1282900
1.78481272466669e-11,-1282800
1.78613414167273e-11,-1282700
1.78746386141894e-11,-1282600
1.78880195670177e-11,-1282500
1.79014849724743e-11,-1282400
1.79150354966499e-11,-1282300
1.79286717740269e-11,-1282200
1.7942394407074e-11,-1282100
1.79562039658727e-11,-1282000
1.79701009877763e-11,-1281900
1.79840859771024e-11,-1281800
1.79981594048584e-11,-1281700
1.80123217084998e-11,-1281600
1.80265732917231e-11,-1281500
1.80409145242914e-11,-1281400
1.80553457418957e-11,-1281300
1.80698672460481e-11,-1281200
1.80844793040122e-11,-1281100
1.80991821487638e-11,-1281000
1.811397597899e-11,-1280900
1.81288609591208e-11,-1280800
1.81438372193931e-11,-1280700
1.81589048559524e-11,-1280600
1.81740639309858e-11,-1280500
1.81893144728907e-11,-1280400
1.82046564764751e-11,-1280300
1.82200899031938e-11,-1280200
1.82356146814153e-11,-1280100
1.82512307067244e-11,-1280000
1.82669378422537e-11,-1279900
1.82827359190514e-11,-1279800
1.82986247364779e-11,-1279700
1.83146040626348e-11,-1279600
1.83306736348254e-11,-1279500
1.83468331600443e-11,-1279400
1.83630823154983e-11,-1279300
1.83794207491551e-11,-1279200
1.83958480803228e-11,-1279100
1.84123639002557e-11,-1279000
1.84289677727884e-11,-1278900
1.8445659234997e-11,-1278800
1.84624377978856e-11,-1278700
1.84793029470988e-11,-1278600
1.84962541436597e-11,-1278500
1.85132908247292e-11,-1278400
1.85304124043912e-11,-1278300
1.85476182744586e-11,-1278200
1.85649078053011e-11,-1278100
1.85822803466927e-11,-1278000
1.85997352286803e-11,-1277900
1.861727176247e-11,-1277800
1.86348892413314e-11,-1277700
1.86525869415188e-11,-1277600
1.86703641232077e-11,-1277500
1.86882200314475e-11,-1277400
1.87061538971268e-11,-1277300
1.87241649379519e-11,-1277200
1.87422523594376e-11,-1277100
1.8760415355908e-11,-1277000
1.87786531115075e-11,-1276900
1.87969648012211e-11,-1276800
1.88153495919004e-11,-1276700
1.88338066432979e-11,-1276600
1.88523351091059e-11,-1276500
1.88709341380009e-11,-1276400
1.88896028746883e-11,-1276300
1.8908340460953e-11,-1276200
1.8927146036708e-11,-1276100
1.89460187410441e-11,-1276000
1.89649577132795e-11,-1275900
1.89839620940045e-11,-1275800
1.90030310261249e-11,-1275700
1.90221636559003e-11,-1275600
1.90413591339762e-11,-1275500
1.90606166164103e-11,-1275400
1.90799352656902e-11,-1275300
1.9099314251743e-11,-1275200
1.91187527529344e-11,-1275100
1.9138249957057e-11,-1275000
1.91578050623057e-11,-1274900
1.91774172782425e-11,-1274800
1.91970858267435e-11,-1274700
1.92168099429348e-11,-1274600
1.92365888761086e-11,-1274500
1.92564218906251e-11,-1274400
1.92763082667943e-11,-1274300
1.92962473017402e-11,-1274200
1.93162383102446e-11,-1274100
1.93362806255701e-11,-1274000
1.93563736002602e-11,-1273900
1.93765166069201e-11,-1273800
1.93967090389704e-11,-1273700
1.94169503113795e-11,-1273600
1.94372398613684e-11,-1273500
1.94575771490924e-11,-1273400
1.94779616582949e-11,-1273300
1.94983928969341e-11,-1273200
1.95188703977817e-11,-1273100
1.95393937189935e-11,-1273000
1.95599624446517e-11,-1272900
1.95805761852754e-11,-1272800
1.96012345783031e-11,-1272700
1.96219372885425e-11,-1272600
1.96426840085904e-11,-1272500
1.96634744592208e-11,-1272400
1.96843083897384e-11,-1272300
1.97051855783051e-11,-1272200
1.97261058322259e-11,-1272100
1.97470689882094e-11,-1272000
1.97680749125886e-11,-1271900
1.97891235015109e-11,-1271800
1.98102146810942e-11,-1271700
1.98313484075476e-11,-1271600
1.98525246672583e-11,-1271500
1.98737434768442e-11,-1271400
1.98950048831719e-11,-1271300
1.99163089633394e-11,-1271200
1.99376558246259e-11,-1271100
1.99590456044051e-11,-1271000
1.99804784700255e-11,-1270900
2.0001954618655e-11,-1270800
2.00234742770935e-11,-1270700
2.00450377015481e-11,-1270600
2.00666451773783e-11,-1270500
2.00882970188044e-11,-1270400
2.0109993568584e-11,-1270300
2.01317351976565e-11,-1270200
2.01535223047528e-11,-1270100
2.01753553159745e-11,-1270000
2.01972346843408e-11,-1269900
2.02191608893041e-11,-1269800
2.02411344362345e-11,-1269700
2.02631558558746e-11,-1269600
2.02852257037643e-11,-1269500
2.03073445596353e-11,-1269400
2.03295130267804e-11,-1269300
2.03517317313913e-11,-1269200
2.03740013218708e-11,-1269100
2.03963224681189e-11,-1269000
2.04186958607931e-11,-1268900
2.04411222105431e-11,-1268800
2.04636022472219e-11,-1268700
2.04861367190745e-11,-1268600
2.0508726391902e-11,-1268500
2.05313720482067e-11,-1268400
2.05540744863145e-11,-1268300
2.05768345194792e-11,-1268200
2.05996529749675e-11,-1268100
2.06225306931253e-11,-1268000
2.06454685264293e-11,-1267900
2.06684673385212e-11,-1267800
2.06915280032275e-11,-1267700
2.07146514035656e-11,-1267600
2.07378384307393e-11,-1267500
2.0761089983119e-11,-1267400
2.07844069652154e-11,-1267300
2.08077902866411e-11,-1267200
2.08312408610653e-11,-1267100
2.08547596051619e-11,-1267000
2.08783474375507e-11,-1266900
2.09020052777346e-11,-1266800
2.09257340450332e-11,-1266700
2.09495346575127e-11,-1266600
2.09734080309178e-11,-1266500
2.09973550775996e-11,-1266400
2.10213767054474e-11,-1266300
2.10454738168228e-11,-1266200
2.10696473074945e-11,-1266100
2.10938980655823e-11,-1266000
2.11182269705024e-11,-1265900
2.11426348919235e-11,-1265800
2.11671226887288e-11,-1265700
2.11916912079872e-11,-1265600
2.12163412839382e-11,-1265500
2.12410737369844e-11,-1265400
2.12658893726993e-11,-1265300
2.12907889808487e-11,-1265200
2.13157733344265e-11,-1265100
2.13408431887077e-11,-1265000
2.13659992803182e-11,-1264900
2.13912423263224e-11,-1264800
2.14165730233312e-11,-1264700
2.14419920466301e-11,-1264600
2.1467500049328e-11,-1264500
2.1493097661531e-11,-1264400
2.15187854895347e-11,-1264300
2.15445641150483e-11,-1264200
2.15704340944373e-11,-1264100
2.15963959579945e-11,-1264000
2.16224502092409e-11,-1263900
2.16485973242508e-11,-1263800
2.167483775101e-11,-1263700
2.17011719087963e-11,-1263600
2.17276001876024e-11,-1263500
2.17541229475756e-11,-1263400
2.17807405185023e-11,-1263300
2.18074531993178e-11,-1263200
2.18342612576497e-11,-1263100
2.18611649293993e-11,-1263000
2.18881644183528e-11,-1262900
2.19152598958309e-11,-1262800
2.19424515003728e-11,-1262700
2.19697393374553e-11,-1262600
2.19971234792495e-11,-1262500
2.2024603964415e-11,-1262400
2.20521807979291e-11,-1262300
2.20798539509565e-11,-1262200
2.21076233607544e-11,-1262100
2.21354889306182e-11,-1262000
2.21634505298631e-11,-1261900
2.2191507993846e-11,-1261800
2.2219661124025e-11,-1261700
2.22479096880605e-11,-1261600
2.22762534199488e-11,-1261500
2.23046920202043e-11,-1261400
2.23332251560708e-11,-1261300
2.23618524617782e-11,-1261200
2.23905735388351e-11,-1261100
2.24193879563612e-11,-1261000
2.24482952514568e-11,-1260900
2.24772949296122e-11,-1260800
2.25063864651536e-11,-1260700
2.25355693017271e-11,-1260600
2.25648428528216e-11,-1260500
2.25942065023253e-11,-1260400
2.26236596051221e-11,-1260300
2.26532014877207e-11,-1260200
2.26828314489245e-11,-1260100
2.27125487605292e-11,-1260000
2.27423526680619e-11,-1259900
2.27722423915487e-11,-1259800
2.28022171263207e-11,-1259700
2.28322760438466e-11,-1259600
2.28624182926007e-11,-1259500
2.28926429989643e-11,-1259400
2.29229492681494e-11,-1259300
2.29533361851611e-11,-1259200
2.29838028157822e-11,-1259100
2.30143482075883e-11,-1259000
2.3044971390988e-11,-1258900
2.30756713802916e-11,-1258800
2.31064471748016e-11,-1258700
2.31372977599273e-11,-1258600
2.31682221083258e-11,-1258500
2.31992191810601e-11,-1258400
2.32302879287813e-11,-1258300
2.3261427292926e-11,-1258200
2.32926362069385e-11,-1258100
2.33239135975041e-11,-1258000
2.33552583858017e-11,-1257900
2.33866694887706e-11,-1257800
2.34181458203904e-11,-1257700
2.34496862929728e-11,-1257600
2.34812898184668e-11,-1257500
2.351295530977e-11,-1257400
2.35446816820525e-11,-1257300
2.35764678540845e-11,-1257200
2.36083127495704e-11,-1257100
2.36402152984912e-11,-1257000
2.36721744384448e-11,-1256900
2.37041891159895e-11,-1256800
2.37362582879915e-11,-1256700
2.37683809229673e-11,-1256600
2.38005560024252e-11,-1256500
2.3832782522205e-11,-1256400
2.38650594938085e-11,-1256300
2.38973859457284e-11,-1256200
2.39297609247673e-11,-1256100
2.39621834973451e-11,-1256000
2.39946527508017e-11,-1255900
2.40271677946812e-11,-1255800
2.40597277620086e-11,-1255700
2.40923318105478e-11,-1255600
2.41249791240458e-11,-1255500
2.415766891346e-11,-1255400
2.41904004181647e-11,-1255300
2.42231729071395e-11,-1255200
2.42559856801381e-11,-1255100
2.4288838068828e-11,-1255000
2.43217294379169e-11,-1254900
2.43546591862439e-11,-1254800
2.4387626747851e-11,-1254700
2.44206315930244e-11,-1254600
2.44536732293095e-11,-1254500
2.44867512024925e-11,-1254400
2.45198650975553e-11,-1254300
2.45530145395945e-11,-1254200
2.45861991947112e-11,-1254100
2.46194187708639e-11,-1254000
2.46526730186858e-11,-1253900
2.46859617322706e-11,-1253800
2.47192847499138e-11,-1253700
2.47526419548229e-11,-1253600
2.47860332757843e-11,-1253500
2.48194586877935e-11,-1253400
2.48529182126408e-11,-1253300
2.48864119194586e-11,-1253200
2.49199399252267e-11,-1253100
2.49535023952327e-11,-1253000
2.49870995434891e-11,-1252900
2.50207316331091e-11,-1252800
2.50543989766315e-11,-1252700
2.50881019363087e-11,-1252600
2.51218409243389e-11,-1252500
2.51556164030613e-11,-1252400
2.51894288850967e-11,-1252300
2.52232789334479e-11,-1252200
2.5257167161545e-11,-1252100
2.52910942332493e-11,-1252000
2.53250608628052e-11,-1251900
2.53590678147457e-11,-1251800
2.53931159037478e-11,-1251700
2.54272059944408e-11,-1251600
2.54613390011639e-11,-1251500
2.54955158876766e-11,-1251400
2.55297376668213e-11,-1251300
2.55640054001327e-11,-1251200
2.55983201974043e-11,-1251100
2.56326832162028e-11,-1251000
2.56670956613347e-11,-1250900
2.5701558784266e-11,-1250800
2.57360738824935e-11,-1250700
2.57706422988686e-11,-1250600
2.5805265420873e-11,-1250500
2.58399446798531e-11,-1250400
2.58746815501986e-11,-1250300
2.59094775484853e-11,-1250200
2.59443342325681e-11,-1250100
2.59792532006301e-11,-1250000
2.60142360901867e-11,-1249900
2.60492845770502e-11,-1249800
2.60844003742496e-11,-1249700
2.61195852309096e-11,-1249600
2.61548409310869e-11,-1249500
2.61901692925711e-11,-1249400
2.62255721656424e-11,-1249300
2.62610514317935e-11,-1249200
2.62966090024151e-11,-1249100
2.63322468174426e-11,-1249000
2.63679668439717e-11,-1248900
2.64037710748373e-11,-1248800
2.64396615271616e-11,-1248700
2.64756402408706e-11,-1248600
2.65117092771768e-11,-1248500
2.65478707170407e-11,-1248400
2.65841266595961e-11,-1248300
2.66204792205548e-11,-1248200
2.66569305305837e-11,-1248100
2.66934827336583e-11,-1248000
2.67301379853936e-11,-1247900
2.67668984513581e-11,-1247800
2.6803766305361e-11,-1247700
2.68407437277274e-11,-1247600
2.68778329035546e-11,-1247500
2.69150360209553e-11,-1247400
2.69523552692833e-11,-1247300
2.69897928373522e-11,-1247200
2.70273509116399e-11,-1247100
2.70650316744859e-11,-1247000
2.71028373022829e-11,-1246900
2.71407699636586e-11,-1246800
2.71788318176597e-11,-1246700
2.72170250119264e-11,-1246600
2.72553516808727e-11,-1246500
2.72938139438624e-11,-1246400
2.73324139033927e-11,-1246300
2.73711536432771e-11,-1246200
2.7410035226838e-11,-1246100
2.74490606951052e-11,-1246000
2.74882320650238e-11,-1245900
2.75275513276719e-11,-1245800
2.75670204464931e-11,-1245700
2.76066413555423e-11,-1245600
2.7646415957746e-11,-1245500
2.76863461231809e-11,-1245400
2.77264336873728e-11,-1245300
2.77666804496133e-11,-1245200
2.78070881713028e-11,-1245100
2.78476585743117e-11,-1245000
2.78883933393736e-11,-1244900
2.79292941044999e-11,-1244800
2.79703624634266e-11,-1244700
2.80115999640883e-11,-1244600
2.80530081071257e-11,-1244500
2.80945883444245e-11,-1244400
2.81363420776923e-11,-1244300
2.81782706570628e-11,-1244200
2.82203753797507e-11,-1244100
2.82626574887303e-11,-1244000
2.83051181714644e-11,-1243900
2.83477585586726e-11,-1243800
2.83905797231349e-11,-1243700
2.84335826785516e-11,-1243600
2.84767683784356e-11,-1243500
2.85201377150597e-11,-1243400
2.85636915184449e-11,-1243300
2.86074305554026e-11,-1243200
2.8651355528621e-11,-1243100
2.86954670758049e-11,-1243000
2.87397657688656e-11,-1242900
2.87842521131642e-11,-1242800
2.88289265468073e-11,-1242700
2.88737894399948e-11,-1242600
2.89188410944271e-11,-1242500
2.89640817427627e-11,-1242400
2.90095115481354e-11,-1242300
2.90551306037265e-11,-1242200
2.91009389323968e-11,-1242100
2.91469364863734e-11,-1242000
2.91931231469973e-11,-1241900
2.92394987245291e-11,-1241800
2.9286062958017e-11,-1241700
2.93328155152168e-11,-1241600
2.93797559925833e-11,-1241500
2.94268839153128e-11,-1241400
2.94741987374477e-11,-1241300
2.95216998420486e-11,-1241200
2.95693865414161e-11,-1241100
2.96172580773849e-11,-1241000
2.96653136216698e-11,-1240900
2.97135522762767e-11,-1240800
2.97619730739751e-11,-1240700
2.98105749788287e-11,-1240600
2.98593568867852e-11,-1240500
2.99083176263326e-11,-1240400
2.99574559592084e-11,-1240300
3.0006770581168e-11,-1240200
3.00562601228212e-11,-1240100
3.01059231505132e-11,-1240000
3.01557581672769e-11,-1239900
3.02057636138326e-11,-1239800
3.02559378696498e-11,-1239700
3.03062792540633e-11,-1239600
3.03567860274466e-11,-1239500
3.04074563924345e-11,-1239400
3.04582884952054e-11,-1239300
3.05092804268135e-11,-1239200
3.05604302245729e-11,-1239100
3.06117358734925e-11,-1239000
3.06631953077632e-11,-1238900
3.07148064122885e-11,-1238800
3.0766567024269e-11,-1238700
3.08184749348302e-11,-1238600
3.08705278906952e-11,-1238500
3.09227235959024e-11,-1238400
3.09750597135661e-11,-1238300
3.10275338676789e-11,-1238200
3.10801436449539e-11,-1238100
3.11328865967057e-11,-1238000
3.11857602407655e-11,-1237900
3.12387620634404e-11,-1237800
3.12918895214992e-11,-1237700
3.13451400441908e-11,-1237600
3.13985110353021e-11,-1237500
3.14519998752351e-11,-1237400
3.15056039231209e-11,-1237300
3.15593205189543e-11,-1237200
3.16131469857544e-11,-1237100
3.16670806317509e-11,-1237000
3.17211187525876e-11,-1236900
3.17752586335499e-11,-1236800
3.18294975518041e-11,-1236700
3.18838327786597e-11,-1236600
3.19382615818423e-11,-1236500
3.19927812277752e-11,-1236400
3.20473889838795e-11,-1236300
3.21020821208775e-11,-1236200
3.21568579151036e-11,-1236100
3.22117136508209e-11,-1236000
3.2266646622543e-11,-1235900
3.23216541373514e-11,-1235800
3.23767335172175e-11,-1235700
3.24318821013216e-11,-1235600
3.24870972483634e-11,-1235500
3.25423763388716e-11,-1235400
3.25977167775013e-11,-1235300
3.26531159953233e-11,-1235200
3.27085714521003e-11,-1235100
3.27640806385512e-11,-1235000
3.28196410785972e-11,-1234900
3.28752503315928e-11,-1234800
3.2930905994534e-11,-1234700
3.29866057042535e-11,-1234600
3.3042347139579e-11,-1234500
3.30981280234808e-11,-1234400
3.31539461251848e-11,-1234300
3.32097992622607e-11,-1234200
3.32656853026761e-11,-1234100
3.33216021668236e-11,-1234000
3.33775478295118e-11,-1233900
3.34335203219238e-11,-1233800
3.34895177335316e-11,-1233700
3.35455382139854e-11,-1233600
3.36015799749476e-11,-1233500
3.36576412918978e-11,-1233400
3.37137205058878e-11,-1233300
3.37698160252558e-11,-1233200
3.38259263272911e-11,-1233100
3.38820499598553e-11,-1233000
3.39381855429528e-11,-1232900
3.39943317702507e-11,-1232800
3.4050487410551e-11,-1232700
3.41066513092021e-11,-1232600
3.4162822389469e-11,-1232500
3.42189996538363e-11,-1232400
3.42751821852621e-11,-1232300
3.4331369148374e-11,-1232200
3.43875597906046e-11,-1232100
3.44437534432707e-11,-1232000
3.44999495225899e-11,-1231900
3.45561475306365e-11,-1231800
3.46123470562401e-11,-1231700
3.46685477758127e-11,-1231600
3.47247494541226e-11,-1231500
3.47809519449967e-11,-1231400
3.48371551919594e-11,-1231300
3.48933592288125e-11,-1231200
3.49495641801399e-11,-1231100
3.50057702617512e-11,-1231000
3.50619777810612e-11,-1230900
3.51181871373944e-11,-1230800
3.51743988222332e-11,-1230700
3.52306134193839e-11,-1230600
3.52868316050901e-11,-1230500
3.53430541480702e-11,-1230400
3.53992819094826e-11,-1230300
3.5455515842835e-11,-1230200
3.55117569938147e-11,-1230100
3.55680065000528e-11,-1230000
3.56242655908284e-11,-1229900
3.56805355866924e-11,-1229800
3.57368178990364e-11,-1229700
3.57931140295842e-11,-1229600
3.58494255698215e-11,-1229500
3.59057542003612e-11,-1229400
3.59621016902362e-11,-1229300
3.60184698961328e-11,-1229200
3.60748607615561e-11,-1229100
3.61312763159285e-11,-1229000
3.61877186736343e-11,-1228900
3.62441900329877e-11,-1228800
3.63006926751516e-11,-1228700
3.63572289629837e-11,-1228600
3.64138013398301e-11,-1228500
3.64704123282594e-11,-1228400
3.65270645287276e-11,-1228300
3.65837606181992e-11,-1228200
3.66405033487063e-11,-1228100
3.66972955458451e-11,-1228000
3.67541401072306e-11,-1227900
3.68110400008882e-11,-1227800
3.68679982635992e-11,-1227700
3.69250179991912e-11,-1227600
3.6982102376783e-11,-1227500
3.70392546289801e-11,-1227400
3.70964780500186e-11,-1227300
3.71537759938752e-11,-1227200
3.7211151872322e-11,-1227100
3.72686091529439e-11,-1227000
3.73261513571161e-11,-1226900
3.73837820579398e-11,-1226800
3.74415048781435e-11,-1226700
3.74993234879419e-11,-1226600
3.75572416028696e-11,-1226500
3.76152629815748e-11,-1226400
3.76733914235819e-11,-1226300
3.77316307670307e-11,-1226200
3.77899848863826e-11,-1226100
3.78484576901003e-11,-1226000
3.79070531183084e-11,-1225900
3.79657751404272e-11,-1225800
3.80246277527888e-11,-1225700
3.808361497623e-11,-1225600
3.81427408536723e-11,-1225500
3.82020094476879e-11,-1225400
3.82614248380463e-11,-1225300
3.83209911192574e-11,-1225200
3.83807123980968e-11,-1225100
3.84405927911309e-11,-1225000
3.85006364222308e-11,-1224900
3.85608474200823e-11,-1224800
3.86212299157014e-11,-1224700
3.86817880399363e-11,-1224600
3.87425259209842e-11,-1224500
3.88034476819024e-11,-1224400
3.88645574381277e-11,-1224300
3.89258592950048e-11,-1224200
3.89873573453211e-11,-1224100
3.9049055666852e-11,-1224000
3.91109583199224e-11,-1223900
3.91730693449754e-11,-1223800
3.92353927601655e-11,-1223700
3.92979325589636e-11,-1223600
3.93606927077854e-11,-1223500
3.94236771436379e-11,-1223400
3.94868897717877e-11,-1223300
3.95503344634645e-11,-1223200
3.9614015053574e-11,-1223100
3.96779353384525e-11,-1223000
3.97420990736463e-11,-1222900
3.98065099717191e-11,-1222800
3.9871171700101e-11,-1222700
3.99360878789567e-11,-1222600
4.00012620791074e-11,-1222500
4.00666978199743e-11,-1222400
4.01323985675695e-11,-1222300
4.01983677325246e-11,-1222200
4.0264608668158e-11,-1222100
4.03311246685883e-11,-1222000
4.03979189668892e-11,-1221900
4.04649947332892e-11,-1221800
4.05323550734198e-11,-1221700
4.06000030266084e-11,-1221600
4.06679415642188e-11,-1221500
4.07361735880466e-11,-1221400
4.08047019287589e-11,-1221300
4.08735293443852e-11,-1221200
4.09426585188708e-11,-1221100
4.10120920606669e-11,-1221000
4.10818325013909e-11,-1220900
4.11518822945294e-11,-1220800
4.12222438142046e-11,-1220700
4.12929193539922e-11,-1220600
4.13639111258018e-11,-1220500
4.14352212588059e-11,-1220400
4.1506851798435e-11,-1220300
4.15788047054303e-11,-1220200
4.16510818549505e-11,-1220100
4.17236850357422e-11,-1220000
4.17966159493692e-11,-1219900
4.18698762095027e-11,-1219800
4.19434673412696e-11,-1219700
4.20173907806615e-11,-1219600
4.20916478740093e-11,-1219500
4.21662398775117e-11,-1219400
4.22411679568264e-11,-1219300
4.23164331867305e-11,-1219200
4.2392036550824e-11,-1219100
4.24679789413157e-11,-1219000
4.25442611588488e-11,-1218900
4.26208839124057e-11,-1218800
4.26978478192572e-11,-1218700
4.27751534049841e-11,-1218600
4.28528011035468e-11,-1218500
4.29307912574263e-11,-1218400
4.30091241178131e-11,-1218300
4.30877998448627e-11,-1218200
4.3166818508002e-11,-1218100
4.32461800862989e-11,-1218000
4.33258844688825e-11,-1217900
4.34059314554299e-11,-1217800
4.34863207566926e-11,-1217700
4.35670519950897e-11,-1217600
4.36481247053554e-11,-1217500
4.37295383352282e-11,-1217400
4.38112922462025e-11,-1217300
4.38933857143354e-11,-1217200
4.39758179310825e-11,-1217100
4.40585880042146e-11,-1217000
4.41416949587532e-11,-1216900
4.42251377379724e-11,-1216800
4.43089152044424e-11,-1216700
4.43930261411136e-11,-1216600
4.44774692524496e-11,-1216500
4.45622431656067e-11,-1216400
4.4647346431641e-11,-1216300
4.47327775267808e-11,-1216200
4.48185348537072e-11,-1216100
4.49046167429055e-11,-1216000
4.49910214540272e-11,-1215900
4.50777471773017e-11,-1215800
4.51647920349831e-11,-1215700
4.52521540828171e-11,-1215600
4.53398313115603e-11,-1215500
4.54278216485093e-11,-1215400
4.55161229590732e-11,-1215300
4.5604733048363e-11,-1215200
4.56936496628219e-11,-1215100
4.57828704918608e-11,-1215000
4.58723931695366e-11,-1214900
4.59622152762369e-11,-1214800
4.6052334340399e-11,-1214700
4.61427478402328e-11,-1214600
4.62334532054761e-11,-1214500
4.63244478191584e-11,-1214400
4.64157290193774e-11,-1214300
4.65072941010992e-11,-1214200
4.65991403179515e-11,-1214100
4.6691264884053e-11,-1214000
4.6783664975828e-11,-1213900
4.68763377338424e-11,-1213800
4.69692802646391e-11,-1213700
4.70624896425826e-11,-1213600
4.71559629117104e-11,-1213500
4.72496970875662e-11,-1213400
4.73436891590643e-11,-1213300
4.74379360903262e-11,-1213200
4.75324348225315e-11,-1213100
4.76271822757568e-11,-1213000
4.77221753508101e-11,-1212900
4.78174109310683e-11,-1212800
4.79128858842898e-11,-1212700
4.80085970644367e-11,-1212600
4.81045413134728e-11,-1212500
4.8200715463157e-11,-1212400
4.82971163368242e-11,-1212300
4.83937407511475e-11,-1212200
4.84905855178926e-11,-1212100
4.85876474456505e-11,-1212000
4.86849233415523e-11,-1211900
4.87824100129723e-11,-1211800
4.88801042692015e-11,-1211700
4.89780029231127e-11,-1211600
4.90761027927928e-11,-1211500
4.91744007031588e-11,-1211400
4.92728934875511e-11,-1211300
4.93715779892993e-11,-1211200
4.9470451063259e-11,-1211100
4.95695095773375e-11,-1211000
4.96687504139747e-11,-1210900
4.97681704716037e-11,-1210800
4.98677666660911e-11,-1210700
4.99675359321292e-11,-1210600
5.00674752246216e-11,-1210500
5.01675815200148e-11,-1210400
5.0267851817618e-11,-1210300
5.03682831408819e-11,-1210200
5.04688725386409e-11,-1210100
5.05696170863395e-11,-1210000
5.06705138872044e-11,-1209900
5.0771560073394e-11,-1209800
5.08727528071185e-11,-1209700
5.09740892817179e-11,-1209600
5.10755667227039e-11,-1209500
5.11771823887708e-11,-1209400
5.12789335727751e-11,-1209300
5.13808176026719e-11,-1209200
5.1482831842421e-11,-1209100
5.15849736928515e-11,-1209000
5.16872405924987e-11,-1208900
5.17896300183966e-11,-1208800
5.18921394868452e-11,-1208700
5.19947665541284e-11,-1208600
5.20975088172059e-11,-1208500
5.22003639143664e-11,-1208400
5.23033295258478e-11,-1208300
5.2406403374414e-11,-1208200
5.25095832259036e-11,-1208100
5.26128668897464e-11,-1208000
5.2716252219432e-11,-1207900
5.28197371129584e-11,-1207800
5.29233195132358e-11,-1207700
5.30269974084633e-11,-1207600
5.31307688324698e-11,-1207500
5.32346318650153e-11,-1207400
5.33385846320745e-11,-1207300
5.34426253060716e-11,-1207200
5.35467521060947e-11,-1207100
5.36509632980728e-11,-1207000
5.37552571949253e-11,-1206900
5.38596321566784e-11,-1206800
5.39640865905605e-11,-1206700
5.40686189510499e-11,-1206600
5.41732277399179e-11,-1206500
5.42779115062249e-11,-1206400
5.43826688462991e-11,-1206300
5.44874984036887e-11,-1206200
5.45923988690818e-11,-1206100
5.46973689802122e-11,-1206000
5.48024075217285e-11,-1205900
5.49075133250482e-11,-1205800
5.50126852681928e-11,-1205700
5.51179222755839e-11,-1205600
5.52232233178419e-11,-1205500
5.53285874115407e-11,-1205400
5.54340136189652e-11,-1205300
5.55395010478308e-11,-1205200
5.56450488509969e-11,-1205100
5.57506562261637e-11,-1205000
5.58563224155427e-11,-1204900
5.59620467055218e-11,-1204800
5.60678284263159e-11,-1204700
5.61736669515967e-11,-1204600
5.62795616981172e-11,-1204500
5.63855121253147e-11,-1204400
5.64915177349223e-11,-1204300
5.65975780705408e-11,-1204200
5.67036927172311e-11,-1204100
5.68098613010792e-11,-1204000
5.69160834887617e-11,-1203900
5.70223589870997e-11,-1203800
5.71286875426101e-11,-1203700
5.72350689410511e-11,-1203600
5.73415030069663e-11,-1203500
5.74479896032191e-11,-1203400
5.75545286305287e-11,-1203300
5.76611200270023e-11,-1203200
5.77677637676698e-11,-1203100
5.78744598640134e-11,-1203000
5.79812083635008e-11,-1202900
5.8088009349117e-11,-1202800
5.81948629389025e-11,-1202700
5.83017692854843e-11,-1202600
5.8408728575629e-11,-1202500
5.851574102977e-11,-1202400
5.86228069015735e-11,-1202300
5.87299264774818e-11,-1202200
5.88371000762775e-11,-1202100
5.89443280486505e-11,-1202000
5.90516107767662e-11,-1201900
5.91589486738512e-11,-1201800
5.92663421837805e-11,-1201700
5.93737917806705e-11,-1201600
5.94812979684899e-11,-1201500
5.95888612806702e-11,-1201400
5.96964822797321e-11,-1201300
5.98041615569172e-11,-1201200
5.99118997318415e-11,-1201100
6.0019697452138e-11,-1201000
6.01275553931298e-11,-1200900
6.02354742575177e-11,-1200800
6.03434547750518e-11,-1200700
6.04514977022435e-11,-1200600
6.05596038220834e-11,-1200500
6.06677739437546e-11,-1200400
6.07760089023823e-11,-1200300
6.08843095587795e-11,-1200200
6.09926767992075e-11,-1200100
6.11011115351612e-11,-1200000
6.12096147031468e-11,-1199900
6.13181872644916e-11,-1199800
6.14268302051489e-11,-1199700
6.15355445355372e-11,-1199600
6.16443312903662e-11,-1199500
6.17531915285009e-11,-1199400
6.18621263328147e-11,-1199300
6.19711368100688e-11,-1199200
6.20802240908078e-11,-1199100
6.21893893292478e-11,-1199000
6.22986337031964e-11,-1198900
6.24079584139729e-11,-1198800
6.25173646863389e-11,-1198700
6.26268537684513e-11,-1198600
6.27364269318062e-11,-1198500
6.28460854712153e-11,-1198400
6.29558307047686e-11,-1198300
6.30656639738312e-11,-1198200
6.31755866430247e-11,-1198100
6.3285600100238e-11,-1198000
6.33957057566257e-11,-1197900
6.35059050466356e-11,-1197800
6.36161994280277e-11,-1197700
6.37265903819032e-11,-1197600
6.38370794127392e-11,-1197500
6.39476680484366e-11,-1197400
6.40583578403617e-11,-1197300
6.41691503633958e-11,-1197200
6.42800472159926e-11,-1197100
6.43910500202308e-11,-1197000
6.45021604218803e-11,-1196900
6.46133800904604e-11,-1196800
6.47247107192963e-11,-1196700
6.48361540255948e-11,-1196600
6.49477117504941e-11,-1196500
6.5059385659136e-11,-1196400
6.51711775407191e-11,-1196300
6.52830892085616e-11,-1196200
6.53951225001545e-11,-1196100
6.55072792772135e-11,-1196000
6.56195614257272e-11,-1195900
6.57319708559991e-11,-1195800
6.58445095026848e-11,-1195700
6.59571793248223e-11,-1195600
6.60699823058542e-11,-1195500
6.61829204536446e-11,-1195400
6.62959958004861e-11,-1195300
6.6409210403096e-11,-1195200
6.65225663426106e-11,-1195100
6.66360657245481e-11,-1195000
6.67497106787941e-11,-1194900
6.68635033595438e-11,-1194800
6.69774459452409e-11,-1194700
6.70915406385237e-11,-1194600
6.72057896661158e-11,-1194500
6.73201952787465e-11,-1194400
6.74347597510279e-11,-1194300
6.75494853813263e-11,-1194200
6.76643744916145e-11,-1194100
6.77794294273053e-11,-1194000
6.78946525570791e-11,-1193900
6.80100462726817e-11,-1193800
6.81256129887044e-11,-1193700
6.82413551423516e-11,-1193600
6.83572751931828e-11,-1193500
6.847337562284e-11,-1193400
6.85896589347557e-11,-1193300
6.87061276538244e-11,-1193200
6.88227843260802e-11,-1193100
6.89396315183304e-11,-1193000
6.90566718177725e-11,-1192900
6.91739078316012e-11,-1192800
6.92913421865728e-11,-1192700
6.9408977528563e-11,-1192600
6.95268165220974e-11,-1192500
6.96448618498515e-11,-1192400
6.97631162121435e-11,-1192300
6.98815823263796e-11,-1192200
7.00002629265009e-11,-1192100
7.01191607623933e-11,-1192000
7.02382785992716e-11,-1191900
7.03576192170463e-11,-1191800
7.04771854096574e-11,-1191700
7.05969799844054e-11,-1191600
7.07170057612275e-11,-1191500
7.08372655719739e-11,-1191400
7.0957762259655e-11,-1191300
7.1078498677652e-11,-1191200
7.119947768893e-11,-1191100
7.13207021652006e-11,-1191000
7.14421749860788e-11,-1190900
7.15638990382107e-11,-1190800
7.16858772143807e-11,-1190700
7.18081124125995e-11,-1190600
7.19306075351567e-11,-1190500
7.20533654876771e-11,-1190400
7.21763891781266e-11,-1190300
7.22996815158252e-11,-1190200
7.24232454104176e-11,-1190100
7.25470837708415e-11,-1190000
7.26711995042591e-11,-1189900
7.27955955149915e-11,-1189800
7.29202747034198e-11,-1189700
7.30452399648714e-11,-1189600
7.31704941884924e-11,-1189500
7.32960402561079e-11,-1189400
7.34218810410587e-11,-1189300
7.3548019407027e-11,-1189200
7.36744582068547e-11,-1189100
7.38012002813369e-11,-1189000
7.39282484580132e-11,-1188900
7.40556055499462e-11,-1188800
7.41832743544832e-11,-1188700
7.43112576520161e-11,-1188600
7.44395582047314e-11,-1188500
7.45681787553465e-11,-1188400
7.46971220258478e-11,-1188300
7.48263907162129e-11,-1188200
7.49559875031454e-11,-1188100
7.50859150387829e-11,-1188000
7.52161759494216e-11,-1187900
7.53467728342264e-11,-1187800
7.54777082639484e-11,-1187700
7.56089847796443e-11,-1187600
7.57406048913818e-11,-1187500
7.58725710769711e-11,-1187400
7.6004885780679e-11,-1187300
7.613755141196e-11,-1187200
7.62705703441915e-11,-1187100
7.64039449134094e-11,-1187000
7.65376774170634e-11,-1186900
7.66717701127681e-11,-1186800
7.68062252170776e-11,-1186700
7.69410449042598e-11,-1186600
7.70762313050953e-11,-1186500
7.72117865056787e-11,-1186400
7.73477125462417e-11,-1186300
7.7484011419994e-11,-1186200
7.76206850719745e-11,-1186100
7.77577353979282e-11,-1186000
7.78951642431928e-11,-1185900
7.80329734016229e-11,-1185800
7.81711646145195e-11,-1185700
7.83097395695841e-11,-1185600
7.84486998999123e-11,-1185500
7.85880471829952e-11,-1185400
7.87277829397503e-11,-1185300
7.8867908633592e-11,-1185200
7.90084256695123e-11,-1185100
7.91493353932041e-11,-1185000
7.92906390902154e-11,-1184900
7.94323379851156e-11,-1184800
7.95744332407283e-11,-1184700
7.97169259573585e-11,-1184600
7.98598171720907e-11,-1184500
8.00031078580912e-11,-1184400
8.01467989239708e-11,-1184300
8.0290891213165e-11,-1184200
8.04353855033692e-11,-1184100
8.05802825059945e-11,-1184000
8.07255828656864e-11,-1183900
8.08712871598574e-11,-1183800
8.10173958982743e-11,-1183700
8.11639095227e-11,-1183600
8.13108284065427e-11,-1183500
8.14581528545862e-11,-1183400
8.16058831027375e-11,-1183300
8.17540193178278e-11,-1183200
8.19025615974639e-11,-1183100
8.20515099699092e-11,-1183000
8.22008643940308e-11,-1182900
8.23506247592743e-11,-1182800
8.25007908856933e-11,-1182700
8.26513625240273e-11,-1182600
8.28023393558243e-11,-1182500
8.29537209936068e-11,-1182400
8.31055069810972e-11,-1182300
8.32576967934766e-11,-1182200
8.3410289837701e-11,-1182100
8.3563285452863e-11,-1182000
8.37166829106031e-11,-1181900
8.38704814155665e-11,-1181800
8.40246801059087e-11,-1181700
8.41792780538546e-11,-1181600
8.4334274266296e-11,-1181500
8.44896676854491e-11,-1181400
8.46454571895441e-11,-1181300
8.48016415935777e-11,-1181200
8.49582196501085e-11,-1181100
8.51151900500935e-11,-1181000
8.5272551423777e-11,-1180900
8.54303023416226e-11,-1180800
8.55884413152947e-11,-1180700
8.57469667986852e-11,-1180600
8.59058771889799e-11,-1180500
8.60651708277719e-11,-1180400
8.62248460022209e-11,-1180300
8.63849009462603e-11,-1180200
8.65453338418286e-11,-1180100
8.67061428201618e-11,-1180000
8.6867325963119e-11,-1179900
8.70288813045476e-11,-1179800
8.71908068316869e-11,-1179700
8.73531004866151e-11,-1179600
8.75157601677265e-11,-1179500
8.76787837312519e-11,-1179400
8.78421689928117e-11,-1179300
8.80059137290001e-11,-1179200
8.81700156790167e-11,-1179100
8.83344725462981e-11,-1179000
8.84992820002322e-11,-1178900
8.86644416778463e-11,-1178800
8.8829949185569e-11,-1178700
8.89958021009886e-11,-1178600
8.91619979746551e-11,-1178500
8.93285343319146e-11,-1178400
8.94954086747275e-11,-1178300
8.96626184835704e-11,-1178200
8.98301612192991e-11,-1178100
8.99980343250752e-11,-1178000
9.01662352282855e-11,-1177900
9.0334761342487e-11,-1177800
9.05036100693759e-11,-1177700
9.06727788007429e-11,-1177600
9.08422649204796e-11,-1177500
9.10120658065641e-11,-1177400
9.11821788330654e-11,-1177300
9.13526013721694e-11,-1177200
9.15233307961896e-11,-1177100
9.16943644795906e-11,-1177000
9.18656998010261e-11,-1176900
9.20373341453589e-11,-1176800
9.22092649056976e-11,-1176700
9.23814894854203e-11,-1176600
9.25540053001975e-11,-1176500
9.27268097800235e-11,-1176400
9.28999003712076e-11,-1176300
9.30732745384042e-11,-1176200
9.32469297665905e-11,-1176100
9.3420863563052e-11,-1176000
9.35950734593672e-11,-1175900
9.37695570133428e-11,-1175800
9.39443118109689e-11,-1175700
9.41193354683394e-11,-1175600
9.42946256335479e-11,-1175500
9.4470179988573e-11,-1175400
9.46459962511398e-11,-1175300
9.48220721765544e-11,-1175200
9.49984055595099e-11,-1175100
9.51749942358679e-11,-1175000
9.53518360844221e-11,-1174900
9.5528929028613e-11,-1174800
9.57062710382175e-11,-1174700
9.58838601310195e-11,-1174600
9.60616943744193e-11,-1174500
9.62397718870412e-11,-1174400
9.6418090840264e-11,-1174300
9.65966494597502e-11,-1174200
9.67754460269143e-11,-1174100
9.69544788803525e-11,-1174000
9.71337464172359e-11,-1173900
9.73132470946492e-11,-1173800
9.74929794309064e-11,-1173700
9.7672942006793e-11,-1173600
9.78531334667806e-11,-1173500
9.80335525201926e-11,-1173400
9.82141979422929e-11,-1173300
9.83950685753796e-11,-1173200
9.85761633297703e-11,-1173100
9.87574811847732e-11,-1173000
9.89390211895832e-11,-1172900
9.91207824641373e-11,-1172800
9.93027641999183e-11,-1172700
9.94849656606831e-11,-1172600
9.96673861831561e-11,-1172500
9.98500251776619e-11,-1172400
1.00032882128683e-10,-1172300
1.00215956595394e-10,-1172200
1.00399248212094e-10,-1172100
1.00582756688625e-10,-1172000
1.00766481810692e-10,-1171900
1.00950423440156e-10,-1171800
1.01134581515237e-10,-1171700
1.01318956050683e-10,-1171600
1.01503547137862e-10,-1171500
1.01688354944801e-10,-1171400
1.01873379716163e-10,-1171300
1.02058621773155e-10,-1171200
1.02244081513393e-10,-1171100
1.0242975941069e-10,-1171000
1.02615656014787e-10,-1170900
1.02801771951032e-10,-1170800
1.02988107919982e-10,-1170700
1.03174664696969e-10,-1170600
1.03361443131582e-10,-1170500
1.03548444147101e-10,-1170400
1.03735668739874e-10,-1170300
1.03923117978628e-10,-1170200
1.04110793003732e-10,-1170100
1.04298695026389e-10,-1170000
1.04486825327787e-10,-1169900
1.04675185258173e-10,-1169800
1.04863776235899e-10,-1169700
1.05052599746386e-10,-1169600
1.05241657341043e-10,-1169500
1.05430950636153e-10,-1169400
1.05620481311664e-10,-1169300
1.05810251109977e-10,-1169200
1.0600026183464e-10,-1169100
1.06190515349029e-10,-1169000
1.06381013574955e-10,-1168900
1.06571758491229e-10,-1168800
1.06762752132198e-10,-1168700
1.0695399658621e-10,-1168600
1.07145493994051e-10,-1168500
1.07337246547347e-10,-1168400
1.07529256486899e-10,-1168300
1.07721526101006e-10,-1168200
1.07914057723722e-10,-1168100
1.08106853733116e-10,-1168000
1.08299916549446e-10,-1167900
1.08493248633345e-10,-1167800
1.08686852483937e-10,-1167700
1.08880730636952e-10,-1167600
1.09074885662797e-10,-1167500
1.09269320164595e-10,-1167400
1.09464036776205e-10,-1167300
1.09659038160224e-10,-1167200
1.09854327005944e-10,-1167100
1.10049906027321e-10,-1167000
1.10245777960887e-10,-1166900
1.10441945563674e-10,-1166800
1.10638411611105e-10,-1166700
1.10835178894882e-10,-1166600
1.11032250220848e-10,-1166500
1.11229628406853e-10,-1166400
1.11427316280605e-10,-1166300
1.11625316677501e-10,-1166200
1.11823632438484e-10,-1166100
1.12022266407854e-10,-1166000
1.12221221431128e-10,-1165900
1.12420500352846e-10,-1165800
1.12620106014421e-10,-1165700
1.12820041251975e-10,-1165600
1.1302030889418e-10,-1165500
1.13220911760113e-10,-1165400
1.13421852657108e-10,-1165300
1.13623134378647e-10,-1165200
1.1382475970222e-10,-1165100
1.14026731387241e-10,-1165000
1.14229052172956e-10,-1164900
1.1443172477638e-10,-1164800
1.14634751890253e-10,-1164700
1.14838136181006e-10,-1164600
1.1504188028677e-10,-1164500
1.15245986815391e-10,-1164400
1.15450458342485e-10,-1164300
1.15655297409518e-10,-1164200
1.15860506521909e-10,-1164100
1.1606608814717e-10,-1164000
1.16272044713092e-10,-1163900
1.16478378605935e-10,-1163800
1.16685092168681e-10,-1163700
1.16892187699316e-10,-1163600
1.17099667449152e-10,-1163500
1.17307533621183e-10,-1163400
1.17515788368493e-10,-1163300
1.17724433792698e-10,-1163200
1.17933471942443e-10,-1163100
1.18142904811936e-10,-1163000
1.18352734339527e-10,-1162900
1.18562962406349e-10,-1162800
1.18773590834996e-10,-1162700
1.18984621388246e-10,-1162600
1.19196055767864e-10,-1162500
1.19407895613415e-10,-1162400
1.19620142501175e-10,-1162300
1.19832797943057e-10,-1162200
1.20045863385623e-10,-1162100
1.20259340209132e-10,-1162000
1.20473229726652e-10,-1161900
1.20687533183233e-10,-1161800
1.20902251755139e-10,-1161700
1.21117386549121e-10,-1161600
1.21332938601778e-10,-1161500
1.21548908878957e-10,-1161400
1.21765298275212e-10,-1161300
1.21982107613352e-10,-1161200
1.22199337644004e-10,-1161100
1.22416989045282e-10,-1161000
1.22635062422491e-10,-1160900
1.22853558307905e-10,-1160800
1.23072477160602e-10,-1160700
1.23291819366345e-10,-1160600
1.23511585237575e-10,-1160500
1.23731775013408e-10,-1160400
1.23952388859727e-10,-1160300
1.24173426869326e-10,-1160200
1.2439488906212e-10,-1160100
1.2461677538542e-10,-1160000
1.24839085714244e-10,-1159900
1.25061819851737e-10,-1159800
1.25284977529598e-10,-1159700
1.25508558408603e-10,-1159600
1.25732562079179e-10,-1159500
1.25956988062021e-10,-1159400
1.26181835808796e-10,-1159300
1.26407104702876e-10,-1159200
1.26632794060148e-10,-1159100
1.26858903129875e-10,-1159000
1.27085431095592e-10,-1158900
1.27312377076108e-10,-1158800
1.27539740126488e-10,-1158700
1.27767519239156e-10,-1158600
1.27995713345016e-10,-1158500
1.28224321314612e-10,-1158400
1.28453341959372e-10,-1158300
1.28682774032876e-10,-1158200
1.28912616232172e-10,-1158100
1.29142867199147e-10,-1158000
1.29373525521934e-10,-1157900
1.29604589736372e-10,-1157800
1.29836058327499e-10,-1157700
1.30067929731083e-10,-1157600
1.30300202335203e-10,-1157500
1.30532874481861e-10,-1157400
1.30765944468633e-10,-1157300
1.30999410550351e-10,-1157200
1.31233270940811e-10,-1157100
1.3146752381454e-10,-1157000
1.31702167308552e-10,-1156900
1.31937199524173e-10,-1156800
1.3217261852886e-10,-1156700
1.32408422358062e-10,-1156600
1.32644609017115e-10,-1156500
1.32881176483116e-10,-1156400
1.33118122706872e-10,-1156300
1.33355445614825e-10,-1156200
1.3359314311101e-10,-1156100
1.33831213079034e-10,-1156000
1.34069653384047e-10,-1155900
1.34308461874747e-10,-1155800
1.34547636385377e-10,-1155700
1.34787174737737e-10,-1155600
1.35027074743201e-10,-1155500
1.35267334204735e-10,-1155400
1.35507950918924e-10,-1155300
1.35748922677987e-10,-1155200
1.35990247271796e-10,-1155100
1.36231922489898e-10,-1155000
1.3647394612352e-10,-1154900
1.36716315967573e-10,-1154800
1.36959029822654e-10,-1154700
1.37202085497014e-10,-1154600
1.37445480808543e-10,-1154500
1.37689213586717e-10,-1154400
1.37933281674541e-10,-1154300
1.38177682930478e-10,-1154200
1.38422415230332e-10,-1154100
1.38667476469157e-10,-1154000
1.38912864563087e-10,-1153900
1.39158577451193e-10,-1153800
1.39404613097273e-10,-1153700
1.39650969491647e-10,-1153600
1.3989764465289e-10,-1153500
1.40144636629565e-10,-1153400
1.40391943501906e-10,-1153300
1.40639563383467e-10,-1153200
1.40887494422742e-10,-1153100
1.41135734804752e-10,-1153000
1.41384282752572e-10,-1152900
1.41633136528849e-10,-1152800
1.41882294437257e-10,-1152700
1.42131754823911e-10,-1152600
1.42381516078763e-10,-1152500
1.42631576636909e-10,-1152400
1.42881934979899e-10,-1152300
1.43132589636955e-10,-1152200
1.43383539186179e-10,-1152100
1.43634782255687e-10,-1152000
1.43886317524711e-10,-1151900
1.44138143724629e-10,-1151800
1.44390259639968e-10,-1151700
1.4464266410933e-10,-1151600
1.44895356026296e-10,-1151500
1.45148334340234e-10,-1151400
1.45401598057105e-10,-1151300
1.45655146240148e-10,-1151200
1.45908978010581e-10,-1151100
1.46163092548187e-10,-1151000
1.46417489091889e-10,-1150900
1.46672166940221e-10,-1150800
1.46927125451784e-10,-1150700
1.47182364045625e-10,-1150600
1.47437882201555e-10,-1150500
1.47693679460418e-10,-1150400
1.47949755424301e-10,-1150300
1.48206109756662e-10,-1150200
1.48462742182452e-10,-1150100
1.48719652488126e-10,-1150000
1.4897684052161e-10,-1149900
1.49234306192239e-10,-1149800
1.49492049470589e-10,-1149700
1.49750070388308e-10,-1149600
1.50008369037815e-10,-1149500
1.50266945572027e-10,-1149400
1.50525800203963e-10,-1149300
1.50784933206321e-10,-1149200
1.51044344911002e-10,-1149100
1.51304035708566e-10,-1149000
1.51564006047634e-10,-1148900
1.51824256434251e-10,-1148800
1.5208478743119e-10,-1148700
1.52345599657182e-10,-1148600
1.5260669378613e-10,-1148500
1.52868070546247e-10,-1148400
1.53129730719161e-10,-1148300
1.53391675138948e-10,-1148200
1.53653904691149e-10,-1148100
1.53916420311714e-10,-1148000
1.5417922298591e-10,-1147900
1.54442313747192e-10,-1147800
1.54705693676015e-10,-1147700
1.5496936389862e-10,-1147600
1.55233325585763e-10,-1147500
1.55497579951427e-10,-1147400
1.55762128251468e-10,-1147300
1.56026971782248e-10,-1147200
1.56292111879221e-10,-1147100
1.56557549915488e-10,-1147000
1.56823287300321e-10,-1146900
1.57089325477652e-10,-1146800
1.57355665924529e-10,-1146700
1.57622310149564e-10,-1146600
1.57889259691336e-10,-1146500
1.58156516116766e-10,-1146400
1.58424081019486e-10,-1146300
1.58691956018176e-10,-1146200
1.58960142754891e-10,-1146100
1.59228642893348e-10,-1146000
1.5949745811722e-10,-1145900
1.59766590128408e-10,-1145800
1.60036040645296e-10,-1145700
1.60305811400998e-10,-1145600
1.60575904141602e-10,-1145500
1.60846320624389e-10,-1145400
1.61117062616064e-10,-1145300
1.61388131890986e-10,-1145200
1.61659530229365e-10,-1145100
1.61931259415497e-10,-1145000
1.62203321235983e-10,-1144900
1.62475717477935e-10,-1144800
1.62748449927225e-10,-1144700
1.63021520366708e-10,-1144600
1.63294930574463e-10,-1144500
1.63568682322053e-10,-1144400
1.63842777372788e-10,-1144300
1.64117217479998e-10,-1144200
1.64392004385332e-10,-1144100
1.64667139817072e-10,-1144000
1.64942625488458e-10,-1143900
1.6521846309604e-10,-1143800
1.65494654318054e-10,-1143700
1.65771200812818e-10,-1143600
1.66048104217152e-10,-1143500
1.66325366144827e-10,-1143400
1.66602988185051e-10,-1143300
1.66880971900965e-10,-1143200
1.67159318828192e-10,-1143100
1.67438030473404e-10,-1143000
1.67717108312943e-10,-1142900
1.67996553791437e-10,-1142800
1.68276368320513e-10,-1142700
1.68556553277494e-10,-1142600
1.68837110004178e-10,-1142500
1.69118039805612e-10,-1142400
1.6939934394897e-10,-1142300
1.69681023662404e-10,-1142200
1.69963080134006e-10,-1142100
1.70245514510786e-10,-1142000
1.70528327897653e-10,-1141900
1.70811521356556e-10,-1141800
1.71095095905558e-10,-1141700
1.71379052518027e-10,-1141600
1.71663392121855e-10,-1141500
1.71948115598734e-10,-1141400
1.72233223783485e-10,-1141300
1.72518717463442e-10,-1141200
1.72804597377873e-10,-1141100
1.73090864217496e-10,-1141000
1.73377518623993e-10,-1140900
1.73664561189638e-10,-1140800
1.73951992456936e-10,-1140700
1.74239812918341e-10,-1140600
1.74528023016029e-10,-1140500
1.74816623141716e-10,-1140400
1.75105613636566e-10,-1140300
1.75394994791108e-10,-1140200
1.75684766845246e-10,-1140100
1.75974929988328e-10,-1140000
1.76265484359259e-10,-1139900
1.76556430046654e-10,-1139800
1.76847767089104e-10,-1139700
1.77139495475457e-10,-1139600
1.77431615145147e-10,-1139500
1.7772412598863e-10,-1139400
1.78017027847825e-10,-1139300
1.7831032051665e-10,-1139200
1.78604003741587e-10,-1139100
1.78898077222328e-10,-1139000
1.79192540612459e-10,-1138900
1.79487393520184e-10,-1138800
1.79782635509157e-10,-1138700
1.80078266099317e-10,-1138600
1.80374284767786e-10,-1138500
1.80670690949841e-10,-1138400
1.80967484039914e-10,-1138300
1.81264663392657e-10,-1138200
1.81562228324046e-10,-1138100
1.81860178112543e-10,-1138000
1.82158512000293e-10,-1137900
1.824572291944e-10,-1137800
1.82756328868198e-10,-1137700
1.83055810162609e-10,-1137600
1.8335567218753e-10,-1137500
1.83655914023249e-10,-1137400
1.83956534721935e-10,-1137300
1.84257533309129e-10,-1137200
1.84558908785304e-10,-1137100
1.8486066012743e-10,-1137000
1.85162786290622e-10,-1136900
1.85465286209768e-10,-1136800
1.85768158801234e-10,-1136700
1.86071402964564e-10,-1136600
1.86375017584247e-10,-1136500
1.86679001531475e-10,-1136400
1.86983353665949e-10,-1136300
1.8728807283771e-10,-1136200
1.87593157888979e-10,-1136100
1.87898607656035e-10,-1136000
1.88204420971104e-10,-1135900
1.88510596664262e-10,-1135800
1.88817133565359e-10,-1135700
1.89124030505966e-10,-1135600
1.89431286321324e-10,-1135500
1.89738899852291e-10,-1135400
1.90046869947336e-10,-1135300
1.90355195464503e-10,-1135200
1.90663875273398e-10,-1135100
1.90972908257177e-10,-1135000
1.91282293314538e-10,-1134900
1.9159202936171e-10,-1134800
1.91902115334425e-10,-1134700
1.92212550189938e-10,-1134600
1.92523332908966e-10,-1134500
1.92834462497685e-10,-1134400
1.93145937989668e-10,-1134300
1.93457758447868e-10,-1134200
1.9376992296652e-10,-1134100
1.94082430673096e-10,-1134000
1.94395280730177e-10,-1133900
1.94708472337379e-10,-1133800
1.9502200473319e-10,-1133700
1.95335877196828e-10,-1133600
1.95650089050065e-10,-1133500
1.95964639659012e-10,-1133400
1.96279528435907e-10,-1133300
1.9659475484084e-10,-1133200
1.96910318383472e-10,-1133100
1.97226218624703e-10,-1133000
1.97542455178336e-10,-1132900
1.97859027712653e-10,-1132800
1.98175935952023e-10,-1132700
1.98493179678414e-10,-1132600
1.9881075873288e-10,-1132500
1.99128673017037e-10,-1132400
1.99446922494461e-10,-1132300
1.99765507192029e-10,-1132200
2.00084427201277e-10,-1132100
2.00403682679654e-10,-1132000
2.00723273851729e-10,-1131900
2.01043201010396e-10,-1131800
2.01363464517969e-10,-1131700
2.01684064807271e-10,-1131600
2.02005002382642e-10,-1131500
2.02326277820904e-10,-1131400
2.02647891772277e-10,-1131300
2.02969844961212e-10,-1131200
2.03292138187213e-10,-1131100
2.03614772325537e-10,-1131000
2.03937748327917e-10,-1130900
2.04261067223133e-10,-1130800
2.04584730117595e-10,-1130700
2.04908738195841e-10,-1130600
2.0523309272095e-10,-1130500
2.05557795034932e-10,-1130400
2.0588284655903e-10,-1130300
2.06208248793962e-10,-1130200
2.06534003320095e-10,-1130100
2.06860111797582e-10,-1130000
2.07186575966381e-10,-1129900
2.07513397646263e-10,-1129800
2.07840578736729e-10,-1129700
2.08168121216858e-10,-1129600
2.08496027145094e-10,-1129500
2.08824298658983e-10,-1129400
2.09152937974812e-10,-1129300
2.09481947387209e-10,-1129200
2.09811329268673e-10,-1129100
2.10141086069028e-10,-1129000
2.10471220314806e-10,-1128900
2.10801734608605e-10,-1128800
2.11132631628328e-10,-1128700
2.11463914126389e-10,-1128600
2.11795584928866e-10,-1128500
2.12127646934552e-10,-1128400
2.12460103113953e-10,-1128300
2.12792956508286e-10,-1128200
2.13126210228313e-10,-1128100
2.13459867453175e-10,-1128000
2.13793931429187e-10,-1127900
2.14128405468497e-10,-1127800
2.1446329294775e-10,-1127700
2.1479859730669e-10,-1127600
2.15134322046659e-10,-1127500
2.15470470729096e-10,-1127400
2.15807046973923e-10,-1127300
2.16144054457949e-10,-1127200
2.16481496913149e-10,-1127100
2.16819378124928e-10,-1127000
2.17157701930337e-10,-1126900
2.17496472216226e-10,-1126800
2.17835692917362e-10,-1126700
2.18175368014464e-10,-1126600
2.18515501532251e-10,-1126500
2.18856097537402e-10,-1126400
2.19197160136479e-10,-1126300
2.1953869347382e-10,-1126200
2.19880701729394e-10,-1126100
2.20223189116596e-10,-1126000
2.20566159880029e-10,-1125900
2.20909618293246e-10,-1125800
2.21253568656435e-10,-1125700
2.21598015294097e-10,-1125600
2.21942962552695e-10,-1125500
2.22288414798263e-10,-1125400
2.22634376413968e-10,-1125300
2.22980851797696e-10,-1125200
2.23327845359576e-10,-1125100
2.23675361519481e-10,-1125000
2.24023404704541e-10,-1124900
2.24371979346591e-10,-1124800
2.24721089879646e-10,-1124700
2.25070740737342e-10,-1124600
2.25420936350346e-10,-1124500
2.25771681143788e-10,-1124400
2.26122979534673e-10,-1124300
2.26474835929256e-10,-1124200
2.26827254720463e-10,-1124100
2.27180240285262e-10,-1124000
2.2753379698206e-10,-1123900
2.27887929148073e-10,-1123800
2.28242641096734e-10,-1123700
2.28597937115085e-10,-1123600
2.28953821461135e-10,-1123500
2.2931029836132e-10,-1123400
2.2966737200787e-10,-1123300
2.30025046556261e-10,-1123200
2.30383326122616e-10,-1123100
2.30742214781197e-10,-1123000
2.31101716561822e-10,-1122900
2.31461835447392e-10,-1122800
2.31822575371357e-10,-1122700
2.32183940215267e-10,-1122600
2.32545933806284e-10,-1122500
2.32908559914789e-10,-1122400
2.33271822251961e-10,-1122300
2.33635724467386e-10,-1122200
2.34000270146727e-10,-1122100
2.34365462809414e-10,-1122000
2.34731305906348e-10,-1121900
2.3509780281765e-10,-1121800
2.35464956850457e-10,-1121700
2.35832771236731e-10,-1121600
2.3620124913116e-10,-1121500
2.36570393608988e-10,-1121400
2.36940207664033e-10,-1121300
2.37310694206628e-10,-1121200
2.37681856061662e-10,-1121100
2.38053695966654e-10,-1121000
2.38426216569884e-10,-1120900
2.38799420428547e-10,-1120800
2.39173310006983e-10,-1120700
2.39547887674942e-10,-1120600
2.39923155705901e-10,-1120500
2.40299116275429e-10,-1120400
2.40675771459625e-10,-1120300
2.410531232336e-10,-1120200
2.41431173469987e-10,-1120100
2.41809923937555e-10,-1120000
2.42189376299836e-10,-1119900
2.42569532113847e-10,-1119800
2.4295039282886e-10,-1119700
2.4333195978517e-10,-1119600
2.43714234213054e-10,-1119500
2.44097217231648e-10,-1119400
2.4448090984799e-10,-1119300
2.44865312956062e-10,-1119200
2.45250427335931e-10,-1119100
2.45636253652918e-10,-1119000
2.46022792456873e-10,-1118900
2.46410044181469e-10,-1118800
2.46798009143601e-10,-1118700
2.47186687542797e-10,-1118600
2.47576079460755e-10,-1118500
2.47966184860895e-10,-1118400
2.48357003587992e-10,-1118300
2.48748535367888e-10,-1118200
2.49140779807232e-10,-1118100
2.49533736393332e-10,-1118000
2.49927404494012e-10,-1117900
2.50321783357613e-10,-1117800
2.50716872112969e-10,-1117700
2.51112669769507e-10,-1117600
2.51509175217391e-10,-1117500
2.51906387227742e-10,-1117400
2.52304304452886e-10,-1117300
2.52702925426709e-10,-1117200
2.53102248565053e-10,-1117100
2.53502272166158e-10,-1117000
2.53902994411197e-10,-1116900
2.5430441336485e-10,-1116800
2.5470652697595e-10,-1116700
2.55109333078176e-10,-1116600
2.55512829390805e-10,-1116500
2.55917013519565e-10,-1116400
2.56321882957452e-10,-1116300
2.5672743508572e-10,-1116200
2.57133667174821e-10,-1116100
2.57540576385487e-10,-1116000
2.57948159769797e-10,-1115900
2.58356414272331e-10,-1115800
2.58765336731398e-10,-1115700
2.5917492388027e-10,-1115600
2.59585172348479e-10,-1115500
2.59996078663198e-10,-1115400
2.60407639250633e-10,-1115300
2.60819850437458e-10,-1115200
2.61232708452341e-10,-1115100
2.61646209427475e-10,-1115000
2.62060349400164e-10,-1114900
2.62475124314457e-10,-1114800
2.62890530022816e-10,-1114700
2.63306562287855e-10,-1114600
2.63723216784058e-10,-1114500
2.64140489099594e-10,-1114400
2.64558374738165e-10,-1114300
2.64976869120826e-10,-1114200
2.65395967587927e-10,-1114100
2.65815665401036e-10,-1114000
2.662359577449e-10,-1113900
2.66656839729457e-10,-1113800
2.67078306391856e-10,-1113700
2.67500352698528e-10,-1113600
2.6792297354725e-10,-1113500
2.68346163769269e-10,-1113400
2.6876991813145e-10,-1113300
2.69194231338412e-10,-1113200
2.69619098034721e-10,-1113100
2.70044512807099e-10,-1113000
2.70470470186641e-10,-1112900
2.70896964651035e-10,-1112800
2.71323990626869e-10,-1112700
2.71751542491862e-10,-1112600
2.72179614577158e-10,-1112500
2.72608201169631e-10,-1112400
2.7303729651422e-10,-1112300
2.73466894816204e-10,-1112200
2.73896990243575e-10,-1112100
2.74327576929361e-10,-1112000
2.74758648973987e-10,-1111900
2.75190200447607e-10,-1111800
2.75622225392467e-10,-1111700
2.76054717825283e-10,-1111600
2.7648767173958e-10,-1111500
2.76921081108065e-10,-1111400
2.77354939884992e-10,-1111300
2.77789242008519e-10,-1111200
2.7822398140306e-10,-1111100
2.78659151981652e-10,-1111000
2.79094747648299e-10,-1110900
2.79530762300313e-10,-1110800
2.79967189830654e-10,-1110700
2.80404024130251e-10,-1110600
2.80841259090331e-10,-1110500
2.81278888604725e-10,-1110400
2.8171690657216e-10,-1110300
2.82155306898557e-10,-1110200
2.82594083499283e-10,-1110100
2.83033230301456e-10,-1110000
2.83472741246121e-10,-1109900
2.8391261029054e-10,-1109800
2.84352831410375e-10,-1109700
2.84793398601888e-10,-1109600
2.85234305884118e-10,-1109500
2.85675547301051e-10,-1109400
2.86117116923739e-10,-1109300
2.86559008852436e-10,-1109200
2.87001217218684e-10,-1109100
2.87443736187408e-10,-1109000
2.87886559958937e-10,-1108900
2.88329682771074e-10,-1108800
2.88773098901081e-10,-1108700
2.89216802667649e-10,-1108600
2.89660788432906e-10,-1108500
2.90105050604307e-10,-1108400
2.90549583636552e-10,-1108300
2.90994382033486e-10,-1108200
2.91439440349934e-10,-1108100
2.91884753193556e-10,-1108000
2.92330315226622e-10,-1107900
2.92776121167796e-10,-1107800
2.93222165793912e-10,-1107700
2.93668443941643e-10,-1107600
2.94114950509231e-10,-1107500
2.94561680458141e-10,-1107400
2.95008628814675e-10,-1107300
2.95455790671595e-10,-1107200
2.95903161189702e-10,-1107100
2.96350735599362e-10,-1107000
2.9679850920203e-10,-1106900
2.97246477371742e-10,-1106800
2.97694635556564e-10,-1106700
2.98142979280018e-10,-1106600
2.98591504142474e-10,-1106500
2.99040205822527e-10,-1106400
2.99489080078316e-10,-1106300
2.99938122748846e-10,-1106200
3.00387329755246e-10,-1106100
3.00836697102022e-10,-1106000
3.01286220878279e-10,-1105900
3.01735897258887e-10,-1105800
3.02185722505649e-10,-1105700
3.02635692968425e-10,-1105600
3.03085805086217e-10,-1105500
3.03536055388236e-10,-1105400
3.03986440494949e-10,-1105300
3.04436957119075e-10,-1105200
3.04887602066546e-10,-1105100
3.05338372237483e-10,-1105000
3.05789264627092e-10,-1104900
3.06240276326572e-10,-1104800
3.06691404523944e-10,-1104700
3.07142646504919e-10,-1104600
3.07593999653665e-10,-1104500
3.08045461453608e-10,-1104400
3.08497029488174e-10,-1104300
3.08948701441496e-10,-1104200
3.09400475099115e-10,-1104100
3.09852348348637e-10,-1104000
3.10304319180386e-10,-1103900
3.10756385687997e-10,-1103800
3.1120854606899e-10,-1103700
3.11660798625353e-10,-1103600
3.12113141764059e-10,-1103500
3.12565573997567e-10,-1103400
3.13018093944296e-10,-1103300
3.13470700329099e-10,-1103200
3.13923391983651e-10,-1103100
3.14376167846901e-10,-1103000
3.14829026965401e-10,-1102900
3.15281968493688e-10,-1102800
3.15734991694595e-10,-1102700
3.1618809593956e-10,-1102600
3.16641280708918e-10,-1102500
3.17094545592105e-10,-1102400
3.17547890287962e-10,-1102300
3.18001314604873e-10,-1102200
3.18454818460996e-10,-1102100
3.18908401884388e-10,-1102000
3.19362065013162e-10,-1101900
3.19815808095594e-10,-1101800
3.20269631490196e-10,-1101700
3.20723535665816e-10,-1101600
3.21177521201644e-10,-1101500
3.21631588787273e-10,-1101400
3.2208573922264e-10,-1101300
3.22539973418066e-10,-1101200
3.22994292394165e-10,-1101100
3.23448697281772e-10,-1101000
3.23903189321889e-10,-1100900
3.24357769865539e-10,-1100800
3.24812440373617e-10,-1100700
3.2526720241677e-10,-1100600
3.2572205767517e-10,-1100500
3.26177007938356e-10,-1100400
3.26632055104965e-10,-1100300
3.27087201182501e-10,-1100200
3.27542448287061e-10,-1100100
3.27997798643046e-10,-1100000
3.28453254582818e-10,-1099900
3.28908818546396e-10,-1099800
3.29364493081072e-10,-1099700
3.29820280841006e-10,-1099600
3.30276184586854e-10,-1099500
3.30732207185325e-10,-1099400
3.31188351608699e-10,-1099300
3.31644620934371e-10,-1099200
3.32101018344345e-10,-1099100
3.32557547124706e-10,-1099000
3.33014210665059e-10,-1098900
3.33471012457971e-10,-1098800
3.33927956098348e-10,-1098700
3.34385045282854e-10,-1098600
3.34842283809203e-10,-1098500
3.35299675575533e-10,-1098400
3.35757224579683e-10,-1098300
3.36214934918489e-10,-1098200
3.36672810787003e-10,-1098100
3.37130856477765e-10,-1098000
3.37589076379942e-10,-1097900
3.3804747497856e-10,-1097800
3.38506056853612e-10,-1097700
3.38964826679194e-10,-1097600
3.39423789222586e-10,-1097500
3.39882949343336e-10,-1097400
3.40342311992285e-10,-1097300
3.4080188221058e-10,-1097200
3.41261665128652e-10,-1097100
3.41721665965189e-10,-1097000
3.42181890026052e-10,-1096900
3.42642342703166e-10,-1096800
3.4310302947341e-10,-1096700
3.43563955897432e-10,-1096600
3.44025127618488e-10,-1096500
3.44486550361212e-10,-1096400
3.44948229930368e-10,-1096300
3.45410172209574e-10,-1096200
3.45872383159999e-10,-1096100
3.4633486881905e-10,-1096000
3.46797635298947e-10,-1095900
3.47260688785398e-10,-1095800
3.47724035536124e-10,-1095700
3.48187681879419e-10,-1095600
3.48651634212668e-10,-1095500
3.49115899000816e-10,-1095400
3.49580482774835e-10,-1095300
3.50045392130134e-10,-1095200
3.50510633724961e-10,-1095100
3.50976214278743e-10,-1095000
3.51442140570429e-10,-1094900
3.51908419436798e-10,-1094800
3.52375057770691e-10,-1094700
3.52842062519286e-10,-1094600
3.53309440682288e-10,-1094500
3.53777199310104e-10,-1094400
3.54245345501975e-10,-1094300
3.54713886404127e-10,-1094200
3.55182829207825e-10,-1094100
3.55652181147426e-10,-1094000
3.56121949498431e-10,-1093900
3.5659214157546e-10,-1093800
3.57062764730211e-10,-1093700
3.57533826349432e-10,-1093600
3.58005333852789e-10,-1093500
3.58477294690774e-10,-1093400
3.58949716342559e-10,-1093300
3.59422606313812e-10,-1093200
3.59895972134482e-10,-1093100
3.60369821356609e-10,-1093000
3.60844161552017e-10,-1092900
3.61319000310103e-10,-1092800
3.61794345235465e-10,-1092700
3.62270203945616e-10,-1092600
3.62746584068607e-10,-1092500
3.63223493240675e-10,-1092400
3.63700939103822e-10,-1092300
3.64178929303394e-10,-1092200
3.64657471485659e-10,-1092100
3.65136573295326e-10,-1092000
3.65616242373062e-10,-1091900
3.6609648635301e-10,-1091800
3.66577312860243e-10,-1091700
3.67058729508247e-10,-1091600
3.6754074389637e-10,-1091500
3.68023363607218e-10,-1091400
3.6850659620413e-10,-1091300
3.68990449228532e-10,-1091200
3.69474930197339e-10,-1091100
3.69960046600362e-10,-1091000
3.7044580589764e-10,-1090900
3.70932215516816e-10,-1090800
3.71419282850497e-10,-1090700
3.71907015253587e-10,-1090600
3.72395420040604e-10,-1090500
3.72884504483072e-10,-1090400
3.73374275806792e-10,-1090300
3.73864741189196e-10,-1090200
3.74355907756682e-10,-1090100
3.74847782581911e-10,-1090000
3.75340372681169e-10,-1089900
3.75833685011668e-10,-1089800
3.76327726468915e-10,-1089700
3.76822503884025e-10,-1089600
3.77318024021069e-10,-1089500
3.77814293574445e-10,-1089400
3.78311319166259e-10,-1089300
3.78809107343647e-10,-1089200
3.79307664576222e-10,-1089100
3.79806997253454e-10,-1089000
3.80307111682098e-10,-1088900
3.8080801408361e-10,-1088800
3.81309710591631e-10,-1088700
3.81812207249444e-10,-1088600
3.82315510007489e-10,-1088500
3.82819624720861e-10,-1088400
3.83324557146878e-10,-1088300
3.83830312942623e-10,-1088200
3.84336897662596e-10,-1088100
3.84844316756285e-10,-1088000
3.85352575565867e-10,-1087900
3.85861679323877e-10,-1087800
3.86371633150949e-10,-1087700
3.86882442053579e-10,-1087600
3.87394110921904e-10,-1087500
3.87906644527582e-10,-1087400
3.8842004752162e-10,-1087300
3.8893432443234e-10,-1087200
3.89449479663329e-10,-1087100
3.89965517491413e-10,-1087000
3.90482442064786e-10,-1086900
3.91000257401038e-10,-1086800
3.91518967385351e-10,-1086700
3.92038575768698e-10,-1086600
3.92559086166094e-10,-1086500
3.93080502054891e-10,-1086400
3.93602826773197e-10,-1086300
3.94126063518214e-10,-1086200
3.94650215344792e-10,-1086100
3.95175285163928e-10,-1086000
3.9570127574139e-10,-1085900
3.96228189696354e-10,-1085800
3.96756029500145e-10,-1085700
3.97284797475019e-10,-1085600
3.97814495793032e-10,-1085500
3.98345126474949e-10,-1085400
3.98876691389223e-10,-1085300
3.99409192251086e-10,-1085200
3.99942630621651e-10,-1085100
4.00477007907115e-10,-1085000
4.0101232535805e-10,-1084900
4.01548584068744e-10,-1084800
4.02085784976583e-10,-1084700
4.02623928861619e-10,-1084600
4.03163016346066e-10,-1084500
4.0370304789402e-10,-1084400
4.04244023811095e-10,-1084300
4.04785944244335e-10,-1084200
4.05328809181991e-10,-1084100
4.05872618453556e-10,-1084000
4.0641737172979e-10,-1083900
4.06963068522816e-10,-1083800
4.07509708186364e-10,-1083700
4.08057289916009e-10,-1083600
4.08605812749581e-10,-1083500
4.09155275567604e-10,-1083400
4.097056770938e-10,-1083300
4.10257015895735e-10,-1083200
4.10809290385503e-10,-1083100
4.11362498820512e-10,-1083000
4.11916639304328e-10,-1082900
4.12471709787647e-10,-1082800
4.13027708069312e-10,-1082700
4.13584631797404e-10,-1082600
4.14142478470474e-10,-1082500
4.14701245438788e-10,-1082400
4.15260929905694e-10,-1082300
4.15821528929065e-10,-1082200
4.16383039422828e-10,-1082100
4.16945458158544e-10,-1082000
4.17508781767092e-10,-1081900
4.18073006740443e-10,-1081800
4.18638129433507e-10,-1081700
4.19204146066012e-10,-1081600
4.19771052724544e-10,-1081500
4.20338845364597e-10,-1081400
4.2090751981271e-10,-1081300
4.21477071768712e-10,-1081200
4.22047496808009e-10,-1081100
4.22618790383941e-10,-1081000
4.23190947830228e-10,-1080900
4.23763964363491e-10,-1080800
4.24337835085824e-10,-1080700
4.24912554987413e-10,-1080600
4.25488118949293e-10,-1080500
4.26064521746109e-10,-1080400
4.26641758048945e-10,-1080300
4.2721982242823e-10,-1080200
4.27798709356701e-10,-1080100
4.28378413212444e-10,-1080000
4.28958928281947e-10,-1079900
4.29540248763241e-10,-1079800
4.30122368769097e-10,-1079700
4.30705282330244e-10,-1079600
4.31288983398677e-10,-1079500
4.31873465850989e-10,-1079400
4.32458723491745e-10,-1079300
4.33044750056902e-10,-1079200
4.33631539217298e-10,-1079100
4.34219084582142e-10,-1079000
4.34807379702557e-10,-1078900
4.3539641807516e-10,-1078800
4.35986193145682e-10,-1078700
4.36576698312622e-10,-1078600
4.3716792693087e-10,-1078500
4.37759872315451e-10,-1078400
4.38352527745241e-10,-1078300
4.38945886466679e-10,-1078200
4.39539941697573e-10,-1078100
4.40134686630826e-10,-1078000
4.4073011443827e-10,-1077900
4.4132621827445e-10,-1077800
4.41922991280444e-10,-1077700
4.42520426587669e-10,-1077600
4.43118517321715e-10,-1077500
4.43717256606158e-10,-1077400
4.44316637566391e-10,-1077300
4.44916653333447e-10,-1077200
4.45517297047799e-10,-1077100
4.46118561863152e-10,-1077000
4.46720440950276e-10,-1076900
4.47322927500735e-10,-1076800
4.47926014730678e-10,-1076700
4.48529695884555e-10,-1076600
4.49133964238865e-10,-1076500
4.49738813105807e-10,-1076400
4.5034423583699e-10,-1076300
4.50950225827047e-10,-1076200
4.51556776517215e-10,-1076100
4.52163881398952e-10,-1076000
4.52771534017422e-10,-1075900
4.53379727975005e-10,-1075800
4.53988456934731e-10,-1075700
4.54597714623699e-10,-1075600
4.55207494836411e-10,-1075500
4.55817791438076e-10,-1075400
4.56428598367864e-10,-1075300
4.57039909642099e-10,-1075200
4.57651719357402e-10,-1075100
4.58264021693743e-10,-1075000
4.58876810917468e-10,-1074900
4.59490081384268e-10,-1074800
4.60103827542015e-10,-1074700
4.60718043933606e-10,-1074600
4.61332725199718e-10,-1074500
4.61947866081422e-10,-1074400
4.62563461422821e-10,-1074300
4.63179506173565e-10,-1074200
4.63795995391248e-10,-1074100
4.64412924243792e-10,-1074000
4.6503028801171e-10,-1073900
4.65648082090282e-10,-1073800
4.66266301991668e-10,-1073700
4.66884943346902e-10,-1073600
4.67504001907822e-10,-1073500
4.68123473548876e-10,-1073400
4.68743354268891e-10,-1073300
4.69363640192678e-10,-1073200
4.69984327572596e-10,-1073100
4.70605412789968e-10,-1073000
4.71226892356466e-10,-1072900
4.71848762915318e-10,-1072800
4.72471021242491e-10,-1072700
4.73093664247675e-10,-1072600
4.73716688975303e-10,-1072500
4.74340092605307e-10,-1072400
4.74963872453899e-10,-1072300
4.75588025974162e-10,-1072200
4.76212550756601e-10,-1072100
4.76837444529518e-10,-1072000
4.77462705159342e-10,-1071900
4.78088330650805e-10,-1071800
4.78714319147044e-10,-1071700
4.79340668929572e-10,-1071600
4.79967378418152e-10,-1071500
4.8059444617054e-10,-1071400
4.81221870882159e-10,-1071300
4.8184965138563e-10,-1071200
4.8247778665021e-10,-1071100
4.83106275781116e-10,-1071000
4.83735118018733e-10,-1070900
4.84364312737737e-10,-1070800
4.84993859446097e-10,-1070700
4.85623757783957e-10,-1070600
4.8625400752242e-10,-1070500
4.86884608562267e-10,-1070400
4.87515560932494e-10,-1070300
4.88146864788796e-10,-1070200
4.88778520411972e-10,-1070100
4.8941052820614e-10,-1070000
4.90042888696949e-10,-1069900
4.90675602529627e-10,-1069800
4.91308670466968e-10,-1069700
4.91942093387198e-10,-1069600
4.92575872281722e-10,-1069500
4.93210008252872e-10,-1069400
4.93844502511464e-10,-1069300
4.94479356374283e-10,-1069200
4.95114571261517e-10,-1069100
4.957501486941e-10,-1069000
4.96386090290926e-10,-1068900
4.97022397766002e-10,-1068800
4.97659072925526e-10,-1068700
4.98296117664924e-10,-1068600
4.98933533965711e-10,-1068500
4.99571323892372e-10,-1068400
5.00209489589129e-10,-1068300
5.00848033276621e-10,-1068200
5.01486957248592e-10,-1068100
5.02126263868388e-10,-1068000
5.02765955565518e-10,-1067900
5.03406034832091e-10,-1067800
5.04046504219182e-10,-1067700
5.04687366333193e-10,-1067600
5.05328623832133e-10,-1067500
5.05970279421818e-10,-1067400
5.06612335852103e-10,-1067300
5.07254795913013e-10,-1067200
5.07897662430834e-10,-1067100
5.08540938264165e-10,-1067000
5.09184626299999e-10,-1066900
5.09828729449676e-10,-1066800
5.10473250644868e-10,-1066700
5.11118192833542e-10,-1066600
5.11763558975854e-10,-1066500
5.12409352040074e-10,-1066400
5.13055574998486e-10,-1066300
5.13702230823234e-10,-1066200
5.14349322482204e-10,-1066100
5.14996852934907e-10,-1066000
5.15644825128294e-10,-1065900
5.1629324199264e-10,-1065800
5.16942106437428e-10,-1065700
5.17591421347165e-10,-1065600
5.18241189577306e-10,-1065500
5.18891413950163e-10,-1065400
5.19542097250744e-10,-1065300
5.20193242222751e-10,-1065200
5.20844851564513e-10,-1065100
5.21496927924973e-10,-1065000
5.22149473899661e-10,-1064900
5.22802492026812e-10,-1064800
5.23455984783381e-10,-1064700
5.24109954581215e-10,-1064600
5.24764403763173e-10,-1064500
5.25419334599366e-10,-1064400
5.26074749283419e-10,-1064300
5.26730649928759e-10,-1064200
5.27387038565014e-10,-1064100
5.28043917134427e-10,-1064000
5.2870128748832e-10,-1063900
5.29359151383694e-10,-1063800
5.30017510479832e-10,-1063700
5.30676366334993e-10,-1063600
5.31335720403134e-10,-1063500
5.3199557403083e-10,-1063400
5.32655928454149e-10,-1063300
5.33316784795645e-10,-1063200
5.3397814406147e-10,-1063100
5.34640007138551e-10,-1063000
5.35302374791818e-10,-1062900
5.35965247661602e-10,-1062800
5.36628626261064e-10,-1062700
5.37292510973732e-10,-1062600
5.37956902051171e-10,-1062500
5.38621799610717e-10,-1062400
5.39287203633323e-10,-1062300
5.39953113961525e-10,-1062200
5.40619530297499e-10,-1062100
5.41286452201233e-10,-1062000
5.4195387908883e-10,-1061900
5.42621810230872e-10,-1061800
5.43290244750956e-10,-1061700
5.4395918162431e-10,-1061600
5.44628619676552e-10,-1061500
5.45298557582541e-10,-1061400
5.45968993865387e-10,-1061300
5.46639926895511e-10,-1061200
5.4731135488992e-10,-1061100
5.47983275911557e-10,-1061000
5.48655687868754e-10,-1060900
5.49328588514859e-10,-1060800
5.50001975447965e-10,-1060700
5.50675846110764e-10,-1060600
5.51350197790544e-10,-1060500
5.52025027619277e-10,-1060400
5.52700332573915e-10,-1060300
5.53376109476715e-10,-1060200
5.54052354995771e-10,-1060100
5.54729065645636e-10,-1060000
5.55406237788076e-10,-1059900
5.56083867632983e-10,-1059800
5.56761951239396e-10,-1059700
5.57440484516612e-10,-1059600
5.5811946322553e-10,-1059500
5.58798882979982e-10,-1059400
5.59478739248349e-10,-1059300
5.60159027355168e-10,-1059200
5.60839742482928e-10,-1059100
5.61520879673978e-10,-1059000
5.62202433832607e-10,-1058900
5.62884399727155e-10,-1058800
5.63566771992303e-10,-1058700
5.64249545131509e-10,-1058600
5.64932713519493e-10,-1058500
5.65616271404925e-10,-1058400
5.66300212913106e-10,-1058300
5.66984532048912e-10,-1058200
5.67669222699757e-10,-1058100
5.68354278638687e-10,-1058000
5.69039693527566e-10,-1057900
5.69725460920429e-10,-1057800
5.70411574266859e-10,-1057700
5.71098026915544e-10,-1057600
5.71784812117889e-10,-1057500
5.72471923031724e-10,-1057400
5.73159352725126e-10,-1057300
5.73847094180341e-10,-1057200
5.74535140297778e-10,-1057100
5.75223483900089e-10,-1057000
5.75912117736362e-10,-1056900
5.7660103448636e-10,-1056800
5.77290226764898e-10,-1056700
5.77979687126199e-10,-1056600
5.78669408068442e-10,-1056500
5.7935938203827e-10,-1056400
5.80049601435463e-10,-1056300
5.80740058617596e-10,-1056200
5.8143074590482e-10,-1056100
5.82121655584653e-10,-1056000
5.82812779916853e-10,-1055900
5.83504111138343e-10,-1055800
5.84195641468179e-10,-1055700
5.84887363112533e-10,-1055600
5.85579268269766e-10,-1055500
5.86271349135531e-10,-1055400
5.8696359790785e-10,-1055300
5.87656006792295e-10,-1055200
5.88348568007167e-10,-1055100
5.89041273788689e-10,-1055000
5.89734116396227e-10,-1054900
5.90427088117501e-10,-1054800
5.91120181273866e-10,-1054700
5.91813388225531e-10,-1054600
5.92506701376841e-10,-1054500
5.93200113181484e-10,-1054400
5.93893616147833e-10,-1054300
5.94587202844078e-10,-1054200
5.952808659035e-10,-1054100
5.95974598029755e-10,-1054000
5.96668392001935e-10,-1053900
5.97362240679834e-10,-1053800
5.98056137009053e-10,-1053700
5.98750074026147e-10,-1053600
5.99444044863625e-10,-1053500
6.00138042755079e-10,-1053400
6.00832061040114e-10,-1053300
6.01526093169304e-10,-1053200
6.02220132709119e-10,-1053100
6.02914173346722e-10,-1053000
6.03608208894798e-10,-1052900
6.04302233296231e-10,-1052800
6.04996240628797e-10,-1052700
6.0569022510973e-10,-1052600
6.06384181100236e-10,-1052500
6.07078103109964e-10,-1052400
6.07771985801308e-10,-1052300
6.08465823993732e-10,-1052200
6.09159612667935e-10,-1052100
6.09853346969973e-10,-1052000
6.10547022215229e-10,-1051900
6.11240633892351e-10,-1051800
6.11934177667061e-10,-1051700
6.12627649385862e-10,-1051600
6.13321045079608e-10,-1051500
6.14014360967069e-10,-1051400
6.14707593458231e-10,-1051300
6.15400739157637e-10,-1051200
6.16093794867478e-10,-1051100
6.16786757590657e-10,-1051000
6.17479624533709e-10,-1050900
6.18172393109537e-10,-1050800
6.18865060940123e-10,-1050700
6.19557625859007e-10,-1050600
6.20250085913743e-10,-1050500
6.20942439368098e-10,-1050400
6.21634684704181e-10,-1050300
6.22326820624491e-10,-1050200
6.23018846053697e-10,-1050100
6.23710760140368e-10,-1050000
6.24402562258555e-10,-1049900
6.25094252009155e-10,-1049800
6.25785829221215e-10,-1049700
6.26477293953075e-10,-1049600
6.27168646493287e-10,-1049500
6.27859887361464e-10,-1049400
6.28551017308959e-10,-1049300
6.29242037319345e-10,-1049200
6.29932948608824e-10,-1049100
6.30623752626393e-10,-1049000
6.31314451053927e-10,-1048900
6.32005045806057e-10,-1048800
6.32695539029929e-10,-1048700
6.33385933104777e-10,-1048600
6.34076230641324e-10,-1048500
6.34766434481131e-10,-1048400
6.35456547695601e-10,-1048300
6.36146573585034e-10,-1048200
6.36836515677396e-10,-1048100
6.37526377726926e-10,-1048000
6.38216163712663e-10,-1047900
6.38905877836789e-10,-1047800
6.39595524522761e-10,-1047700
6.40285108413368e-10,-1047600
6.40974634368602e-10,-1047500
6.41664107463368e-10,-1047400
6.42353532985037e-10,-1047300
6.43042916430892e-10,-1047200
6.43732263505384e-10,-1047100
6.44421580117257e-10,-1047000
6.45110872376483e-10,-1046900
6.45800146591176e-10,-1046800
6.46489409264196e-10,-1046700
6.47178667089767e-10,-1046600
6.47867926949834e-10,-1046500
6.4855719591035e-10,-1046400
6.49246481217439e-10,-1046300
6.49935790293366e-10,-1046200
6.50625130732443e-10,-1046100
6.51314510296754e-10,-1046000
6.52003936911789e-10,-1045900
6.52693418661927e-10,-1045800
6.53382963785858e-10,-1045700
6.54072580671812e-10,-1045600
6.5476227785269e-10,-1045500
6.55452064001138e-10,-1045400
6.56141947924477e-10,-1045300
6.56831938559503e-10,-1045200
6.57522044967214e-10,-1045100
6.58212276327437e-10,-1045000
6.58902641933362e-10,-1044900
6.59593151185964e-10,-1044800
6.60283813588356e-10,-1044700
6.60974638740053e-10,-1044600
6.61665636331155e-10,-1044500
6.62356816136438e-10,-1044400
6.63048188009382e-10,-1044300
6.63739761876154e-10,-1044200
6.64431547729466e-10,-1044100
6.65123555622421e-10,-1044000
6.65815795662305e-10,-1043900
6.66508278004246e-10,-1043800
6.67201012844938e-10,-1043700
6.6789401041624e-10,-1043600
6.68587280978735e-10,-1043500
6.69280834815306e-10,-1043400
6.69974682224606e-10,-1043300
6.70668833514558e-10,-1043200
6.71363298995782e-10,-1043100
6.72058088975061e-10,-1043000
6.72753213748729e-10,-1042900
6.73448683596036e-10,-1042800
6.74144508772629e-10,-1042700
6.74840699503864e-10,-1042600
6.75537265978239e-10,-1042500
6.76234218340734e-10,-1042400
6.76931566686276e-10,-1042300
6.77629321053136e-10,-1042200
6.78327491416349e-10,-1042100
6.79026087681179e-10,-1042000
6.79725119676625e-10,-1041900
6.80424597148904e-10,-1041800
6.81124529755031e-10,-1041700
6.81824927056392e-10,-1041600
6.82525798512418e-10,-1041500
6.83227153474203e-10,-1041400
6.83929001178305e-10,-1041300
6.84631350740513e-10,-1041200
6.85334211149711e-10,-1041100
6.8603759126182e-10,-1041000
6.86741499793724e-10,-1040900
6.87445945317444e-10,-1040800
6.88150936254183e-10,-1040700
6.88856480868611e-10,-1040600
6.89562587263131e-10,-1040500
6.90269263372359e-10,-1040400
6.90976516957521e-10,-1040300
6.91684355601151e-10,-1040200
6.92392786701689e-10,-1040100
6.93101817468358e-10,-1040000
6.93811454916033e-10,-1039900
6.94521705860277e-10,-1039800
6.95232576912472e-10,-1039700
6.95944074475086e-10,-1039600
6.96656204737049e-10,-1039500
6.97368973669253e-10,-1039400
6.98082387020224e-10,-1039300
6.98796450311801e-10,-1039200
6.99511168835166e-10,-1039100
7.00226547646798e-10,-1039000
7.00942591564654e-10,-1038900
7.01659305164549e-10,-1038800
7.02376692776617e-10,-1038700
7.03094758481883e-10,-1038600
7.03813506109132e-10,-1038500
7.04532939231746e-10,-1038400
7.05253061164855e-10,-1038300
7.05973874962581e-10,-1038200
7.06695383415405e-10,-1038100
7.07417589047787e-10,-1038000
7.08140494115877e-10,-1037900
7.08864100605423e-10,-1037800
7.09588410229866e-10,-1037700
7.10313424428562e-10,-1037600
7.11039144365203e-10,-1037500
7.1176557092641e-10,-1037400
7.12492704720503e-10,-1037300
7.13220546076464e-10,-1037200
7.13949095042987e-10,-1037100
7.14678351387873e-10,-1037000
7.15408314597412e-10,-1036900
7.16138983876113e-10,-1036800
7.16870358146499e-10,-1036700
7.17602436049143e-10,-1036600
7.18335215942857e-10,-1036500
7.19068695905085e-10,-1036400
7.19802873732459e-10,-1036300
7.20537746941558e-10,-1036200
7.21273312769809e-10,-1036100
7.22009568176619e-10,-1036000
7.22746509844673e-10,-1035900
7.23484134181379e-10,-1035800
7.24222437320538e-10,-1035700
7.24961415124184e-10,-1035600
7.25701063184605e-10,-1035500
7.26441376826493e-10,-1035400
7.27182351109363e-10,-1035300
7.27923980830071e-10,-1035200
7.28666260525513e-10,-1035100
7.29409184475614e-10,-1035000
7.30152746706287e-10,-1034900
7.30896940992707e-10,-1034800
7.31641760862791e-10,-1034700
7.32387199600661e-10,-1034600
7.33133250250475e-10,-1034500
7.33879905620278e-10,-1034400
7.34627158286133e-10,-1034300
7.35375000596281e-10,-1034200
7.36123424675594e-10,-1034100
7.36872422430048e-10,-1034000
7.37621985551496e-10,-1033900
7.38372105522468e-10,-1033800
7.39122773621161e-10,-1033700
7.39873980926591e-10,-1033600
7.40625718323904e-10,-1033500
7.41377976509722e-10,-1033400
7.42130745997775e-10,-1033300
7.42884017124559e-10,-1033200
7.4363778005515e-10,-1033100
7.44392024789153e-10,-1033000
7.45146741166815e-10,-1032900
7.45901918875142e-10,-1032800
7.46657547454245e-10,-1032700
7.47413616303781e-10,-1032600
7.48170114689436e-10,-1032500
7.48927031749595e-10,-1032400
7.49684356502064e-10,-1032300
7.50442077850905e-10,-1032200
7.51200184593351e-10,-1032100
7.51958665426875e-10,-1032000
7.5271750895621e-10,-1031900
7.53476703700612e-10,-1031800
7.54236238101095e-10,-1031700
7.54996100527738e-10,-1031600
7.55756279287143e-10,-1031500
7.56516762629912e-10,-1031400
7.57277538758075e-10,-1031300
7.58038595832796e-10,-1031200
7.58799921981996e-10,-1031100
7.59561505307984e-10,-1031000
7.60323333895206e-10,-1030900
7.61085395818054e-10,-1030800
7.6184767914862e-10,-1030700
7.62610171964534e-10,-1030600
7.63372862356897e-10,-1030500
7.64135738438e-10,-1030400
7.64898788349395e-10,-1030300
7.65662000269645e-10,-1030200
7.66425362422331e-10,-1030100
7.67188863083928e-10,-1030000
7.67952490591729e-10,-1029900
7.68716233351677e-10,-1029800
7.69480079846346e-10,-1029700
7.7024401864275e-10,-1029600
7.71008038400215e-10,-1029500
7.71772127878169e-10,-1029400
7.72536275943999e-10,-1029300
7.73300471580689e-10,-1029200
7.74064703894671e-10,-1029100
7.74828962123382e-10,-1029000
7.75593235642941e-10,-1028900
7.76357513975698e-10,-1028800
7.77121786797738e-10,-1028700
7.77886043946321e-10,-1028600
7.78650275427281e-10,-1028500
7.79414471422307e-10,-1028400
7.80178622296154e-10,-1028300
7.8094271860384e-10,-1028200
7.81706751097665e-10,-1028100
7.82470710734187e-10,-1028000
7.8323458868116e-10,-1027900
7.83998376324199e-10,-1027800
7.84762065273585e-10,-1027700
7.85525647370795e-10,-1027600
7.86289114694909e-10,-1027500
7.87052459569049e-10,-1027400
7.87815674566584e-10,-1027300
7.88578752517214e-10,-1027200
7.89341686513011e-10,-1027100
7.90104469914252e-10,-1027000
7.90867096355129e-10,-1026900
7.91629559749393e-10,-1026800
7.92391854295796e-10,-1026700
7.93153974483362e-10,-1026600
7.93915915096595e-10,-1026500
7.9467767122049e-10,-1026400
7.9543923824543e-10,-1026300
7.96200611871846e-10,-1026200
7.96961788114795e-10,-1026100
7.97722763308397e-10,-1026000
7.98483534110003e-10,-1025900
7.99244097504314e-10,-1025800
8.00004450807252e-10,-1025700
8.00764591669718e-10,-1025600
8.01524518081107e-10,-1025500
8.02284228372722e-10,-1025400
8.03043721220991e-10,-1025300
8.03802995650453e-10,-1025200
8.04562051036606e-10,-1025100
8.05320887108636e-10,-1025000
8.06079503951791e-10,-1024900
8.0683790200975e-10,-1024800
8.07596082086681e-10,-1024700
8.08354045349174e-10,-1024600
8.09111793327964e-10,-1024500
8.09869327919446e-10,-1024400
8.1062665138704e-10,-1024300
8.11383766362314e-10,-1024200
8.12140675845928e-10,-1024100
8.12897383208404e-10,-1024000
8.13653892190671e-10,-1023900
8.14410206904453e-10,-1023800
8.15166331832373e-10,-1023700
8.15922271828004e-10,-1023600
8.1667803211556e-10,-1023500
8.17433618289535e-10,-1023400
8.1818903631399e-10,-1023300
8.18944292521859e-10,-1023200
8.19699393613785e-10,-1023100
8.20454346657005e-10,-1023000
8.21209159083908e-10,-1022900
8.21963838690391e-10,-1022800
8.22718393634138e-10,-1022700
8.23472832432499e-10,-1022600
8.24227163960415e-10,-1022500
8.24981397447997e-10,-1022400
8.25735542477928e-10,-1022300
8.2648960898271e-10,-1022200
8.27243607241707e-10,-1022100
8.27997547878043e-10,-1022000
8.2875144185523e-10,-1021900
8.29505300473663e-10,-1021800
8.30259135366994e-10,-1021700
8.31012958498157e-10,-1021600
8.31766782155395e-10,-1021500
8.32520618948013e-10,-1021400
8.33274481801995e-10,-1021300
8.34028383955416e-10,-1021200
8.34782338953674e-10,-1021100
8.35536360644666e-10,-1021000
8.36290463173629e-10,-1020900
8.37044660977996e-10,-1020800
8.37798968781906e-10,-1020700
8.38553401590758e-10,-1020600
8.39307974685435e-10,-1020500
8.40062703616507e-10,-1020400
8.40817604198212e-10,-1020300
8.41572692502306e-10,-1020200
8.4232798485182e-10,-1020100
8.43083497814628e-10,-1020000
8.43839248196847e-10,-1019900
8.44595253036227e-10,-1019800
8.45351529595347e-10,-1019700
8.46108095354602e-10,-1019600
8.46864968005229e-10,-1019500
8.47622165442124e-10,-1019400
8.4837970575655e-10,-1019300
8.49137607228776e-10,-1019200
8.4989588832053e-10,-1019100
8.50654567667511e-10,-1019000
8.51413664071604e-10,-1018900
8.5217319649315e-10,-1018800
8.52933184043089e-10,-1018700
8.53693645974995e-10,-1018600
8.54454601677038e-10,-1018500
8.55216070663889e-10,-1018400
8.55978072568549e-10,-1018300
8.5674062713413e-10,-1018200
8.57503754205497e-10,-1018100
8.58267473720965e-10,-1018000
8.59031805703858e-10,-1017900
8.59796770254037e-10,-1017800
8.60562387539385e-10,-1017700
8.61328677787321e-10,-1017600
8.62095661276134e-10,-1017500
8.62863358326426e-10,-1017400
8.63631789292473e-10,-1017300
8.64400974553501e-10,-1017200
8.65170934505107e-10,-1017100
8.65941689550445e-10,-1017000
8.66713260091654e-10,-1016900
8.67485666521071e-10,-1016800
8.6825892921251e-10,-1016700
8.69033068512675e-10,-1016600
8.69808104732356e-10,-1016500
8.70584058137825e-10,-1016400
8.71360948942138e-10,-1016300
8.72138797296578e-10,-1016200
8.72917623281957e-10,-1016100
8.73697446900109e-10,-1016000
8.74478288065368e-10,-1015900
8.75260166596025e-10,-1015800
8.76043102205928e-10,-1015700
8.76827114496068e-10,-1015600
8.77612222946246e-10,-1015500
8.7839844690678e-10,-1015400
8.79185805590319e-10,-1015300
8.79974318063653e-10,-1015200
8.80764003239634e-10,-1015100
8.81554879869221e-10,-1015000
8.82346966533454e-10,-1014900
8.83140281635759e-10,-1014800
8.83934843394043e-10,-1014700
8.84730669833136e-10,-1014600
8.85527778777162e-10,-1014500
8.86326187842106e-10,-1014400
8.87125914428401e-10,-1014300
8.8792697571373e-10,-1014200
8.8872938864583e-10,-1014100
8.89533169935445e-10,-1014000
8.90338336049439e-10,-1013900
8.91144903203958e-10,-1013800
8.91952887357775e-10,-1013700
8.92762304205736e-10,-1013600
8.93573169172337e-10,-1013500
8.94385497405386e-10,-1013400
8.95199303769906e-10,-1013300
8.9601460284211e-10,-1013200
8.96831408903494e-10,-1013100
8.97649735935136e-10,-1013000
8.98469597612051e-10,-1012900
8.99291007297857e-10,-1012800
9.0011397803936e-10,-1012700
9.00938522561564e-10,-1012600
9.01764653262514e-10,-1012500
9.02592382208677e-10,-1012400
9.03421721130126e-10,-1012300
9.04252681416137e-10,-1012200
9.05085274110767e-10,-1012100
9.05919509908774e-10,-1012000
9.06755399151589e-10,-1011900
9.07592951823446e-10,-1011800
9.08432177547732e-10,-1011700
9.09273085583561e-10,-1011600
9.10115684822342e-10,-1011500
9.10959983784738e-10,-1011400
9.1180599061763e-10,-1011300
9.12653713091356e-10,-1011200
9.13503158597066e-10,-1011100
9.14354334144332e-10,-1011000
9.15207246358796e-10,-1010900
9.1606190148018e-10,-1010800
9.16918305360324e-10,-1010700
9.17776463461466e-10,-1010600
9.18636380854699e-10,-1010500
9.19498062218609e-10,-1010400
9.20361511838075e-10,-1010300
9.21226733603234e-10,-1010200
9.22093731008735e-10,-1010100
9.22962507152939e-10,-1010000
9.23833064737585e-10,-1009900
9.24705406067419e-10,-1009800
9.25579533050067e-10,-1009700
9.26455447196097e-10,-1009600
9.27333149619252e-10,-1009500
9.28212641036874e-10,-1009400
9.29093921770435e-10,-1009300
9.29976991746269e-10,-1009200
9.3086185049657e-10,-1009100
9.31748497160381e-10,-1009000
9.32636930484896e-10,-1008900
9.33527148826879e-10,-1008800
9.34419150154212e-10,-1008700
9.35312932047669e-10,-1008600
9.36208491702797e-10,-1008500
9.37105825932006e-10,-1008400
9.38004931166753e-10,-1008300
9.38905803459934e-10,-1008200
9.39808438488386e-10,-1008100
9.40712831555594e-10,-1008000
9.41618977594495e-10,-1007900
9.42526871170422e-10,-1007800
9.43436506484246e-10,-1007700
9.44347877375584e-10,-1007600
9.45260977326236e-10,-1007500
9.46175799463633e-10,-1007400
9.47092336564542e-10,-1007300
9.48010581058821e-10,-1007200
9.48930525033289e-10,-1007100
9.49852160235835e-10,-1007000
9.50775478079424e-10,-1006900
9.51700469646508e-10,-1006800
9.52627125693248e-10,-1006700
9.53555436654148e-10,-1006600
9.54485392646457e-10,-1006500
9.55416983475022e-10,-1006400
9.56350198636967e-10,-1006300
9.57285027326647e-10,-1006200
9.58221458440511e-10,-1006100
9.59159480582298e-10,-1006000
9.60099082068055e-10,-1005900
9.6104025093147e-10,-1005800
9.61982974929082e-10,-1005700
9.62927241545692e-10,-1005600
9.63873037999802e-10,-1005500
9.64820351249163e-10,-1005400
9.65769167996246e-10,-1005300
9.66719474693988e-10,-1005200
9.67671257551371e-10,-1005100
9.68624502539211e-10,-1005000
9.69579195395928e-10,-1004900
9.70535321633322e-10,-1004800
9.71492866542476e-10,-1004700
9.72451815199652e-10,-1004600
9.73412152472131e-10,-1004500
9.74373863024291e-10,-1004400
9.75336931323444e-10,-1004300
9.76301341645866e-10,-1004200
9.77267078082863e-10,-1004100
9.78234124546683e-10,-1004000
9.79202464776585e-10,-1003900
9.80172082344845e-10,-1003800
9.81142960662785e-10,-1003700
9.8211508298678e-10,-1003600
9.83088432424203e-10,-1003500
9.84062991939508e-10,-1003400
9.85038744360195e-10,-1003300
9.86015672382648e-10,-1003200
9.86993758578199e-10,-1003100
9.87972985398925e-10,-1003000
9.88953335183583e-10,-1002900
9.89934790163424e-10,-1002800
9.90917332467956e-10,-1002700
9.9190094413073e-10,-1002600
9.92885607095014e-10,-1002500
9.93871303219525e-10,-1002400
9.94858014283878e-10,-1002300
9.95845721994281e-10,-1002200
9.96834407988989e-10,-1002100
9.9782405384365e-10,-1002000
9.98814641076773e-10,-1001900
9.99806151154943e-10,-1001800
1.00079856549807e-09,-1001700
1.00179186548452e-09,-1001600
1.00278603245622e-09,-1001500
1.00378104772357e-09,-1001400
1.00477689257045e-09,-1001300
1.00577354825892e-09,-1001200
1.00677099603407e-09,-1001100
1.0077692171286e-09,-1001000
1.00876819276734e-09,-1000900
1.00976790417178e-09,-1000800
1.01076833256433e-09,-1000700
1.01176945917272e-09,-1000600
1.01277126523398e-09,-1000500
1.01377373199862e-09,-1000400
1.01477684073453e-09,-1000300
1.01578057273086e-09,-1000200
1.01678490930167e-09,-1000100
1.01778983178964e-09,-1000000
1.01879532156954e-09,-999900
1.01980136005162e-09,-999800
1.02080792868492e-09,-999700
1.02181500896044e-09,-999600
1.02282258241417e-09,-999500
1.02383063063003e-09,-999400
1.02483913524273e-09,-999300
1.02584807794039e-09,-999200
1.02685744046723e-09,-999100
1.0278672046259e-09,-999000
1.02887735227995e-09,-998900
1.02988786535598e-09,-998800
1.03089872584569e-09,-998700
1.03190991580802e-09,-998600
1.03292141737083e-09,-998500
1.03393321273275e-09,-998400
1.03494528416473e-09,-998300
1.03595761401161e-09,-998200
1.03697018469347e-09,-998100
1.03798297870678e-09,-998000
1.03899597862573e-09,-997900
1.04000916710309e-09,-997800
1.04102252687123e-09,-997700
1.04203604074281e-09,-997600
1.0430496916115e-09,-997500
1.04406346245259e-09,-997400
1.04507733632331e-09,-997300
1.04609129636331e-09,-997200
1.04710532579475e-09,-997100
1.04811940792252e-09,-997000
1.04913352613418e-09,-996900
1.05014766389991e-09,-996800
1.05116180477231e-09,-996700
1.05217593238606e-09,-996600
1.05319003045754e-09,-996500
1.05420408278435e-09,-996400
1.05521807324473e-09,-996300
1.05623198579679e-09,-996200
1.05724580447786e-09,-996100
1.0582595134035e-09,-996000
1.05927309676664e-09,-995900
1.06028653883653e-09,-995800
1.06129982395758e-09,-995700
1.06231293654824e-09,-995600
1.06332586109965e-09,-995500
1.06433858217439e-09,-995400
1.06535108440497e-09,-995300
1.06636335249248e-09,-995200
1.06737537120495e-09,-995100
1.06838712537576e-09,-995000
1.06939859990206e-09,-994900
1.07040977974295e-09,-994800
1.07142064991785e-09,-994700
1.07243119550458e-09,-994600
1.07344140163751e-09,-994500
1.07445125350579e-09,-994400
1.07546073635126e-09,-994300
1.07646983546661e-09,-994200
1.07747853619332e-09,-994100
1.07848682391965e-09,-994000
1.07949468407858e-09,-993900
1.08050210214582e-09,-993800
1.08150906363761e-09,-993700
1.08251555410874e-09,-993600
1.08352155915036e-09,-993500
1.08452706438793e-09,-993400
1.08553205547906e-09,-993300
1.08653651811149e-09,-993200
1.08754043800086e-09,-993100
1.08854380088872e-09,-993000
1.08954659254044e-09,-992900
1.09054879874304e-09,-992800
1.09155040530329e-09,-992700
1.0925513980456e-09,-992600
1.09355176281008e-09,-992500
1.09455148545049e-09,-992400
1.09555055183245e-09,-992300
1.09654894783139e-09,-992200
1.09754665933085e-09,-992100
1.09854367222056e-09,-992000
1.09953997239475e-09,-991900
1.10053554575042e-09,-991800
1.10153037818574e-09,-991700
1.10252445559836e-09,-991600
1.10351776388399e-09,-991500
1.10451028893485e-09,-991400
1.10550201663831e-09,-991300
1.10649293287563e-09,-991200
1.10748302352054e-09,-991100
1.10847227443826e-09,-991000
1.10946067148427e-09,-990900
1.11044820050335e-09,-990800
1.11143484732869e-09,-990700
1.11242059778094e-09,-990600
1.11340543766761e-09,-990500
1.1143893527823e-09,-990400
1.11537232890419e-09,-990300
1.11635435179762e-09,-990200
1.11733540721164e-09,-990100
1.11831548087983e-09,-990000
1.11929455852015e-09,-989900
1.12027262583483e-09,-989800
1.12124966851052e-09,-989700
1.12222567221839e-09,-989600
1.12320062261452e-09,-989500
1.12417450534017e-09,-989400
1.12514730602241e-09,-989300
1.1261190102747e-09,-989200
1.12708960369768e-09,-989100
1.12805907188004e-09,-989000
1.12902740039943e-09,-988900
1.12999457482376e-09,-988800
1.13096058071222e-09,-988700
1.13192540361683e-09,-988600
1.13288902908382e-09,-988500
1.13385144265526e-09,-988400
1.13481262987086e-09,-988300
1.13577257626972e-09,-988200
1.13673126739242e-09,-988100
1.13768868878308e-09,-988000
1.13864482599162e-09,-987900
1.13959966457612e-09,-987800
1.14055319010532e-09,-987700
1.14150538816119e-09,-987600
1.14245624434174e-09,-987500
1.14340574426384e-09,-987400
1.14435387356619e-09,-987300
1.14530061791248e-09,-987200
1.14624596299455e-09,-987100
1.14718989453581e-09,-987000
1.14813239829466e-09,-986900
1.1490734600681e-09,-986800
1.15001306569538e-09,-986700
1.15095120106189e-09,-986600
1.15188785210302e-09,-986500
1.15282300480825e-09,-986400
1.15375664522521e-09,-986300
1.15468875946403e-09,-986200
1.15561933370166e-09,-986100
1.15654835418626e-09,-986000
1.1574758072419e-09,-985900
1.15840167927306e-09,-985800
1.15932595676947e-09,-985700
1.16024862631092e-09,-985600
1.16116967457219e-09,-985500
1.16208908832807e-09,-985400
1.16300685445846e-09,-985300
1.1639229599535e-09,-985200
1.1648373919189e-09,-985100
1.1657501375812e-09,-985000
1.16666118429316e-09,-984900
1.1675705195393e-09,-984800
1.16847813094132e-09,-984700
1.16938400626373e-09,-984600
1.17028813341949e-09,-984500
1.17119050047569e-09,-984400
1.17209109565925e-09,-984300
1.17298990736274e-09,-984200
1.17388692415017e-09,-984100
1.17478213476283e-09,-984000
1.1756755281252e-09,-983900
1.17656709335079e-09,-983800
1.17745681974816e-09,-983700
1.17834469682678e-09,-983600
1.17923071430299e-09,-983500
1.18011486210603e-09,-983400
1.18099713038393e-09,-983300
1.18187750950955e-09,-983200
1.1827559900864e-09,-983100
1.1836325629548e-09,-983000
1.1845072191976e-09,-982900
1.18537995014625e-09,-982800
1.1862507473866e-09,-982700
1.18711960276477e-09,-982600
1.18798650839303e-09,-982500
1.18885145665552e-09,-982400
1.18971444021398e-09,-982300
1.19057545201352e-09,-982200
1.19143448528818e-09,-982100
1.19229153356656e-09,-982000
1.19314659067729e-09,-981900
1.1939996507545e-09,-981800
1.19485070824319e-09,-981700
1.19569975790452e-09,-981600
1.19654679482105e-09,-981500
1.19739181440178e-09,-981400
1.19823481238728e-09,-981300
1.19907578485457e-09,-981200
1.19991472822197e-09,-981100
1.20075163925376e-09,-981000
1.20158651506491e-09,-980900
1.20241935312548e-09,-980800
1.20325015126504e-09,-980700
1.20407890767692e-09,-980600
1.2049056209223e-09,-980500
1.20573028993425e-09,-980400
1.20655291402156e-09,-980300
1.20737349287242e-09,-980200
1.20819202655803e-09,-980100
1.209008515536e-09,-980000
1.20982296065359e-09,-979900
1.21063536315085e-09,-979800
1.21144572466351e-09,-979700
1.2122540472258e-09,-979600
1.21306033327305e-09,-979500
1.2138645856441e-09,-979400
1.21466680758358e-09,-979300
1.21546700274399e-09,-979200
1.21626517518759e-09,-979100
1.2170613293881e-09,-979000
1.21785547023229e-09,-978900
1.21864760302117e-09,-978800
1.21943773347132e-09,-978700
1.22022586771572e-09,-978600
1.22101201230447e-09,-978500
1.22179617420541e-09,-978400
1.22257836080445e-09,-978300
1.22335857990563e-09,-978200
1.22413683973117e-09,-978100
1.22491314892109e-09,-978000
1.22568751653279e-09,-977900
1.22645995204028e-09,-977800
1.22723046533333e-09,-977700
1.22799906671631e-09,-977600
1.22876576690683e-09,-977500
1.22953057703422e-09,-977400
1.23029350863775e-09,-977300
1.23105457366457e-09,-977200
1.23181378446756e-09,-977100
1.23257115380288e-09,-977000
1.23332669482731e-09,-976900
1.23408042109539e-09,-976800
1.23483234655634e-09,-976700
1.23558248555076e-09,-976600
1.23633085280703e-09,-976500
1.23707746343765e-09,-976400
1.23782233293532e-09,-976300
1.23856547716866e-09,-976200
1.23930691237787e-09,-976100
1.24004665517016e-09,-976000
1.24078472251491e-09,-975900
1.24152113173865e-09,-975800
1.24225590051986e-09,-975700
1.24298904688351e-09,-975600
1.24372058919541e-09,-975500
1.24445054615644e-09,-975400
1.24517893679642e-09,-975300
1.24590578046796e-09,-975200
1.24663109683997e-09,-975100
1.24735490589108e-09,-975000
1.24807722790281e-09,-974900
1.2487980834526e-09,-974800
1.24951749340661e-09,-974700
1.25023547891238e-09,-974600
1.25095206139132e-09,-974500
1.25166726253099e-09,-974400
1.25238110427726e-09,-974300
1.25309360882623e-09,-974200
1.25380479861614e-09,-974100
1.25451469631893e-09,-974000
1.2552233248318e-09,-973900
1.25593070726859e-09,-973800
1.25663686695096e-09,-973700
1.25734182739947e-09,-973600
1.25804561232464e-09,-973500
1.25874824561762e-09,-973400
1.25944975134105e-09,-973300
1.26015015371955e-09,-973200
1.26084947713023e-09,-973100
1.26154774609308e-09,-973000
1.26224498526127e-09,-972900
1.26294121941125e-09,-972800
1.26363647343293e-09,-972700
1.26433077231968e-09,-972600
1.2650241411582e-09,-972500
1.26571660511847e-09,-972400
1.26640818944348e-09,-972300
1.26709891943903e-09,-972200
1.26778882046338e-09,-972100
1.2684779179169e-09,-972000
1.26916623723168e-09,-971900
1.26985380386113e-09,-971800
1.27054064326942e-09,-971700
1.27122678092114e-09,-971600
1.27191224227068e-09,-971500
1.27259705275185e-09,-971400
1.27328123776725e-09,-971300
1.27396482267788e-09,-971200
1.27464783279258e-09,-971100
1.27533029335761e-09,-971000
1.27601222954618e-09,-970900
1.27669366644808e-09,-970800
1.27737462905922e-09,-970700
1.2780551422714e-09,-970600
1.27873523086196e-09,-970500
1.27941491948362e-09,-970400
1.28009423265427e-09,-970300
1.28077319474687e-09,-970200
1.28145182997957e-09,-970100
1.28213016240561e-09,-970000
1.28280821590359e-09,-969900
1.28348601416772e-09,-969800
1.28416358069819e-09,-969700
1.28484093879156e-09,-969600
1.28551811153149e-09,-969500
1.28619512177932e-09,-969400
1.286871992165e-09,-969300
1.28754874507798e-09,-969200
1.28822540265837e-09,-969100
1.28890198678818e-09,-969000
1.2895785190827e-09,-968900
1.29025502088213e-09,-968800
1.29093151324322e-09,-968700
1.29160801693117e-09,-968600
1.29228455241177e-09,-968500
1.29296113984354e-09,-968400
1.29363779907018e-09,-968300
1.29431454961324e-09,-968200
1.29499141066483e-09,-968100
1.29566840108069e-09,-968000
1.29634553937336e-09,-967900
1.29702284370556e-09,-967800
1.29770033188391e-09,-967700
1.29837802135263e-09,-967600
1.29905592918768e-09,-967500
1.29973407209102e-09,-967400
1.30041246638508e-09,-967300
1.30109112800758e-09,-967200
1.30177007250634e-09,-967100
1.30244931503466e-09,-967000
1.30312887034664e-09,-966900
1.30380875279292e-09,-966800
1.30448897631659e-09,-966700
1.30516955444938e-09,-966600
1.30585050030812e-09,-966500
1.30653182659135e-09,-966400
1.30721354557637e-09,-966300
1.30789566911632e-09,-966200
1.30857820863771e-09,-966100
1.30926117513811e-09,-966000
1.30994457918417e-09,-965900
1.31062843090979e-09,-965800
1.3113127400147e-09,-965700
1.31199751576311e-09,-965600
1.31268276698295e-09,-965500
1.31336850206497e-09,-965400
1.31405472896241e-09,-965300
1.3147414551908e-09,-965200
1.3154286878281e-09,-965100
1.316116433515e-09,-965000
1.3168046984556e-09,-964900
1.31749348841827e-09,-964800
1.31818280873685e-09,-964700
1.31887266431202e-09,-964600
1.31956305961306e-09,-964500
1.32025399867964e-09,-964400
1.32094548512419e-09,-964300
1.32163752213424e-09,-964200
1.32233011247518e-09,-964100
1.32302325849317e-09,-964000
1.32371696211841e-09,-963900
1.32441122486852e-09,-963800
1.32510604785234e-09,-963700
1.32580143177378e-09,-963600
1.32649737693597e-09,-963500
1.3271938832458e-09,-963400
1.32789095021843e-09,-963300
1.32858857698225e-09,-963200
1.32928676228391e-09,-963100
1.32998550449368e-09,-963000
1.33068480161089e-09,-962900
1.3313846512698e-09,-962800
1.3320850507454e-09,-962700
1.33278599695969e-09,-962600
1.33348748648785e-09,-962500
1.33418951556498e-09,-962400
1.33489208009265e-09,-962300
1.33559517564587e-09,-962200
1.33629879748018e-09,-962100
1.33700294053885e-09,-962000
1.33770759946034e-09,-961900
1.33841276858585e-09,-961800
1.33911844196704e-09,-961700
1.33982461337388e-09,-961600
1.34053127630275e-09,-961500
1.34123842398451e-09,-961400
1.34194604939279e-09,-961300
1.34265414525239e-09,-961200
1.34336270404785e-09,-961100
1.34407171803201e-09,-961000
1.34478117923475e-09,-960900
1.34549107947187e-09,-960800
1.34620141035392e-09,-960700
1.3469121632953e-09,-960600
1.3476233295232e-09,-960500
1.34833490008685e-09,-960400
1.34904686586671e-09,-960300
1.34975921758369e-09,-960200
1.35047194580844e-09,-960100
1.35118504097075e-09,-960000
1.3518984933689e-09,-959900
1.35261229317908e-09,-959800
1.35332643046472e-09,-959700
1.3540408951861e-09,-959600
1.35475567720962e-09,-959500
1.35547076631731e-09,-959400
1.35618615221622e-09,-959300
1.35690182454787e-09,-959200
1.3576177728976e-09,-959100
1.35833398680393e-09,-959000
1.35905045576783e-09,-958900
1.35976716926203e-09,-958800
1.36048411674021e-09,-958700
1.36120128764615e-09,-958600
1.36191867142278e-09,-958500
1.36263625752123e-09,-958400
1.36335403540978e-09,-958300
1.36407199458255e-09,-958200
1.3647901245684e-09,-958100
1.36550841493951e-09,-958000
1.36622685531988e-09,-957900
1.36694543539377e-09,-957800
1.36766414491399e-09,-957700
1.3683829737101e-09,-957600
1.36910191169635e-09,-957500
1.36982094887963e-09,-957400
1.37054007536727e-09,-957300
1.37125928137449e-09,-957200
1.37197855723194e-09,-957100
1.37269789339296e-09,-957000
1.37341728044065e-09,-956900
1.37413670909478e-09,-956800
1.37485617021862e-09,-956700
1.37557565482538e-09,-956600
1.37629515408468e-09,-956500
1.3770146593287e-09,-956400
1.3777341620581e-09,-956300
1.37845365394789e-09,-956200
1.3791731268529e-09,-956100
1.37989257281322e-09,-956000
1.38061198405921e-09,-955900
1.38133135301658e-09,-955800
1.38205067231095e-09,-955700
1.38276993477231e-09,-955600
1.38348913343938e-09,-955500
1.38420826156347e-09,-955400
1.38492731261228e-09,-955300
1.38564628027347e-09,-955200
1.38636515845787e-09,-955100
1.38708394130253e-09,-955000
1.38780262317356e-09,-954900
1.38852119866861e-09,-954800
1.38923966261913e-09,-954700
1.38995801009249e-09,-954600
1.39067623639369e-09,-954500
1.39139433706691e-09,-954400
1.39211230789677e-09,-954300
1.39283014490937e-09,-954200
1.39354784437299e-09,-954100
1.39426540279866e-09,-954000
1.39498281694032e-09,-953900
1.39570008379485e-09,-953800
1.3964172006018e-09,-953700
1.39713416484282e-09,-953600
1.39785097424089e-09,-953500
1.39856762675929e-09,-953400
1.39928412060026e-09,-953300
1.40000045420346e-09,-953200
1.40071662624421e-09,-953100
1.40143263563136e-09,-953000
1.40214848150502e-09,-952900
1.40286416323407e-09,-952800
1.40357968041318e-09,-952700
1.40429503286005e-09,-952600
1.40501022061186e-09,-952500
1.40572524392192e-09,-952400
1.40644010325591e-09,-952300
1.40715479928787e-09,-952200
1.40786933289597e-09,-952100
1.40858370515817e-09,-952000
1.4092979173475e-09,-951900
1.41001197092727e-09,-951800
1.41072586754591e-09,-951700
1.41143960903182e-09,-951600
1.41215319738773e-09,-951500
1.41286663478516e-09,-951400
1.41357992355855e-09,-951300
1.41429306619902e-09,-951200
1.41500606534842e-09,-951100
1.41571892379261e-09,-951000
1.41643164445512e-09,-950900
1.41714423039027e-09,-950800
1.41785668477623e-09,-950700
1.418569010908e-09,-950600
1.41928121219015e-09,-950500
1.41999329212953e-09,-950400
1.4207052543277e-09,-950300
1.42141710247323e-09,-950200
1.4221288403341e-09,-950100
1.42284047174967e-09,-950000
1.4235520006228e-09,-949900
1.42426343091168e-09,-949800
1.42497476662171e-09,-949700
1.42568601179708e-09,-949600
1.42639717051261e-09,-949500
1.42710824686507e-09,-949400
1.42781924496489e-09,-949300
1.42853016892736e-09,-949200
1.42924102286414e-09,-949100
1.42995181087457e-09,-949000
1.43066253703683e-09,-948900
1.43137320539931e-09,-948800
1.43208381997171e-09,-948700
1.43279438471635e-09,-948600
1.4335049035392e-09,-948500
1.43421538028117e-09,-948400
1.43492581870926e-09,-948300
1.43563622250766e-09,-948200
1.43634659526911e-09,-948100
1.43705694048596e-09,-948000
1.43776726154154e-09,-947900
1.43847756170139e-09,-947800
1.43918784410468e-09,-947700
1.43989811175549e-09,-947600
1.4406083675144e-09,-947500
1.44131861408988e-09,-947400
1.44202885403003e-09,-947300
1.44273908971413e-09,-947200
1.44344932334452e-09,-947100
1.44415955693837e-09,-947000
1.44486979231975e-09,-946900
1.44558003111168e-09,-946800
1.44629027472825e-09,-946700
1.44700052436707e-09,-946600
1.44771078100161e-09,-946500
1.44842104537387e-09,-946400
1.44913131798706e-09,-946300
1.44984159909852e-09,-946200
1.45055188871272e-09,-946100
1.45126218657444e-09,-946000
1.45197249216226e-09,-945900
1.45268280468189e-09,-945800
1.45339312306006e-09,-945700
1.45410344593837e-09,-945600
1.45481377166733e-09,-945500
1.45552409830072e-09,-945400
1.45623442359001e-09,-945300
1.45694474497906e-09,-945200
1.45765505959908e-09,-945100
1.45836536426365e-09,-945000
1.45907565546409e-09,-944900
1.45978592936508e-09,-944800
1.4604961818003e-09,-944700
1.46120640826857e-09,-944600
1.46191660393001e-09,-944500
1.46262676360259e-09,-944400
1.46333688175881e-09,-944300
1.46404695252265e-09,-944200
1.46475696966686e-09,-944100
1.46546692661037e-09,-944000
1.46617681641607e-09,-943900
1.4668866317887e-09,-943800
1.46759636507311e-09,-943700
1.46830600825285e-09,-943600
1.46901555294884e-09,-943500
1.46972499041837e-09,-943400
1.47043431155445e-09,-943300
1.47114350688534e-09,-943200
1.47185256657435e-09,-943100
1.47256148041998e-09,-943000
1.47327023785621e-09,-942900
1.47397882795317e-09,-942800
1.47468723941804e-09,-942700
1.47539546059618e-09,-942600
1.47610347947262e-09,-942500
1.4768112836737e-09,-942400
1.47751886046912e-09,-942300
1.47822619677408e-09,-942200
1.4789332791519e-09,-942100
1.47964009381674e-09,-942000
1.48034662663659e-09,-941900
1.48105286313668e-09,-941800
1.48175878850297e-09,-941700
1.48246438758593e-09,-941600
1.48316964490482e-09,-941500
1.48387454465166e-09,-941400
1.48457907069622e-09,-941300
1.48528320659058e-09,-941200
1.48598693557429e-09,-941100
1.48669024057979e-09,-941000
1.48739310423774e-09,-940900
1.48809550888306e-09,-940800
1.48879743656088e-09,-940700
1.48949886903274e-09,-940600
1.49019978778312e-09,-940500
1.49090017402622e-09,-940400
1.49160000871276e-09,-940300
1.49229927253719e-09,-940200
1.49299794594505e-09,-940100
1.49369600914045e-09,-940000
1.49439344209389e-09,-939900
1.49509022455017e-09,-939800
1.49578633603646e-09,-939700
1.49648175587071e-09,-939600
1.49717646317004e-09,-939500
1.4978704368595e-09,-939400
1.49856365568076e-09,-939300
1.49925609820124e-09,-939200
1.49994774282308e-09,-939100
1.50063856779258e-09,-939000
1.50132855120955e-09,-938900
1.50201767103688e-09,-938800
1.50270590511016e-09,-938700
1.50339323114762e-09,-938600
1.50407962675996e-09,-938500
1.50476506946045e-09,-938400
1.50544953667502e-09,-938300
1.50613300575248e-09,-938200
1.50681545397495e-09,-938100
1.50749685856809e-09,-938000
1.50817719671177e-09,-937900
1.50885644555046e-09,-937800
1.50953458220397e-09,-937700
1.51021158377804e-09,-937600
1.510887427375e-09,-937500
1.5115620901047e-09,-937400
1.51223554909508e-09,-937300
1.51290778150316e-09,-937200
1.51357876452573e-09,-937100
1.51424847541027e-09,-937000
1.51491689146582e-09,-936900
1.51558399007368e-09,-936800
1.51624974869842e-09,-936700
1.51691414489855e-09,-936600
1.51757715633744e-09,-936500
1.51823876079394e-09,-936400
1.5188989361732e-09,-936300
1.51955766051732e-09,-936200
1.52021491201592e-09,-936100
1.52087066901678e-09,-936000
1.5215249100363e-09,-935900
1.52217761376996e-09,-935800
1.52282875910255e-09,-935700
1.52347832511857e-09,-935600
1.52412629111231e-09,-935500
1.52477263659792e-09,-935400
1.52541734131948e-09,-935300
1.52606038526063e-09,-935200
1.52670174865447e-09,-935100
1.52734141199316e-09,-935000
1.52797935603732e-09,-934900
1.52861556182539e-09,-934800
1.52925001068286e-09,-934700
1.52988268423127e-09,-934600
1.53051356439712e-09,-934500
1.53114263342068e-09,-934400
1.53176987386439e-09,-934300
1.53239526862141e-09,-934200
1.53301880092381e-09,-934100
1.53364045435056e-09,-934000
1.53426021283548e-09,-933900
1.5348780606748e-09,-933800
1.53549398253477e-09,-933700
1.53610796345886e-09,-933600
1.53671998887477e-09,-933500
1.53733004460149e-09,-933400
1.53793811685578e-09,-933300
1.53854419225871e-09,-933200
1.53914825784186e-09,-933100
1.53975030105335e-09,-933000
1.54035030976358e-09,-932900
1.54094827227085e-09,-932800
1.54154417730659e-09,-932700
1.54213801404061e-09,-932600
1.54272977208573e-09,-932500
1.5433194415026e-09,-932400
1.54390701280398e-09,-932300
1.54449247695895e-09,-932200
1.54507582539663e-09,-932100
1.54565705001006e-09,-932000
1.5462361431594e-09,-931900
1.54681309767516e-09,-931800
1.54738790686111e-09,-931700
1.54796056449689e-09,-931600
1.54853106484043e-09,-931500
1.54909940263008e-09,-931400
1.54966557308641e-09,-931300
1.55022957191404e-09,-931200
1.55079139530283e-09,-931100
1.55135103992907e-09,-931000
1.55190850295641e-09,-930900
1.55246378203632e-09,-930800
1.5530168753087e-09,-930700
1.55356778140171e-09,-930600
1.55411649943185e-09,-930500
1.55466302900347e-09,-930400
1.55520737020811e-09,-930300
1.55574952362373e-09,-930200
1.55628949031343e-09,-930100
1.55682727182419e-09,-930000
1.55736287018517e-09,-929900
1.55789628790591e-09,-929800
1.55842752797419e-09,-929700
1.55895659385372e-09,-929600
1.55948348948155e-09,-929500
1.56000821926529e-09,-929400
1.56053078808008e-09,-929300
1.56105120126528e-09,-929200
1.5615694646211e-09,-929100
1.56208558440484e-09,-929000
1.56259956732695e-09,-928900
1.56311142054695e-09,-928800
1.56362115166912e-09,-928700
1.56412876873786e-09,-928600
1.56463428023304e-09,-928500
1.56513769506505e-09,-928400
1.56563902256964e-09,-928300
1.56613827250256e-09,-928200
1.56663545503413e-09,-928100
1.56713058074347e-09,-928000
1.56762366061274e-09,-927900
1.56811470602093e-09,-927800
1.56860372873784e-09,-927700
1.56909074091752e-09,-927600
1.56957575509185e-09,-927500
1.57005878416386e-09,-927400
1.57053984140083e-09,-927300
1.57101894042731e-09,-927200
1.57149609521806e-09,-927100
1.5719713200907e-09,-927000
1.57244462969842e-09,-926900
1.57291603902235e-09,-926800
1.5733855633641e-09,-926700
1.57385321833779e-09,-926600
1.57431901986243e-09,-926500
1.5747829841537e-09,-926400
1.57524512771613e-09,-926300
1.57570546733481e-09,-926200
1.57616402006716e-09,-926100
1.57662080323471e-09,-926000
1.57707583441447e-09,-925900
1.57752913143073e-09,-925800
1.57798071234628e-09,-925700
1.57843059545396e-09,-925600
1.57887879926792e-09,-925500
1.57932534251492e-09,-925400
1.57977024412562e-09,-925300
1.58021352322567e-09,-925200
1.58065519912693e-09,-925100
1.58109529131865e-09,-925000
1.58153381945854e-09,-924900
1.58197080336376e-09,-924800
1.58240626300217e-09,-924700
1.58284021848317e-09,-924600
1.583272690049e-09,-924500
1.58370369806557e-09,-924400
1.58413326301361e-09,-924300
1.58456140547978e-09,-924200
1.58498814614763e-09,-924100
1.58541350578879e-09,-924000
1.58583750525405e-09,-923900
1.58626016546452e-09,-923800
1.58668150740278e-09,-923700
1.5871015521041e-09,-923600
1.58752032064771e-09,-923500
1.58793783414807e-09,-923400
1.58835411374622e-09,-923300
1.58876918060121e-09,-923200
1.58918305588152e-09,-923100
1.58959576075653e-09,-923000
1.59000731638818e-09,-922900
1.59041774392257e-09,-922800
1.59082706448168e-09,-922700
1.59123529915517e-09,-922600
1.59164246899222e-09,-922500
1.59204859499349e-09,-922400
1.59245369810317e-09,-922300
1.59285779920107e-09,-922200
1.59326091909484e-09,-922100
1.59366307851227e-09,-922000
1.59406429809373e-09,-921900
1.59446459838456e-09,-921800
1.59486399982775e-09,-921700
1.59526252275668e-09,-921600
1.59566018738776e-09,-921500
1.59605701381351e-09,-921400
1.59645302199549e-09,-921300
1.59684823175743e-09,-921200
1.59724266277855e-09,-921100
1.59763633458678e-09,-921000
1.59802926655242e-09,-920900
1.59842147788158e-09,-920800
1.59881298760988e-09,-920700
1.59920381459647e-09,-920600
1.59959397751776e-09,-920500
1.59998349486166e-09,-920400
1.60037238492167e-09,-920300
1.60076066579122e-09,-920200
1.60114835535821e-09,-920100
1.60153547129947e-09,-920000
1.60192203107554e-09,-919900
1.6023080519254e-09,-919800
1.60269355086156e-09,-919700
1.60307854466501e-09,-919600
1.60346304988047e-09,-919500
1.60384708281177e-09,-919400
1.60423065951722e-09,-919300
1.60461379580531e-09,-919200
1.60499650723026e-09,-919100
1.60537880908804e-09,-919000
1.60576071641221e-09,-918900
1.60614224397001e-09,-918800
1.60652340625866e-09,-918700
1.60690421750161e-09,-918600
1.607284691645e-09,-918500
1.60766484235432e-09,-918400
1.60804468301102e-09,-918300
1.60842422670934e-09,-918200
1.60880348625335e-09,-918100
1.60918247415383e-09,-918000
1.60956120262561e-09,-917900
1.6099396835848e-09,-917800
1.61031792864609e-09,-917700
1.61069594912043e-09,-917600
1.61107375601256e-09,-917500
1.61145136001874e-09,-917400
1.61182877152465e-09,-917300
1.61220600060322e-09,-917200
1.61258305701282e-09,-917100
1.6129599501954e-09,-917000
1.6133366892746e-09,-916900
1.61371328305426e-09,-916800
1.61408974001683e-09,-916700
1.61446606832191e-09,-916600
1.6148422758049e-09,-916500
1.61521836997573e-09,-916400
1.6155943580177e-09,-916300
1.61597024678638e-09,-916200
1.61634604280867e-09,-916100
1.61672175228179e-09,-916000
1.61709738107256e-09,-915900
1.61747293471657e-09,-915800
1.6178484184176e-09,-915700
1.61822383704688e-09,-915600
1.61859919514286e-09,-915500
1.61897449691038e-09,-915400
1.61934974622072e-09,-915300
1.61972494661096e-09,-915200
1.62010010128398e-09,-915100
1.62047521310823e-09,-915000
1.62085028461755e-09,-914900
1.62122531801135e-09,-914800
1.6216003151544e-09,-914700
1.6219752775771e-09,-914600
1.6223502064756e-09,-914500
1.62272510271191e-09,-914400
1.62309996681431e-09,-914300
1.62347479897756e-09,-914200
1.62384959906334e-09,-914100
1.6242243666006e-09,-914000
1.62459910078614e-09,-913900
1.62497380048506e-09,-913800
1.62534846423133e-09,-913700
1.6257230902284e-09,-913600
1.62609767634994e-09,-913500
1.62647222014045e-09,-913400
1.62684671881603e-09,-913300
1.62722116926528e-09,-913200
1.62759556804991e-09,-913100
1.62796991140583e-09,-913000
1.62834419524392e-09,-912900
1.62871841515109e-09,-912800
1.62909256639114e-09,-912700
1.62946664390589e-09,-912600
1.62984064231618e-09,-912500
1.63021455592303e-09,-912400
1.63058837870868e-09,-912300
1.63096210433782e-09,-912200
1.63133572615877e-09,-912100
1.6317092372048e-09,-912000
1.63208263019519e-09,-911900
1.63245589753683e-09,-911800
1.63282903132527e-09,-911700
1.63320202334628e-09,-911600
1.63357486507726e-09,-911500
1.63394754768853e-09,-911400
1.63432006204493e-09,-911300
1.6346923987074e-09,-911200
1.63506454793428e-09,-911100
1.63543649968319e-09,-911000
1.63580824361241e-09,-910900
1.63617976908265e-09,-910800
1.63655106515875e-09,-910700
1.63692212061136e-09,-910600
1.63729292391872e-09,-910500
1.63766346326852e-09,-910400
1.63803372655965e-09,-910300
1.63840370140413e-09,-910200
1.63877337512908e-09,-910100
1.63914273477863e-09,-910000
1.63951176711596e-09,-909900
1.6398804586254e-09,-909800
1.64024879551438e-09,-909700
1.64061676371572e-09,-909600
1.64098434888984e-09,-909500
1.64135153642691e-09,-909400
1.64171831144914e-09,-909300
1.64208465881323e-09,-909200
1.64245056311263e-09,-909100
1.64281600868011e-09,-909000
1.64318097959017e-09,-908900
1.64354545966165e-09,-908800
1.64390943246031e-09,-908700
1.64427288130154e-09,-908600
1.64463578925306e-09,-908500
1.64499813913773e-09,-908400
1.64535991353638e-09,-908300
1.64572109479077e-09,-908200
1.64608166500653e-09,-908100
1.64644160605623e-09,-908000
1.64680089958251e-09,-907900
1.64715952700123e-09,-907800
1.64751746950474e-09,-907700
1.64787470806521e-09,-907600
1.64823122343813e-09,-907500
1.64858699616546e-09,-907400
1.64894200657961e-09,-907300
1.64929623480676e-09,-907200
1.64964966077066e-09,-907100
1.65000226419645e-09,-907000
1.65035402461437e-09,-906900
1.65070492136396e-09,-906800
1.65105493359782e-09,-906700
1.65140404028581e-09,-906600
1.65175222021935e-09,-906500
1.65209945201552e-09,-906400
1.65244571412152e-09,-906300
1.65279098481911e-09,-906200
1.65313524222908e-09,-906100
1.65347846431597e-09,-906000
1.6538206288927e-09,-905900
1.65416171362537e-09,-905800
1.65450169603822e-09,-905700
1.65484055351848e-09,-905600
1.65517826332163e-09,-905500
1.65551480257634e-09,-905400
1.65585014828985e-09,-905300
1.65618427735331e-09,-905200
1.65651716654712e-09,-905100
1.65684879254657e-09,-905000
1.65717913192732e-09,-904900
1.65750816117128e-09,-904800
1.65783585667213e-09,-904700
1.65816219474151e-09,-904600
1.65848715161481e-09,-904500
1.65881070345723e-09,-904400
1.65913282636993e-09,-904300
1.65945349639639e-09,-904200
1.65977268952857e-09,-904100
1.66009038171338e-09,-904000
1.66040654885918e-09,-903900
1.66072116684235e-09,-903800
1.66103421151394e-09,-903700
1.6613456587064e-09,-903600
1.66165548424039e-09,-903500
1.66196366393169e-09,-903400
1.66227017359816e-09,-903300
1.66257498906678e-09,-903200
1.66287808618079e-09,-903100
1.66317944080676e-09,-903000
1.66347902884206e-09,-902900
1.66377682622196e-09,-902800
1.66407280892714e-09,-902700
1.66436695299111e-09,-902600
1.66465923450766e-09,-902500
1.66494962963846e-09,-902400
1.66523811462072e-09,-902300
1.66552466577472e-09,-902200
1.66580925951169e-09,-902100
1.66609187234142e-09,-902000
1.6663724808801e-09,-901900
1.66665106185823e-09,-901800
1.66692759212835e-09,-901700
1.6672020486731e-09,-901600
1.66747440861298e-09,-901500
1.66774464921447e-09,-901400
1.66801274789792e-09,-901300
1.66827868224548e-09,-901200
1.66854243000928e-09,-901100
1.66880396911927e-09,-901000
1.66906327769136e-09,-900900
1.6693203340354e-09,-900800
1.66957511666318e-09,-900700
1.66982760429648e-09,-900600
1.67007777587507e-09,-900500
1.67032561056467e-09,-900400
1.67057108776499e-09,-900300
1.67081418711754e-09,-900200
1.67105488851369e-09,-900100
1.67129317210248e-09,-900000
1.67152901829843e-09,-899900
1.67176240778946e-09,-899800
1.67199332154448e-09,-899700
1.67222174082126e-09,-899600
1.67244764717398e-09,-899500
1.67267102246077e-09,-899400
1.67289184885134e-09,-899300
1.67311010883438e-09,-899200
1.6733257852249e-09,-899100
1.67353886117154e-09,-899000
1.67374932016373e-09,-898900
1.67395714603892e-09,-898800
1.67416232298945e-09,-898700
1.67436483556953e-09,-898600
1.67456466870207e-09,-898500
1.67476180768532e-09,-898400
1.67495623819947e-09,-898300
1.67514794631312e-09,-898200
1.67533691848961e-09,-898100
1.67552314159324e-09,-898000
1.67570660289523e-09,-897900
1.6758872900798e-09,-897800
1.67606519124984e-09,-897700
1.6762402949326e-09,-897600
1.6764125900851e-09,-897500
1.67658206609949e-09,-897400
1.67674871280822e-09,-897300
1.67691252048896e-09,-897200
1.67707347986949e-09,-897100
1.67723158213219e-09,-897000
1.67738681891867e-09,-896900
1.67753918233392e-09,-896800
1.67768866495038e-09,-896700
1.67783525981185e-09,-896600
1.6779789604372e-09,-896500
1.67811976082374e-09,-896400
1.67825765545059e-09,-896300
1.6783926392817e-09,-896200
1.67852470776865e-09,-896100
1.67865385685341e-09,-896000
1.67878008297055e-09,-895900
1.67890338304959e-09,-895800
1.67902375451691e-09,-895700
1.67914119529738e-09,-895600
1.67925570381595e-09,-895500
1.67936727899891e-09,-895400
1.67947592027481e-09,-895300
1.67958162757529e-09,-895200
1.67968440133566e-09,-895100
1.67978424249505e-09,-895000
1.67988115249651e-09,-894900
1.67997513328684e-09,-894800
1.68006618731605e-09,-894700
1.68015431753665e-09,-894600
1.68023952740264e-09,-894500
1.68032182086834e-09,-894400
1.68040120238681e-09,-894300
1.68047767690818e-09,-894200
1.68055124987751e-09,-894100
1.68062192723262e-09,-894000
1.68068971540153e-09,-893900
1.68075462129958e-09,-893800
1.68081665232645e-09,-893700
1.6808758163628e-09,-893600
1.68093212176665e-09,-893500
1.68098557736952e-09,-893400
1.68103619247246e-09,-893300
1.6810839768414e-09,-893200
1.68112894070277e-09,-893100
1.68117109473846e-09,-893000
1.68121045008072e-09,-892900
1.68124701830677e-09,-892800
1.68128081143302e-09,-892700
1.68131184190925e-09,-892600
1.68134012261245e-09,-892500
1.68136566684036e-09,-892400
1.68138848830476e-09,-892300
1.68140860112466e-09,-892200
1.68142601981907e-09,-892100
1.68144075929959e-09,-892000
1.6814528348629e-09,-891900
1.68146226218269e-09,-891800
1.6814690573018e-09,-891700
1.68147323662373e-09,-891600
1.68147481690415e-09,-891500
1.68147381524222e-09,-891400
1.68147024907141e-09,-891300
1.68146413615058e-09,-891200
1.68145549455434e-09,-891100
1.68144434266367e-09,-891000
1.68143069915593e-09,-890900
1.68141458299502e-09,-890800
1.68139601342122e-09,-890700
1.68137500994065e-09,-890600
1.68135159231501e-09,-890500
1.68132578055067e-09,-890400
1.68129759488785e-09,-890300
1.68126705578972e-09,-890200
1.68123418393105e-09,-890100
1.68119900018697e-09,-890000
1.68116152562151e-09,-889900
1.68112178147592e-09,-889800
1.68107978915701e-09,-889700
1.68103557022534e-09,-889600
1.68098914638307e-09,-889500
1.680940539462e-09,-889400
1.68088977141145e-09,-889300
1.68083686428583e-09,-889200
1.68078184023229e-09,-889100
1.68072472147841e-09,-889000
1.68066553031952e-09,-888900
1.68060428910616e-09,-888800
1.68054102023148e-09,-888700
1.68047574611841e-09,-888600
1.68040848920703e-09,-888500
1.68033927194173e-09,-888400
1.68026811675839e-09,-888300
1.68019504607153e-09,-888200
1.68012008226153e-09,-888100
1.68004324766162e-09,-888000
1.67996456454524e-09,-887900
1.6798840551129e-09,-887800
1.67980174147965e-09,-887700
1.67971764566207e-09,-887600
1.67963178956557e-09,-887500
1.6795441949716e-09,-887400
1.67945488352504e-09,-887300
1.67936387672151e-09,-887200
1.67927119589483e-09,-887100
1.67917686220451e-09,-887000
1.67908089662332e-09,-886900
1.67898331992505e-09,-886800
1.67888415267213e-09,-886700
1.67878341520365e-09,-886600
1.67868112762322e-09,-886500
1.67857730978717e-09,-886400
1.67847198129268e-09,-886300
1.67836516146626e-09,-886200
1.67825686935214e-09,-886100
1.67814712370096e-09,-886000
1.67803594295861e-09,-885900
1.67792334525517e-09,-885800
1.67780934839399e-09,-885700
1.67769396984114e-09,-885600
1.67757722671483e-09,-885500
1.67745913577511e-09,-885400
1.67733971341368e-09,-885300
1.67721897564425e-09,-885200
1.67709693809249e-09,-885100
1.67697361598686e-09,-885000
1.67684902414916e-09,-884900
1.67672317698561e-09,-884800
1.67659608847805e-09,-884700
1.67646777217536e-09,-884600
1.67633824118523e-09,-884500
1.67620750816607e-09,-884400
1.67607558531923e-09,-884300
1.6759424843815e-09,-884200
1.67580821661786e-09,-884100
1.6756727928145e-09,-884000
1.67553622327216e-09,-883900
1.67539851779965e-09,-883800
1.67525968570778e-09,-883700
1.67511973580348e-09,-883600
1.67497867638442e-09,-883500
1.67483651523345e-09,-883400
1.67469325961412e-09,-883300
1.67454891626567e-09,-883200
1.67440349139887e-09,-883100
1.67425699069209e-09,-883000
1.67410941928749e-09,-882900
1.67396078178775e-09,-882800
1.673811082253e-09,-882700
1.67366032419812e-09,-882600
1.67350851059033e-09,-882500
1.67335564384714e-09,-882400
1.67320172583465e-09,-882300
1.67304675786613e-09,-882200
1.67289074070094e-09,-882100
1.67273367454387e-09,-882000
1.67257555904461e-09,-881900
1.67241639329784e-09,-881800
1.67225617584349e-09,-881700
1.67209490466716e-09,-881600
1.67193257720136e-09,-881500
1.67176919032657e-09,-881400
1.67160474037297e-09,-881300
1.67143922312238e-09,-881200
1.67127263381048e-09,-881100
1.67110496712953e-09,-881000
1.67093621723128e-09,-880900
1.67076637773019e-09,-880800
1.67059544170718e-09,-880700
1.67042340171338e-09,-880600
1.67025024977457e-09,-880500
1.67007597739564e-09,-880400
1.66990057556555e-09,-880300
1.6697240347625e-09,-880200
1.6695463449595e-09,-880100
1.66936749563018e-09,-880000
1.66918747575493e-09,-879900
1.66900627382742e-09,-879800
1.66882387786116e-09,-879700
1.66864027539681e-09,-879600
1.66845545350929e-09,-879500
1.66826939881543e-09,-879400
1.66808209748199e-09,-879300
1.66789353523376e-09,-879200
1.6677036973619e-09,-879100
1.66751256873291e-09,-879000
1.66732013379736e-09,-878900
1.66712637659928e-09,-878800
1.66693128078552e-09,-878700
1.66673482961563e-09,-878600
1.6665370059717e-09,-878500
1.66633779236861e-09,-878400
1.66613717096452e-09,-878300
1.66593512357138e-09,-878200
1.66573163166594e-09,-878100
1.66552667640075e-09,-878000
1.66532023861542e-09,-877900
1.66511229884816e-09,-877800
1.66490283734733e-09,-877700
1.66469183408342e-09,-877600
1.66447926876091e-09,-877500
1.66426512083055e-09,-877400
1.66404936950161e-09,-877300
1.66383199375448e-09,-877200
1.66361297235319e-09,-877100
1.66339228385822e-09,-877000
1.66316990663943e-09,-876900
1.66294581888897e-09,-876800
1.66271999863451e-09,-876700
1.66249242375244e-09,-876600
1.66226307198114e-09,-876500
1.66203192093455e-09,-876400
1.66179894811547e-09,-876300
1.66156413092925e-09,-876200
1.66132744669746e-09,-876100
1.6610888726715e-09,-876000
1.66084838604632e-09,-875900
1.66060596397434e-09,-875800
1.66036158357912e-09,-875700
1.66011522196926e-09,-875600
1.65986685625227e-09,-875500
1.65961646354844e-09,-875400
1.65936402100459e-09,-875300
1.6591095058081e-09,-875200
1.6588528952006e-09,-875100
1.65859416649185e-09,-875000
1.65833329707352e-09,-874900
1.65807026443294e-09,-874800
1.65780504616669e-09,-874700
1.65753761999441e-09,-874600
1.6572679637722e-09,-874500
1.6569960555062e-09,-874400
1.65672187336603e-09,-874300
1.65644539569806e-09,-874200
1.65616660103865e-09,-874100
1.65588546812735e-09,-874000
1.65560197591986e-09,-873900
1.65531610360097e-09,-873800
1.65502783059724e-09,-873700
1.65473713658984e-09,-873600
1.65444400152686e-09,-873500
1.65414840563586e-09,-873400
1.65385032943589e-09,-873300
1.6535497537497e-09,-873200
1.65324665971554e-09,-873100
1.65294102879891e-09,-873000
1.65263284280409e-09,-872900
1.6523220838855e-09,-872800
1.65200873455883e-09,-872700
1.65169277771203e-09,-872600
1.65137419661607e-09,-872500
1.65105297493549e-09,-872400
1.65072909673872e-09,-872300
1.65040254650826e-09,-872200
1.65007330915048e-09,-872100
1.64974137000538e-09,-872000
1.64940671485596e-09,-871900
1.64906932993745e-09,-871800
1.64872920194626e-09,-871700
1.64838631804865e-09,-871600
1.64804066588918e-09,-871500
1.64769223359896e-09,-871400
1.64734100980353e-09,-871300
1.64698698363054e-09,-871200
1.64663014471716e-09,-871100
1.64627048321721e-09,-871000
1.64590798980802e-09,-870900
1.64554265569697e-09,-870800
1.64517447262789e-09,-870700
1.64480343288691e-09,-870600
1.64442952930839e-09,-870500
1.6440527552802e-09,-870400
1.64367310474896e-09,-870300
1.64329057222489e-09,-870200
1.64290515278635e-09,-870100
1.64251684208413e-09,-870000
1.64212563634544e-09,-869900
1.64173153237757e-09,-869800
1.6413345275713e-09,-869700
1.64093461990389e-09,-869600
1.64053180794199e-09,-869500
1.64012609084402e-09,-869400
1.63971746836237e-09,-869300
1.63930594084529e-09,-869200
1.63889150923849e-09,-869100
1.63847417508627e-09,-869000
1.63805394053269e-09,-868900
1.63763080832209e-09,-868800
1.6372047817995e-09,-868700
1.63677586491071e-09,-868600
1.63634406220206e-09,-868500
1.63590937881984e-09,-868400
1.63547182050956e-09,-868300
1.63503139361473e-09,-868200
1.6345881050755e-09,-868100
1.63414196242702e-09,-868000
1.63369297379726e-09,-867900
1.63324114790486e-09,-867800
1.63278649405661e-09,-867700
1.63232902214441e-09,-867600
1.63186874264232e-09,-867500
1.63140566660302e-09,-867400
1.63093980565422e-09,-867300
1.6304711719946e-09,-867200
1.62999977838963e-09,-867100
1.62952563816713e-09,-867000
1.62904876521231e-09,-866900
1.62856917396303e-09,-866800
1.62808687940425e-09,-866700
1.62760189706268e-09,-866600
1.6271142430009e-09,-866500
1.62662393381138e-09,-866400
1.62613098661015e-09,-866300
1.62563541903034e-09,-866200
1.62513724921544e-09,-866100
1.62463649581227e-09,-866000
1.62413317796382e-09,-865900
1.62362731530182e-09,-865800
1.62311892793913e-09,-865700
1.62260803646174e-09,-865600
1.62209466192096e-09,-865500
1.6215788258249e-09,-865400
1.6210605501302e-09,-865300
1.62053985723321e-09,-865200
1.62001676996124e-09,-865100
1.61949131156348e-09,-865000
1.61896350570184e-09,-864900
1.61843337644145e-09,-864800
1.61790094824124e-09,-864700
1.61736624594404e-09,-864600
1.61682929476689e-09,-864500
1.6162901202908e-09,-864400
1.61574874845069e-09,-864300
1.61520520552496e-09,-864200
1.6146595181251e-09,-864100
1.61411171318501e-09,-864000
1.61356181795024e-09,-863900
1.61300985996718e-09,-863800
1.61245586707196e-09,-863700
1.61189986737953e-09,-863600
1.61134188927219e-09,-863500
1.61078196138852e-09,-863400
1.61022011261178e-09,-863300
1.60965637205849e-09,-863200
1.60909076906674e-09,-863100
1.60852333318461e-09,-863000
1.60795409415833e-09,-862900
1.60738308192042e-09,-862800
1.60681032657787e-09,-862700
1.60623585840004e-09,-862600
1.60565970780672e-09,-862500
1.60508190535605e-09,-862400
1.6045024817323e-09,-862300
1.60392146773374e-09,-862200
1.60333889426039e-09,-862100
1.60275479230183e-09,-862000
1.60216919292484e-09,-861900
1.60158212726111e-09,-861800
1.60099362649497e-09,-861700
1.60040372185092e-09,-861600
1.59981244458134e-09,-861500
1.59921982595416e-09,-861400
1.59862589724048e-09,-861300
1.59803068970202e-09,-861200
1.59743423457912e-09,-861100
1.59683656307805e-09,-861000
1.59623770635888e-09,-860900
1.59563769552308e-09,-860800
1.59503656160123e-09,-860700
1.59443433554076e-09,-860600
1.59383104819383e-09,-860500
1.59322673030489e-09,-860400
1.59262141249877e-09,-860300
1.59201512526842e-09,-860200
1.59140789896293e-09,-860100
1.5907997637754e-09,-860000
1.5901907497311e-09,-859900
1.58958088667551e-09,-859800
1.58897020426245e-09,-859700
1.58835873194238e-09,-859600
1.58774649895062e-09,-859500
1.58713353429576e-09,-859400
1.58651986674803e-09,-859300
1.58590552482793e-09,-859200
1.58529053679477e-09,-859100
1.58467493063524e-09,-859000
1.58405873405242e-09,-858900
1.58344197445444e-09,-858800
1.58282467894353e-09,-858700
1.58220687430504e-09,-858600
1.58158858699657e-09,-858500
1.5809698431373e-09,-858400
1.58035066849728e-09,-858300
1.57973108848691e-09,-858200
1.57911112814653e-09,-858100
1.5784908121361e-09,-858000
1.57787016472497e-09,-857900
1.5772492097819e-09,-857800
1.57662797076495e-09,-857700
1.57600647071176e-09,-857600
1.57538473222982e-09,-857500
1.57476277748686e-09,-857400
1.57414062820137e-09,-857300
1.57351830563332e-09,-857200
1.57289583057495e-09,-857100
1.57227322334171e-09,-857000
1.5716505037633e-09,-856900
1.57102769117497e-09,-856800
1.57040480440885e-09,-856700
1.5697818617854e-09,-856600
1.56915888110509e-09,-856500
1.56853587964024e-09,-856400
1.56791287412689e-09,-856300
1.56728988075695e-09,-856200
1.56666691517041e-09,-856100
1.56604399244775e-09,-856000
1.5654211271025e-09,-855900
1.56479833307396e-09,-855800
1.56417562372004e-09,-855700
1.56355301181032e-09,-855600
1.56293050951922e-09,-855500
1.56230812841938e-09,-855400
1.56168587947522e-09,-855300
1.5610637730365e-09,-855200
1.5604418188323e-09,-855100
1.55982002596504e-09,-855000
1.55919840290457e-09,-854900
1.5585769574827e-09,-854800
1.55795569688758e-09,-854700
1.55733462765857e-09,-854600
1.55671375568106e-09,-854500
1.55609308618149e-09,-854400
1.55547262372275e-09,-854300
1.55485237219952e-09,-854200
1.55423233483393e-09,-854100
1.55361251417127e-09,-854000
1.55299291207611e-09,-853900
1.55237352972847e-09,-853800
1.55175436762005e-09,-853700
1.55113542555091e-09,-853600
1.55051670262618e-09,-853500
1.54989819725303e-09,-853400
1.54927990713766e-09,-853300
1.54866182928289e-09,-853200
1.54804395998538e-09,-853100
1.54742629483359e-09,-853000
1.54680882870556e-09,-852900
1.54619155576709e-09,-852800
1.54557446947006e-09,-852700
1.54495756255093e-09,-852600
1.54434082702952e-09,-852500
1.5437242542078e-09,-852400
1.54310783466923e-09,-852300
1.54249155827797e-09,-852200
1.54187541417853e-09,-852100
1.54125939079544e-09,-852000
1.54064347583326e-09,-851900
1.54002765627686e-09,-851800
1.53941191839167e-09,-851700
1.5387962477245e-09,-851600
1.5381806291042e-09,-851500
1.53756504664276e-09,-851400
1.53694948373671e-09,-851300
1.53633392306841e-09,-851200
1.53571834660796e-09,-851100
1.53510273561502e-09,-851000
1.53448707064101e-09,-850900
1.53387133153148e-09,-850800
1.53325549742873e-09,-850700
1.5326395467747e-09,-850600
1.53202345731394e-09,-850500
1.53140720609699e-09,-850400
1.53079076948382e-09,-850300
1.53017412314766e-09,-850200
1.52955724207896e-09,-850100
1.52894010058957e-09,-850000
1.5283226723172e-09,-849900
1.52770493023014e-09,-849800
1.52708684663213e-09,-849700
1.52646839316756e-09,-849600
1.52584954082673e-09,-849500
1.52523025995164e-09,-849400
1.52461052024167e-09,-849300
1.52399029075985e-09,-849200
1.52336953993899e-09,-849100
1.52274823558838e-09,-849000
1.52212634490055e-09,-848900
1.52150383445828e-09,-848800
1.52088067024195e-09,-848700
1.52025681763686e-09,-848600
1.51963224144123e-09,-848500
1.51900690587399e-09,-848400
1.51838077458308e-09,-848300
1.51775381065386e-09,-848200
1.51712597661787e-09,-848100
1.51649723446163e-09,-848000
1.51586754563593e-09,-847900
1.51523687106517e-09,-847800
1.51460517115692e-09,-847700
1.51397240581192e-09,-847600
1.51333853443397e-09,-847500
1.51270351594044e-09,-847400
1.5120673087727e-09,-847300
1.51142987090691e-09,-847200
1.51079115986505e-09,-847100
1.51015113272616e-09,-847000
1.50950974613766e-09,-846900
1.50886695632718e-09,-846800
1.50822271911432e-09,-846700
1.50757698992283e-09,-846600
1.50692972379293e-09,-846500
1.50628087539375e-09,-846400
1.50563039903616e-09,-846300
1.50497824868571e-09,-846200
1.50432437797572e-09,-846100
1.50366874022074e-09,-846000
1.50301128843001e-09,-845900
1.50235197532123e-09,-845800
1.5016907533346e-09,-845700
1.50102757464687e-09,-845600
1.50036239118561e-09,-845500
1.49969515464392e-09,-845400
1.49902581649487e-09,-845300
1.49835432800657e-09,-845200
1.49768064025711e-09,-845100
1.49700470414977e-09,-845000
1.49632647042841e-09,-844900
1.49564588969297e-09,-844800
1.49496291241521e-09,-844700
1.49427748895448e-09,-844600
1.49358956957379e-09,-844500
1.49289910445582e-09,-844400
1.49220604371925e-09,-844300
1.49151033743515e-09,-844200
1.4908119356435e-09,-844100
1.49011078836976e-09,-844000
1.48940684564169e-09,-843900
1.48870005750618e-09,-843800
1.48799037404624e-09,-843700
1.48727774539803e-09,-843600
1.486562121768e-09,-843500
1.48584345345018e-09,-843400
1.48512169084341e-09,-843300
1.48439678446884e-09,-843200
1.48366868498728e-09,-843100
1.48293734321672e-09,-843000
1.48220271015e-09,-842900
1.48146473697229e-09,-842800
1.48072337507878e-09,-842700
1.47997857609242e-09,-842600
1.47923029188147e-09,-842500
1.47847847457742e-09,-842400
1.47772307659254e-09,-842300
1.47696405063774e-09,-842200
1.47620134974015e-09,-842100
1.47543492726095e-09,-842000
1.47466473691306e-09,-841900
1.47389073277865e-09,-841800
1.47311286932695e-09,-841700
1.47233110143166e-09,-841600
1.47154538438859e-09,-841500
1.47075567393305e-09,-841400
1.46996192625725e-09,-841300
1.46916409802758e-09,-841200
1.4683621464019e-09,-841100
1.46755602904661e-09,-841000
1.46674570415367e-09,-840900
1.46593113045754e-09,-840800
1.46511226725192e-09,-840700
1.46428907440647e-09,-840600
1.46346151238326e-09,-840500
1.46262954225325e-09,-840400
1.46179312571229e-09,-840300
1.46095222509746e-09,-840200
1.46010680340269e-09,-840100
1.45925682429466e-09,-840000
1.45840225212815e-09,-839900
1.45754305196147e-09,-839800
1.45667918957146e-09,-839700
1.45581063146847e-09,-839600
1.45493734491089e-09,-839500
1.45405929791979e-09,-839400
1.45317645929287e-09,-839300
1.45228879861855e-09,-839200
1.45139628628962e-09,-839100
1.45049889351656e-09,-839000
1.44959659234084e-09,-838900
1.4486893556476e-09,-838800
1.4477771571784e-09,-838700
1.44685997154329e-09,-838600
1.44593777423288e-09,-838500
1.44501054163e-09,-838400
1.44407825102091e-09,-838300
1.44314088060642e-09,-838200
1.44219840951246e-09,-838100
1.4412508178004e-09,-838000
1.44029808647703e-09,-837900
1.43934019750411e-09,-837800
1.43837713380766e-09,-837700
1.43740887928676e-09,-837600
1.43643541882209e-09,-837500
1.43545673828396e-09,-837400
1.43447282454003e-09,-837300
1.43348366546262e-09,-837200
1.43248924993561e-09,-837100
1.43148956786095e-09,-837000
1.43048461016468e-09,-836900
1.42947436880254e-09,-836800
1.42845883676535e-09,-836700
1.42743800808367e-09,-836600
1.42641187783215e-09,-836500
1.42538044213356e-09,-836400
1.42434369816217e-09,-836300
1.42330164414675e-09,-836200
1.42225427937323e-09,-836100
1.42120160418676e-09,-836000
1.4201436199933e-09,-835900
1.41908032926097e-09,-835800
1.41801173552062e-09,-835700
1.4169378433661e-09,-835600
1.41585865845419e-09,-835500
1.4147741875037e-09,-835400
1.41368443829449e-09,-835300
1.41258941966565e-09,-835200
1.41148914151355e-09,-835100
1.41038361478913e-09,-835000
1.40927285149485e-09,-834900
1.40815686468111e-09,-834800
1.40703566844226e-09,-834700
1.40590927791203e-09,-834600
1.40477770925851e-09,-834500
1.40364097967874e-09,-834400
1.40249910739265e-09,-834300
1.40135211163671e-09,-834200
1.40020001265695e-09,-834100
1.39904283170158e-09,-834000
1.39788059101318e-09,-833900
1.39671331382022e-09,-833800
1.39554102432843e-09,-833700
1.39436374771143e-09,-833600
1.39318151010104e-09,-833500
1.39199433857703e-09,-833400
1.39080226115656e-09,-833300
1.38960530678302e-09,-833200
1.38840350531457e-09,-833100
1.38719688751205e-09,-833000
1.38598548502666e-09,-832900
1.38476933038707e-09,-832800
1.38354845698619e-09,-832700
1.38232289906737e-09,-832600
1.38109269171043e-09,-832500
1.37985787081709e-09,-832400
1.37861847309608e-09,-832300
1.37737453604773e-09,-832200
1.37612609794847e-09,-832100
1.37487319783455e-09,-832000
1.37361587548583e-09,-831900
1.37235417140876e-09,-831800
1.37108812681938e-09,-831700
1.36981778362571e-09,-831600
1.36854318440997e-09,-831500
1.36726437241046e-09,-831400
1.36598139150292e-09,-831300
1.36469428618191e-09,-831200
1.36340310154161e-09,-831100
1.36210788325647e-09,-831000
1.36080867756153e-09,-830900
1.35950553123252e-09,-830800
1.35819849156563e-09,-830700
1.35688760635713e-09,-830600
1.35557292388262e-09,-830500
1.35425449287622e-09,-830400
1.35293236250936e-09,-830300
1.35160658236954e-09,-830200
1.35027720243881e-09,-830100
1.34894427307205e-09,-830000
1.34760784497518e-09,-829900
1.34626796918309e-09,-829800
1.34492469703755e-09,-829700
1.34357808016487e-09,-829600
1.34222817045359e-09,-829500
1.3408750200319e-09,-829400
1.33951868124507e-09,-829300
1.33815920663284e-09,-829200
1.33679664890658e-09,-829100
1.33543106092663e-09,-829000
1.33406249567932e-09,-828900
1.33269100625424e-09,-828800
1.33131664582133e-09,-828700
1.32993946760799e-09,-828600
1.32855952487627e-09,-828500
1.32717687089999e-09,-828400
1.32579155894196e-09,-828300
1.32440364223132e-09,-828200
1.32301317394072e-09,-828100
1.32162020716392e-09,-828000
1.32022479489311e-09,-827900
1.31882698999668e-09,-827800
1.31742684519679e-09,-827700
1.31602441304737e-09,-827600
1.31461974591207e-09,-827500
1.31321289594245e-09,-827400
1.31180391505623e-09,-827300
1.31039285491596e-09,-827200
1.30897976690764e-09,-827100
1.30756470211971e-09,-827000
1.30614771132212e-09,-826900
1.30472884494583e-09,-826800
1.30330815306239e-09,-826700
1.30188568536385e-09,-826600
1.30046149114293e-09,-826500
1.29903561927348e-09,-826400
1.29760811819121e-09,-826300
1.2961790358748e-09,-826200
1.29474841982722e-09,-826100
1.29331631705749e-09,-826000
1.29188277406268e-09,-825900
1.29044783681035e-09,-825800
1.28901155072126e-09,-825700
1.28757396065259e-09,-825600
1.28613511088136e-09,-825500
1.28469504508839e-09,-825400
1.28325380634264e-09,-825300
1.28181143708583e-09,-825200
1.28036797911771e-09,-825100
1.27892347358152e-09,-825000
1.27747796095006e-09,-824900
1.27603148101215e-09,-824800
1.27458407285949e-09,-824700
1.27313577487403e-09,-824600
1.27168662471591e-09,-824500
1.27023665931159e-09,-824400
1.26878591484282e-09,-824300
1.2673344267358e-09,-824200
1.26588222965105e-09,-824100
1.2644293574736e-09,-824000
1.26297584330382e-09,-823900
1.26152171944875e-09,-823800
1.26006701741381e-09,-823700
1.2586117678952e-09,-823600
1.25715600077274e-09,-823500
1.25569974510325e-09,-823400
1.25424302911443e-09,-823300
1.25278588019935e-09,-823200
1.2513283249114e-09,-823100
1.24987038895975e-09,-823000
1.24841209720555e-09,-822900
1.24695347365836e-09,-822800
1.24549454147344e-09,-822700
1.24403532294928e-09,-822600
1.24257583952598e-09,-822500
1.24111611178388e-09,-822400
1.23965615944297e-09,-822300
1.23819600136268e-09,-822200
1.23673565554232e-09,-822100
1.23527513912196e-09,-822000
1.23381446838392e-09,-821900
1.23235365875479e-09,-821800
1.23089272480795e-09,-821700
1.22943168026661e-09,-821600
1.22797053800746e-09,-821500
1.22650931006469e-09,-821400
1.22504800763469e-09,-821300
1.22358664108114e-09,-821200
1.22212521994072e-09,-821100
1.22066375292917e-09,-821000
1.21920224794797e-09,-820900
1.21774071209156e-09,-820800
1.21627915165479e-09,-820700
1.21481757214118e-09,-820600
1.21335597827139e-09,-820500
1.21189437399226e-09,-820400
1.21043276248634e-09,-820300
1.20897114618182e-09,-820200
1.20750952676284e-09,-820100
1.20604790518032e-09,-820000
1.20458628166325e-09,-819900
1.20312465573024e-09,-819800
1.20166302620159e-09,-819700
1.20020139121176e-09,-819600
1.1987397482221e-09,-819500
1.19727809403415e-09,-819400
1.19581642480307e-09,-819300
1.19435473605164e-09,-819200
1.19289302268443e-09,-819100
1.19143127900241e-09,-819000
1.18996949871788e-09,-818900
1.18850767496951e-09,-818800
1.18704580033798e-09,-818700
1.18558386686171e-09,-818600
1.18412186605279e-09,-818500
1.18265978891345e-09,-818400
1.18119762595241e-09,-818300
1.17973536720181e-09,-818200
1.17827300223404e-09,-818100
1.17681052017902e-09,-818000
1.17534790974158e-09,-817900
1.17388515921894e-09,-817800
1.1724222565185e-09,-817700
1.17095918917566e-09,-817600
1.16949594437186e-09,-817500
1.16803250895264e-09,-817400
1.16656886944597e-09,-817300
1.16510501208049e-09,-817200
1.16364092280397e-09,-817100
1.16217658730174e-09,-817000
1.16071199101527e-09,-816900
1.15924711916068e-09,-816800
1.15778195674737e-09,-816700
1.15631648859655e-09,-816600
1.15485069935997e-09,-816500
1.15338457353829e-09,-816400
1.15191809549983e-09,-816300
1.1504512494989e-09,-816200
1.14898401969433e-09,-816100
1.1475163901678e-09,-816000
1.14604834494207e-09,-815900
1.14457986799925e-09,-815800
1.14311094329873e-09,-815700
1.14164155479517e-09,-815600
1.1401716864563e-09,-815500
1.13870132228048e-09,-815400
1.13723044631421e-09,-815300
1.13575904266936e-09,-815200
1.1342870955403e-09,-815100
1.13281458922073e-09,-815000
1.13134150812031e-09,-814900
1.12986783678116e-09,-814800
1.12839355989396e-09,-814700
1.1269186623139e-09,-814600
1.12544312907633e-09,-814500
1.12396694541213e-09,-814400
1.12249009676277e-09,-814300
1.12101256879516e-09,-814200
1.11953434741603e-09,-814100
1.11805541878615e-09,-814000
1.1165757693341e-09,-813900
1.11509538576979e-09,-813800
1.11361425509753e-09,-813700
1.11213236462885e-09,-813600
1.11064970199481e-09,-813500
1.10916625515814e-09,-813400
1.10768201242474e-09,-813300
1.10619696245504e-09,-813200
1.10471109427471e-09,-813100
1.10322439728514e-09,-813000
1.10173686127349e-09,-812900
1.1002484764222e-09,-812800
1.0987592333182e-09,-812700
1.09726912296161e-09,-812600
1.09577813677402e-09,-812500
1.09428626660631e-09,-812400
1.09279350474609e-09,-812300
1.09129984392456e-09,-812200
1.08980527732304e-09,-812100
1.08830979857894e-09,-812000
1.0868134017913e-09,-811900
1.08531608152593e-09,-811800
1.08381783281988e-09,-811700
1.08231865118576e-09,-811600
1.08081853261518e-09,-811500
1.07931747358211e-09,-811400
1.07781547104549e-09,-811300
1.07631252245142e-09,-811200
1.07480862573505e-09,-811100
1.07330377932162e-09,-811000
1.0717979821275e-09,-810900
1.07029123356032e-09,-810800
1.06878353351887e-09,-810700
1.06727488239251e-09,-810600
1.06576528105996e-09,-810500
1.06425473088783e-09,-810400
1.06274323372853e-09,-810300
1.06123079191775e-09,-810200
1.05971740827159e-09,-810100
1.05820308608301e-09,-810000
1.0566878291181e-09,-809900
1.05517164161167e-09,-809800
1.05365452826259e-09,-809700
1.05213649422853e-09,-809600
1.0506175451204e-09,-809500
1.04909768699629e-09,-809400
1.04757692635505e-09,-809300
1.04605527012944e-09,-809200
1.04453272567878e-09,-809100
1.04300930078147e-09,-809000
1.04148500362679e-09,-808900
1.03995984280658e-09,-808800
1.03843382730641e-09,-808700
1.0369069664965e-09,-808600
1.03537927012218e-09,-808500
1.03385074829401e-09,-808400
1.03232141147773e-09,-808300
1.03079127048368e-09,-808200
1.02926033645604e-09,-808100
1.02772862086171e-09,-808000
1.02619613547894e-09,-807900
1.02466289238563e-09,-807800
1.02312890394744e-09,-807700
1.02159418280553e-09,-807600
1.02005874186416e-09,-807500
1.01852259427803e-09,-807400
1.01698575343933e-09,-807300
1.01544823296468e-09,-807200
1.01391004668181e-09,-807100
1.01237120861608e-09,-807000
1.01083173297681e-09,-806900
1.00929163414348e-09,-806800
1.00775092665171e-09,-806700
1.00620962517924e-09,-806600
1.00466774453167e-09,-806500
1.00312529962811e-09,-806400
1.0015823054868e-09,-806300
1.0000387772106e-09,-806200
9.98494729972382e-10,-806100
9.96950179000463e-10,-806000
9.95405139563935e-10,-805900
9.93859626957903e-10,-805800
9.92313656488871e-10,-805700
9.90767243459991e-10,-805600
9.89220403156387e-10,-805500
9.87673150830467e-10,-805400
9.86125501687333e-10,-805300
9.84577470870197e-10,-805200
9.83029073445877e-10,-805100
9.81480324390345e-10,-805000
9.79931238574466e-10,-804900
9.78381830749709e-10,-804800
9.76832115534084e-10,-804700
9.75282107398145e-10,-804600
9.73731820651174e-10,-804500
9.72181269427522e-10,-804400
9.70630467673077e-10,-804300
9.69079429132009e-10,-804200
9.67528167333611e-10,-804100
9.65976695579339e-10,-804000
9.64425026930215e-10,-803900
9.6287317419427e-10,-803800
9.613211499144e-10,-803700
9.59768966356311e-10,-803600
9.58216635496883e-10,-803500
9.56664169012701e-10,-803400
9.55111578268894e-10,-803300
9.53558874308314e-10,-803200
9.52006067840981e-10,-803100
9.50453169233812e-10,-803000
9.48900188500764e-10,-802900
9.47347135293234e-10,-802800
9.45794018890823e-10,-802700
9.44240848192454e-10,-802600
9.42687631707852e-10,-802500
9.41134377549408e-10,-802400
9.39581093424329e-10,-802300
9.38027786627367e-10,-802200
9.3647446403366e-10,-802100
9.34921132092225e-10,-802000
9.3336779681971e-10,-801900
9.31814463794584e-10,-801800
9.30261138151784e-10,-801700
9.28707824577696e-10,-801600
9.2715452730562e-10,-801500
9.25601250111703e-10,-801400
9.24047996311187e-10,-801300
9.224947687552e-10,-801200
9.20941569827937e-10,-801100
9.19388401444292e-10,-801000
9.17835265047964e-10,-800900
9.16282161609942e-10,-800800
9.14729091627507e-10,-800700
9.13176055123692e-10,-800600
9.11623051647102e-10,-800500
9.10070080272294e-10,-800400
9.08517139600567e-10,-800300
9.06964227761176e-10,-800200
9.05411342413065e-10,-800100
9.03858480747011e-10,-800000
9.0230563948815e-10,-799900
9.00752814899162e-10,-799800
8.99200002783649e-10,-799700
8.97647198490145e-10,-799600
8.96094396916497e-10,-799500
8.94541592514608e-10,-799400
8.92988779295851e-10,-799300
8.91435950836601e-10,-799200
8.89883100284478e-10,-799100
8.88330220364823e-10,-799000
8.8677730338768e-10,-798900
8.85224341255177e-10,-798800
8.83671325469311e-10,-798700
8.8211824714011e-10,-798600
8.80565096994241e-10,-798500
8.79011865383954e-10,-798400
8.77458542296455e-10,-798300
8.75905117363598e-10,-798200
8.7435157987201e-10,-798100
8.72797918773486e-10,-798000
8.71244122695859e-10,-797900
8.69690179954074e-10,-797800
8.68136078561687e-10,-797700
8.66581806242634e-10,-797600
8.65027350443396e-10,-797500
8.63472698345341e-10,-797400
8.61917836877468e-10,-797300
8.60362752729405e-10,-797200
8.58807432364612e-10,-797100
8.57251862034013e-10,-797000
8.55696027789635e-10,-796900
8.5413991549877e-10,-796800
8.52583510858099e-10,-796700
8.51026799408208e-10,-796600
8.49469766548297e-10,-796500
8.47912397550944e-10,-796400
8.46354677577255e-10,-796300
8.44796591692003e-10,-796200
8.4323812487902e-10,-796100
8.41679262056742e-10,-796000
8.40119988093817e-10,-795900
8.38560287824877e-10,-795800
8.37000146066441e-10,-795700
8.35439547632836e-10,-795600
8.33878477352281e-10,-795500
8.32316920082959e-10,-795400
8.30754860729241e-10,-795300
8.29192284257806e-10,-795200
8.27629175713966e-10,-795100
8.26065520237848e-10,-795000
8.24501303080659e-10,-794900
8.22936509620926e-10,-794800
8.21371125380695e-10,-794700
8.19805136041696e-10,-794600
8.18238527461468e-10,-794500
8.16671285689405e-10,-794400
8.15103396982702e-10,-794300
8.13534847822241e-10,-794200
8.11965624928377e-10,-794100
8.10395715276569e-10,-794000
8.08825106112891e-10,-793900
8.07253784969425e-10,-793800
8.05681739679482e-10,-793700
8.04108958392593e-10,-793600
8.02535429589451e-10,-793500
8.00961142096503e-10,-793400
7.99386085100475e-10,-793300
7.97810248162572e-10,-793200
7.96233621232478e-10,-793100
7.94656194662175e-10,-793000
7.93077959219434e-10,-792900
7.91498906101041e-10,-792800
7.89919026945794e-10,-792700
7.88338313847167e-10,-792600
7.86756759365751e-10,-792500
7.85174356541258e-10,-792400
7.83591098904352e-10,-792300
7.82006980488027e-10,-792200
7.80421995838758e-10,-792100
7.78836140027207e-10,-792000
7.77249408658634e-10,-791900
7.75661797882944e-10,-791800
7.74073304404311e-10,-791700
7.72483925490475e-10,-791600
7.70893658981652e-10,-791500
7.69302503298953e-10,-791400
7.67710457452557e-10,-791300
7.66117521049337e-10,-791200
7.64523694300127e-10,-791100
7.62928978026566e-10,-791000
7.61333373667522e-10,-790900
7.59736883285026e-10,-790800
7.58139509569829e-10,-790700
7.5654125584651e-10,-790600
7.54942126078074e-10,-790500
7.53342124870185e-10,-790400
7.51741257474869e-10,-790300
7.50139529793774e-10,-790200
7.48536948381012e-10,-790100
7.46933520445469e-10,-790000
7.45329253852709e-10,-789900
7.43724157126334e-10,-789800
7.42118239448981e-10,-789700
7.405115106627e-10,-789600
7.38903981269036e-10,-789500
7.3729566242847e-10,-789400
7.35686565959449e-10,-789300
7.34076704337038e-10,-789200
7.32466090690943e-10,-789100
7.30854738803159e-10,-789000
7.2924266310511e-10,-788900
7.27629878674345e-10,-788800
7.26016401230775e-10,-788700
7.24402247132383e-10,-788600
7.22787433370603e-10,-788500
7.21171977565079e-10,-788400
7.19555897958088e-10,-788300
7.17939213408513e-10,-788200
7.16321943385264e-10,-788100
7.14704107960416e-10,-788000
7.13085727801796e-10,-787900
7.11466824165167e-10,-787800
7.09847418886013e-10,-787700
7.08227534370919e-10,-787600
7.06607193588467e-10,-787500
7.04986420059809e-10,-787400
7.03365237848833e-10,-787300
7.01743671551873e-10,-787200
7.0012174628712e-10,-787100
6.98499487683625e-10,-787000
6.96876921869906e-10,-786900
6.95254075462305e-10,-786800
6.9363097555282e-10,-786700
6.92007649696796e-10,-786600
6.9038412590017e-10,-786500
6.88760432606378e-10,-786400
6.87136598683069e-10,-786300
6.85512653408379e-10,-786200
6.83888626457058e-10,-786100
6.82264547886196e-10,-786000
6.80640448120755e-10,-785900
6.79016357938803e-10,-785800
6.77392308456579e-10,-785700
6.75768331113197e-10,-785600
6.74144457655288e-10,-785500
6.72520720121242e-10,-785400
6.70897150825458e-10,-785300
6.69273782342236e-10,-785200
6.67650647489608e-10,-785100
6.66027779312908e-10,-785000
6.64405211068348e-10,-784900
6.6278297620624e-10,-784800
6.61161108354286e-10,-784700
6.59539641300686e-10,-784600
6.57918608977086e-10,-784500
6.56298045441553e-10,-784400
6.54677984861408e-10,-784300
6.53058461495988e-10,-784200
6.51439509679412e-10,-784100
6.49821163803283e-10,-784000
6.48203458299337e-10,-783900
6.46586427622169e-10,-783800
6.44970106231871e-10,-783700
6.43354528576746e-10,-783600
6.4173972907603e-10,-783500
6.4012574210266e-10,-783400
6.38512601966108e-10,-783300
6.36900342895251e-10,-783200
6.35288999021383e-10,-783100
6.33678604361234e-10,-783000
6.32069192800209e-10,-782900
6.3046079807562e-10,-782800
6.28853453760148e-10,-782700
6.27247193245395e-10,-782600
6.25642049725618e-10,-782500
6.24038056181611e-10,-782400
6.22435245364775e-10,-782300
6.20833649781366e-10,-782200
6.19233301676982e-10,-782100
6.17634233021224e-10,-782000
6.16036475492578e-10,-781900
6.14440060463561e-10,-781800
6.12845018986107e-10,-781700
6.11251381777174e-10,-781600
6.09659179204685e-10,-781500
6.08068441273649e-10,-781400
6.06479197612664e-10,-781300
6.04891477460665e-10,-781200
6.03305309653975e-10,-781100
6.01720722613675e-10,-781000
6.00137744333311e-10,-780900
5.98556402366936e-10,-780800
5.96976723817438e-10,-780700
5.95398735325279e-10,-780600
5.93822463057549e-10,-780500
5.9224793269742e-10,-780400
5.90675169433911e-10,-780300
5.89104197952073e-10,-780200
5.87535042423548e-10,-780100
5.85967726497507e-10,-780000
5.84402273292008e-10,-779900
5.82838705385683e-10,-779800
5.81277044809937e-10,-779700
5.79717313041446e-10,-779600
5.78159530995164e-10,-779500
5.76603719017674e-10,-779400
5.75049896881015e-10,-779300
5.73498083776884e-10,-779200
5.7194829831133e-10,-779100
5.70400558499806e-10,-779000
5.68854881762714e-10,-778900
5.67311284921366e-10,-778800
5.65769784194376e-10,-778700
5.64230395194472e-10,-778600
5.62693132925829e-10,-778500
5.61158011781734e-10,-778400
5.59625045542761e-10,-778300
5.58094247375396e-10,-778200
5.56565629831048e-10,-778100
5.55039204845561e-10,-778000
5.53514983739094e-10,-777900
5.51992977216544e-10,-777800
5.50473195368309e-10,-777700
5.48955647671524e-10,-777600
5.47440342991735e-10,-777500
5.45927289585007e-10,-777400
5.4441649510044e-10,-777300
5.42907966583117e-10,-777200
5.41401710477484e-10,-777100
5.39897732631132e-10,-777000
5.38396038299001e-10,-776900
5.36896632148007e-10,-776800
5.35399518262003e-10,-776700
5.33904700147268e-10,-776600
5.32412180738233e-10,-776500
5.30921962403741e-10,-776400
5.29434046953567e-10,-776300
5.27948435645407e-10,-776200
5.26465129192171e-10,-776100
5.24984127769671e-10,-776000
5.2350543102469e-10,-775900
5.22029038083293e-10,-775800
5.20554947559625e-10,-775700
5.19083157564942e-10,-775600
5.17613665716986e-10,-775500
5.16146469149687e-10,-775400
5.1468156452319e-10,-775300
5.13218948034157e-10,-775200
5.11758615426344e-10,-775100
5.10300562001545e-10,-775000
5.08844782630659e-10,-774900
5.073912717652e-10,-774800
5.05940023448914e-10,-774700
5.04491031329727e-10,-774600
5.03044288671909e-10,-774500
5.01599788368414e-10,-774400
5.00157522953529e-10,-774300
4.98717484615637e-10,-774200
4.97279665210237e-10,-774100
4.95844056273125e-10,-774000
4.9441064903373e-10,-773900
4.92979434428666e-10,-773800
4.91550403115373e-10,-773700
4.90123545485971e-10,-773600
4.88698851681152e-10,-773500
4.87276311604324e-10,-773400
4.85855914935722e-10,-773300
4.844376511467e-10,-773200
4.83021509514142e-10,-773100
4.81607479134833e-10,-773000
4.80195548940042e-10,-772900
4.78785707710023e-10,-772800
4.77377944088669e-10,-772700
4.75972246598135e-10,-772600
4.74568603653514e-10,-772500
4.73167003577503e-10,-772400
4.71767434615092e-10,-772300
4.70369884948232e-10,-772200
4.68974342710475e-10,-772100
4.6758079600163e-10,-772000
4.66189232902282e-10,-771900
4.64799641488364e-10,-771800
4.63412009845603e-10,-771700
4.62026326083921e-10,-771600
4.60642578351734e-10,-771500
4.59260754850177e-10,-771400
4.57880843847211e-10,-771300
4.56502833691646e-10,-771200
4.55126712826997e-10,-771100
4.53752469805244e-10,-771000
4.52380093300458e-10,-770900
4.51009572122244e-10,-770800
4.49640895229045e-10,-770700
4.48274051741289e-10,-770600
4.46909030954343e-10,-770500
4.45545822351292e-10,-770400
4.44184415615506e-10,-770300
4.42824800643058e-10,-770200
4.41466967554863e-10,-770100
4.40110906708661e-10,-770000
4.38756608710753e-10,-769900
4.37404064427486e-10,-769800
4.36053264996551e-10,-769700
4.34704201837982e-10,-769600
4.33356866664962e-10,-769500
4.32011251494292e-10,-769400
4.30667348656699e-10,-769300
4.29325150806799e-10,-769200
4.27984650932797e-10,-769100
4.26645842365945e-10,-769000
4.25308718789675e-10,-768900
4.2397327424845e-10,-768800
4.22639503156379e-10,-768700
4.2130740030542e-10,-768600
4.19976960873392e-10,-768500
4.18648180431613e-10,-768400
4.17321054952274e-10,-768300
4.15995580815455e-10,-768200
4.14671754815876e-10,-768100
4.13349574169279e-10,-768000
4.12029036518537e-10,-767900
4.10710139939405e-10,-767800
4.09392882945972e-10,-767700
4.08077264495764e-10,-767600
4.0676328399455e-10,-767500
4.05450941300785e-10,-767400
4.04140236729756e-10,-767300
4.02831171057379e-10,-767200
4.01523745523668e-10,-767100
4.00217961835888e-10,-767000
3.98913822171361e-10,-766900
3.9761132917997e-10,-766800
3.96310485986281e-10,-766700
3.95011296191419e-10,-766600
3.93713763874543e-10,-766500
3.92417893594031e-10,-766400
3.91123690388353e-10,-766300
3.89831159776605e-10,-766200
3.88540307758721e-10,-766100
3.87251140815389e-10,-766000
3.85963665907649e-10,-765900
3.84677890476167e-10,-765800
3.83393822440204e-10,-765700
3.82111470196319e-10,-765600
3.80830842616712e-10,-765500
3.79551949047337e-10,-765400
3.78274799305641e-10,-765300
3.76999403678125e-10,-765200
3.75725772917498e-10,-765100
3.74453918239669e-10,-765000
3.73183851320385e-10,-764900
3.71915584291627e-10,-764800
3.70649129737745e-10,-764700
3.69384500691348e-10,-764600
3.68121710628906e-10,-764500
3.66860773466138e-10,-764400
3.65601703553135e-10,-764300
3.64344515669268e-10,-764200
3.63089225017863e-10,-764100
3.61835847220626e-10,-764000
3.60584398311889e-10,-763900
3.59334894732633e-10,-763800
3.58087353324284e-10,-763700
3.56841791322354e-10,-763600
3.55598226349856e-10,-763500
3.5435667641054e-10,-763400
3.53117159881982e-10,-763300
3.51879695508474e-10,-763200
3.50644302393741e-10,-763100
3.49410999993547e-10,-763000
3.4817980810812e-10,-762900
3.46950746874425e-10,-762800
3.45723836758352e-10,-762700
3.44499098546714e-10,-762600
3.43276553339179e-10,-762500
3.42056222540073e-10,-762400
3.4083812785005e-10,-762300
3.39622291257718e-10,-762200
3.38408735031145e-10,-762100
3.3719748170926e-10,-762000
3.35988554093239e-10,-761900
3.34781975237774e-10,-761800
3.33577768442292e-10,-761700
3.32375957242147e-10,-761600
3.31176565399721e-10,-761500
3.2997961689554e-10,-761400
3.28785135919317e-10,-761300
3.27593146860987e-10,-761200
3.2640367430173e-10,-761100
3.2521674300498e-10,-761000
3.24032377907425e-10,-760900
3.22850604110029e-10,-760800
3.21671446869032e-10,-760700
3.20494931587016e-10,-760600
3.19321083803959e-10,-760500
3.18149929188312e-10,-760400
3.1698149352816e-10,-760300
3.15815802722378e-10,-760200
3.14652882771865e-10,-760100
3.13492759770834e-10,-760000
3.12335459898135e-10,-759900
3.1118100940868e-10,-759800
3.10029434624945e-10,-759700
3.08880761928505e-10,-759600
3.07735017751705e-10,-759500
3.0659222856939e-10,-759400
3.0545242089075e-10,-759300
3.04315621251249e-10,-759200
3.03181856204665e-10,-759100
3.02051152315245e-10,-759000
3.00923536149974e-10,-758900
2.99799034270949e-10,-758800
2.98677673227908e-10,-758700
2.97559479550822e-10,-758600
2.96444479742723e-10,-758500
2.95332700272549e-10,-758400
2.9422416756823e-10,-758300
2.93118908009825e-10,-758200
2.92016947922898e-10,-758100
2.90918313571956e-10,-758000
2.89823031154103e-10,-757900
2.88731126792811e-10,-757800
2.87642626531851e-10,-757700
2.8655755632942e-10,-757600
2.85475942052368e-10,-757500
2.84397809470647e-10,-757400
2.83323184251895e-10,-757300
2.82252091956169e-10,-757200
2.81184558030908e-10,-757100
2.80120607806021e-10,-757000
2.79060266489121e-10,-756900
2.78003559161007e-10,-756800
2.76950510771251e-10,-756700
2.75901146134003e-10,-756600
2.74855489923929e-10,-756500
2.73813566672379e-10,-756400
2.72775400763671e-10,-756300
2.71741016431596e-10,-756200
2.70710437756075e-10,-756100
2.69683688659991e-10,-756000
2.68660792906217e-10,-755900
2.67641774094776e-10,-755800
2.6662665566023e-10,-755700
2.65615460869187e-10,-755600
2.64608212818013e-10,-755500
2.63604934430712e-10,-755400
2.6260564845696e-10,-755300
2.61610377470308e-10,-755200
2.60619143866578e-10,-755100
2.59631969862372e-10,-755000
2.58648877493807e-10,-754900
2.57669888615354e-10,-754800
2.5669502489887e-10,-754700
2.55724307832774e-10,-754600
2.54757758721371e-10,-754500
2.53795398684354e-10,-754400
2.52837248656406e-10,-754300
2.51883329387016e-10,-754200
2.5093366144037e-10,-754100
2.49988265195442e-10,-754000
2.49047160846177e-10,-753900
2.48110368401837e-10,-753800
2.47177907687484e-10,-753700
2.46249798344555e-10,-753600
2.45326059831619e-10,-753500
2.4440671142521e-10,-753400
2.43491772220795e-10,-753300
2.42581261133873e-10,-753200
2.41675196901178e-10,-753100
2.40773598081974e-10,-753000
2.39876483059484e-10,-752900
2.38983870042411e-10,-752800
2.38095777066552e-10,-752700
2.37212221996527e-10,-752600
2.36333222527568e-10,-752500
2.35458796187433e-10,-752400
2.34588960338389e-10,-752300
2.33723732179267e-10,-752200
2.32863128747621e-10,-752100
2.32007166921928e-10,-752000
2.31155863423902e-10,-751900
2.30309234820816e-10,-751800
2.29467297527961e-10,-751700
2.28630067811107e-10,-751600
2.27797561789041e-10,-751500
2.2696979543617e-10,-751400
2.26146784585154e-10,-751300
2.25328544929597e-10,-751200
2.24515092026782e-10,-751100
2.23706441300442e-10,-751000
2.22902608043567e-10,-750900
2.22103607421241e-10,-750800
2.2130945447353e-10,-750700
2.20520164118355e-10,-750600
2.19735751154439e-10,-750500
2.18956230264239e-10,-750400
2.18181616016902e-10,-750300
2.17411922871254e-10,-750200
2.16647165178776e-10,-750100
2.15887357186605e-10,-750000
2.15132513040533e-10,-749900
2.14382646788027e-10,-749800
2.13637772381225e-10,-749700
2.12897903679946e-10,-749600
2.12163054454694e-10,-749500
2.11433238389659e-10,-749400
2.10708469085703e-10,-749300
2.09988760063346e-10,-749200
2.09274124765719e-10,-749100
2.08564576561534e-10,-749000
2.07860128748008e-10,-748900
2.07160794553788e-10,-748800
2.0646658714185e-10,-748700
2.05777519612378e-10,-748600
2.05093605005616e-10,-748500
2.04414856304699e-10,-748400
2.03741286438462e-10,-748300
2.03072908284221e-10,-748200
2.02409734670522e-10,-748100
2.01751778379859e-10,-748000
2.01099052151383e-10,-747900
2.00451568683543e-10,-747800
1.99809340636734e-10,-747700
1.99172380635892e-10,-747600
1.98540701273055e-10,-747500
1.97914315109915e-10,-747400
1.97293234680291e-10,-747300
1.96677472492626e-10,-747200
1.96067041032399e-10,-747100
1.95461952764538e-10,-747000
1.94862220135779e-10,-746900
1.94267855577002e-10,-746800
1.93678871505525e-10,-746700
1.9309528032738e-10,-746600
1.92517094439533e-10,-746500
1.91944326232092e-10,-746400
1.91376988090463e-10,-746300
1.90815092397506e-10,-746200
1.90258651535624e-10,-746100
1.89707677888836e-10,-746000
1.89162183844837e-10,-745900
1.88622181796995e-10,-745800
1.88087684146349e-10,-745700
1.87558703303577e-10,-745600
1.8703525169092e-10,-745500
1.86517341744089e-10,-745400
1.86004985914165e-10,-745300
1.85498196669451e-10,-745200
1.84996986497325e-10,-745100
1.84501367906041e-10,-745000
1.84011353426559e-10,-744900
1.83526955614307e-10,-744800
1.83048187050959e-10,-744700
1.8257506034619e-10,-744600
1.82107588139407e-10,-744500
1.81645783101484e-10,-744400
1.81189657936472e-10,-744300
1.80739225383311e-10,-744200
1.80294498217519e-10,-744100
1.79855489252901e-10,-744000
1.79422211343213e-10,-743900
1.78994677383862e-10,-743800
1.78572900313579e-10,-743700
1.781568931161e-10,-743600
1.77746668821845e-10,-743500
1.77342240509605e-10,-743400
1.76943621308217e-10,-743300
1.76550824398273e-10,-743200
1.76163863013789e-10,-743100
1.75782750443941e-10,-743000
1.75407500034746e-10,-742900
1.75038125190808e-10,-742800
1.74674639377048e-10,-742700
1.74317056120437e-10,-742600
1.73965389011774e-10,-742500
1.73619651707447e-10,-742400
1.73279857931231e-10,-742300
1.72946021476093e-10,-742200
1.72618156206024e-10,-742100
1.72296276057872e-10,-742000
1.71980395043209e-10,-741900
1.71670527250224e-10,-741800
1.71366686845608e-10,-741700
1.71068888076508e-10,-741600
1.70777145272448e-10,-741500
1.70491472847321e-10,-741400
1.70211885301366e-10,-741300
1.69938397223212e-10,-741200
1.69671023291888e-10,-741100
1.69409778278911e-10,-741000
1.69154677050374e-10,-740900
1.68905734569055e-10,-740800
1.68662965896554e-10,-740700
1.68426386195466e-10,-740600
1.68196010731557e-10,-740500
1.67971854875981e-10,-740400
1.6775393410751e-10,-740300
1.67542264014793e-10,-740200
1.67336860298632e-10,-740100
1.67137738774283e-10,-740000
1.66944915373779e-10,-739900
1.66758406148265e-10,-739800
1.66578227270364e-10,-739700
1.6640439503655e-10,-739600
1.66236925869547e-10,-739500
1.66075836320737e-10,-739400
1.65921143072583e-10,-739300
1.65772862941072e-10,-739200
1.65631012878158e-10,-739100
1.65495609974233e-10,-739000
1.65366671460582e-10,-738900
1.65244214711864e-10,-738800
1.65128257248597e-10,-738700
1.65018816739633e-10,-738600
1.64915911004642e-10,-738500
1.64819558016604e-10,-738400
1.64729775904277e-10,-738300
1.64646582954683e-10,-738200
1.64569997615565e-10,-738100
1.64500038497853e-10,-738000
1.64436724378099e-10,-737900
1.64380074200917e-10,-737800
1.64330107081387e-10,-737700
1.64286842307453e-10,-737600
1.64250299342285e-10,-737500
1.64220497826633e-10,-737400
1.64197457581136e-10,-737300
1.64181198608601e-10,-737200
1.64171741096268e-10,-737100
1.64169105418008e-10,-737000
1.64173312136505e-10,-736900
1.64184382005384e-10,-736800
1.64202335971291e-10,-736700
1.64227195175931e-10,-736600
1.64258980958051e-10,-736500
1.6429771485536e-10,-736400
1.64343418606401e-10,-736300
1.64396114152362e-10,-736200
1.64455823638798e-10,-736100
1.64522569417324e-10,-736000
1.64596374047203e-10,-735900
1.64677260296869e-10,-735800
1.6476525114538e-10,-735700
1.64860369783782e-10,-735600
1.64962639616383e-10,-735500
1.65072084261956e-10,-735400
1.65188727554833e-10,-735300
1.6531259354591e-10,-735200
1.65443706503566e-10,-735100
1.65582090914462e-10,-735000
1.65727771484253e-10,-734900
1.65880773138182e-10,-734800
1.66041121021576e-10,-734700
1.6620884050021e-10,-734600
1.66383957160585e-10,-734500
1.66566496810054e-10,-734400
1.66756485476851e-10,-734300
1.66953949409988e-10,-734200
1.67158915079026e-10,-734100
1.67371409173712e-10,-734000
1.67591458603497e-10,-733900
1.67819090496903e-10,-733800
1.68054332200766e-10,-733700
1.68297211279347e-10,-733600
1.68547755513269e-10,-733500
1.68805992898356e-10,-733400
1.69071951644295e-10,-733300
1.69345660173166e-10,-733200
1.69627147117816e-10,-733100
1.6991644132009e-10,-733000
1.702135718289e-10,-732900
1.70518567898162e-10,-732800
1.70831458984547e-10,-732700
1.71152274745111e-10,-732600
1.71481045034745e-10,-732500
1.71817799903473e-10,-732400
1.72162569593597e-10,-732300
1.7251538453668e-10,-732200
1.72876275350378e-10,-732100
1.73245272835091e-10,-732000
1.73622407970482e-10,-731900
1.74007711911816e-10,-731800
1.7440121598615e-10,-731700
1.74802951688359e-10,-731600
1.75212950677008e-10,-731500
1.7563124477006e-10,-731400
1.76057865940427e-10,-731300
1.76492846311374e-10,-731200
1.76936218151755e-10,-731100
1.77388013871099e-10,-731000
1.77848266014548e-10,-730900
1.78317007257638e-10,-730800
1.78794270400929e-10,-730700
1.79280088364496e-10,-730600
1.7977449418226e-10,-730500
1.80277520996189e-10,-730400
1.80789202050352e-10,-730300
1.8130957068483e-10,-730200
1.81838660329502e-10,-730100
1.82376504497683e-10,-730000
1.82923136779637e-10,-729900
1.83478590835979e-10,-729800
1.84042900390925e-10,-729700
1.84616099225444e-10,-729600
1.85198221170275e-10,-729500
1.85789300098851e-10,-729400
1.86389369920097e-10,-729300
1.86998464571132e-10,-729200
1.87616618009867e-10,-729100
1.88243864207503e-10,-729000
1.88880237140952e-10,-728900
1.89525770785141e-10,-728800
1.90180499105271e-10,-728700
1.9084445604897e-10,-728600
1.91517675538382e-10,-728500
1.92200191462195e-10,-728400
1.92892037667598e-10,-728300
1.93593247952182e-10,-728200
1.94303856055803e-10,-728100
1.95023895652377e-10,-728000
1.95753400341657e-10,-727900
1.96492403640966e-10,-727800
1.972409389769e-10,-727700
1.97999039677016e-10,-727600
1.987667389615e-10,-727500
1.99544069934827e-10,-727400
2.00331065577428e-10,-727300
2.01127758737328e-10,-727200
2.01934182121849e-10,-727100
2.02750368289267e-10,-727000
2.03576349640544e-10,-726900
2.04412158411069e-10,-726800
2.05257826662415e-10,-726700
2.06113386274191e-10,-726600
2.06978868935888e-10,-726500
2.07854306138827e-10,-726400
2.08739729168136e-10,-726300
2.09635169094827e-10,-726200
2.10540656767934e-10,-726100
2.11456222806737e-10,-726000
2.12381897593087e-10,-725900
2.13317711263813e-10,-725800
2.14263693703263e-10,-725700
2.15219874535926e-10,-725600
2.16186283119187e-10,-725500
2.17162948536219e-10,-725400
2.18149899588993e-10,-725300
2.19147164791426e-10,-725200
2.20154772362695e-10,-725100
2.21172750220686e-10,-725000
2.22201125975612e-10,-724900
2.23239926923793e-10,-724800
2.24289180041607e-10,-724700
2.25348911979635e-10,-724600
2.26419149056977e-10,-724500
2.27499917255762e-10,-724400
2.28591242215867e-10,-724300
2.29693149229817e-10,-724200
2.3080566323793e-10,-724100
2.31928808823649e-10,-724000
2.33062610209102e-10,-723900
2.34207091250904e-10,-723800
2.35362275436173e-10,-723700
2.36528185878788e-10,-723600
2.37704845315907e-10,-723500
2.38892276104696e-10,-723400
2.40090500219383e-10,-723300
2.4129953924846e-10,-723200
2.42519414392245e-10,-723100
2.43750146460683e-10,-723000
2.4499175587138e-10,-722900
2.4624426264796e-10,-722800
2.47507686418675e-10,-722700
2.48782046415306e-10,-722600
2.50067361472343e-10,-722500
2.51363650026453e-10,-722400
2.52670930116259e-10,-722300
2.5398921938237e-10,-722200
2.55318535067766e-10,-722100
2.56658894018426e-10,-722000
2.58010312684299e-10,-721900
2.59372807120552e-10,-721800
2.60746392989133e-10,-721700
2.62131085560641e-10,-721600
2.63526899716509e-10,-721500
2.64933849951468e-10,-721400
2.66351950376356e-10,-721300
2.67781214721222e-10,-721200
2.69221656338715e-10,-721100
2.70673288207834e-10,-721000
2.72136122937942e-10,-720900
2.736101727731e-10,-720800
2.75095449596726e-10,-720700
2.76591964936548e-10,-720600
2.78099729969843e-10,-720500
2.79618755529033e-10,-720400
2.81149052107521e-10,-720300
2.82690629865871e-10,-720200
2.84243498638268e-10,-720100
2.85807667939272e-10,-720000
2.87383146970879e-10,-719900
2.8896994462985e-10,-719800
2.90568069515342e-10,-719700
2.92177529936814e-10,-719600
2.9379833392222e-10,-719500
2.9543048922646e-10,-719400
2.97074003340119e-10,-719300
2.98728883498455e-10,-719200
3.00395136690674e-10,-719100
3.02072769669422e-10,-719000
3.0376178896056e-10,-718900
3.0546220087317e-10,-718800
3.07174011509803e-10,-718700
3.08897226776957e-10,-718600
3.10631852395788e-10,-718500
3.12377893913031e-10,-718400
3.14135356712143e-10,-718300
3.15904246024655e-10,-718200
3.17684566941715e-10,-718100
3.19476324425835e-10,-718000
3.2127952332281e-10,-717900
3.23094168373812e-10,-717800
3.24920264227682e-10,-717700
3.26757815453349e-10,-717600
3.28606826552419e-10,-717500
3.30467301971917e-10,-717400
3.32339246117134e-10,-717300
3.34222663364644e-10,-717200
3.36117558075411e-10,-717100
3.38023934607997e-10,-717000
3.39941797331917e-10,-716900
3.41871150641036e-10,-716800
3.43811998967057e-10,-716700
3.45764346793122e-10,-716600
3.47728198667423e-10,-716500
3.49703559216878e-10,-716400
3.51690433160902e-10,-716300
3.53688825325125e-10,-716200
3.55698740655205e-10,-716100
3.5772018423062e-10,-716000
3.59753161278472e-10,-715900
3.61797677187282e-10,-715800
3.63853737520766e-10,-715700
3.65921348031597e-10,-715600
3.68000514675108e-10,-715500
3.70091243622962e-10,-715400
3.72193541276751e-10,-715300
3.74307414281566e-10,-715200
3.76432869539401e-10,-715100
3.78569914222583e-10,-715000
3.80718555786988e-10,-714900
3.82878801985256e-10,-714800
3.85050660879772e-10,-714700
3.87234140855639e-10,-714600
3.89429250633391e-10,-714500
3.91635999281645e-10,-714400
3.9385439622955e-10,-714300
3.96084451279072e-10,-714200
3.98326174617112e-10,-714100
4.00579576827405e-10,-714000
4.0284466890226e-10,-713900
4.05121462254041e-10,-713800
4.07409968726487e-10,-713700
4.09710200605753e-10,-713600
4.12022170631241e-10,-713500
4.1434589200619e-10,-713400
4.16681378407973e-10,-713300
4.19028643998191e-10,-713200
4.21387703432434e-10,-713100
4.23758571869812e-10,-713000
4.2614126498217e-10,-712900
4.28535798962996e-10,-712800
4.30942190536073e-10,-712700
4.33360456963755e-10,-712600
4.35790616054977e-10,-712500
4.38232686172932e-10,-712400
4.40686686242367e-10,-712300
4.43152635756613e-10,-712200
4.45630554784215e-10,-712100
4.48120463975229e-10,-712000
4.50622384567162e-10,-711900
4.5313633839056e-10,-711800
4.55662347874185e-10,-711700
4.58200436049895e-10,-711600
4.60750626557048e-10,-711500
4.63312943646611e-10,-711400
4.65887412184849e-10,-711300
4.68474057656589e-10,-711200
4.71072906168145e-10,-711100
4.73683984449837e-10,-711000
4.76307319858028e-10,-710900
4.78942940376909e-10,-710800
4.8159087461974e-10,-710700
4.84251151829739e-10,-710600
4.86923801880579e-10,-710500
4.89608855276426e-10,-710400
4.92306343151611e-10,-710300
4.95016297269864e-10,-710200
4.97738750023139e-10,-710100
5.00473734430022e-10,-710000
5.03221284133728e-10,-709900
5.05981433399706e-10,-709800
5.0875421711279e-10,-709700
5.11539670773967e-10,-709600
5.14337830496732e-10,-709500
5.17148733003043e-10,-709400
5.19972415618833e-10,-709300
5.22808916269186e-10,-709200
5.25658273473032e-10,-709100
5.28520526337523e-10,-709000
5.31395714551944e-10,-708900
5.34283878381303e-10,-708800
5.37185058659477e-10,-708700
5.40099296782003e-10,-708600
5.43026634698504e-10,-708500
5.45967114904731e-10,-708400
5.48920780434205e-10,-708300
5.51887674849568e-10,-708200
5.54867842233541e-10,-708100
5.57861327179502e-10,-708000
5.60868174781805e-10,-707900
5.63888430625651e-10,-707800
5.66922140776776e-10,-707700
5.69969351770666e-10,-707600
5.73030110601583e-10,-707500
5.76104464711211e-10,-707400
5.79192461977016e-10,-707300
5.82294150700382e-10,-707200
5.85409579594362e-10,-707100
5.8853879777127e-10,-707000
5.91681854729895e-10,-706900
5.94838800342596e-10,-706800
5.98009684842026e-10,-706700
6.01194558807728e-10,-706600
6.04393473152432e-10,-706500
6.07606479108203e-10,-706400
6.10833628212339e-10,-706300
6.1407497229309e-10,-706200
6.17330563455258e-10,-706100
6.20600454065509e-10,-706000
6.23884696737643e-10,-705900
6.27183344317663e-10,-705800
6.30496449868701e-10,-705700
6.33824066655845e-10,-705600
6.37166248130881e-10,-705500
6.40523047916855e-10,-705400
6.43894519792627e-10,-705300
6.47280717677298e-10,-705200
6.50681695614628e-10,-705100
6.54097507757325e-10,-705000
6.57528208351396e-10,-704900
6.60973851720369e-10,-704800
6.64434492249561e-10,-704700
6.67910184370351e-10,-704600
6.71400982544429e-10,-704500
6.74906941248096e-10,-704400
6.78428114956569e-10,-704300
6.81964558128369e-10,-704200
6.85516325189771e-10,-704100
6.89083470519258e-10,-704000
6.92666048432183e-10,-703900
6.96264113165409e-10,-703800
6.99877718862114e-10,-703700
7.03506919556742e-10,-703600
7.0715176916004e-10,-703500
7.10812321444245e-10,-703400
7.14488630028466e-10,-703300
7.18180748364231e-10,-703200
7.21888729721146e-10,-703100
7.25612627172888e-10,-703000
7.29352493583191e-10,-702900
7.33108381592295e-10,-702800
7.36880343603425e-10,-702700
7.40668431769627e-10,-702600
7.44472697980745e-10,-702500
7.48293193850803e-10,-702400
7.52129970705494e-10,-702300
7.55983079570096e-10,-702200
7.59852571157539e-10,-702100
7.63738495856935e-10,-702000
7.67640903722212e-10,-701900
7.71559844461278e-10,-701800
7.75495367425346e-10,-701700
7.794475215987e-10,-701600
7.83416355588737e-10,-701500
7.87401917616429e-10,-701400
7.9140425550704e-10,-701300
7.95423416681353e-10,-701200
7.99459448147161e-10,-701100
8.0351239649117e-10,-701000
8.07582307871321e-10,-700900
8.11669228009442e-10,-700800
8.15773202184407e-10,-700700
8.19894275225598e-10,-700600
8.24032491506797e-10,-700500
8.2818789494058e-10,-700400
8.3236052897304e-10,-700300
8.36550436578969e-10,-700200
8.40757660257469e-10,-700100
8.44982242028015e-10,-700000
8.49224223426958e-10,-699900
8.53483645504375e-10,-699800
8.57760548821569e-10,-699700
8.62054973448756e-10,-699600
8.66366958963426e-10,-699500
8.70696544449e-10,-699400
8.75043768494023e-10,-699300
8.79408669191787e-10,-699200
8.83791284140367e-10,-699100
8.88191650443172e-10,-699000
8.92609804709892e-10,-698900
8.97045783057948e-10,-698800
9.01499621114303e-10,-698700
9.0597135401787e-10,-698600
9.10461016422177e-10,-698500
9.14968642498647e-10,-698400
9.19494265940213e-10,-698300
9.24037919965401e-10,-698200
9.2859963732285e-10,-698100
9.33179450296264e-10,-698000
9.37777390709789e-10,-697900
9.42393489933812e-10,-697800
9.47027778891167e-10,-697700
9.51680288063723e-10,-697600
9.56351047499501e-10,-697500
9.61040086820027e-10,-697400
9.65747435228179e-10,-697300
9.70473121516374e-10,-697200
9.75217174075224e-10,-697100
9.79979620902415e-10,-697000
9.84760489612063e-10,-696900
9.89559807444414e-10,-696800
9.94377601275854e-10,-696700
9.99213897629268e-10,-696600
1.00406872268476e-09,-696500
1.00894210229065e-09,-696400
1.01383406197484e-09,-696300
1.01874462695639e-09,-696200
1.02367382215751e-09,-696100
1.02862167221572e-09,-696000
1.03358820149631e-09,-695900
1.03857343410514e-09,-695800
1.04357739390156e-09,-695700
1.04860010451163e-09,-695600
1.05364158934167e-09,-695500
1.05870187159173e-09,-695400
1.06378097426963e-09,-695300
1.0688789202049e-09,-695200
1.07399573206305e-09,-695100
1.07913143235998e-09,-695000
1.08428604347642e-09,-694900
1.08945958767273e-09,-694800
1.09465208710364e-09,-694700
1.09986356383318e-09,-694600
1.10509403984967e-09,-694500
1.11034353708088e-09,-694400
1.11561207740912e-09,-694300
1.12089968268651e-09,-694200
1.12620637475023e-09,-694100
1.13153217543792e-09,-694000
1.13687710660288e-09,-693900
1.14224119012935e-09,-693800
1.14762444794799e-09,-693700
1.15302690205105e-09,-693600
1.1584485745076e-09,-693500
1.16388948747877e-09,-693400
1.16934966323282e-09,-693300
1.17482912416028e-09,-693200
1.18032789278872e-09,-693100
1.18584599179775e-09,-693000
1.19138344403364e-09,-692900
1.19694027252387e-09,-692800
1.20251650049166e-09,-692700
1.20811215137009e-09,-692600
1.21372724881627e-09,-692500
1.2193618167252e-09,-692400
1.22501587924339e-09,-692300
1.2306894607824e-09,-692200
1.23638258603205e-09,-692100
1.24209527997334e-09,-692000
1.24782756789126e-09,-691900
1.25357947538718e-09,-691800
1.25935102839108e-09,-691700
1.26514225317338e-09,-691600
1.27095317635654e-09,-691500
1.27678382492629e-09,-691400
1.28263422624258e-09,-691300
1.28850440805018e-09,-691200
1.29439439848883e-09,-691100
1.30030422610322e-09,-691000
1.30623391985242e-09,-690900
1.31218350911901e-09,-690800
1.31815302371776e-09,-690700
1.32414249390403e-09,-690600
1.33015195038163e-09,-690500
1.33618142431027e-09,-690400
1.34223094731271e-09,-690300
1.3483005514812e-09,-690200
1.35439026938389e-09,-690100
1.36050013407037e-09,-690000
1.36663017907698e-09,-689900
1.37278043843159e-09,-689800
1.37895094665793e-09,-689700
1.3851417387794e-09,-689600
1.39135285032243e-09,-689500
1.39758431731932e-09,-689400
1.40383617631064e-09,-689300
1.41010846434699e-09,-689200
1.41640121899043e-09,-689100
1.42271447831529e-09,-689000
1.42904828090854e-09,-688900
1.43540266586944e-09,-688800
1.44177767280906e-09,-688700
1.44817334184883e-09,-688600
1.45458971361895e-09,-688500
1.46102682925597e-09,-688400
1.46748473040008e-09,-688300
1.47396345919175e-09,-688200
1.48046305826781e-09,-688100
1.48698357075717e-09,-688000
1.49352504027579e-09,-687900
1.50008751092134e-09,-687800
1.50667102726716e-09,-687700
1.51327563435585e-09,-687600
1.51990137769218e-09,-687500
1.52654830323574e-09,-687400
1.53321645739267e-09,-687300
1.53990588700736e-09,-687200
1.54661663935323e-09,-687100
1.55334876212329e-09,-687000
1.5601023034201e-09,-686900
1.5668773117452e-09,-686800
1.57367383598813e-09,-686700
1.58049192541496e-09,-686600
1.58733162965626e-09,-686500
1.59419299869475e-09,-686400
1.60107608285249e-09,-686300
1.60798093277735e-09,-686200
1.6149075994294e-09,-686100
1.6218561340667e-09,-686000
1.62882658823065e-09,-685900
1.63581901373095e-09,-685800
1.64283346263017e-09,-685700
1.6498699872279e-09,-685600
1.65692864004461e-09,-685500
1.66400947380499e-09,-685400
1.67111254142094e-09,-685300
1.67823789597447e-09,-685200
1.68538559069985e-09,-685100
1.69255567896574e-09,-685000
1.69974821425694e-09,-684900
1.70696325015576e-09,-684800
1.7142008403231e-09,-684700
1.72146103847948e-09,-684600
1.72874389838537e-09,-684500
1.73604947382183e-09,-684400
1.74337781857033e-09,-684300
1.75072898639288e-09,-684200
1.75810303101156e-09,-684100
1.76550000608802e-09,-684000
1.7729199652029e-09,-683900
1.78036296183487e-09,-683800
1.7878290493397e-09,-683700
1.7953182809291e-09,-683600
1.80283070964949e-09,-683500
1.81036638836064e-09,-683400
1.8179253697143e-09,-683300
1.82550770613265e-09,-683200
1.83311344978672e-09,-683100
1.84074265257498e-09,-683000
1.84839536610152e-09,-682900
1.85607164165455e-09,-682800
1.86377153018484e-09,-682700
1.87149508228401e-09,-682600
1.87924234816327e-09,-682500
1.88701337763172e-09,-682400
1.89480822007502e-09,-682300
1.9026269244342e-09,-682200
1.91046953918443e-09,-682100
1.91833611231395e-09,-682000
1.92622669130325e-09,-681900
1.93414132310425e-09,-681800
1.94208005411978e-09,-681700
1.95004293018321e-09,-681600
1.95802999653825e-09,-681500
1.96604129781917e-09,-681400
1.97407687803087e-09,-681300
1.98213678052965e-09,-681200
1.99022104800396e-09,-681100
1.99832972245556e-09,-681000
2.00646284518094e-09,-680900
2.01462045675308e-09,-680800
2.02280259700355e-09,-680700
2.03100930500493e-09,-680600
2.03924061905368e-09,-680500
2.0474965766532e-09,-680400
2.05577721449758e-09,-680300
2.06408256845538e-09,-680200
2.07241267355422e-09,-680100
2.0807675639656e-09,-680000
2.08914727299003e-09,-679900
2.09755183304299e-09,-679800
2.105981275641e-09,-679700
2.11443563138847e-09,-679600
2.12291492996481e-09,-679500
2.13141920011222e-09,-679400
2.13994846962385e-09,-679300
2.14850276533268e-09,-679200
2.15708211310088e-09,-679100
2.16568653780952e-09,-679000
2.17431606334909e-09,-678900
2.18297071261066e-09,-678800
2.19165050747733e-09,-678700
2.20035546881647e-09,-678600
2.20908561647256e-09,-678500
2.21784096926052e-09,-678400
2.2266215449599e-09,-678300
2.23542736030939e-09,-678200
2.24425843100216e-09,-678100
2.25311477168186e-09,-678000
2.2619963959391e-09,-677900
2.27090331630877e-09,-677800
2.27983554426793e-09,-677700
2.28879309023428e-09,-677600
2.29777596356547e-09,-677500
2.30678417255901e-09,-677400
2.3158177244528e-09,-677300
2.32487662542636e-09,-677200
2.33396088060283e-09,-677100
2.34307049405155e-09,-677000
2.35220546879142e-09,-676900
2.36136580679481e-09,-676800
2.37055150899233e-09,-676700
2.37976257527812e-09,-676600
2.38899900451602e-09,-676500
2.39826079454625e-09,-676400
2.40754794219285e-09,-676300
2.41686044327189e-09,-676200
2.42619829260018e-09,-676100
2.43556148400483e-09,-676000
2.44495001033348e-09,-675900
2.45436386346511e-09,-675800
2.46380303432155e-09,-675700
2.47326751287975e-09,-675600
2.48275728818462e-09,-675500
2.49227234836261e-09,-675400
2.5018126806358e-09,-675300
2.51137827133696e-09,-675200
2.52096910592481e-09,-675100
2.53058516900027e-09,-675000
2.54022644432323e-09,-674900
2.54989291482986e-09,-674800
2.55958456265079e-09,-674700
2.56930136912941e-09,-674600
2.57904331484151e-09,-674500
2.58881037961466e-09,-674400
2.5986025425489e-09,-674300
2.60841978203755e-09,-674200
2.6182620757888e-09,-674100
2.62812940084776e-09,-674000
2.63802173361902e-09,-673900
2.64793904988992e-09,-673800
2.65788132485413e-09,-673700
2.66784853313574e-09,-673600
2.67784064881412e-09,-673500
2.68785764544888e-09,-673400
2.69789949610561e-09,-673300
2.70796617338186e-09,-673200
2.7180576494337e-09,-673100
2.72817389600262e-09,-673000
2.73831488444294e-09,-672900
2.74848058574953e-09,-672800
2.7586709705859e-09,-672700
2.76888600931285e-09,-672600
2.77912567201708e-09,-672500
2.78938992854078e-09,-672400
2.79967874851071e-09,-672300
2.80999210136843e-09,-672200
2.82032995640018e-09,-672100
2.83069228276741e-09,-672000
2.84107904953744e-09,-671900
2.85149022571429e-09,-671800
2.86192578026991e-09,-671700
2.87238568217554e-09,-671600
2.88286990043313e-09,-671500
2.89337840410722e-09,-671400
2.9039111623568e-09,-671300
2.9144681444672e-09,-671200
2.92504931988237e-09,-671100
2.93565465823713e-09,-671000
2.94628412938947e-09,-670900
2.95693770345302e-09,-670800
2.96761535082942e-09,-670700
2.97831704224102e-09,-670600
2.98904274876325e-09,-670500
2.9997924418572e-09,-670400
3.01056609340216e-09,-670300
3.02136367572815e-09,-670200
3.03218516164822e-09,-670100
3.04303052449096e-09,-670000
3.05389973813265e-09,-669900
3.06479277702962e-09,-669800
3.07570961625004e-09,-669700
3.08665023150608e-09,-669600
3.09761459918548e-09,-669500
3.10860269638328e-09,-669400
3.11961450093319e-09,-669300
3.13064999143864e-09,-669200
3.14170914730383e-09,-669100
3.15279194876456e-09,-669000
3.16389837691849e-09,-668900
3.17502841375544e-09,-668800
3.1861820421872e-09,-668700
3.19735924607724e-09,-668600
3.20856001026989e-09,-668500
3.21978432061924e-09,-668400
3.23103216401774e-09,-668300
3.24230352842438e-09,-668200
3.25359840289252e-09,-668100
3.26491677759727e-09,-668000
3.27625864386251e-09,-667900
3.2876239941875e-09,-667800
3.29901282227271e-09,-667700
3.31042512304599e-09,-667600
3.3218608926873e-09,-667500
3.33332012865365e-09,-667400
3.3448028297031e-09,-667300
3.35630899591881e-09,-667200
3.3678386287318e-09,-667100
3.37939173094375e-09,-667000
3.3909683067492e-09,-666900
3.40256836175691e-09,-666800
3.41419190301074e-09,-666700
3.42583893901032e-09,-666600
3.43750947973043e-09,-666500
3.44920353664055e-09,-666400
3.46092112272293e-09,-666300
3.47266225249119e-09,-666200
3.48442694200695e-09,-666100
3.49621520889688e-09,-666000
3.50802707236845e-09,-665900
3.51986255322558e-09,-665800
3.53172167388301e-09,-665700
3.54360445838045e-09,-665600
3.55551093239588e-09,-665500
3.56744112325815e-09,-665400
3.57939505995889e-09,-665300
3.59137277316386e-09,-665200
3.6033742952232e-09,-665100
3.61539966018163e-09,-665000
3.62744890378718e-09,-664900
3.63952206349976e-09,-664800
3.65161917849866e-09,-664700
3.66374028968962e-09,-664600
3.67588543971093e-09,-664500
3.68805467293876e-09,-664400
3.70024803549209e-09,-664300
3.7124655752364e-09,-664200
3.7247073417871e-09,-664100
3.7369733865119e-09,-664000
3.74926376253248e-09,-663900
3.76157852472565e-09,-663800
3.7739177297233e-09,-663700
3.78628143591209e-09,-663600
3.79866970343201e-09,-663500
3.81108259417464e-09,-663400
3.82352017178004e-09,-663300
3.83598250163345e-09,-663200
3.84846965086101e-09,-663100
3.86098168832468e-09,-663000
3.87351868461667e-09,-662900
3.88608071205284e-09,-662800
3.89866784466552e-09,-662700
3.91128015819565e-09,-662600
3.92391773008405e-09,-662500
3.93658063946221e-09,-662400
3.94926896714191e-09,-662300
3.96198279560483e-09,-662200
3.97472220899063e-09,-662100
3.9874872930851e-09,-662000
4.00027813530709e-09,-661900
4.01309482469504e-09,-661800
4.02593745189256e-09,-661700
4.03880610913372e-09,-661600
4.05170089022726e-09,-661500
4.06462189054048e-09,-661400
4.07756920698232e-09,-661300
4.09054293798567e-09,-661200
4.10354318348948e-09,-661100
4.1165700449196e-09,-661000
4.12962362516973e-09,-660900
4.14270402858105e-09,-660800
4.15581136092191e-09,-660700
4.16894572936638e-09,-660600
4.18210724247251e-09,-660500
4.19529601016019e-09,-660400
4.20851214368791e-09,-660300
4.22175575562948e-09,-660200
4.23502695985015e-09,-660100
4.24832587148175e-09,-660000
4.261652606898e-09,-659900
4.27500728368881e-09,-659800
4.28839002063426e-09,-659700
4.30180093767812e-09,-659600
4.31524015590091e-09,-659500
4.32870779749237e-09,-659400
4.34220398572388e-09,-659300
4.35572884491961e-09,-659200
4.36928250042851e-09,-659100
4.38286507859475e-09,-659000
4.39647670672817e-09,-658900
4.41011751307463e-09,-658800
4.42378762678576e-09,-658700
4.43748717788824e-09,-658600
4.45121629725283e-09,-658500
4.46497511656329e-09,-658400
4.47876376828468e-09,-658300
4.49258238563162e-09,-658200
4.5064311025359e-09,-658100
4.52031005361435e-09,-658000
4.53421937413597e-09,-657900
4.54815919998925e-09,-657800
4.56212966764872e-09,-657700
4.57613091414183e-09,-657600
4.59016307701536e-09,-657500
4.60422629430164e-09,-657400
4.61832070448486e-09,-657300
4.63244644646655e-09,-657200
4.64660365953199e-09,-657100
4.6607924833153e-09,-657000
4.67501305776544e-09,-656900
4.68926552311161e-09,-656800
4.70355001982842e-09,-656700
4.7178666886014e-09,-656600
4.73221567029221e-09,-656500
4.74659710590389e-09,-656400
4.76101113654597e-09,-656300
4.77545790339967e-09,-656200
4.78993754768335e-09,-656100
4.80445021061724e-09,-656000
4.81899603338905e-09,-655900
4.83357515711922e-09,-655800
4.84818772282589e-09,-655700
4.86283387139084e-09,-655600
4.8775137435246e-09,-655500
4.89222747973222e-09,-655400
4.9069752202789e-09,-655300
4.92175710515583e-09,-655200
4.93657327404632e-09,-655100
4.95142386629159e-09,-655000
4.9663090208575e-09,-654900
4.98122887630075e-09,-654800
4.99618357073545e-09,-654700
5.01117324180038e-09,-654600
5.02619802662573e-09,-654500
5.04125806180072e-09,-654400
5.05635348334089e-09,-654300
5.07148442665609e-09,-654200
5.08665102651864e-09,-654100
5.10185341703162e-09,-654000
5.1170917315975e-09,-653900
5.13236610288735e-09,-653800
5.14767666280992e-09,-653700
5.16302354248124e-09,-653600
5.17840687219494e-09,-653500
5.19382678139215e-09,-653400
5.20928339863244e-09,-653300
5.22477685156487e-09,-653200
5.24030726689944e-09,-653100
5.2558747703787e-09,-653000
5.27147948675048e-09,-652900
5.28712153974012e-09,-652800
5.30280105202374e-09,-652700
5.31851814520192e-09,-652600
5.33427293977332e-09,-652500
5.35006555510961e-09,-652400
5.36589610942994e-09,-652300
5.38176471977635e-09,-652200
5.39767150199017e-09,-652100
5.41361657068774e-09,-652000
5.42960003923752e-09,-651900
5.44562201973769e-09,-651800
5.4616826229935e-09,-651700
5.47778195849636e-09,-651600
5.49392013440232e-09,-651500
5.51009725751162e-09,-651400
5.52631343324905e-09,-651300
5.54256876564421e-09,-651200
5.55886335731283e-09,-651100
5.57519730943864e-09,-651000
5.59157072175543e-09,-650900
5.60798369253006e-09,-650800
5.62443631854626e-09,-650700
5.64092869508827e-09,-650600
5.65746091592576e-09,-650500
5.67403307329929e-09,-650400
5.69064525790603e-09,-650300
5.70729755888618e-09,-650200
5.72399006381059e-09,-650100
5.74072285866834e-09,-650000
5.75749602785482e-09,-649900
5.77430965416159e-09,-649800
5.79116381876529e-09,-649700
5.80805860121849e-09,-649600
5.82499407944078e-09,-649500
5.84197032970995e-09,-649400
5.85898742665488e-09,-649300
5.87604544324813e-09,-649200
5.89314445079992e-09,-649100
5.91028451895202e-09,-649000
5.92746571567333e-09,-648900
5.94468810725495e-09,-648800
5.96195175830694e-09,-648700
5.97925673175503e-09,-648600
5.99660308883869e-09,-648500
6.01399088910901e-09,-648400
6.03142019042801e-09,-648300
6.04889104896846e-09,-648200
6.06640351921399e-09,-648100
6.08395765396051e-09,-648000
6.10155350431755e-09,-647900
6.11919111971114e-09,-647800
6.13687054788652e-09,-647700
6.15459183491222e-09,-647600
6.1723550251846e-09,-647500
6.19016016143263e-09,-647400
6.20800728472399e-09,-647300
6.22589643447166e-09,-647200
6.24382764844075e-09,-647100
6.26180096275653e-09,-647000
6.27981641191327e-09,-646900
6.29787402878277e-09,-646800
6.31597384462476e-09,-646700
6.33411588909704e-09,-646600
6.35230019026687e-09,-646500
6.37052677462271e-09,-646400
6.3887956670866e-09,-646300
6.40710689102754e-09,-646200
6.42546046827481e-09,-646100
6.44385641913266e-09,-646000
6.46229476239546e-09,-645900
6.48077551536304e-09,-645800
6.49929869385711e-09,-645700
6.51786431223822e-09,-645600
6.53647238342315e-09,-645500
6.55512291890312e-09,-645400
6.57381592876254e-09,-645300
6.59255142169821e-09,-645200
6.61132940503939e-09,-645100
6.63014988476796e-09,-645000
6.64901286553995e-09,-644900
6.66791835070697e-09,-644800
6.68686634233837e-09,-644700
6.70585684124378e-09,-644600
6.72488984699697e-09,-644500
6.74396535795923e-09,-644400
6.76308337130374e-09,-644300
6.78224388304084e-09,-644200
6.80144688804312e-09,-644100
6.82069238007139e-09,-644000
6.83998035180101e-09,-643900
6.85931079484911e-09,-643800
6.87868369980159e-09,-643700
6.89809905624107e-09,-643600
6.91755685277543e-09,-643500
6.93705707706607e-09,-643400
6.95659971585773e-09,-643300
6.97618475500752e-09,-643200
6.99581217951517e-09,-643100
7.01548197355367e-09,-643000
7.03519412049988e-09,-642900
7.05494860296559e-09,-642800
7.07474540282947e-09,-642700
7.09458450126898e-09,-642600
7.11446587879221e-09,-642500
7.13438951527112e-09,-642400
7.15435538997399e-09,-642300
7.17436348159912e-09,-642200
7.19441376830818e-09,-642100
7.2145062277599e-09,-642000
7.23464083714458e-09,-641900
7.25481757321817e-09,-641800
7.27503641233719e-09,-641700
7.29529733049322e-09,-641600
7.31560030334837e-09,-641500
7.33594530627045e-09,-641400
7.35633231436844e-09,-641300
7.37676130252805e-09,-641200
7.39723224544783e-09,-641100
7.417745117675e-09,-641000
7.43829989364162e-09,-640900
7.4588965477007e-09,-640800
7.47953505416286e-09,-640700
7.50021538733237e-09,-640600
7.52093752154425e-09,-640500
7.54170143120038e-09,-640400
7.56250709080611e-09,-640300
7.58335447500733e-09,-640200
7.60424355862702e-09,-640100
7.62517431670173e-09,-640000
7.64614672451833e-09,-639900
7.66716075765101e-09,-639800
7.68821639199733e-09,-639700
7.70931360381535e-09,-639600
7.73045236975954e-09,-639500
7.75163266691773e-09,-639400
7.77285447284683e-09,-639300
7.79411776560935e-09,-639200
7.81542252380941e-09,-639100
7.83676872662836e-09,-639000
7.85815635386069e-09,-638900
7.87958538594934e-09,-638800
7.90105580402126e-09,-638700
7.92256758992233e-09,-638600
7.94412072625213e-09,-638500
7.96571519639868e-09,-638400
7.98735098457269e-09,-638300
8.00902807584174e-09,-638200
8.03074645616387e-09,-638100
8.05250611242094e-09,-638000
8.07430703245209e-09,-637900
8.09614920508623e-09,-637800
8.11803262017443e-09,-637700
8.13995726862222e-09,-637600
8.16192314242063e-09,-637500
8.18393023467835e-09,-637400
8.20597853965154e-09,-637300
8.22806805277491e-09,-637200
8.25019877069136e-09,-637100
8.27237069128142e-09,-637000
8.29458381369218e-09,-636900
8.31683813836594e-09,-636800
8.33913366706801e-09,-636700
8.36147040291435e-09,-636600
8.38384835039797e-09,-636500
8.40626751541603e-09,-636400
8.42872790529469e-09,-636300
8.45122952881526e-09,-636200
8.47377239623816e-09,-636100
8.49635651932686e-09,-636000
8.51898191137174e-09,-635900
8.54164858721247e-09,-635800
8.56435656326005e-09,-635700
8.58710585751839e-09,-635600
8.6098964896051e-09,-635500
8.63272848077119e-09,-635400
8.65560185392096e-09,-635300
8.67851663363039e-09,-635200
8.70147284616505e-09,-635100
8.72447051949717e-09,-635000
8.74750968332288e-09,-634900
8.77059036907675e-09,-634800
8.79371260994778e-09,-634700
8.81687644089303e-09,-634600
8.8400818986511e-09,-634500
8.86332902175525e-09,-634400
8.88661785054433e-09,-634300
8.90994842717476e-09,-634200
8.93332079563009e-09,-634100
8.95673500173053e-09,-634000
8.98019109314187e-09,-633900
9.00368911938256e-09,-633800
9.02722913183129e-09,-633700
9.05081118373241e-09,-633600
9.07443533020155e-09,-633500
9.09810162822979e-09,-633400
9.12181013668718e-09,-633300
9.14556091632497e-09,-633200
9.16935402977796e-09,-633100
9.19318954156472e-09,-633000
9.21706751808785e-09,-632900
9.24098802763311e-09,-632800
9.26495114036744e-09,-632700
9.28895692833618e-09,-632600
9.3130054654597e-09,-632500
9.33709682752882e-09,-632400
9.36123109219926e-09,-632300
9.3854083389855e-09,-632200
9.40962864925367e-09,-632100
9.43389210621323e-09,-632000
9.45819879490824e-09,-631900
9.48254880220739e-09,-631800
9.5069422167933e-09,-631700
9.53137912915068e-09,-631600
9.55585963155397e-09,-631500
9.5803838180542e-09,-631400
9.60495178446408e-09,-631300
9.62956362834321e-09,-631200
9.65421944898196e-09,-631100
9.6789193473848e-09,-631000
9.703663426252e-09,-630900
9.72845178996146e-09,-630800
9.75328454454921e-09,-630700
9.77816179768846e-09,-630600
9.80308365866966e-09,-630500
9.828050238377e-09,-630400
9.85306164926706e-09,-630300
9.87811800534409e-09,-630200
9.90321942213619e-09,-630100
9.92836601666981e-09,-630000
9.9535579074439e-09,-629900
9.97879521440309e-09,-629800
1.000407805891e-08,-629700
1.00294065637174e-08,-629600
1.00547808529384e-08,-629500
1.00802010520175e-08,-629400
1.01056672876994e-08,-629300
1.01311796879984e-08,-629200
1.01567383821661e-08,-629100
1.01823435006594e-08,-629000
1.02079951751061e-08,-628900
1.02336935382727e-08,-628800
1.02594387240283e-08,-628700
1.02852308673104e-08,-628600
1.03110701040891e-08,-628500
1.03369565713305e-08,-628400
1.03628904069597e-08,-628300
1.03888717498241e-08,-628200
1.04149007396542e-08,-628100
1.04409775170263e-08,-628000
1.04671022233225e-08,-627900
1.04932750006922e-08,-627800
1.05194959920111e-08,-627700
1.05457653408414e-08,-627600
1.05720831913909e-08,-627500
1.05984496884713e-08,-627400
1.06248649774572e-08,-627300
1.06513292042434e-08,-627200
1.06778425152032e-08,-627100
1.07044050571449e-08,-627000
1.07310169772694e-08,-626900
1.07576784231265e-08,-626800
1.07843895425716e-08,-626700
1.08111504837216e-08,-626600
1.08379613949107e-08,-626500
1.08648224246463e-08,-626400
1.08917337215648e-08,-626300
1.09186954343862e-08,-626200
1.09457077118699e-08,-626100
1.09727707027696e-08,-626000
1.09998845557885e-08,-625900
1.10270494195335e-08,-625800
1.10542654424709e-08,-625700
1.10815327728805e-08,-625600
1.1108851558811e-08,-625500
1.1136221948034e-08,-625400
1.11636440880001e-08,-625300
1.11911181257922e-08,-625200
1.12186442080815e-08,-625100
1.12462224810825e-08,-625000
1.12738530905079e-08,-624900
1.13015361815238e-08,-624800
1.13292718987058e-08,-624700
1.1357060385994e-08,-624600
1.1384901786649e-08,-624500
1.14127962432082e-08,-624400
1.14407438974426e-08,-624300
1.14687448903122e-08,-624200
1.14967993619245e-08,-624100
1.15249074514907e-08,-624000
1.15530692972831e-08,-623900
1.15812850365945e-08,-623800
1.16095548056947e-08,-623700
1.16378787397907e-08,-623600
1.16662569729852e-08,-623500
1.16946896382363e-08,-623400
1.1723176867318e-08,-623300
1.17517187907798e-08,-623200
1.17803155379093e-08,-623100
1.18089672366923e-08,-623000
1.18376740137757e-08,-622900
1.18664359944303e-08,-622800
1.18952533025142e-08,-622700
1.19241260604362e-08,-622600
1.19530543891203e-08,-622500
1.19820384079718e-08,-622400
1.20110782348422e-08,-622300
1.20401739859963e-08,-622200
1.20693257760787e-08,-622100
1.20985337180824e-08,-622000
1.21277979233171e-08,-621900
1.2157118501379e-08,-621800
1.21864955601201e-08,-621700
1.22159292056195e-08,-621600
1.22454195421559e-08,-621500
1.22749666721786e-08,-621400
1.23045706962818e-08,-621300
1.23342317131784e-08,-621200
1.23639498196749e-08,-621100
1.23937251106477e-08,-621000
1.2423557679019e-08,-620900
1.24534476157352e-08,-620800
1.24833950097442e-08,-620700
1.25133999479762e-08,-620600
1.25434625153226e-08,-620500
1.25735827946181e-08,-620400
1.26037608666223e-08,-620300
1.26339968100024e-08,-620200
1.26642907013184e-08,-620100
1.26946426150068e-08,-620000
1.27250526233667e-08,-619900
1.27555207965471e-08,-619800
1.27860472025343e-08,-619700
1.28166319071408e-08,-619600
1.2847274973995e-08,-619500
1.28779764645324e-08,-619400
1.2908736437986e-08,-619300
1.2939554951381e-08,-619200
1.29704320595268e-08,-619100
1.30013678150129e-08,-619000
1.30323622682032e-08,-618900
1.30634154672347e-08,-618800
1.30945274580135e-08,-618700
1.3125698284214e-08,-618600
1.31569279872795e-08,-618500
1.31882166064213e-08,-618400
1.32195641786221e-08,-618300
1.32509707386368e-08,-618200
1.32824363189987e-08,-618100
1.33139609500216e-08,-618000
1.33455446598073e-08,-617900
1.33771874742514e-08,-617800
1.34088894170513e-08,-617700
1.34406505097144e-08,-617600
1.34724707715684e-08,-617500
1.3504350219771e-08,-617400
1.3536288869322e-08,-617300
1.35682867330755e-08,-617200
1.36003438217531e-08,-617100
1.36324601439587e-08,-617000
1.36646357061935e-08,-616900
1.36968705128718e-08,-616800
1.37291645663383e-08,-616700
1.37615178668866e-08,-616600
1.3793930412777e-08,-616500
1.38264022002569e-08,-616400
1.38589332235814e-08,-616300
1.38915234750338e-08,-616200
1.39241729449493e-08,-616100
1.39568816217371e-08,-616000
1.39896494919039e-08,-615900
1.402247654008e-08,-615800
1.40553627490432e-08,-615700
1.40883080997463e-08,-615600
1.4121312571343e-08,-615500
1.41543761412166e-08,-615400
1.41874987850076e-08,-615300
1.42206804766438e-08,-615200
1.42539211883691e-08,-615100
1.42872208907745e-08,-615000
1.43205795528301e-08,-614900
1.43539971419155e-08,-614800
1.43874736238529e-08,-614700
1.44210089629408e-08,-614600
1.44546031219862e-08,-614500
1.44882560623411e-08,-614400
1.45219677439342e-08,-614300
1.45557381253094e-08,-614200
1.45895671636597e-08,-614100
1.46234548148637e-08,-614000
1.46574010335235e-08,-613900
1.4691405773001e-08,-613800
1.47254689854559e-08,-613700
1.47595906218839e-08,-613600
1.4793770632156e-08,-613500
1.4828008965056e-08,-613400
1.48623055683209e-08,-613300
1.48966603886808e-08,-613200
1.49310733718975e-08,-613100
1.4965544462807e-08,-613000
1.50000736053577e-08,-612900
1.50346607426533e-08,-612800
1.50693058169928e-08,-612700
1.51040087699121e-08,-612600
1.51387695422257e-08,-612500
1.51735880740685e-08,-612400
1.52084643049374e-08,-612300
1.52433981737341e-08,-612200
1.52783896188061e-08,-612100
1.53134385779903e-08,-612000
1.53485449886544e-08,-611900
1.53837087877407e-08,-611800
1.54189299118068e-08,-611700
1.54542082970697e-08,-611600
1.54895438794479e-08,-611500
1.55249365946037e-08,-611400
1.55603863779864e-08,-611300
1.55958931648741e-08,-611200
1.56314568904166e-08,-611100
1.5667077489678e-08,-611000
1.57027548976784e-08,-610900
1.57384890494366e-08,-610800
1.57742798800117e-08,-610700
1.58101273245454e-08,-610600
1.58460313183039e-08,-610500
1.58819917967188e-08,-610400
1.5918008695429e-08,-610300
1.59540819503216e-08,-610200
1.59902114975731e-08,-610100
1.60263972736893e-08,-610000
1.60626392155471e-08,-609900
1.60989372604333e-08,-609800
1.61352913460852e-08,-609700
1.61717014107299e-08,-609600
1.62081673931233e-08,-609500
1.62446892325895e-08,-609400
1.62812668690588e-08,-609300
1.63179002431069e-08,-609200
1.63545892959909e-08,-609100
1.63913339696884e-08,-609000
1.64281342069336e-08,-608900
1.64649899512547e-08,-608800
1.65019011470092e-08,-608700
1.65388677394203e-08,-608600
1.65758896746119e-08,-608500
1.66129668996434e-08,-608400
1.66500993625448e-08,-608300
1.66872870123495e-08,-608200
1.6724529799129e-08,-608100
1.67618276740245e-08,-608000
1.6799180589281e-08,-607900
1.68365884982775e-08,-607800
1.68740513555603e-08,-607700
1.6911569116872e-08,-607600
1.6949141739183e-08,-607500
1.69867691807219e-08,-607400
1.70244514010037e-08,-607300
1.70621883608587e-08,-607200
1.70999800224619e-08,-607100
1.71378263493587e-08,-607000
1.71757273064944e-08,-606900
1.72136828602387e-08,-606800
1.72516929784126e-08,-606700
1.72897576303139e-08,-606600
1.73278767867418e-08,-606500
1.73660504200212e-08,-606400
1.74042785040264e-08,-606300
1.74425610142041e-08,-606200
1.74808979275962e-08,-606100
1.75192892228616e-08,-606000
1.7557734880297e-08,-605900
1.75962348818592e-08,-605800
1.76347892111836e-08,-605700
1.76733978536044e-08,-605600
1.77120607961741e-08,-605500
1.77507780276812e-08,-605400
1.77895495386688e-08,-605300
1.78283753214513e-08,-605200
1.78672553701309e-08,-605100
1.79061896806148e-08,-605000
1.79451782506296e-08,-604900
1.7984221079737e-08,-604800
1.80233181693472e-08,-604700
1.80624695227343e-08,-604600
1.81016751450488e-08,-604500
1.81409350433291e-08,-604400
1.81802492265162e-08,-604300
1.82196177054635e-08,-604200
1.82590404929475e-08,-604100
1.82985176036801e-08,-604000
1.83380490543175e-08,-603900
1.83776348634693e-08,-603800
1.84172750517082e-08,-603700
1.8456969641578e-08,-603600
1.84967186576018e-08,-603500
1.85365221262888e-08,-603400
1.85763800761418e-08,-603300
1.86162925376632e-08,-603200
1.86562595433613e-08,-603100
1.86962811277545e-08,-603000
1.87363573273778e-08,-602900
1.87764881807866e-08,-602800
1.881667372856e-08,-602700
1.88569140133052e-08,-602600
1.88972090796599e-08,-602500
1.89375589742957e-08,-602400
1.8977963745919e-08,-602300
1.90184234452736e-08,-602200
1.90589381251426e-08,-602100
1.90995078403474e-08,-602000
1.91401326477494e-08,-601900
1.91808126062499e-08,-601800
1.92215477767896e-08,-601700
1.92623382223478e-08,-601600
1.93031840079413e-08,-601500
1.93440852006222e-08,-601400
1.9385041869477e-08,-601300
1.94260540856236e-08,-601200
1.94671219222087e-08,-601100
1.95082454544052e-08,-601000
1.95494247594074e-08,-600900
1.95906599164294e-08,-600800
1.9631951006699e-08,-600700
1.96732981134546e-08,-600600
1.97147013219393e-08,-600500
1.97561607193971e-08,-600400
1.97976763950662e-08,-600300
1.98392484401738e-08,-600200
1.98808769479305e-08,-600100
1.99225620135229e-08,-600000
1.9964303734108e-08,-599900
2.0006102208805e-08,-599800
2.00479575386896e-08,-599700
2.0089869826785e-08,-599600
2.01318391780547e-08,-599500
2.01738656993945e-08,-599400
2.02159494996234e-08,-599300
2.02580906894759e-08,-599200
2.03002893815926e-08,-599100
2.03425456905103e-08,-599000
2.03848597326534e-08,-598900
2.04272316263239e-08,-598800
2.04696614916911e-08,-598700
2.05121494507815e-08,-598600
2.05546956274687e-08,-598500
2.0597300147461e-08,-598400
2.06399631382929e-08,-598300
2.06826847293111e-08,-598200
2.0725465051665e-08,-598100
2.07683042382935e-08,-598000
2.08112024239136e-08,-597900
2.0854159745008e-08,-597800
2.08971763398122e-08,-597700
2.09402523483023e-08,-597600
2.09833879121807e-08,-597500
2.10265831748645e-08,-597400
2.10698382814703e-08,-597300
2.11131533788008e-08,-597200
2.11565286153314e-08,-597100
2.1199964141195e-08,-597000
2.12434601081678e-08,-596900
2.12870166696537e-08,-596800
2.13306339806707e-08,-596700
2.13743121978333e-08,-596600
2.14180514793392e-08,-596500
2.14618519849511e-08,-596400
2.15057138759818e-08,-596300
2.1549637315278e-08,-596200
2.15936224672019e-08,-596100
2.16376694976161e-08,-596000
2.16817785738647e-08,-595900
2.17259498647565e-08,-595800
2.17701835405465e-08,-595700
2.18144797729183e-08,-595600
2.18588387349653e-08,-595500
2.19032606011721e-08,-595400
2.19477455473944e-08,-595300
2.19922937508407e-08,-595200
2.20369053900528e-08,-595100
2.20815806448837e-08,-595000
2.21263196964795e-08,-594900
2.21711227272577e-08,-594800
2.22159899208861e-08,-594700
2.22609214622613e-08,-594600
2.23059175374875e-08,-594500
2.2350978333854e-08,-594400
2.23961040398127e-08,-594300
2.2441294844956e-08,-594200
2.24865509399927e-08,-594100
2.25318725167254e-08,-594000
2.25772597680264e-08,-593900
2.26227128878129e-08,-593800
2.2668232071023e-08,-593700
2.27138175135911e-08,-593600
2.27594694124217e-08,-593500
2.28051879653636e-08,-593400
2.2850973371185e-08,-593300
2.28968258295459e-08,-593200
2.29427455409718e-08,-593100
2.29887327068252e-08,-593000
2.30347875292801e-08,-592900
2.30809102112918e-08,-592800
2.31271009565691e-08,-592700
2.31733599695463e-08,-592600
2.32196874553523e-08,-592500
2.32660836197819e-08,-592400
2.33125486692658e-08,-592300
2.33590828108387e-08,-592200
2.34056862521102e-08,-592100
2.34523592012321e-08,-592000
2.34991018668663e-08,-591900
2.35459144581544e-08,-591800
2.35927971846829e-08,-591700
2.36397502564512e-08,-591600
2.36867738838383e-08,-591500
2.37338682775678e-08,-591400
2.37810336486753e-08,-591300
2.38282702084719e-08,-591200
2.38755781685104e-08,-591100
2.39229577405485e-08,-591000
2.39704091365133e-08,-590900
2.40179325684665e-08,-590800
2.40655282485643e-08,-590700
2.41131963890235e-08,-590600
2.41609372020821e-08,-590500
2.42087508999614e-08,-590400
2.42566376948282e-08,-590300
2.4304597798756e-08,-590200
2.43526314236853e-08,-590100
2.44007387813852e-08,-590000
2.44489200834125e-08,-589900
2.44971755410717e-08,-589800
2.45455053653754e-08,-589700
2.45939097670018e-08,-589600
2.46423889562553e-08,-589500
2.46909431430229e-08,-589400
2.47395725367348e-08,-589300
2.47882773463201e-08,-589200
2.48370577801648e-08,-589100
2.48859140460711e-08,-589000
2.49348463512109e-08,-588900
2.49838549020855e-08,-588800
2.50329399044806e-08,-588700
2.50821015634232e-08,-588600
2.51313400831371e-08,-588500
2.51806556669997e-08,-588400
2.52300485174963e-08,-588300
2.5279518836176e-08,-588200
2.53290668236081e-08,-588100
2.53786926793358e-08,-588000
2.54283966018323e-08,-587900
2.5478178788454e-08,-587800
2.55280394353976e-08,-587700
2.55779787376524e-08,-587600
2.56279968889583e-08,-587500
2.56780940817561e-08,-587400
2.57282705071452e-08,-587300
2.57785263548368e-08,-587200
2.58288618131089e-08,-587100
2.58792770687611e-08,-587000
2.59297723070686e-08,-586900
2.59803477117371e-08,-586800
2.60310034648575e-08,-586700
2.60817397468616e-08,-586600
2.61325567364757e-08,-586500
2.61834546106771e-08,-586400
2.62344335446479e-08,-586300
2.62854937117326e-08,-586200
2.63366352833922e-08,-586100
2.63878584291607e-08,-586000
2.64391633166009e-08,-585900
2.64905501112621e-08,-585800
2.65420189766359e-08,-585700
2.65935700741143e-08,-585600
2.66452035629454e-08,-585500
2.66969196001934e-08,-585400
2.67487183406962e-08,-585300
2.68005999370238e-08,-585200
2.68525645394379e-08,-585100
2.69046122958516e-08,-585000
2.69567433517889e-08,-584900
2.70089578503473e-08,-584800
2.70612559321564e-08,-584700
2.71136377353421e-08,-584600
2.71661033954885e-08,-584500
2.72186530455991e-08,-584400
2.72712868160649e-08,-584300
2.73240048346235e-08,-584200
2.73768072263288e-08,-584100
2.74296941135141e-08,-584000
2.74826656157603e-08,-583900
2.75357218498626e-08,-583800
2.75888629297986e-08,-583700
2.76420889666986e-08,-583600
2.76954000688139e-08,-583500
2.77487963414891e-08,-583400
2.78022778871332e-08,-583300
2.7855844805192e-08,-583200
2.7909497192122e-08,-583100
2.7963235141366e-08,-583000
2.80170587433266e-08,-582900
2.80709680853454e-08,-582800
2.81249632516789e-08,-582700
2.81790443234773e-08,-582600
2.82332113787661e-08,-582500
2.82874644924251e-08,-582400
2.83418037361717e-08,-582300
2.83962291785439e-08,-582200
2.84507408848855e-08,-582100
2.85053389173297e-08,-582000
2.85600233347887e-08,-581900
2.86147941929403e-08,-581800
2.86696515442174e-08,-581700
2.87245954377993e-08,-581600
2.87796259196037e-08,-581500
2.88347430322784e-08,-581400
2.8889946815199e-08,-581300
2.89452373044618e-08,-581200
2.90006145328838e-08,-581100
2.90560785299986e-08,-581000
2.91116293220595e-08,-580900
2.91672669320387e-08,-580800
2.92229913796324e-08,-580700
2.92788026812625e-08,-580600
2.93347008500856e-08,-580500
2.93906858959973e-08,-580400
2.94467578256431e-08,-580300
2.95029166424275e-08,-580200
2.95591623465264e-08,-580100
2.96154949348992e-08,-580000
2.96719144013052e-08,-579900
2.97284207363181e-08,-579800
2.97850139273449e-08,-579700
2.98416939586447e-08,-579600
2.98984608113487e-08,-579500
2.99553144634843e-08,-579400
3.00122548899966e-08,-579300
3.00692820627755e-08,-579200
3.01263959506817e-08,-579100
3.01835965195749e-08,-579000
3.02408837323442e-08,-578900
3.02982575489386e-08,-578800
3.03557179264017e-08,-578700
3.04132648189035e-08,-578600
3.04708981777782e-08,-578500
3.05286179515615e-08,-578400
3.05864240860276e-08,-578300
3.06443165242327e-08,-578200
3.07022952065533e-08,-578100
3.07603600707329e-08,-578000
3.08185110519241e-08,-577900
3.08767480827359e-08,-577800
3.09350710932816e-08,-577700
3.09934800112265e-08,-577600
3.10519747618405e-08,-577500
3.11105552680472e-08,-577400
3.11692214504794e-08,-577300
3.12279732275325e-08,-577200
3.128681051542e-08,-577100
3.13457332282321e-08,-577000
3.14047412779916e-08,-576900
3.14638345747166e-08,-576800
3.15230130264791e-08,-576700
3.15822765394687e-08,-576600
3.16416250180546e-08,-576500
3.17010583648514e-08,-576400
3.17605764807837e-08,-576300
3.18201792651534e-08,-576200
3.18798666157082e-08,-576100
3.19396384287091e-08,-576000
3.19994945990017e-08,-575900
3.20594350200867e-08,-575800
3.21194595841918e-08,-575700
3.21795681823443e-08,-575600
3.22397607044458e-08,-575500
3.23000370393462e-08,-575400
3.23603970749193e-08,-575300
3.24208406981395e-08,-575200
3.24813677951581e-08,-575100
3.25419782513826e-08,-575000
3.2602671951554e-08,-574900
3.2663448779826e-08,-574800
3.2724308619846e-08,-574700
3.27852513548345e-08,-574600
3.28462768676662e-08,-574500
3.29073850409522e-08,-574400
3.29685757571209e-08,-574300
3.30298488985015e-08,-574200
3.30912043474058e-08,-574100
3.3152641986212e-08,-574000
3.3214161697448e-08,-573900
3.32757633638753e-08,-573800
3.33374468685714e-08,-573700
3.33992120950167e-08,-573600
3.34610589271766e-08,-573500
3.35229872495857e-08,-573400
3.3584996947434e-08,-573300
3.36470879066498e-08,-573200
3.37092600139836e-08,-573100
3.37715131570939e-08,-573000
3.38338472246303e-08,-572900
3.38962621063178e-08,-572800
3.39587576930408e-08,-572700
3.40213338769246e-08,-572600
3.40839905514214e-08,-572500
3.41467276113921e-08,-572400
3.42095449531866e-08,-572300
3.42724424747294e-08,-572200
3.43354200755978e-08,-572100
3.43984776571048e-08,-572000
3.44616151223787e-08,-571900
3.45248323764427e-08,-571800
3.45881293262941e-08,-571700
3.46515058809837e-08,-571600
3.47149619516907e-08,-571500
3.47784974518019e-08,-571400
3.48421122969874e-08,-571300
3.49058064052746e-08,-571200
3.4969579697123e-08,-571100
3.50334320954972e-08,-571000
3.50973635259389e-08,-570900
3.51613739166391e-08,-570800
3.52254631985058e-08,-570700
3.52896313052358e-08,-570600
3.53538781733797e-08,-570500
3.54182037424107e-08,-570400
3.5482607954788e-08,-570300
3.55470907560215e-08,-570200
3.56116520947359e-08,-570100
3.5676291922729e-08,-570000
3.57410101950343e-08,-569900
3.58058068699782e-08,-569800
3.58706819092373e-08,-569700
3.59356352778942e-08,-569600
3.60006669444911e-08,-569500
3.6065776881082e-08,-569400
3.61309650632852e-08,-569300
3.61962314703308e-08,-569200
3.62615760851089e-08,-569100
3.63269988942152e-08,-569000
3.63924998879972e-08,-568900
3.64580790605934e-08,-568800
3.65237364099774e-08,-568700
3.65894719379948e-08,-568600
3.66552856504012e-08,-568500
3.6721177556899e-08,-568400
3.67871476711668e-08,-568300
3.68531960108965e-08,-568200
3.69193225978198e-08,-568100
3.69855274577375e-08,-568000
3.70518106205443e-08,-567900
3.71181721202546e-08,-567800
3.71846119950252e-08,-567700
3.72511302871719e-08,-567600
3.73177270431937e-08,-567500
3.73844023137837e-08,-567400
3.74511561538475e-08,-567300
3.75179886225134e-08,-567200
3.75848997831444e-08,-567100
3.76518897033462e-08,-567000
3.77189584549725e-08,-566900
3.77861061141325e-08,-566800
3.78533327611902e-08,-566700
3.79206384807689e-08,-566600
3.79880233617451e-08,-566500
3.8055487497249e-08,-566400
3.81230309846578e-08,-566300
3.81906539255886e-08,-566200
3.82583564258884e-08,-566100
3.83261385956242e-08,-566000
3.83940005490699e-08,-565900
3.84619424046895e-08,-565800
3.85299642851215e-08,-565700
3.85980663171606e-08,-565600
3.8666248631736e-08,-565500
3.87345113638881e-08,-565400
3.88028546527465e-08,-565300
3.88712786415008e-08,-565200
3.89397834773746e-08,-565100
3.90083693115952e-08,-565000
3.90770362993605e-08,-564900
3.91457845998079e-08,-564800
3.92146143759772e-08,-564700
3.92835257947752e-08,-564600
3.93525190269363e-08,-564500
3.9421594246983e-08,-564400
3.9490751633183e-08,-564300
3.95599913675088e-08,-564200
3.96293136355885e-08,-564100
3.96987186266636e-08,-564000
3.97682065335388e-08,-563900
3.98377775525335e-08,-563800
3.99074318834311e-08,-563700
3.9977169729426e-08,-563600
4.00469912970728e-08,-563500
4.01168967962284e-08,-563400
4.01868864399984e-08,-563300
4.02569604446795e-08,-563200
4.03271190297003e-08,-563100
4.03973624175629e-08,-563000
4.04676908337816e-08,-562900
4.05381045068226e-08,-562800
4.06086036680406e-08,-562700
4.06791885516143e-08,-562600
4.07498593944842e-08,-562500
4.08206164362857e-08,-562400
4.08914599192835e-08,-562300
4.09623900883055e-08,-562200
4.10334071906732e-08,-562100
4.11045114761364e-08,-562000
4.11757031968019e-08,-561900
4.12469826070647e-08,-561800
4.13183499635394e-08,-561700
4.13898055249882e-08,-561600
4.146134955225e-08,-561500
4.1532982308171e-08,-561400
4.16047040575311e-08,-561300
4.16765150669734e-08,-561200
4.17484156049317e-08,-561100
4.18204059415584e-08,-561000
4.18924863486526e-08,-560900
4.19646570995874e-08,-560800
4.20369184692364e-08,-560700
4.21092707339043e-08,-560600
4.21817141712521e-08,-560500
4.2254249060225e-08,-560400
4.2326875680983e-08,-560300
4.23995943148259e-08,-560200
4.24724052441243e-08,-560100
4.2545308752248e-08,-560000
4.26183051234948e-08,-559900
4.26913946430213e-08,-559800
4.27645775967722e-08,-559700
4.28378542714106e-08,-559600
4.29112249542527e-08,-559500
4.29846899331957e-08,-559400
4.30582494966534e-08,-559300
4.31319039334873e-08,-559200
4.32056535329434e-08,-559100
4.32794985845862e-08,-559000
4.33534393782336e-08,-558900
4.34274762038954e-08,-558800
4.35016093517097e-08,-558700
4.35758391118829e-08,-558600
4.36501657746287e-08,-558500
4.37245896301085e-08,-558400
4.37991109683758e-08,-558300
4.3873730079316e-08,-558200
4.39484472525923e-08,-558100
4.40232627775935e-08,-558000
4.40981769433763e-08,-557900
4.41731900386174e-08,-557800
4.42483023515599e-08,-557700
4.43235141699672e-08,-557600
4.43988257810721e-08,-557500
4.44742374715335e-08,-557400
4.45497495273884e-08,-557300
4.46253622340118e-08,-557200
4.47010758760703e-08,-557100
4.47768907374869e-08,-557000
4.48528071013983e-08,-556900
4.49288252501186e-08,-556800
4.50049454651052e-08,-556700
4.50811680269228e-08,-556600
4.51574932152111e-08,-556500
4.52339213086553e-08,-556400
4.53104525849563e-08,-556300
4.53870873208027e-08,-556200
4.54638257918452e-08,-556100
4.55406682726742e-08,-556000
4.56176150367953e-08,-555900
4.56946663566098e-08,-555800
4.57718225033948e-08,-555700
4.58490837472893e-08,-555600
4.59264503572737e-08,-555500
4.60039226011589e-08,-555400
4.60815007455767e-08,-555300
4.61591850559646e-08,-555200
4.62369757965606e-08,-555100
4.63148732303961e-08,-555000
4.63928776192906e-08,-554900
4.64709892238468e-08,-554800
4.65492083034521e-08,-554700
4.66275351162768e-08,-554600
4.6705969919275e-08,-554500
4.67845129681908e-08,-554400
4.68631645175609e-08,-554300
4.69419248207227e-08,-554200
4.70207941298215e-08,-554100
4.70997726958206e-08,-554000
4.71788607685163e-08,-553900
4.72580585965442e-08,-553800
4.73373664274015e-08,-553700
4.74167845074566e-08,-553600
4.74963130819713e-08,-553500
4.75759523951167e-08,-553400
4.76557026899961e-08,-553300
4.77355642086657e-08,-553200
4.78155371921567e-08,-553100
4.7895621880504e-08,-553000
4.7975818512766e-08,-552900
4.80561273270573e-08,-552800
4.81365485605733e-08,-552700
4.82170824496227e-08,-552600
4.82977292296539e-08,-552500
4.83784891352911e-08,-552400
4.84593624003653e-08,-552300
4.85403492579478e-08,-552200
4.86214499403855e-08,-552100
4.87026646793341e-08,-552000
4.87839937058004e-08,-551900
4.88654372501735e-08,-551800
4.89469955422661e-08,-551700
4.90286688113524e-08,-551600
4.91104572862092e-08,-551500
4.91923611951529e-08,-551400
4.92743807660836e-08,-551300
4.9356516226523e-08,-551200
4.94387678036601e-08,-551100
4.95211357243879e-08,-551000
4.96036202153518e-08,-550900
4.96862215029885e-08,-550800
4.97689398135688e-08,-550700
4.98517753732419e-08,-550600
4.99347284080794e-08,-550500
5.00177991441176e-08,-550400
5.01009878074e-08,-550300
5.01842946240218e-08,-550200
5.02677198201732e-08,-550100
5.03512636221807e-08,-550000
5.04349262565513e-08,-549900
5.0518707950015e-08,-549800
5.06026089295656e-08,-549700
5.06866294225041e-08,-549600
5.07707696564774e-08,-549500
5.08550298595206e-08,-549400
5.09394102601001e-08,-549300
5.10239110871443e-08,-549200
5.11085325700909e-08,-549100
5.11932749389219e-08,-549000
5.12781384241985e-08,-548900
5.13631232571001e-08,-548800
5.14482296694577e-08,-548700
5.15334578937893e-08,-548600
5.16188081633318e-08,-548500
5.17042807120741e-08,-548400
5.17898757747875e-08,-548300
5.18755935870539e-08,-548200
5.19614343852969e-08,-548100
5.20473984068044e-08,-548000
5.21334858897601e-08,-547900
5.22196970732602e-08,-547800
5.23060321973424e-08,-547700
5.23924915030015e-08,-547600
5.24790752322144e-08,-547500
5.25657836279508e-08,-547400
5.26526169341956e-08,-547300
5.27395753959586e-08,-547200
5.28266592592885e-08,-547100
5.29138687712829e-08,-547000
5.30012041800975e-08,-546900
5.30886657349507e-08,-546800
5.31762536861317e-08,-546700
5.32639682849986e-08,-546600
5.33518097839831e-08,-546500
5.34397784365844e-08,-546400
5.35278744973694e-08,-546300
5.36160982219639e-08,-546200
5.37044498670459e-08,-546100
5.3792929690334e-08,-546000
5.38815379505753e-08,-545900
5.397027490753e-08,-545800
5.4059140821954e-08,-545700
5.41481359555778e-08,-545600
5.42372605710856e-08,-545500
5.43265149320916e-08,-545400
5.44158993031102e-08,-545300
5.45054139495272e-08,-545200
5.45950591375686e-08,-545100
5.46848351342661e-08,-545000
5.4774742207419e-08,-544900
5.48647806255532e-08,-544800
5.49549506578824e-08,-544700
5.50452525742609e-08,-544600
5.51356866451372e-08,-544500
5.52262531415026e-08,-544400
5.53169523348405e-08,-544300
5.54077844970714e-08,-544200
5.54987499004938e-08,-544100
5.55898488177239e-08,-544000
5.56810815216351e-08,-543900
5.57724482852914e-08,-543800
5.58639493818772e-08,-543700
5.59555850846323e-08,-543600
5.60473556667727e-08,-543500
5.61392614014199e-08,-543400
5.62313025615205e-08,-543300
5.63234794197666e-08,-543200
5.64157922485131e-08,-543100
5.65082413196902e-08,-543000
5.66008269047198e-08,-542900
5.66935492744214e-08,-542800
5.67864086989213e-08,-542700
5.68794054475572e-08,-542600
5.69725397887816e-08,-542500
5.70658119900616e-08,-542400
5.71592223177773e-08,-542300
5.72527710371199e-08,-542200
5.73464584119815e-08,-542100
5.74402847048512e-08,-542000
5.75342501767023e-08,-541900
5.76283550868798e-08,-541800
5.77225996929885e-08,-541700
5.78169842507736e-08,-541600
5.79115090140054e-08,-541500
5.80061742343585e-08,-541400
5.81009801612881e-08,-541300
5.81959270419092e-08,-541200
5.82910151208702e-08,-541100
5.83862446402245e-08,-541000
5.84816158393079e-08,-540900
5.85771289546008e-08,-540800
5.86727842196028e-08,-540700
5.87685818646964e-08,-540600
5.8864522117018e-08,-540500
5.89606052003155e-08,-540400
5.90568313348189e-08,-540300
5.91532007370981e-08,-540200
5.92497136199262e-08,-540100
5.93463701921415e-08,-540000
5.94431706585033e-08,-539900
5.95401152195538e-08,-539800
5.96372040714755e-08,-539700
5.97344374059479e-08,-539600
5.98318154100053e-08,-539500
5.99293382658938e-08,-539400
6.00270061509236e-08,-539300
6.01248192373278e-08,-539200
6.02227776921181e-08,-539100
6.03208816769375e-08,-539000
6.04191313479174e-08,-538900
6.05175268555314e-08,-538800
6.06160683444486e-08,-538700
6.07147559533937e-08,-538600
6.08135898149976e-08,-538500
6.09125700556558e-08,-538400
6.10116967953823e-08,-538300
6.11109701476701e-08,-538200
6.12103902193434e-08,-538100
6.13099571104181e-08,-538000
6.14096709139625e-08,-537900
6.15095317159514e-08,-537800
6.1609539595131e-08,-537700
6.17096946228794e-08,-537600
6.18099968630671e-08,-537500
6.19104463719217e-08,-537400
6.2011043197893e-08,-537300
6.21117873815204e-08,-537200
6.22126789552976e-08,-537100
6.23137179435447e-08,-537000
6.24149043622773e-08,-536900
6.25162382190783e-08,-536800
6.26177195129768e-08,-536700
6.27193482343155e-08,-536600
6.28211243646394e-08,-536500
6.29230478765668e-08,-536400
6.3025118733676e-08,-536300
6.312733689039e-08,-536200
6.32297022918604e-08,-536100
6.33322148738594e-08,-536000
6.34348745626685e-08,-535900
6.35376812749747e-08,-535800
6.36406349177647e-08,-535700
6.37437353882286e-08,-535600
6.38469825736542e-08,-535500
6.39503763513387e-08,-535400
6.40539165884925e-08,-535300
6.41576031421514e-08,-535200
6.42614358590892e-08,-535100
6.43654145757341e-08,-535000
6.44695391180886e-08,-534900
6.45738093016541e-08,-534800
6.4678224931354e-08,-534700
6.47827858014655e-08,-534600
6.48874916955516e-08,-534500
6.4992342386398e-08,-534400
6.50973376359524e-08,-534300
6.52024771952689e-08,-534200
6.53077608044529e-08,-534100
6.54131881926155e-08,-534000
6.55187590778233e-08,-533900
6.56244731670609e-08,-533800
6.57303301561903e-08,-533700
6.58363297299182e-08,-533600
6.59424715617636e-08,-533500
6.60487553140338e-08,-533400
6.61551806378027e-08,-533300
6.62617471728886e-08,-533200
6.63684545478441e-08,-533100
6.64753023799438e-08,-533000
6.65822902751784e-08,-532900
6.66894178282513e-08,-532800
6.67966846225873e-08,-532700
6.69040902303288e-08,-532600
6.70116342123548e-08,-532500
6.7119316118292e-08,-532400
6.72271354865339e-08,-532300
6.73350918442652e-08,-532200
6.74431847074907e-08,-532100
6.75514135810616e-08,-532000
6.76597779587183e-08,-531900
6.77682773231276e-08,-531800
6.78769111459273e-08,-531700
6.79856788877754e-08,-531600
6.80945799984047e-08,-531500
6.8203613916678e-08,-531400
6.83127800706539e-08,-531300
6.84220778776475e-08,-531200
6.85315067443071e-08,-531100
6.86410660666818e-08,-531000
6.87507552303086e-08,-530900
6.88605736102876e-08,-530800
6.8970520571376e-08,-530700
6.90805954680745e-08,-530600
6.91907976447259e-08,-530500
6.93011264356149e-08,-530400
6.94115811650699e-08,-530300
6.95221611475761e-08,-530200
6.96328656878793e-08,-530100
6.97436940811103e-08,-530000
6.9854645612899e-08,-529900
6.99657195595035e-08,-529800
7.0076915187934e-08,-529700
7.01882317560848e-08,-529600
7.02996685128735e-08,-529500
7.04112246983761e-08,-529400
7.0522899543972e-08,-529300
7.06346922724928e-08,-529200
7.07466020983658e-08,-529100
7.08586282277785e-08,-529000
7.09707698588257e-08,-528900
7.10830261816766e-08,-528800
7.11953963787365e-08,-528700
7.13078796248172e-08,-528600
7.14204750873041e-08,-528500
7.15331819263323e-08,-528400
7.1645999294964e-08,-528300
7.17589263393689e-08,-528200
7.18719621990066e-08,-528100
7.19851060068143e-08,-528000
7.20983568893933e-08,-527900
7.22117139672054e-08,-527800
7.23251763547621e-08,-527700
7.24387431608268e-08,-527600
7.25524134886115e-08,-527500
7.26661864359803e-08,-527400
7.27800610956559e-08,-527300
7.28940365554227e-08,-527200
7.30081118983401e-08,-527100
7.31222862029526e-08,-527000
7.32365585435031e-08,-526900
7.33509279901479e-08,-526800
7.34653936091789e-08,-526700
7.35799544632362e-08,-526600
7.3694609611535e-08,-526500
7.38093581100854e-08,-526400
7.39241990119191e-08,-526300
7.40391313673128e-08,-526200
7.41541542240193e-08,-526100
7.42692666274923e-08,-526000
7.43844676211199e-08,-525900
7.44997562464533e-08,-525800
7.46151315434409e-08,-525700
7.47305925506613e-08,-525600
7.48461383055561e-08,-525500
7.49617678446666e-08,-525400
7.50774802038682e-08,-525300
7.51932744186085e-08,-525200
7.53091495241411e-08,-525100
7.54251045557682e-08,-525000
7.55411385490717e-08,-524900
7.56572505401558e-08,-524800
7.5773439565885e-08,-524700
7.58897046641202e-08,-524600
7.60060448739585e-08,-524500
7.61224592359708e-08,-524400
7.62389467924426e-08,-524300
7.63555065876073e-08,-524200
7.64721376678864e-08,-524100
7.65888390821278e-08,-524000
7.6705609881839e-08,-523900
7.68224491214281e-08,-523800
7.69393558584339e-08,-523700
7.70563291537664e-08,-523600
7.7173368071934e-08,-523500
7.72904716812831e-08,-523400
7.74076390542265e-08,-523300
7.75248692674744e-08,-523200
7.76421614022682e-08,-523100
7.7759514544603e-08,-523000
7.78769277854613e-08,-522900
7.7994400221033e-08,-522800
7.8111930952948e-08,-522700
7.82295190884921e-08,-522600
7.83471637408335e-08,-522500
7.84648640292402e-08,-522400
7.85826190792996e-08,-522300
7.87004280231351e-08,-522200
7.88182899996239e-08,-522100
7.89362041546029e-08,-522000
7.90541696410886e-08,-521900
7.91721856194802e-08,-521800
7.92902512577677e-08,-521700
7.94083657317407e-08,-521600
7.95265282251868e-08,-521500
7.9644737930094e-08,-521400
7.97629940468511e-08,-521300
7.98812957844402e-08,-521200
7.99996423606345e-08,-521100
8.01180330021868e-08,-521000
8.02364669450193e-08,-520900
8.03549434344124e-08,-520800
8.04734617251843e-08,-520700
8.05920210818781e-08,-520600
8.07106207789347e-08,-520500
8.08292601008743e-08,-520400
8.0947938342467e-08,-520300
8.10666548089056e-08,-520200
8.11854088159716e-08,-520100
8.13041996902036e-08,-520000
8.14230267690578e-08,-519900
8.15418894010684e-08,-519800
8.16607869460038e-08,-519700
8.1779718775025e-08,-519600
8.18986842708305e-08,-519500
8.20176828278113e-08,-519400
8.21367138521914e-08,-519300
8.22557767621734e-08,-519200
8.23748709880773e-08,-519100
8.24939959724783e-08,-519000
8.26131511703378e-08,-518900
8.27323360491389e-08,-518800
8.28515500890099e-08,-518700
8.29707927828534e-08,-518600
8.30900636364646e-08,-518500
8.32093621686529e-08,-518400
8.33286879113549e-08,-518300
8.34480404097532e-08,-518200
8.35674192223817e-08,-518100
8.36868239212332e-08,-518000
8.38062540918645e-08,-517900
8.39257093334987e-08,-517800
8.40451892591232e-08,-517700
8.41646934955826e-08,-517600
8.42842216836753e-08,-517500
8.44037734782373e-08,-517400
8.45233485482364e-08,-517300
8.46429465768494e-08,-517200
8.47625672615446e-08,-517100
8.4882210314164e-08,-517000
8.50018754609919e-08,-516900
8.5121562442832e-08,-516800
8.52412710150775e-08,-516700
8.53610009477721e-08,-516600
8.54807520256818e-08,-516500
8.56005240483484e-08,-516400
8.57203168301556e-08,-516300
8.58401302003822e-08,-516200
8.59599640032507e-08,-516100
8.60798180979845e-08,-516000
8.61996923588541e-08,-515900
8.63195866752197e-08,-515800
8.64395009515789e-08,-515700
8.65594351076033e-08,-515600
8.66793890781758e-08,-515500
8.67993628134309e-08,-515400
8.6919356278784e-08,-515300
8.70393694549627e-08,-515200
8.71594023380343e-08,-515100
8.72794549394316e-08,-515000
8.73995272859802e-08,-514900
8.75196194199161e-08,-514800
8.76397313989054e-08,-514700
8.77598632960595e-08,-514600
8.78800151999551e-08,-514500
8.8000187214641e-08,-514400
8.81203794596531e-08,-514300
8.82405920700179e-08,-514200
8.83608251962631e-08,-514100
8.8481079004418e-08,-514000
8.86013536760199e-08,-513900
8.87216494081119e-08,-513800
8.88419664132399e-08,-513700
8.89623049194544e-08,-513600
8.90826651702963e-08,-513500
8.92030474247976e-08,-513400
8.9323451957471e-08,-513300
8.94438790582925e-08,-513200
8.95643290326972e-08,-513100
8.96848022015614e-08,-513000
8.9805298901185e-08,-512900
8.99258194832753e-08,-512800
9.00463643149284e-08,-512700
9.01669337786062e-08,-512600
9.02875282721153e-08,-512500
9.04081482085834e-08,-512400
9.05287940164301e-08,-512300
9.0649466139343e-08,-512200
9.07701650362478e-08,-512100
9.08908911812784e-08,-512000
9.10116450637446e-08,-511900
9.11324271880965e-08,-511800
9.1253238073896e-08,-511700
9.13740782557749e-08,-511600
9.14949482833995e-08,-511500
9.1615848721431e-08,-511400
9.17367801494869e-08,-511300
9.18577431620985e-08,-511200
9.19787383686664e-08,-511100
9.20997663934195e-08,-511000
9.22208278753651e-08,-510900
9.23419234682444e-08,-510800
9.24630538404856e-08,-510700
9.25842196751513e-08,-510600
9.27054216698879e-08,-510500
9.28266605368768e-08,-510400
9.29479370027751e-08,-510300
9.30692518086653e-08,-510200
9.31906057099994e-08,-510100
9.33119994765371e-08,-510000
9.34334338922911e-08,-509900
9.35549097554656e-08,-509800
9.36764278783946e-08,-509700
9.37979890874806e-08,-509600
9.39195942231272e-08,-509500
9.4041244139678e-08,-509400
9.41629397053477e-08,-509300
9.42846818021531e-08,-509200
9.44064713258465e-08,-509100
9.45283091858411e-08,-509000
9.46501963051428e-08,-508900
9.47721336202734e-08,-508800
9.48941220811963e-08,-508700
9.50161626512441e-08,-508600
9.51382563070328e-08,-508500
9.5260404038388e-08,-508400
9.53826068482643e-08,-508300
9.55048657526586e-08,-508200
9.56271817805318e-08,-508100
9.57495559737187e-08,-508000
9.58719893868423e-08,-507900
9.5994483087226e-08,-507800
9.61170381548032e-08,-507700
9.62396556820246e-08,-507600
9.63623367737623e-08,-507500
9.64850825472196e-08,-507400
9.66078941318321e-08,-507300
9.67307726691644e-08,-507200
9.68537193128142e-08,-507100
9.69767352283098e-08,-507000
9.70998215930056e-08,-506900
9.72229795959697e-08,-506800
9.7346210437885e-08,-506700
9.7469515330936e-08,-506600
9.75928954986923e-08,-506500
9.77163521759996e-08,-506400
9.78398866088626e-08,-506300
9.79635000543253e-08,-506200
9.80871937803526e-08,-506100
9.82109690657063e-08,-506000
9.83348271998216e-08,-505900
9.84587694826792e-08,-505800
9.85827972246784e-08,-505700
9.87069117465052e-08,-505600
9.88311143789966e-08,-505500
9.89554064630069e-08,-505400
9.90797893492688e-08,-505300
9.92042643982525e-08,-505200
9.93288329800246e-08,-505100
9.94534964740995e-08,-505000
9.95782562692944e-08,-504900
9.9703113763578e-08,-504800
9.98280703639148e-08,-504700
9.99531274861137e-08,-504600
1.00078286554667e-07,-504500
1.00203549002593e-07,-504400
1.00328916271267e-07,-504300
1.00454389810262e-07,-504200
1.00579971077174e-07,-504100
1.00705661537454e-07,-504000
1.00831462664234e-07,-503900
1.00957375938147e-07,-503800
1.01083402847153e-07,-503700
1.01209544886348e-07,-503600
1.01335803557787e-07,-503500
1.01462180370292e-07,-503400
1.01588676839261e-07,-503300
1.01715294486477e-07,-503200
1.01842034839903e-07,-503100
1.01968899433497e-07,-503000
1.02095889806994e-07,-502900
1.02223007505714e-07,-502800
1.02350254080341e-07,-502700
1.02477631086725e-07,-502600
1.02605140085658e-07,-502500
1.0273278264266e-07,-502400
1.02860560327764e-07,-502300
1.02988474715287e-07,-502200
1.03116527383604e-07,-502100
1.03244719914929e-07,-502000
1.03373053895069e-07,-501900
1.03501530913205e-07,-501800
1.03630152561643e-07,-501700
1.03758920435582e-07,-501600
1.03887836132866e-07,-501500
1.04016901253744e-07,-501400
1.04146117400616e-07,-501300
1.04275486177785e-07,-501200
1.04405009191202e-07,-501100
1.04534688048216e-07,-501000
1.04664524357302e-07,-500900
1.04794519727814e-07,-500800
1.04924675769708e-07,-500700
1.05054994093283e-07,-500600
1.05185476308911e-07,-500500
1.0531612402676e-07,-500400
1.05446938856528e-07,-500300
1.05577922407158e-07,-500200
1.05709076286562e-07,-500100
1.05840402101344e-07,-500000
1.05971901456512e-07,-499900
1.06103575955188e-07,-499800
1.06235427198333e-07,-499700
1.06367456784446e-07,-499600
1.06499666309273e-07,-499500
1.06632057365523e-07,-499400
1.06764631542558e-07,-499300
1.06897390426106e-07,-499200
1.07030335597958e-07,-499100
1.07163468635669e-07,-499000
1.07296791112254e-07,-498900
1.07430304595886e-07,-498800
1.07564010649585e-07,-498700
1.0769791083092e-07,-498600
1.07832006691698e-07,-498500
1.07966299777648e-07,-498400
1.08100791628126e-07,-498300
1.08235483775788e-07,-498200
1.08370377746289e-07,-498100
1.08505475057967e-07,-498000
1.08640777221526e-07,-497900
1.0877628573973e-07,-497800
1.08912002107083e-07,-497700
1.09047927809517e-07,-497600
1.09184064324074e-07,-497500
1.09320413118591e-07,-497400
1.09456975651396e-07,-497300
1.09593753370973e-07,-497200
1.09730747715664e-07,-497100
1.09867960113349e-07,-497000
1.10005391981129e-07,-496900
1.10143044725017e-07,-496800
1.10280919739622e-07,-496700
1.10419018407838e-07,-496600
1.10557342100537e-07,-496500
1.10695892176249e-07,-496400
1.10834669980863e-07,-496300
1.10973676847316e-07,-496200
1.11112914095281e-07,-496100
1.11252383030875e-07,-496000
1.11392084946342e-07,-495900
1.11532021119759e-07,-495800
1.11672192814741e-07,-495700
1.11812601280132e-07,-495600
1.11953247749722e-07,-495500
1.12094133441946e-07,-495400
1.12235259559595e-07,-495300
1.12376627289537e-07,-495200
1.12518237802419e-07,-495100
1.12660092252393e-07,-495000
1.12802191776835e-07,-494900
1.12944537496072e-07,-494800
1.13087130513105e-07,-494700
1.13229971913338e-07,-494600
1.13373062764325e-07,-494500
1.13516404115491e-07,-494400
1.13659996997887e-07,-494300
1.13803842423927e-07,-494200
1.13947941387144e-07,-494100
1.14092294861944e-07,-494000
1.1423690380336e-07,-493900
1.14381769146818e-07,-493800
1.14526891807903e-07,-493700
1.14672272682136e-07,-493600
1.14817912644745e-07,-493500
1.14963812550448e-07,-493400
1.15109973233246e-07,-493300
1.15256395506213e-07,-493200
1.15403080161287e-07,-493100
1.15550027969082e-07,-493000
1.15697239678697e-07,-492900
1.15844716017524e-07,-492800
1.15992457691074e-07,-492700
1.16140465382806e-07,-492600
1.1628873975395e-07,-492500
1.16437281443357e-07,-492400
1.16586091067334e-07,-492300
1.16735169219506e-07,-492200
1.16884516470667e-07,-492100
1.17034133368647e-07,-492000
1.17184020438178e-07,-491900
1.17334178180786e-07,-491800
1.17484607074662e-07,-491700
1.1763530757456e-07,-491600
1.17786280111697e-07,-491500
1.17937525093657e-07,-491400
1.18089042904307e-07,-491300
1.18240833903716e-07,-491200
1.18392898428085e-07,-491100
1.18545236789681e-07,-491000
1.18697849276785e-07,-490900
1.18850736153636e-07,-490800
1.19003897660395e-07,-490700
1.19157334013109e-07,-490600
1.1931104540369e-07,-490500
1.1946503199989e-07,-490400
1.19619293945296e-07,-490300
1.19773831359326e-07,-490200
1.19928644337239e-07,-490100
1.2008373295014e-07,-490000
1.20239097245014e-07,-489900
1.2039473724475e-07,-489800
1.20550652948176e-07,-489700
1.20706844330113e-07,-489600
1.20863311341428e-07,-489500
1.2102005390909e-07,-489400
1.21177071936251e-07,-489300
1.21334365302319e-07,-489200
1.21491933863049e-07,-489100
1.21649777450635e-07,-489000
1.21807895873821e-07,-488900
1.21966288918002e-07,-488800
1.2212495634536e-07,-488700
1.22283897894975e-07,-488600
1.22443113282975e-07,-488500
1.22602602202678e-07,-488400
1.22762364324739e-07,-488300
1.22922399297319e-07,-488200
1.23082706746249e-07,-488100
1.23243286275209e-07,-488000
1.2340413746591e-07,-487900
1.23565259878294e-07,-487800
1.23726653050725e-07,-487700
1.23888316500205e-07,-487600
1.24050249722586e-07,-487500
1.24212452192798e-07,-487400
1.24374923365071e-07,-487300
1.24537662673183e-07,-487200
1.24700669530708e-07,-487100
1.24863943331254e-07,-487000
1.2502748344874e-07,-486900
1.25191289237658e-07,-486800
1.25355360033346e-07,-486700
1.25519695152268e-07,-486600
1.25684293892309e-07,-486500
1.25849155533064e-07,-486400
1.2601427933614e-07,-486300
1.26179664545469e-07,-486200
1.26345310387618e-07,-486100
1.26511216072111e-07,-486000
1.26677380791754e-07,-485900
1.26843803722969e-07,-485800
1.27010484026134e-07,-485700
1.27177420845925e-07,-485600
1.27344613311665e-07,-485500
1.2751206053768e-07,-485400
1.2767976162366e-07,-485300
1.27847715655023e-07,-485200
1.28015921703282e-07,-485100
1.28184378826426e-07,-485000
1.28353086069296e-07,-484900
1.28522042463969e-07,-484800
1.28691247030143e-07,-484700
1.28860698775535e-07,-484600
1.29030396696272e-07,-484500
1.29200339777292e-07,-484400
1.2937052699275e-07,-484300
1.29540957306416e-07,-484200
1.29711629672095e-07,-484100
1.29882543034034e-07,-484000
1.30053696327333e-07,-483900
1.30225088478374e-07,-483800
1.3039671840523e-07,-483700
1.30568585018093e-07,-483600
1.30740687219696e-07,-483500
1.30913023905745e-07,-483400
1.31085593965336e-07,-483300
1.31258396281389e-07,-483200
1.31431429731085e-07,-483100
1.31604693186286e-07,-483000
1.31778185513973e-07,-482900
1.31951905576675e-07,-482800
1.32125852232907e-07,-482700
1.32300024337595e-07,-482600
1.32474420742518e-07,-482500
1.32649040296732e-07,-482400
1.32823881847005e-07,-482300
1.3299894423825e-07,-482200
1.33174226313952e-07,-482100
1.33349726916599e-07,-482000
1.3352544488811e-07,-481900
1.33701379070257e-07,-481800
1.33877528305097e-07,-481700
1.34053891435385e-07,-481600
1.34230467305005e-07,-481500
1.34407254759375e-07,-481400
1.34584252645872e-07,-481300
1.34761459814238e-07,-481200
1.34938875116996e-07,-481100
1.35116497409851e-07,-481000
1.35294325552089e-07,-480900
1.35472358406984e-07,-480800
1.35650594842187e-07,-480700
1.35829033730121e-07,-480600
1.36007673948365e-07,-480500
1.36186514380036e-07,-480400
1.36365553914168e-07,-480300
1.36544791446084e-07,-480200
1.36724225877766e-07,-480100
1.36903856118213e-07,-480000
1.37083681083802e-07,-479900
1.37263699698639e-07,-479800
1.37443910894904e-07,-479700
1.37624313613191e-07,-479600
1.37804906802846e-07,-479500
1.37985689422285e-07,-479400
1.38166660439325e-07,-479300
1.38347818831495e-07,-479200
1.38529163586344e-07,-479100
1.38710693701741e-07,-479000
1.38892408186171e-07,-478900
1.3907430605902e-07,-478800
1.39256386350856e-07,-478700
1.39438648103702e-07,-478600
1.39621090371296e-07,-478500
1.39803712219352e-07,-478400
1.39986512725805e-07,-478300
1.40169490981062e-07,-478200
1.40352646088215e-07,-478100
1.4053597716329e-07,-478000
1.40719483335441e-07,-477900
1.40903163747172e-07,-477800
1.4108701755453e-07,-477700
1.412710439273e-07,-477600
1.4145524204918e-07,-477500
1.41639611117963e-07,-477400
1.4182415034569e-07,-477300
1.42008858958816e-07,-477200
1.42193736198352e-07,-477100
1.42378781320002e-07,-477000
1.42563993594287e-07,-476900
1.42749372306674e-07,-476800
1.42934916757668e-07,-476700
1.43120626262937e-07,-476600
1.43306500153378e-07,-476500
1.43492537775213e-07,-476400
1.43678738490059e-07,-476300
1.43865101674986e-07,-476200
1.44051626722574e-07,-476100
1.44238313040957e-07,-476000
1.44425160053851e-07,-475900
1.44612167200591e-07,-475800
1.4479933393613e-07,-475700
1.4498665973106e-07,-475600
1.45174144071597e-07,-475500
1.45361786459576e-07,-475400
1.45549586412423e-07,-475300
1.45737543463128e-07,-475200
1.45925657160194e-07,-475100
1.46113927067603e-07,-475000
1.46302352764739e-07,-474900
1.46490933846329e-07,-474800
1.46679669922362e-07,-474700
1.46868560618005e-07,-474600
1.470576055735e-07,-474500
1.47246804444067e-07,-474400
1.47436156899783e-07,-474300
1.47625662625466e-07,-474200
1.47815321320534e-07,-474100
1.48005132698878e-07,-474000
1.48195096488702e-07,-473900
1.48385212432372e-07,-473800
1.48575480286251e-07,-473700
1.48765899820525e-07,-473600
1.48956470819016e-07,-473500
1.49147193079006e-07,-473400
1.49338066411023e-07,-473300
1.49529090638652e-07,-473200
1.49720265598317e-07,-473100
1.49911591139055e-07,-473000
1.501030671223e-07,-472900
1.50294693421642e-07,-472800
1.50486469922592e-07,-472700
1.50678396522325e-07,-472600
1.50870473129438e-07,-472500
1.51062699663683e-07,-472400
1.51255076055697e-07,-472300
1.51447602246739e-07,-472200
1.51640278188401e-07,-472100
1.51833103842329e-07,-472000
1.52026079179936e-07,-471900
1.52219204182098e-07,-471800
1.52412478838859e-07,-471700
1.52605903149131e-07,-471600
1.52799477120371e-07,-471500
1.52993200768275e-07,-471400
1.5318707411646e-07,-471300
1.53381097196135e-07,-471200
1.53575270045779e-07,-471100
1.53769592710805e-07,-471000
1.5396406524323e-07,-470900
1.54158687701337e-07,-470800
1.54353460149332e-07,-470700
1.54548382657e-07,-470600
1.54743455299361e-07,-470500
1.54938678156317e-07,-470400
1.5513405131231e-07,-470300
1.55329574855959e-07,-470200
1.5552524887971e-07,-470100
1.5572107347948e-07,-470000
1.55917048754298e-07,-469900
1.56113174805945e-07,-469800
1.56309451738604e-07,-469700
1.56505879658481e-07,-469600
1.56702458673464e-07,-469500
1.56899188892752e-07,-469400
1.570960704265e-07,-469300
1.57293103385451e-07,-469200
1.57490287880582e-07,-469100
1.57687624022748e-07,-469000
1.57885111922312e-07,-468900
1.58082751688805e-07,-468800
1.58280543430558e-07,-468700
1.58478487254352e-07,-468600
1.58676583265068e-07,-468500
1.58874831565335e-07,-468400
1.59073232255187e-07,-468300
1.59271785431711e-07,-468200
1.59470491188715e-07,-468100
1.59669349616379e-07,-468000
1.59868360800927e-07,-467900
1.60067524824289e-07,-467800
1.60266841763779e-07,-467700
1.60466311691765e-07,-467600
1.6066593467535e-07,-467500
1.60865710776057e-07,-467400
1.61065640049513e-07,-467300
1.6126572254515e-07,-467200
1.61465958305897e-07,-467100
1.61666347367878e-07,-467000
1.6186688976013e-07,-466900
1.62067585504314e-07,-466800
1.62268434614425e-07,-466700
1.62469437096533e-07,-466600
1.62670592948499e-07,-466500
1.62871902159722e-07,-466400
1.63073364710875e-07,-466300
1.63274980573663e-07,-466200
1.63476749710572e-07,-466100
1.63678672074638e-07,-466000
1.63880747609213e-07,-465900
1.64082976247749e-07,-465800
1.64285357913573e-07,-465700
1.64487892519693e-07,-465600
1.64690579968581e-07,-465500
1.64893420151994e-07,-465400
1.65096412950784e-07,-465300
1.65299558234725e-07,-465200
1.65502855862334e-07,-465100
1.65706305680724e-07,-465000
1.65909907525445e-07,-464900
1.66113661220339e-07,-464800
1.66317566577405e-07,-464700
1.66521623396676e-07,-464600
1.66725831466099e-07,-464500
1.66930190561422e-07,-464400
1.67134700446099e-07,-464300
1.67339360871195e-07,-464200
1.67544171575303e-07,-464100
1.67749132284475e-07,-464000
1.6795424271215e-07,-463900
1.68159502559106e-07,-463800
1.68364911513403e-07,-463700
1.68570469250362e-07,-463600
1.68776175432526e-07,-463500
1.6898202970964e-07,-463400
1.69188031718647e-07,-463300
1.6939418108369e-07,-463200
1.69600477416116e-07,-463100
1.69806920314496e-07,-463000
1.70013509364656e-07,-462900
1.70220244139712e-07,-462800
1.70427124200116e-07,-462700
1.70634149093717e-07,-462600
1.7084131835582e-07,-462500
1.71048631509269e-07,-462400
1.7125608806452e-07,-462300
1.71463687519742e-07,-462200
1.71671429360922e-07,-462100
1.71879313061963e-07,-462000
1.72087338084822e-07,-461900
1.72295503879632e-07,-461800
1.72503809884826e-07,-461700
1.72712255527317e-07,-461600
1.72920840222625e-07,-461500
1.7312956337505e-07,-461400
1.73338424377854e-07,-461300
1.73547422613431e-07,-461200
1.73756557453513e-07,-461100
1.73965828259348e-07,-461000
1.74175234381925e-07,-460900
1.7438477516218e-07,-460800
1.74594449931227e-07,-460700
1.7480425801058e-07,-460600
1.75014198712399e-07,-460500
1.75224271339732e-07,-460400
1.75434475186774e-07,-460300
1.7564480953913e-07,-460200
1.75855273674071e-07,-460100
1.76065866860828e-07,-460000
1.76276588360865e-07,-459900
1.76487437428169e-07,-459800
1.76698413309545e-07,-459700
1.76909515244928e-07,-459600
1.77120742467687e-07,-459500
1.77332094204935e-07,-459400
1.77543569677857e-07,-459300
1.77755168102042e-07,-459200
1.77966888687804e-07,-459100
1.78178730640528e-07,-459000
1.78390693161016e-07,-458900
1.78602775445832e-07,-458800
1.78814976687653e-07,-458700
1.79027296075642e-07,-458600
1.79239732795785e-07,-458500
1.7945228603129e-07,-458400
1.79664954962933e-07,-458300
1.79877738769448e-07,-458200
1.80090636627901e-07,-458100
1.80303647714078e-07,-458000
1.80516771202862e-07,-457900
1.80730006268632e-07,-457800
1.80943352085648e-07,-457700
1.81156807828456e-07,-457600
1.81370372672273e-07,-457500
1.81584045793395e-07,-457400
1.81797826369596e-07,-457300
1.82011713580538e-07,-457200
1.82225706608161e-07,-457100
1.82439804637115e-07,-457000
1.82654006855136e-07,-456900
1.82868312453486e-07,-456800
1.83082720627343e-07,-456700
1.83297230576219e-07,-456600
1.83511841504369e-07,-456500
1.83726552621203e-07,-456400
1.83941363141693e-07,-456300
1.8415627228679e-07,-456200
1.84371279283826e-07,-456100
1.84586383366933e-07,-456000
1.84801583777441e-07,-455900
1.85016879764289e-07,-455800
1.85232270584433e-07,-455700
1.85447755503247e-07,-455600
1.8566333379493e-07,-455500
1.85879004742892e-07,-455400
1.86094767640173e-07,-455300
1.86310621789822e-07,-455200
1.86526566505291e-07,-455100
1.86742601110837e-07,-455000
1.86958724941892e-07,-454900
1.87174937345466e-07,-454800
1.87391237680502e-07,-454700
1.87607625318273e-07,-454600
1.87824099642752e-07,-454500
1.88040660050966e-07,-454400
1.88257305953382e-07,-454300
1.88474036774239e-07,-454200
1.88690851951934e-07,-454100
1.88907750939346e-07,-454000
1.89124733204199e-07,-453900
1.89341798229391e-07,-453800
1.89558945513334e-07,-453700
1.89776174570281e-07,-453600
1.89993484930655e-07,-453500
1.90210876141354e-07,-453400
1.90428347766076e-07,-453300
1.90645899385623e-07,-453200
1.90863530598185e-07,-453100
1.91081241019658e-07,-453000
1.91299030283903e-07,-452900
1.9151689804305e-07,-452800
1.9173484396775e-07,-452700
1.91952867747452e-07,-452600
1.92170969090665e-07,-452500
1.92389147725189e-07,-452400
1.92607403398386e-07,-452300
1.92825735877391e-07,-452200
1.93044144949352e-07,-452100
1.93262630421658e-07,-452000
1.93481192122138e-07,-451900
1.93699829899264e-07,-451800
1.93918543622367e-07,-451700
1.94137333181804e-07,-451600
1.94356198489147e-07,-451500
1.94575139477356e-07,-451400
1.94794156100944e-07,-451300
1.95013248336122e-07,-451200
1.95232416180955e-07,-451100
1.95451659655501e-07,-451000
1.95670978801925e-07,-450900
1.95890373684636e-07,-450800
1.96109844390387e-07,-450700
1.96329391028391e-07,-450600
1.96549013730391e-07,-450500
1.96768712650765e-07,-450400
1.96988487966597e-07,-450300
1.97208339877739e-07,-450200
1.97428268606868e-07,-450100
1.97648274399538e-07,-450000
1.97868357524214e-07,-449900
1.98088518272311e-07,-449800
1.98308756958203e-07,-449700
1.98529073919243e-07,-449600
1.98749469515762e-07,-449500
1.98969944131064e-07,-449400
1.99190498171406e-07,-449300
1.99411132065979e-07,-449200
1.99631846266867e-07,-449100
1.99852641249011e-07,-449000
2.0007351751015e-07,-448900
2.00294475570766e-07,-448800
2.00515515974003e-07,-448700
2.00736639285603e-07,-448600
2.00957846093803e-07,-448500
2.01179137009247e-07,-448400
2.01400512664874e-07,-448300
2.01621973715813e-07,-448200
2.01843520839238e-07,-448100
2.02065154734263e-07,-448000
2.02286876121781e-07,-447900
2.02508685744323e-07,-447800
2.02730584365898e-07,-447700
2.02952572771823e-07,-447600
2.03174651768558e-07,-447500
2.03396822183511e-07,-447400
2.03619084864856e-07,-447300
2.03841440681327e-07,-447200
2.04063890522016e-07,-447100
2.04286435296155e-07,-447000
2.04509075932897e-07,-446900
2.04731813381075e-07,-446800
2.04954648608977e-07,-446700
2.05177582604093e-07,-446600
2.05400616372858e-07,-446500
2.05623750940403e-07,-446400
2.05846987350279e-07,-446300
2.06070326664182e-07,-446200
2.06293769961679e-07,-446100
2.06517318339911e-07,-446000
2.06740972913304e-07,-445900
2.06964734813266e-07,-445800
2.07188605187875e-07,-445700
2.07412585201576e-07,-445600
2.07636676034848e-07,-445500
2.07860878883881e-07,-445400
2.08085194960254e-07,-445300
2.08309625490586e-07,-445200
2.08534171716194e-07,-445100
2.08758834892752e-07,-445000
2.08983616289927e-07,-444900
2.0920851719102e-07,-444800
2.09433538892617e-07,-444700
2.09658682704199e-07,-444600
2.09883949947784e-07,-444500
2.10109341957538e-07,-444400
2.10334860079404e-07,-444300
2.10560505670701e-07,-444200
2.10786280099743e-07,-444100
2.1101218474544e-07,-444000
2.11238220996907e-07,-443900
2.11464390253043e-07,-443800
2.11690693922151e-07,-443700
2.11917133421501e-07,-443600
2.12143710176948e-07,-443500
2.12370425622485e-07,-443400
2.12597281199854e-07,-443300
2.12824278358105e-07,-443200
2.13051418553181e-07,-443100
2.13278703247489e-07,-443000
2.13506133909486e-07,-442900
2.13733712013222e-07,-442800
2.13961439037935e-07,-442700
2.1418931646761e-07,-442600
2.14417345790526e-07,-442500
2.14645528498852e-07,-442400
2.14873866088187e-07,-442300
2.15102360057123e-07,-442200
2.15331011906813e-07,-442100
2.15559823140531e-07,-442000
2.15788795263223e-07,-441900
2.1601792978107e-07,-441800
2.16247228201053e-07,-441700
2.16476692030503e-07,-441600
2.16706322776662e-07,-441500
2.16936121946241e-07,-441400
2.17166091044974e-07,-441300
2.17396231577201e-07,-441200
2.17626545045391e-07,-441100
2.17857032949731e-07,-441000
2.18087696787681e-07,-440900
2.18318538053525e-07,-440800
2.18549558237956e-07,-440700
2.18780758827619e-07,-440600
2.19012141304704e-07,-440500
2.19243707146479e-07,-440400
2.194754578249e-07,-440300
2.19707394806157e-07,-440200
2.19939519550251e-07,-440100
2.20171833510578e-07,-440000
2.20404338133507e-07,-439900
2.20637034857959e-07,-439800
2.20869925114985e-07,-439700
2.21103010327367e-07,-439600
2.21336291909192e-07,-439500
2.21569771265456e-07,-439400
2.21803449791653e-07,-439300
2.22037328873371e-07,-439200
2.2227140988591e-07,-439100
2.22505694193863e-07,-439000
2.22740183150743e-07,-438900
2.22974878098597e-07,-438800
2.23209780367606e-07,-438700
2.23444891275724e-07,-438600
2.23680212128289e-07,-438500
2.23915744217657e-07,-438400
2.24151488822837e-07,-438300
2.24387447209126e-07,-438200
2.24623620627745e-07,-438100
2.24860010315496e-07,-438000
2.25096617494403e-07,-437900
2.25333443371372e-07,-437800
2.25570489137854e-07,-437700
2.258077559695e-07,-437600
2.26045245025843e-07,-437500
2.26282957449966e-07,-437400
2.26520894368186e-07,-437300
2.26759056889734e-07,-437200
2.26997446106453e-07,-437100
2.2723606309249e-07,-437000
2.27474908904002e-07,-436900
2.27713984578857e-07,-436800
2.27953291136351e-07,-436700
2.28192829576929e-07,-436600
2.28432600881905e-07,-436500
2.28672606013197e-07,-436400
2.28912845913056e-07,-436300
2.29153321503823e-07,-436200
2.29394033687653e-07,-436100
2.29634983346297e-07,-436000
2.29876171340847e-07,-435900
2.30117598511503e-07,-435800
2.30359265677352e-07,-435700
2.30601173636144e-07,-435600
2.30843323164074e-07,-435500
2.31085715015588e-07,-435400
2.31328349923167e-07,-435300
2.31571228597144e-07,-435200
2.31814351725502e-07,-435100
2.32057719973707e-07,-435000
2.32301333984525e-07,-434900
2.32545194377861e-07,-434800
2.32789301750589e-07,-434700
2.33033656676401e-07,-434600
2.33278259705663e-07,-434500
2.33523111365274e-07,-434400
2.33768212158525e-07,-434300
2.34013562564981e-07,-434200
2.34259163040347e-07,-434100
2.34505014016383e-07,-434000
2.34751115900763e-07,-433900
2.34997469076998e-07,-433800
2.35244073904342e-07,-433700
2.354909307177e-07,-433600
2.35738039827562e-07,-433500
2.35985401519913e-07,-433400
2.36233016056192e-07,-433300
2.36480883673218e-07,-433200
2.36729004583152e-07,-433100
2.36977378973446e-07,-433000
2.37226007006817e-07,-432900
2.37474888821209e-07,-432800
2.3772402452979e-07,-432700
2.37973414220914e-07,-432600
2.38223057958144e-07,-432500
2.38472955780218e-07,-432400
2.38723107701092e-07,-432300
2.38973513709937e-07,-432200
2.39224173771164e-07,-432100
2.39475087824454e-07,-432000
2.39726255784798e-07,-431900
2.39977677542547e-07,-431800
2.40229352963447e-07,-431700
2.40481281888716e-07,-431600
2.40733464135097e-07,-431500
2.40985899494946e-07,-431400
2.41238587736286e-07,-431300
2.41491528602929e-07,-431200
2.4174472181455e-07,-431100
2.41998167066788e-07,-431000
2.42251864031359e-07,-430900
2.42505812356185e-07,-430800
2.42760011665497e-07,-430700
2.43014461559977e-07,-430600
2.43269161616891e-07,-430500
2.4352411139024e-07,-430400
2.43779310410902e-07,-430300
2.44034758186804e-07,-430200
2.4429045420307e-07,-430100
2.44546397922212e-07,-430000
2.44802588784294e-07,-429900
2.45059026207131e-07,-429800
2.45315709586472e-07,-429700
2.45572638296208e-07,-429600
2.4582981168857e-07,-429500
2.46087229094357e-07,-429400
2.46344889823139e-07,-429300
2.46602793163496e-07,-429200
2.46860938383248e-07,-429100
2.47119324729693e-07,-429000
2.47377951429862e-07,-428900
2.4763681769076e-07,-428800
2.47895922699637e-07,-428700
2.48155265624251e-07,-428600
2.48414845613136e-07,-428500
2.4867466179589e-07,-428400
2.48934713283445e-07,-428300
2.4919499916838e-07,-428200
2.49455518525204e-07,-428100
2.49716270410662e-07,-428000
2.49977253864046e-07,-427900
2.50238467907514e-07,-427800
2.50499911546408e-07,-427700
2.50761583769586e-07,-427600
2.5102348354975e-07,-427500
2.51285609843787e-07,-427400
2.51547961593125e-07,-427300
2.51810537724064e-07,-427200
2.52073337148146e-07,-427100
2.52336358762519e-07,-427000
2.52599601450295e-07,-426900
2.52863064080927e-07,-426800
2.53126745510586e-07,-426700
2.53390644582553e-07,-426600
2.53654760127586e-07,-426500
2.5391909096434e-07,-426400
2.54183635899742e-07,-426300
2.5444839372941e-07,-426200
2.54713363238051e-07,-426100
2.54978543199879e-07,-426000
2.55243932379035e-07,-425900
2.55509529529996e-07,-425800
2.55775333398014e-07,-425700
2.56041342719541e-07,-425600
2.56307556222665e-07,-425500
2.56573972627544e-07,-425400
2.56840590646861e-07,-425300
2.57107408986256e-07,-425200
2.57374426344785e-07,-425100
2.57641641415366e-07,-425000
2.57909052885254e-07,-424900
2.58176659436482e-07,-424800
2.58444459746335e-07,-424700
2.5871245248782e-07,-424600
2.5898063633013e-07,-424500
2.59249009939127e-07,-424400
2.59517571977804e-07,-424300
2.59786321106786e-07,-424200
2.60055255984789e-07,-424100
2.60324375269119e-07,-424000
2.60593677616159e-07,-423900
2.60863161681852e-07,-423800
2.61132826122189e-07,-423700
2.61402669593717e-07,-423600
2.61672690754017e-07,-423500
2.61942888262216e-07,-423400
2.62213260779469e-07,-423300
2.62483806969475e-07,-423200
2.62754525498965e-07,-423100
2.63025415038217e-07,-423000
2.63296474261539e-07,-422900
2.63567701847792e-07,-422800
2.63839096480891e-07,-422700
2.64110656850295e-07,-422600
2.64382381651534e-07,-422500
2.64654269586697e-07,-422400
2.64926319364943e-07,-422300
2.65198529703013e-07,-422200
2.65470899325722e-07,-422100
2.65743426966476e-07,-422000
2.6601611136776e-07,-421900
2.66288951281667e-07,-421800
2.66561945470367e-07,-421700
2.66835092706636e-07,-421600
2.67108391774331e-07,-421500
2.67381841468915e-07,-421400
2.67655440597937e-07,-421300
2.67929187981514e-07,-421200
2.68203082452854e-07,-421100
2.6847712285872e-07,-421000
2.68751308059933e-07,-420900
2.69025636931844e-07,-420800
2.69300108364835e-07,-420700
2.69574721264777e-07,-420600
2.69849474553523e-07,-420500
2.70124367169368e-07,-420400
2.70399398067533e-07,-420300
2.70674566220614e-07,-420200
2.70949870619062e-07,-420100
2.71225310271623e-07,-420000
2.71500884205805e-07,-419900
2.71776591468318e-07,-419800
2.72052431125525e-07,-419700
2.72328402263881e-07,-419600
2.72604503990361e-07,-419500
2.72880735432898e-07,-419400
2.73157095740805e-07,-419300
2.73433584085183e-07,-419200
2.73710199659355e-07,-419100
2.73986941679251e-07,-419000
2.74263809383816e-07,-418900
2.74540802035415e-07,-418800
2.74817918920206e-07,-418700
2.75095159348529e-07,-418600
2.75372522655278e-07,-418500
2.75650008200258e-07,-418400
2.75927615368571e-07,-418300
2.76205343570942e-07,-418200
2.7648319224407e-07,-418100
2.7676116085098e-07,-418000
2.77039248881327e-07,-417900
2.77317455851741e-07,-417800
2.77595781306114e-07,-417700
2.77874224815935e-07,-417600
2.78152785980547e-07,-417500
2.78431464427471e-07,-417400
2.78710259812652e-07,-417300
2.78989171820751e-07,-417200
2.79268200165383e-07,-417100
2.79547344589382e-07,-417000
2.79826604865025e-07,-416900
2.80105980794275e-07,-416800
2.80385472208996e-07,-416700
2.80665078971149e-07,-416600
2.80944800973013e-07,-416500
2.81224638137351e-07,-416400
2.81504590417606e-07,-416300
2.81784657798052e-07,-416200
2.82064840293958e-07,-416100
2.82345137951731e-07,-416000
2.82625550849044e-07,-415900
2.82906079094968e-07,-415800
2.83186722830069e-07,-415700
2.83467482226518e-07,-415600
2.83748357488171e-07,-415500
2.84029348850646e-07,-415400
2.84310456581383e-07,-415300
2.84591680979701e-07,-415200
2.84873022376831e-07,-415100
2.85154481135946e-07,-415000
2.85436057652167e-07,-414900
2.85717752352573e-07,-414800
2.85999565696183e-07,-414700
2.86281498173943e-07,-414600
2.86563550308673e-07,-414500
2.86845722655028e-07,-414400
2.87128015799428e-07,-414300
2.87410430359996e-07,-414200
2.8769296698645e-07,-414100
2.87975626360017e-07,-414000
2.88258409193307e-07,-413900
2.88541316230191e-07,-413800
2.88824348245663e-07,-413700
2.89107506045662e-07,-413600
2.89390790466944e-07,-413500
2.89674202376858e-07,-413400
2.89957742673183e-07,-413300
2.90241412283894e-07,-413200
2.90525212166959e-07,-413100
2.90809143310099e-07,-413000
2.91093206730531e-07,-412900
2.91377403474713e-07,-412800
2.91661734618067e-07,-412700
2.91946201264687e-07,-412600
2.92230804547044e-07,-412500
2.92515545625657e-07,-412400
2.92800425688772e-07,-412300
2.93085445952023e-07,-412200
2.93370607658066e-07,-412100
2.93655912076222e-07,-412000
2.93941360502073e-07,-411900
2.94226954257107e-07,-411800
2.94512694688257e-07,-411700
2.94798583167527e-07,-411600
2.95084621091526e-07,-411500
2.95370809881038e-07,-411400
2.9565715098056e-07,-411300
2.95943645857825e-07,-411200
2.96230296003317e-07,-411100
2.96517102929789e-07,-411000
2.96804068171716e-07,-410900
2.97091193284838e-07,-410800
2.97378479845559e-07,-410700
2.9766592945044e-07,-410600
2.97953543715646e-07,-410500
2.98241324276346e-07,-410400
2.98529272786174e-07,-410300
2.98817390916603e-07,-410200
2.99105680356371e-07,-410100
2.99394142810849e-07,-410000
2.99682780001425e-07,-409900
2.99971593664871e-07,-409800
3.00260585552697e-07,-409700
3.00549757430508e-07,-409600
3.00839111077309e-07,-409500
3.01128648284878e-07,-409400
3.01418370857038e-07,-409300
3.01708280608995e-07,-409200
3.01998379366619e-07,-409100
3.02288668965744e-07,-409000
3.02579151251442e-07,-408900
3.02869828077308e-07,-408800
3.03160701304712e-07,-408700
3.0345177280206e-07,-408600
3.03743044444043e-07,-408500
3.04034518110892e-07,-408400
3.04326195687593e-07,-408300
3.04618079063128e-07,-408200
3.04910170129695e-07,-408100
3.05202470781925e-07,-408000
3.05494982916095e-07,-407900
3.05787708429321e-07,-407800
3.06080649218775e-07,-407700
3.06373807180864e-07,-407600
3.06667184210433e-07,-407500
3.06960782199935e-07,-407400
3.07254603038629e-07,-407300
3.07548648611747e-07,-407200
3.07842920799674e-07,-407100
3.0813742147712e-07,-407000
3.08432152512281e-07,-406900
3.08727115766013e-07,-406800
3.09022313090997e-07,-406700
3.0931774633089e-07,-406600
3.09613417319503e-07,-406500
3.09909327879957e-07,-406400
3.10205479823825e-07,-406300
3.10501874950321e-07,-406200
3.10798515045428e-07,-406100
3.11095401881084e-07,-406000
3.11392537214328e-07,-405900
3.11689922786466e-07,-405800
3.11987560322229e-07,-405700
3.12285451528952e-07,-405600
3.12583598095716e-07,-405500
3.12882001692546e-07,-405400
3.13180663969568e-07,-405300
3.13479586556183e-07,-405200
3.13778771060252e-07,-405100
3.1407821906728e-07,-405000
3.14377932139599e-07,-404900
3.14677911815569e-07,-404800
3.14978159608769e-07,-404700
3.15278677007204e-07,-404600
3.15579465472505e-07,-404500
3.15880526439165e-07,-404400
3.16181861313737e-07,-404300
3.1648347147408e-07,-404200
3.16785358268594e-07,-404100
3.17087523015451e-07,-404000
3.17389967001867e-07,-403900
3.17692691483344e-07,-403800
3.17995697682955e-07,-403700
3.18298986790614e-07,-403600
3.18602559962357e-07,-403500
3.18906418319663e-07,-403400
3.19210562948747e-07,-403300
3.1951499489987e-07,-403200
3.1981971518669e-07,-403100
3.20124724785589e-07,-403000
3.20430024635027e-07,-402900
3.20735615634915e-07,-402800
3.21041498645983e-07,-402700
3.2134767448917e-07,-402600
3.21654143945028e-07,-402500
3.21960907753149e-07,-402400
3.22267966611575e-07,-402300
3.2257532117625e-07,-402200
3.22882972060487e-07,-402100
3.23190919834417e-07,-402000
3.23499165024502e-07,-401900
3.23807708113015e-07,-401800
3.24116549537576e-07,-401700
3.24425689690662e-07,-401600
3.24735128919184e-07,-401500
3.25044867524023e-07,-401400
3.25354905759633e-07,-401300
3.25665243833634e-07,-401200
3.25975881906419e-07,-401100
3.26286820090792e-07,-401000
3.26598058451623e-07,-400900
3.2690959700551e-07,-400800
3.27221435720459e-07,-400700
3.27533574515604e-07,-400600
3.27846013260911e-07,-400500
3.28158751776932e-07,-400400
3.28471789834563e-07,-400300
3.28785127154806e-07,-400200
3.29098763408594e-07,-400100
3.29412698216592e-07,-400000
3.29726931149025e-07,-399900
3.30041461725558e-07,-399800
3.30356289415155e-07,-399700
3.30671413635975e-07,-399600
3.30986833755296e-07,-399500
3.31302549089451e-07,-399400
3.31618558903772e-07,-399300
3.31934862412589e-07,-399200
3.32251458779213e-07,-399100
3.32568347115949e-07,-399000
3.32885526484161e-07,-398900
3.33202995894299e-07,-398800
3.33520754306006e-07,-398700
3.33838800628212e-07,-398600
3.34157133719255e-07,-398500
3.34475752387021e-07,-398400
3.34794655389127e-07,-398300
3.35113841433085e-07,-398200
3.35433309176529e-07,-398100
3.35753057227431e-07,-398000
3.3607308414436e-07,-397900
3.36393388436744e-07,-397800
3.36713968565174e-07,-397700
3.37034822941711e-07,-397600
3.37355949930216e-07,-397500
3.37677347846715e-07,-397400
3.37999014959773e-07,-397300
3.38320949490884e-07,-397200
3.38643149614907e-07,-397100
3.38965613460479e-07,-397000
3.39288339110505e-07,-396900
3.39611324602608e-07,-396800
3.39934567929658e-07,-396700
3.40258067040265e-07,-396600
3.40581819839351e-07,-396500
3.40905824188685e-07,-396400
3.41230077907475e-07,-396300
3.4155457877297e-07,-396200
3.41879324521076e-07,-396100
3.42204312847005e-07,-396000
3.42529541405922e-07,-395900
3.42855007813619e-07,-395800
3.43180709647237e-07,-395700
3.43506644445958e-07,-395600
3.43832809711749e-07,-395500
3.44159202910097e-07,-395400
3.44485821470811e-07,-395300
3.44812662788778e-07,-395200
3.45139724224786e-07,-395100
3.45467003106341e-07,-395000
3.45794496728491e-07,-394900
3.46122202354708e-07,-394800
3.46450117217747e-07,-394700
3.46778238520529e-07,-394600
3.47106563437037e-07,-394500
3.47435089113268e-07,-394400
3.47763812668114e-07,-394300
3.48092731194368e-07,-394200
3.48421841759639e-07,-394100
3.48751141407355e-07,-394000
3.49080627157742e-07,-393900
3.49410296008835e-07,-393800
3.49740144937498e-07,-393700
3.50070170900425e-07,-393600
3.50400370835226e-07,-393500
3.5073074166144e-07,-393400
3.51061280281627e-07,-393300
3.51391983582425e-07,-393200
3.51722848435653e-07,-393100
3.52053871699393e-07,-393000
3.52385050219103e-07,-392900
3.5271638082874e-07,-392800
3.5304786035186e-07,-392700
3.53379485602792e-07,-392600
3.53711253387741e-07,-392500
3.54043160505956e-07,-392400
3.5437520375089e-07,-392300
3.54707379911348e-07,-392200
3.55039685772671e-07,-392100
3.55372118117911e-07,-392000
3.55704673729003e-07,-391900
3.56037349387959e-07,-391800
3.56370141878059e-07,-391700
3.56703047985029e-07,-391600
3.5703606449828e-07,-391500
3.57369188212063e-07,-391400
3.57702415926706e-07,-391300
3.58035744449802e-07,-391200
3.5836917059743e-07,-391100
3.5870269119536e-07,-391000
3.59036303080255e-07,-390900
3.59370003100899e-07,-390800
3.59703788119399e-07,-390700
3.60037655012391e-07,-390600
3.60371600672247e-07,-390500
3.60705622008292e-07,-390400
3.61039715948013e-07,-390300
3.61373879438239e-07,-390200
3.61708109446357e-07,-390100
3.6204240296152e-07,-390000
3.62376756995804e-07,-389900
3.62711168585428e-07,-389800
3.63045634791919e-07,-389700
3.63380152703285e-07,-389600
3.6371471943521e-07,-389500
3.6404933213219e-07,-389400
3.64383987968709e-07,-389300
3.64718684150371e-07,-389200
3.65053417915069e-07,-389100
3.65388186534097e-07,-389000
3.6572298731327e-07,-388900
3.66057817594064e-07,-388800
3.66392674754699e-07,-388700
3.66727556211253e-07,-388600
3.67062459418732e-07,-388500
3.67397381872143e-07,-388400
3.67732321107582e-07,-388300
3.68067274703251e-07,-388200
3.6840224028051e-07,-388100
3.68737215504911e-07,-388000
3.69072198087194e-07,-387900
3.69407185784295e-07,-387800
3.69742176400337e-07,-387700
3.70077167787569e-07,-387600
3.7041215784736e-07,-387500
3.7074714453112e-07,-387400
3.71082125841205e-07,-387300
3.71417099831865e-07,-387200
3.717520646101e-07,-387100
3.72087018336548e-07,-387000
3.72421959226337e-07,-386900
3.72756885549937e-07,-386800
3.73091795633959e-07,-386700
3.73426687861982e-07,-386600
3.73761560675307e-07,-386500
3.74096412573765e-07,-386400
3.74431242116412e-07,-386300
3.74766047922298e-07,-386200
3.75100828671146e-07,-386100
3.75435583104048e-07,-386000
3.75770310024134e-07,-385900
3.76105008297205e-07,-385800
3.76439676852372e-07,-385700
3.76774314682639e-07,-385600
3.77108920845494e-07,-385500
3.77443494463466e-07,-385400
3.77778034724667e-07,-385300
3.78112540883296e-07,-385200
3.78447012260113e-07,-385100
3.78781448242959e-07,-385000
3.79115848287149e-07,-384900
3.79450211915908e-07,-384800
3.79784538720788e-07,-384700
3.80118828362015e-07,-384600
3.80453080568862e-07,-384500
3.80787295139967e-07,-384400
3.81121471943623e-07,-384300
3.81455610918078e-07,-384200
3.81789712071773e-07,-384100
3.82123775483578e-07,-384000
3.82457801302991e-07,-383900
3.82791789750321e-07,-383800
3.83125741116855e-07,-383700
3.83459655764955e-07,-383600
3.83793534128198e-07,-383500
3.84127376711429e-07,-383400
3.84461184090834e-07,-383300
3.8479495691396e-07,-383200
3.8512869589973e-07,-383100
3.85462401838388e-07,-383000
3.85796075591497e-07,-382900
3.86129718091842e-07,-382800
3.86463330343333e-07,-382700
3.86796913420893e-07,-382600
3.87130468470288e-07,-382500
3.87463996707999e-07,-382400
3.87797499420961e-07,-382300
3.88130977966391e-07,-382200
3.88464433771521e-07,-382100
3.88797868333314e-07,-382000
3.89131283218195e-07,-381900
3.89464680061689e-07,-381800
3.89798060568107e-07,-381700
3.90131426510156e-07,-381600
3.90464779728535e-07,-381500
3.90798122131546e-07,-381400
3.91131455694603e-07,-381300
3.91464782459811e-07,-381200
3.91798104535422e-07,-381100
3.92131424095372e-07,-381000
3.92464743378674e-07,-380900
3.92798064688927e-07,-380800
3.93131390393686e-07,-380700
3.93464722923834e-07,-380600
3.93798064773008e-07,-380500
3.94131418496889e-07,-380400
3.94464786712553e-07,-380300
3.94798172097755e-07,-380200
3.95131577390226e-07,-380100
3.95465005386912e-07,-380000
3.95798458943221e-07,-379900
3.96131940972223e-07,-379800
3.96465454443869e-07,-379700
3.96799002384148e-07,-379600
3.97132587874226e-07,-379500
3.97466214049615e-07,-379400
3.97799884099253e-07,-379300
3.98133601264622e-07,-379200
3.98467368838812e-07,-379100
3.98801190165579e-07,-379000
3.99135068638393e-07,-378900
3.99469007699443e-07,-378800
3.99803010838656e-07,-378700
4.00137081592687e-07,-378600
4.0047122354386e-07,-378500
4.00805440319157e-07,-378400
4.01139735589136e-07,-378300
4.01474113066854e-07,-378200
4.01808576506778e-07,-378100
4.02143129703672e-07,-378000
4.02477776491484e-07,-377900
4.02812520742189e-07,-377800
4.03147366364666e-07,-377700
4.03482317303515e-07,-377600
4.03817377537869e-07,-377500
4.04152551080243e-07,-377400
4.044878419753e-07,-377300
4.04823254298654e-07,-377200
4.05158792155626e-07,-377100
4.05494459680042e-07,-377000
4.05830261032961e-07,-376900
4.06166200401442e-07,-376800
4.06502281997251e-07,-376700
4.06838510055619e-07,-376600
4.07174888833937e-07,-376500
4.07511422610488e-07,-376400
4.07848115683131e-07,-376300
4.08184972368007e-07,-376200
4.08521996998226e-07,-376100
4.08859193922559e-07,-376000
4.09196567504084e-07,-375900
4.09534122118908e-07,-375800
4.0987186215479e-07,-375700
4.10209792009831e-07,-375600
4.10547916091113e-07,-375500
4.10886238813375e-07,-375400
4.11224764597655e-07,-375300
4.11563497869935e-07,-375200
4.11902443059796e-07,-375100
4.12241604599074e-07,-375000
4.12580986920479e-07,-374900
4.12920594456275e-07,-374800
4.13260431636891e-07,-374700
4.13600502889594e-07,-374600
4.13940812637111e-07,-374500
4.14281365296292e-07,-374400
4.14622165276759e-07,-374300
4.14963216979542e-07,-374200
4.15304524795757e-07,-374100
4.15646093105225e-07,-374000
4.15987926275176e-07,-373900
4.16330028658878e-07,-373800
4.16672404594327e-07,-373700
4.17015058402902e-07,-373600
4.17357994388052e-07,-373500
4.17701216833998e-07,-373400
4.18044730004378e-07,-373300
4.18388538140985e-07,-373200
4.18732645462463e-07,-373100
4.19077056162996e-07,-373000
4.19421774411041e-07,-372900
4.19766804348062e-07,-372800
4.20112150087256e-07,-372700
4.20457815712293e-07,-372600
4.20803805276066e-07,-372500
4.21150122799491e-07,-372400
4.21496772270228e-07,-372300
4.21843757641495e-07,-372200
4.22191082830866e-07,-372100
4.22538751719055e-07,-372000
4.22886768148752e-07,-371900
4.23235135923458e-07,-371800
4.23583858806296e-07,-371700
4.23932940518905e-07,-371600
4.24282384740282e-07,-371500
4.24632195105677e-07,-371400
4.24982375205466e-07,-371300
4.25332928584093e-07,-371200
4.25683858738964e-07,-371100
4.26035169119408e-07,-371000
4.26386863125609e-07,-370900
4.26738944107587e-07,-370800
4.27091415364187e-07,-370700
4.27444280142051e-07,-370600
4.27797541634675e-07,-370500
4.28151202981406e-07,-370400
4.28505267266509e-07,-370300
4.2885973751822e-07,-370200
4.29214616707849e-07,-370100
4.29569907748853e-07,-370000
4.29925613495982e-07,-369900
4.30281736744396e-07,-369800
4.30638280228814e-07,-369700
4.30995246622704e-07,-369600
4.31352638537471e-07,-369500
4.31710458521654e-07,-369400
4.32068709060146e-07,-369300
4.3242739257349e-07,-369200
4.32786511417073e-07,-369100
4.33146067880474e-07,-369000
4.33506064186737e-07,-368900
4.33866502491696e-07,-368800
4.34227384883341e-07,-368700
4.34588713381163e-07,-368600
4.3495048993554e-07,-368500
4.3531271642715e-07,-368400
4.35675394666405e-07,-368300
4.36038526392874e-07,-368200
4.36402113274754e-07,-368100
4.36766156908387e-07,-368000
4.37130658817724e-07,-367900
4.37495620453886e-07,-367800
4.378610431947e-07,-367700
4.3822692834427e-07,-367600
4.38593277132575e-07,-367500
4.38960090715076e-07,-367400
4.39327370172347e-07,-367300
4.39695116509729e-07,-367200
4.40063330657026e-07,-367100
4.4043201346817e-07,-367000
4.40801165720958e-07,-366900
4.41170788116795e-07,-366800
4.41540881280434e-07,-366700
4.41911445759789e-07,-366600
4.42282482025704e-07,-366500
4.42653990471791e-07,-366400
4.43025971414289e-07,-366300
4.43398425091898e-07,-366200
4.43771351665693e-07,-366100
4.44144751219031e-07,-366000
4.44518623757439e-07,-365900
4.44892969208634e-07,-365800
4.45267787422421e-07,-365700
4.45643078170725e-07,-365600
4.46018841147596e-07,-365500
4.46395075969233e-07,-365400
4.46771782174034e-07,-365300
4.47148959222675e-07,-365200
4.47526606498196e-07,-365100
4.47904723306124e-07,-365000
4.48283308874584e-07,-364900
4.48662362354481e-07,-364800
4.49041882819621e-07,-364700
4.49421869266973e-07,-364600
4.49802320616809e-07,-364500
4.5018323571297e-07,-364400
4.50564613323121e-07,-364300
4.50946452138984e-07,-364200
4.51328750776663e-07,-364100
4.51711507776915e-07,-364000
4.52094721605492e-07,-363900
4.52478390653472e-07,-363800
4.52862513237618e-07,-363700
4.53247087600775e-07,-363600
4.53632111912231e-07,-363500
4.54017584268151e-07,-363400
4.5440350269199e-07,-363300
4.54789865134972e-07,-363200
4.55176669476492e-07,-363100
4.55563913524664e-07,-363000
4.55951595016766e-07,-362900
4.56339711619779e-07,-362800
4.56728260930904e-07,-362700
4.57117240478099e-07,-362600
4.57506647720651e-07,-362500
4.57896480049751e-07,-362400
4.58286734789069e-07,-362300
4.58677409195371e-07,-362200
4.59068500459127e-07,-362100
4.59460005705163e-07,-362000
4.59851921993279e-07,-361900
4.60244246318947e-07,-361800
4.60636975613934e-07,-361700
4.61030106747056e-07,-361600
4.61423636524823e-07,-361500
4.61817561692175e-07,-361400
4.6221187893322e-07,-361300
4.62606584871952e-07,-361200
4.63001676073011e-07,-361100
4.63397149042458e-07,-361000
4.63793000228524e-07,-360900
4.64189226022422e-07,-360800
4.64585822759129e-07,-360700
4.64982786718197e-07,-360600
4.6538011412458e-07,-360500
4.6577780114945e-07,-360400
4.66175843911052e-07,-360300
4.66574238475533e-07,-360200
4.66972980857818e-07,-360100
4.67372067022491e-07,-360000
4.67771492884613e-07,-359900
4.68171254310696e-07,-359800
4.68571347119514e-07,-359700
4.68971767083066e-07,-359600
4.69372509927456e-07,-359500
4.69773571333821e-07,-359400
4.70174946939265e-07,-359300
4.70576632337779e-07,-359200
4.70978623081187e-07,-359100
4.71380914680106e-07,-359000
4.71783502604875e-07,-358900
4.72186382286544e-07,-358800
4.72589549117828e-07,-358700
4.72992998454081e-07,-358600
4.73396725614259e-07,-358500
4.73800725881943e-07,-358400
4.74204994506288e-07,-358300
4.7460952670304e-07,-358200
4.75014317655534e-07,-358100
4.75419362515676e-07,-358000
4.75824656404984e-07,-357900
4.76230194415567e-07,-357800
4.76635971611168e-07,-357700
4.77041983028157e-07,-357600
4.77448223676587e-07,-357500
4.77854688541173e-07,-357400
4.78261372582374e-07,-357300
4.7866827073737e-07,-357200
4.7907537792114e-07,-357100
4.79482689027476e-07,-357000
4.79890198930015e-07,-356900
4.802979024833e-07,-356800
4.80705794523803e-07,-356700
4.81113869870985e-07,-356600
4.81522123328312e-07,-356500
4.8193054968434e-07,-356400
4.82339143713722e-07,-356300
4.82747900178274e-07,-356200
4.83156813828037e-07,-356100
4.8356587940229e-07,-356000
4.83975091630637e-07,-355900
4.84384445234005e-07,-355800
4.84793934925747e-07,-355700
4.85203555412661e-07,-355600
4.85613301396033e-07,-355500
4.86023167572681e-07,-355400
4.86433148636037e-07,-355300
4.86843239277146e-07,-355200
4.87253434185721e-07,-355100
4.87663728051205e-07,-355000
4.88074115563799e-07,-354900
4.88484591415484e-07,-354800
4.88895150301099e-07,-354700
4.89305786919324e-07,-354600
4.89716495973753e-07,-354500
4.90127272173917e-07,-354400
4.90538110236298e-07,-354300
4.90949004885378e-07,-354200
4.91359950854631e-07,-354100
4.91770942887581e-07,-354000
4.92181975738795e-07,-353900
4.92593044174896e-07,-353800
4.93004142975601e-07,-353700
4.93415266934704e-07,-353600
4.93826410861083e-07,-353500
4.94237569579719e-07,-353400
4.94648737932689e-07,-353300
4.95059910780144e-07,-353200
4.95471083001319e-07,-353100
4.95882249495524e-07,-353000
4.96293405183096e-07,-352900
4.96704545006421e-07,-352800
4.97115663930874e-07,-352700
4.9752675694581e-07,-352600
4.97937819065521e-07,-352500
4.98348845330198e-07,-352400
4.98759830806907e-07,-352300
4.99170770590505e-07,-352200
4.99581659804617e-07,-352100
4.99992493602579e-07,-352000
5.00403267168356e-07,-351900
5.00813975717497e-07,-351800
5.01224614498037e-07,-351700
5.01635178791468e-07,-351600
5.02045663913593e-07,-351500
5.02456065215487e-07,-351400
5.02866378084383e-07,-351300
5.03276597944583e-07,-351200
5.03686720258343e-07,-351100
5.0409674052677e-07,-351000
5.04506654290708e-07,-350900
5.04916457131611e-07,-350800
5.05326144672424e-07,-350700
5.05735712578436e-07,-350600
5.06145156558166e-07,-350500
5.06554472364181e-07,-350400
5.06963655793978e-07,-350300
5.07372702690806e-07,-350200
5.07781608944513e-07,-350100
5.0819037049237e-07,-350000
5.08598983319891e-07,-349900
5.09007443461668e-07,-349800
5.09415747002139e-07,-349700
5.0982389007645e-07,-349600
5.10231868871199e-07,-349500
5.10639679625252e-07,-349400
5.11047318630512e-07,-349300
5.11454782232724e-07,-349200
5.11862066832191e-07,-349100
5.1226916888459e-07,-349000
5.12676084901686e-07,-348900
5.130828114521e-07,-348800
5.13489345162043e-07,-348700
5.1389568271605e-07,-348600
5.14301820857698e-07,-348500
5.14707756390319e-07,-348400
5.15113486177727e-07,-348300
5.15519007144895e-07,-348200
5.15924316278682e-07,-348100
5.16329410628465e-07,-348000
5.16734287306879e-07,-347900
5.17138943490432e-07,-347800
5.17543376420212e-07,-347700
5.17947583402489e-07,-347600
5.18351561809399e-07,-347500
5.1875530907958e-07,-347400
5.19158822718751e-07,-347300
5.19562100300401e-07,-347200
5.19965139466342e-07,-347100
5.20367937927337e-07,-347000
5.20770493463667e-07,-346900
5.21172803925756e-07,-346800
5.21574867234702e-07,-346700
5.21976681382852e-07,-346600
5.22378244434383e-07,-346500
5.2277955452581e-07,-346400
5.23180609866535e-07,-346300
5.23581408739391e-07,-346200
5.23981949501132e-07,-346100
5.24382230582942e-07,-346000
5.2478225049095e-07,-345900
5.25182007806704e-07,-345800
5.25581501187642e-07,-345700
5.25980729367565e-07,-345600
5.26379691157081e-07,-345500
5.26778385444065e-07,-345400
5.27176811194093e-07,-345300
5.27574967450833e-07,-345200
5.2797285333649e-07,-345100
5.2837046805221e-07,-345000
5.28767810878434e-07,-344900
5.29164881175304e-07,-344800
5.2956167838304e-07,-344700
5.29958202022243e-07,-344600
5.30354451694302e-07,-344500
5.30750427081692e-07,-344400
5.3114612794828e-07,-344300
5.31541554139663e-07,-344200
5.31936705583461e-07,-344100
5.32331582289568e-07,-344000
5.32726184350456e-07,-343900
5.33120511941407e-07,-343800
5.3351456532078e-07,-343700
5.33908344830241e-07,-343600
5.34301850894958e-07,-343500
5.34695084023823e-07,-343400
5.35088044809659e-07,-343300
5.35480733929375e-07,-343200
5.35873152144141e-07,-343100
5.36265300299541e-07,-343000
5.36657179325715e-07,-342900
5.37048790237457e-07,-342800
5.37440134134378e-07,-342700
5.37831212200946e-07,-342600
5.38222025706601e-07,-342500
5.38612576005796e-07,-342400
5.39002864538093e-07,-342300
5.39392892828151e-07,-342200
5.39782662485775e-07,-342100
5.40172175205924e-07,-342000
5.40561432768694e-07,-341900
5.40950437039296e-07,-341800
5.4133918996803e-07,-341700
5.41727693590225e-07,-341600
5.42115950026153e-07,-341500
5.42503961480979e-07,-341400
5.42891730244631e-07,-341300
5.43279258691683e-07,-341200
5.43666549281247e-07,-341100
5.44053604556809e-07,-341000
5.44440427146047e-07,-340900
5.4482701976069e-07,-340800
5.45213385196269e-07,-340700
5.45599526331953e-07,-340600
5.45985446130282e-07,-340500
5.46371147636918e-07,-340400
5.46756633980429e-07,-340300
5.47141908371926e-07,-340200
5.47526974104827e-07,-340100
5.4791183455453e-07,-340000
5.48296493178044e-07,-339900
5.48680953513688e-07,-339800
5.49065219180693e-07,-339700
5.49449293878803e-07,-339600
5.49833181387915e-07,-339500
5.5021688556762e-07,-339400
5.50600410356768e-07,-339300
5.50983759773032e-07,-339200
5.51366937912428e-07,-339100
5.51749948948797e-07,-339000
5.52132797133327e-07,-338900
5.52515486794013e-07,-338800
5.52898022335113e-07,-338700
5.53280408236575e-07,-338600
5.53662649053461e-07,-338500
5.54044749415363e-07,-338400
5.54426714025762e-07,-338300
5.54808547661389e-07,-338200
5.55190255171613e-07,-338100
5.55571841477715e-07,-338000
5.55953311572251e-07,-337900
5.5633467051827e-07,-337800
5.56715923448684e-07,-337700
5.57097075565456e-07,-337600
5.57478132138843e-07,-337500
5.57859098506665e-07,-337400
5.5823998007345e-07,-337300
5.58620782309645e-07,-337200
5.59001510750787e-07,-337100
5.59382170996649e-07,-337000
5.59762768710372e-07,-336900
5.60143309617572e-07,-336800
5.60523799505447e-07,-336700
5.60904244221846e-07,-336600
5.61284649674358e-07,-336500
5.6166502182931e-07,-336400
5.62045366710847e-07,-336300
5.62425690399908e-07,-336200
5.62805999033236e-07,-336100
5.63186298802341e-07,-336000
5.63566595952493e-07,-335900
5.63946896781633e-07,-335800
5.64327207639311e-07,-335700
5.64707534925618e-07,-335600
5.65087885090049e-07,-335500
5.65468264630418e-07,-335400
5.65848680091697e-07,-335300
5.66229138064873e-07,-335200
5.6660964518581e-07,-335100
5.66990208134006e-07,-335000
5.67370833631471e-07,-334900
5.67751528441457e-07,-334800
5.68132299367276e-07,-334700
5.68513153251036e-07,-334600
5.68894096972398e-07,-334500
5.6927513744731e-07,-334400
5.6965628162673e-07,-334300
5.70037536495325e-07,-334200
5.7041890907016e-07,-334100
5.70800406399408e-07,-334000
5.71182035560989e-07,-333900
5.71563803661238e-07,-333800
5.71945717833556e-07,-333700
5.72327785237038e-07,-333600
5.72710013055082e-07,-333500
5.7309240849403e-07,-333400
5.73474978781748e-07,-333300
5.73857731166203e-07,-333200
5.74240672914093e-07,-333100
5.74623811309355e-07,-333000
5.75007153651771e-07,-332900
5.75390707255494e-07,-332800
5.75774479447628e-07,-332700
5.76158477566703e-07,-332600
5.76542708961259e-07,-332500
5.76927180988339e-07,-332400
5.77311901012014e-07,-332300
5.77696876401852e-07,-332200
5.78082114531486e-07,-332100
5.78467622777031e-07,-332000
5.78853408515623e-07,-331900
5.79239479123879e-07,-331800
5.79625841976381e-07,-331700
5.80012504444146e-07,-331600
5.80399473893095e-07,-331500
5.80786757682505e-07,-331400
5.81174363163503e-07,-331300
5.81562297677488e-07,-331200
5.81950568554601e-07,-331100
5.82339183112185e-07,-331000
5.82728148653232e-07,-330900
5.8311747246483e-07,-330800
5.83507161816615e-07,-330700
5.83897223959225e-07,-330600
5.84287666122758e-07,-330500
5.84678495515194e-07,-330400
5.85069719320866e-07,-330300
5.85461344698939e-07,-330200
5.85853378781794e-07,-330100
5.86245828673567e-07,-330000
5.86638701448548e-07,-329900
5.87032004149676e-07,-329800
5.87425743786997e-07,-329700
5.87819927336127e-07,-329600
5.88214561736752e-07,-329500
5.88609653891085e-07,-329400
5.89005210662351e-07,-329300
5.894012388733e-07,-329200
5.89797745304688e-07,-329100
5.90194736693804e-07,-329000
5.90592219732948e-07,-328900
5.90990201067976e-07,-328800
5.91388687296842e-07,-328700
5.9178768496809e-07,-328600
5.92187200579459e-07,-328500
5.92587240576401e-07,-328400
5.92987811350642e-07,-328300
5.93388919238794e-07,-328200
5.93790570520913e-07,-328100
5.94192771419103e-07,-328000
5.94595528096151e-07,-327900
5.94998846654111e-07,-327800
5.95402733132986e-07,-327700
5.9580719350932e-07,-327600
5.96212233694922e-07,-327500
5.96617859535503e-07,-327400
5.97024076809365e-07,-327300
5.97430891226147e-07,-327200
5.97838308425502e-07,-327100
5.98246333975852e-07,-327000
5.9865497337314e-07,-326900
5.99064232039603e-07,-326800
5.99474115322537e-07,-326700
5.99884628493149e-07,-326600
6.00295776745304e-07,-326500
6.00707565194435e-07,-326400
6.01119998876354e-07,-326300
6.01533082746146e-07,-326200
6.01946821677053e-07,-326100
6.0236122045941e-07,-326000
6.02776283799534e-07,-325900
6.03192016318742e-07,-325800
6.03608422552254e-07,-325700
6.04025506948235e-07,-325600
6.04443273866793e-07,-325500
6.04861727579026e-07,-325400
6.05280872266068e-07,-325300
6.05700712018167e-07,-325200
6.06121250833805e-07,-325100
6.06542492618794e-07,-325000
6.06964441185453e-07,-324900
6.07387100251761e-07,-324800
6.07810473440543e-07,-324700
6.08234564278709e-07,-324600
6.08659376196476e-07,-324500
6.09084912526639e-07,-324400
6.09511176503848e-07,-324300
6.09938171263949e-07,-324200
6.10365899843261e-07,-324100
6.10794365178015e-07,-324000
6.11223570103695e-07,-323900
6.11653517354428e-07,-323800
6.12084209562471e-07,-323700
6.12515649257636e-07,-323600
6.12947838866791e-07,-323500
6.13380780713365e-07,-323400
6.13814477016899e-07,-323300
6.1424892989257e-07,-323200
6.14684141350844e-07,-323100
6.15120113297036e-07,-323000
6.15556847530964e-07,-322900
6.15994345746621e-07,-322800
6.16432609531887e-07,-322700
6.16871640368199e-07,-322600
6.17311439630339e-07,-322500
6.17752008586188e-07,-322400
6.18193348396523e-07,-322300
6.18635460114838e-07,-322200
6.190783446872e-07,-322100
6.19522002952117e-07,-322000
6.19966435640432e-07,-321900
6.20411643375275e-07,-321800
6.20857626671987e-07,-321700
6.21304385938121e-07,-321600
6.21751921473421e-07,-321500
6.22200233469884e-07,-321400
6.22649322011781e-07,-321300
6.23099187075769e-07,-321200
6.23549828530975e-07,-321100
6.24001246139135e-07,-321000
6.24453439554745e-07,-320900
6.24906408325269e-07,-320800
6.25360151891292e-07,-320700
6.25814669586799e-07,-320600
6.26269960639409e-07,-320500
6.2672602417066e-07,-320400
6.27182859196296e-07,-320300
6.27640464626605e-07,-320200
6.28098839266789e-07,-320100
6.285579818173e-07,-320000
6.29017890874255e-07,-319900
6.29478564929847e-07,-319800
6.29940002372815e-07,-319700
6.30402201488862e-07,-319600
6.30865160461168e-07,-319500
6.31328877370897e-07,-319400
6.31793350197731e-07,-319300
6.32258576820389e-07,-319200
6.32724555017227e-07,-319100
6.33191282466835e-07,-319000
6.33658756748612e-07,-318900
6.34126975343438e-07,-318800
6.34595935634282e-07,-318700
6.35065634906922e-07,-318600
6.35536070350578e-07,-318500
6.36007239058669e-07,-318400
6.36479138029492e-07,-318300
6.36951764167017e-07,-318200
6.37425114281575e-07,-318100
6.37899185090712e-07,-318000
6.38373973219934e-07,-317900
6.38849475203509e-07,-317800
6.39325687485337e-07,-317700
6.39802606419742e-07,-317600
6.40280228272358e-07,-317500
6.40758549220987e-07,-317400
6.41237565356473e-07,-317300
6.41717272683622e-07,-317200
6.42197667122073e-07,-317100
6.42678744507287e-07,-317000
6.43160500591402e-07,-316900
6.43642931044237e-07,-316800
6.44126031454222e-07,-316700
6.44609797329393e-07,-316600
6.4509422409835e-07,-316500
6.45579307111232e-07,-316400
6.46065041640773e-07,-316300
6.46551422883246e-07,-316200
6.47038445959529e-07,-316100
6.47526105916105e-07,-316000
6.48014397726103e-07,-315900
6.48503316290328e-07,-315800
6.48992856438345e-07,-315700
6.49483012929484e-07,-315600
6.49973780453935e-07,-315500
6.50465153633808e-07,-315400
6.50957127024195e-07,-315300
6.51449695114253e-07,-315200
6.5194285232828e-07,-315100
6.5243659302681e-07,-315000
6.5293091150769e-07,-314900
6.53425802007163e-07,-314800
6.53921258700986e-07,-314700
6.54417275705501e-07,-314600
6.54913847078744e-07,-314500
6.55410966821549e-07,-314400
6.55908628878617e-07,-314300
6.56406827139647e-07,-314200
6.56905555440418e-07,-314100
6.5740480756392e-07,-314000
6.57904577241376e-07,-313900
6.58404858153436e-07,-313800
6.58905643931182e-07,-313700
6.59406928157295e-07,-313600
6.59908704367085e-07,-313500
6.60410966049637e-07,-313400
6.60913706648827e-07,-313300
6.61416919564458e-07,-313200
6.61920598153338e-07,-313100
6.62424735730301e-07,-313000
6.62929325569321e-07,-312900
6.63434360904564e-07,-312800
6.63939834931441e-07,-312700
6.64445740807666e-07,-312600
6.64952071654299e-07,-312500
6.65458820556775e-07,-312400
6.65965980565979e-07,-312300
6.66473544699212e-07,-312200
6.66981505941265e-07,-312100
6.67489857245398e-07,-312000
6.6799859153436e-07,-311900
6.68507701701379e-07,-311800
6.69017180611174e-07,-311700
6.69527021100888e-07,-311600
6.7003721598111e-07,-311500
6.70547758036827e-07,-311400
6.71058640028337e-07,-311300
6.71569854692252e-07,-311200
6.72081394742408e-07,-311100
6.72593252870791e-07,-311000
6.73105421748443e-07,-310900
6.73617894026415e-07,-310800
6.74130662336594e-07,-310700
6.74643719292648e-07,-310600
6.75157057490887e-07,-310500
6.75670669511114e-07,-310400
6.76184547917476e-07,-310300
6.76698685259371e-07,-310200
6.77213074072205e-07,-310100
6.77727706878243e-07,-310000
6.7824257618745e-07,-309900
6.78757674498259e-07,-309800
6.79272994298376e-07,-309700
6.79788528065568e-07,-309600
6.80304268268414e-07,-309500
6.80820207367089e-07,-309400
6.81336337814088e-07,-309300
6.81852652054981e-07,-309200
6.82369142529123e-07,-309100
6.82885801670404e-07,-309000
6.83402621907905e-07,-308900
6.83919595666631e-07,-308800
6.84436715368177e-07,-308700
6.84953973431405e-07,-308600
6.85471362273119e-07,-308500
6.85988874308687e-07,-308400
6.86506501952723e-07,-308300
6.87024237619679e-07,-308200
6.87542073724506e-07,-308100
6.88060002683225e-07,-308000
6.88578016913575e-07,-307900
6.89096108835565e-07,-307800
6.89614270872095e-07,-307700
6.90132495449494e-07,-307600
6.90650774998101e-07,-307500
6.91169101952832e-07,-307400
6.91687468753735e-07,-307300
6.92205867846491e-07,-307200
6.92724291682973e-07,-307100
6.93242732721772e-07,-307000
6.93761183428703e-07,-306900
6.94279636277331e-07,-306800
6.9479808374944e-07,-306700
6.95316518335571e-07,-306600
6.95834932535458e-07,-306500
6.96353318858556e-07,-306400
6.96871669824491e-07,-306300
6.97389977963541e-07,-306200
6.9790823581709e-07,-306100
6.98426435938105e-07,-306000
6.98944570891565e-07,-305900
6.9946263325491e-07,-305800
6.99980615618535e-07,-305700
7.00498510586179e-07,-305600
7.01016310775378e-07,-305500
7.01534008817891e-07,-305400
7.02051597360153e-07,-305300
7.02569069063694e-07,-305200
7.03086416605559e-07,-305100
7.03603632678742e-07,-305000
7.04120709992603e-07,-304900
7.04637641273288e-07,-304800
7.05154419264162e-07,-304700
7.05671036726224e-07,-304600
7.06187486438507e-07,-304500
7.06703761198546e-07,-304400
7.0721985382275e-07,-304300
7.07735757146841e-07,-304200
7.08251464026322e-07,-304100
7.08766967336815e-07,-304000
7.09282259974566e-07,-303900
7.09797334856833e-07,-303800
7.10312184922341e-07,-303700
7.10826803131714e-07,-303600
7.11341182467898e-07,-303500
7.11855315936622e-07,-303400
7.1236919656684e-07,-303300
7.12882817411192e-07,-303200
7.13396171546441e-07,-303100
7.1390925207396e-07,-303000
7.14422052120188e-07,-302900
7.14934564837107e-07,-302800
7.15446783402713e-07,-302700
7.15958701021525e-07,-302600
7.16470310925064e-07,-302500
7.16981606372358e-07,-302400
7.17492580650467e-07,-302300
7.18003227074959e-07,-302200
7.18513538990493e-07,-302100
7.19023509771309e-07,-302000
7.19533132821805e-07,-301900
7.20042401577053e-07,-301800
7.205513095034e-07,-301700
7.21059850099011e-07,-301600
7.21568016894492e-07,-301500
7.22075803453412e-07,-301400
7.2258320337299e-07,-301300
7.23090210284656e-07,-301200
7.23596817854676e-07,-301100
7.24103019784826e-07,-301000
7.24608809813023e-07,-300900
7.25114181713948e-07,-300800
7.25619129299791e-07,-300700
7.26123646420862e-07,-300600
7.26627726966356e-07,-300500
7.27131364865012e-07,-300400
7.27634554085862e-07,-300300
7.28137288638934e-07,-300200
7.28639562576052e-07,-300100
7.29141369991553e-07,-300000
7.29642705023091e-07,-299900
7.301435618524e-07,-299800
7.30643934706118e-07,-299700
7.31143817856574e-07,-299600
7.31643205622677e-07,-299500
7.32142092370657e-07,-299400
7.32640472515028e-07,-299300
7.33138340519389e-07,-299200
7.33635690897356e-07,-299100
7.34132518213403e-07,-299000
7.34628817083816e-07,-298900
7.35124582177612e-07,-298800
7.35619808217477e-07,-298700
7.36114489980713e-07,-298600
7.36608622300185e-07,-298500
7.37102200065353e-07,-298400
7.37595218223233e-07,-298300
7.38087671779391e-07,-298200
7.38579555798989e-07,-298100
7.39070865407821e-07,-298000
7.39561595793341e-07,-297900
7.40051742205706e-07,-297800
7.40541299958924e-07,-297700
7.4103026443184e-07,-297600
7.41518631069299e-07,-297500
7.42006395383251e-07,-297400
7.42493552953844e-07,-297300
7.42980099430577e-07,-297200
7.4346603053344e-07,-297100
7.43951342054076e-07,-297000
7.44436029856933e-07,-296900
7.44920089880454e-07,-296800
7.45403518138259e-07,-296700
7.4588631072035e-07,-296600
7.46368463794316e-07,-296500
7.4684997360653e-07,-296400
7.47330836483408e-07,-296300
7.47811048832613e-07,-296200
7.48290607144323e-07,-296100
7.48769507992459e-07,-296000
7.49247748035961e-07,-295900
7.4972532402003e-07,-295800
7.50202232777425e-07,-295700
7.50678471229718e-07,-295600
7.51154036388582e-07,-295500
7.51628925357099e-07,-295400
7.52103135331027e-07,-295300
7.52576663600099e-07,-295200
7.53049507549314e-07,-295100
7.53521664660288e-07,-295000
7.539931325125e-07,-294900
7.54463908784642e-07,-294800
7.54933991255898e-07,-294700
7.55403377807265e-07,-294600
7.55872066422865e-07,-294500
7.56340055191272e-07,-294400
7.56807342306782e-07,-294300
7.57273926070744e-07,-294200
7.57739804892882e-07,-294100
7.58204977292546e-07,-294000
7.58669441900058e-07,-293900
7.59133197458006e-07,-293800
7.59596242822494e-07,-293700
7.60058576964456e-07,-293600
7.60520198970965e-07,-293500
7.60981108046413e-07,-293400
7.61441303513892e-07,-293300
7.61900784816355e-07,-293200
7.62359551517913e-07,-293100
7.62817603305065e-07,-293000
7.6327493998792e-07,-292900
7.63731561501418e-07,-292800
7.64187467906532e-07,-292700
7.64642659391481e-07,-292600
7.65097136272868e-07,-292500
7.65550898996899e-07,-292400
7.66003948140493e-07,-292300
7.66456284412438e-07,-292200
7.66907908654524e-07,-292100
7.67358821842602e-07,-292000
7.6780902508774e-07,-291900
7.68258519637218e-07,-291800
7.6870730687564e-07,-291700
7.69155388325918e-07,-291600
7.6960276565032e-07,-291500
7.70049440651418e-07,-291400
7.70495415273097e-07,-291300
7.70940691601465e-07,-291200
7.71385271865798e-07,-291100
7.71829158439415e-07,-291000
7.72272353840574e-07,-290900
7.72714860733294e-07,-290800
7.73156681928181e-07,-290700
7.73597820383243e-07,-290600
7.7403827920463e-07,-290500
7.74478061647384e-07,-290400
7.74917171116141e-07,-290300
7.7535561116581e-07,-290200
7.75793385502223e-07,-290100
7.76230497982734e-07,-290000
7.76666952616837e-07,-289900
7.77102753566693e-07,-289800
7.7753790514766e-07,-289700
7.77972411828749e-07,-289600
7.78406278233118e-07,-289500
7.78839509138485e-07,-289400
7.79272109477427e-07,-289300
7.79704084337839e-07,-289200
7.8013543896316e-07,-289100
7.80566178752661e-07,-289000
7.80996309261687e-07,-288900
7.81425836201833e-07,-288800
7.81854765441094e-07,-288700
7.82283103003989e-07,-288600
7.8271085507161e-07,-288500
7.83138027981688e-07,-288400
7.83564628228543e-07,-288300
7.83990662463042e-07,-288200
7.84416137492502e-07,-288100
7.84841060280564e-07,-288000
7.85265437946993e-07,-287900
7.85689277767453e-07,-287800
7.86112587173219e-07,-287700
7.86535373750911e-07,-287600
7.86957645242078e-07,-287500
7.87379409542812e-07,-287400
7.87800674703291e-07,-287300
7.88221448927275e-07,-287200
7.88641740571579e-07,-287100
7.89061558145454e-07,-287000
7.89480910309955e-07,-286900
7.89899805877237e-07,-286800
7.90318253809853e-07,-286700
7.90736263219934e-07,-286600
7.91153843368392e-07,-286500
7.91571003663981e-07,-286400
7.9198775366242e-07,-286300
7.92404103065383e-07,-286200
7.92820061719493e-07,-286100
7.9323563961521e-07,-286000
7.93650846885719e-07,-285900
7.94065693805777e-07,-285800
7.94480190790474e-07,-285700
7.94894348393902e-07,-285600
7.953081773079e-07,-285500
7.95721688360652e-07,-285400
7.96134892515246e-07,-285300
7.96547800868236e-07,-285200
7.96960424648065e-07,-285100
7.97372775213541e-07,-285000
7.97784864052167e-07,-284900
7.98196702778511e-07,-284800
7.98608303132458e-07,-284700
7.99019676977441e-07,-284600
7.99430836298613e-07,-284500
7.99841793200995e-07,-284400
8.00252559907547e-07,-284300
8.00663148757206e-07,-284200
8.01073572202864e-07,-284100
8.01483842809318e-07,-284000
8.0189397325115e-07,-283900
8.02303976310566e-07,-283800
8.02713864875222e-07,-283700
8.0312365193592e-07,-283600
8.0353335058438e-07,-283500
8.03942974010846e-07,-283400
8.04352535501695e-07,-283300
8.04762048437074e-07,-283200
8.05171526288333e-07,-283100
8.05580982615572e-07,-283000
8.05990431065049e-07,-282900
8.06399885366579e-07,-282800
8.06809359330887e-07,-282700
8.07218866846924e-07,-282600
8.07628421879129e-07,-282500
8.08038038464649e-07,-282400
8.08447730710553e-07,-282300
8.08857512790961e-07,-282200
8.09267398944166e-07,-282100
8.09677403469691e-07,-282000
8.10087540725362e-07,-281900
8.10497825124242e-07,-281800
8.10908271131679e-07,-281700
8.11318893262174e-07,-281600
8.11729706076298e-07,-281500
8.12140724177534e-07,-281400
8.12551962209159e-07,-281300
8.1296343485096e-07,-281200
8.13375156816091e-07,-281100
8.13787142847728e-07,-281000
8.14199407715834e-07,-280900
8.1461196621381e-07,-280800
8.15024833155159e-07,-280700
8.15438023370097e-07,-280600
8.15851551702161e-07,-280500
8.1626543300482e-07,-280400
8.16679682137939e-07,-280300
8.17094313964408e-07,-280200
8.17509343346561e-07,-280100
8.17924785142759e-07,-280000
8.18340654203769e-07,-279900
8.18756965369229e-07,-279800
8.19173733464152e-07,-279700
8.19590973295255e-07,-279600
8.20008699647389e-07,-279500
8.20426927279935e-07,-279400
8.20845670923162e-07,-279300
8.21264945274602e-07,-279200
8.21684764995381e-07,-279100
8.22105144706562e-07,-279000
8.22526098985472e-07,-278900
8.22947642362077e-07,-278800
8.23369789315158e-07,-278700
8.23792554268809e-07,-278600
8.24215951588592e-07,-278500
8.24639995577921e-07,-278400
8.25064700474317e-07,-278300
8.25490080445741e-07,-278200
8.25916149586865e-07,-278100
8.26342921915416e-07,-278000
8.26770411368423e-07,-277900
8.27198631798586e-07,-277800
8.27627596970517e-07,-277700
8.28057320557134e-07,-277600
8.28487816135949e-07,-277500
8.28919097185399e-07,-277400
8.293511770812e-07,-277300
8.29784069092713e-07,-277200
8.30217786379283e-07,-277100
8.30652341986665e-07,-277000
8.31087748843359e-07,-276900
8.3152401975709e-07,-276800
8.31961167411183e-07,-276700
8.32399204361025e-07,-276600
8.32838143030538e-07,-276500
8.33277995708671e-07,-276400
8.33718774545868e-07,-276300
8.34160491550656e-07,-276200
8.34603158586149e-07,-276100
8.35046787366647e-07,-276000
8.35491389454255e-07,-275900
8.35936976255475e-07,-275800
8.36383559017898e-07,-275700
8.36831148826898e-07,-275600
8.37279756602337e-07,-275500
8.37729393095299e-07,-275400
8.38180068884909e-07,-275300
8.38631794375168e-07,-275200
8.39084579791734e-07,-275100
8.3953843517887e-07,-275000
8.39993370396366e-07,-274900
8.40449395116483e-07,-274800
8.40906518820978e-07,-274700
8.4136475079813e-07,-274600
8.41824100139828e-07,-274500
8.42284575738727e-07,-274400
8.42746186285392e-07,-274300
8.43208940265497e-07,-274200
8.43672845957132e-07,-274100
8.44137911428057e-07,-274000
8.44604144533125e-07,-273900
8.45071552911592e-07,-273800
8.45540143984663e-07,-273700
8.46009924952895e-07,-273600
8.4648090279386e-07,-273500
8.46953084259627e-07,-273400
8.47426475874517e-07,-273300
8.47901083932741e-07,-273200
8.48376914496199e-07,-273100
8.48853973392277e-07,-273000
8.49332266211737e-07,-272900
8.49811798306644e-07,-272800
8.50292574788313e-07,-272700
8.50774600525412e-07,-272600
8.51257880142e-07,-272500
8.51742418015744e-07,-272400
8.52228218276093e-07,-272300
8.52715284802592e-07,-272200
8.53203621223197e-07,-272100
8.53693230912697e-07,-272000
8.5418411699116e-07,-271900
8.54676282322501e-07,-271800
8.55169729512993e-07,-271700
8.55664460910015e-07,-271600
8.56160478600686e-07,-271500
8.56657784410733e-07,-271400
8.57156379903266e-07,-271300
8.57656266377742e-07,-271200
8.58157444868904e-07,-271100
8.58659916145869e-07,-271000
8.59163680711203e-07,-270900
8.5966873880015e-07,-270800
8.60175090379818e-07,-270700
8.60682735148559e-07,-270600
8.6119167253531e-07,-270500
8.61701901699051e-07,-270400
8.62213421528343e-07,-270300
8.62726230640916e-07,-270200
8.63240327383322e-07,-270100
8.63755709830642e-07,-270000
8.6427237578633e-07,-269900
8.64790322782061e-07,-269800
8.65309548077626e-07,-269700
8.65830048661013e-07,-269600
8.66351821248431e-07,-269500
8.66874862284477e-07,-269400
8.67399167942318e-07,-269300
8.67924734124054e-07,-269200
8.68451556460984e-07,-269100
8.68979630314084e-07,-269000
8.6950895077452e-07,-268900
8.70039512664123e-07,-268800
8.70571310536136e-07,-268700
8.71104338675843e-07,-268600
8.71638591101369e-07,-268500
8.72174061564505e-07,-268400
8.72710743551647e-07,-268300
8.73248630284754e-07,-268200
8.73787714722402e-07,-268100
8.74327989560896e-07,-268000
8.74869447235451e-07,-267900
8.7541207992147e-07,-267800
8.75955879535832e-07,-267700
8.76500837738285e-07,-267600
8.77046945932893e-07,-267500
8.77594195269583e-07,-267400
8.78142576645714e-07,-267300
8.78692080707685e-07,-267200
8.79242697852732e-07,-267100
8.79794418230646e-07,-267000
8.80347231745623e-07,-266900
8.80901128058209e-07,-266800
8.81456096587213e-07,-266700
8.82012126511786e-07,-266600
8.8256920677349e-07,-266500
8.8312732607847e-07,-266400
8.83686472899684e-07,-266300
8.84246635479119e-07,-266200
8.84807801830205e-07,-266100
8.85369959740149e-07,-266000
8.85933096772462e-07,-265900
8.86497200269374e-07,-265800
8.87062257354495e-07,-265700
8.87628254935367e-07,-265600
8.88195179706212e-07,-265500
8.88763018150629e-07,-265400
8.89331756544382e-07,-265300
8.89901380958269e-07,-265200
8.90471877260999e-07,-265100
8.91043231122155e-07,-265000
8.9161542801517e-07,-264900
8.92188453220425e-07,-264800
8.92762291828313e-07,-264700
8.93336928742374e-07,-264600
8.93912348682541e-07,-264500
8.9448853618836e-07,-264400
8.9506547562226e-07,-264300
8.95643151172926e-07,-264200
8.96221546858665e-07,-264100
8.96800646530819e-07,-264000
8.97380433877262e-07,-263900
8.97960892425874e-07,-263800
8.98542005548137e-07,-263700
8.99123756462654e-07,-263600
8.99706128238873e-07,-263500
9.00289103800666e-07,-263400
9.00872665930104e-07,-263300
9.01456797271157e-07,-263200
9.02041480333486e-07,-263100
9.02626697496247e-07,-263000
9.03212431011962e-07,-262900
9.03798663010348e-07,-262800
9.04385375502291e-07,-262700
9.0497255038371e-07,-262600
9.05560169439613e-07,-262500
9.06148214348018e-07,-262400
9.06736666684012e-07,-262300
9.07325507923819e-07,-262200
9.07914719448845e-07,-262100
9.0850428254981e-07,-262000
9.09094178430846e-07,-261900
9.09684388213678e-07,-261800
9.10274892941734e-07,-261700
9.10865673584438e-07,-261600
9.11456711041308e-07,-261500
9.12047986146272e-07,-261400
9.12639479671864e-07,-261300
9.13231172333491e-07,-261200
9.13823044793715e-07,-261100
9.14415077666599e-07,-261000
9.15007251521893e-07,-260900
9.15599546889493e-07,-260800
9.16191944263631e-07,-260700
9.16784424107362e-07,-260600
9.17376966856745e-07,-260500
9.17969552925383e-07,-260400
9.18562162708606e-07,-260300
9.19154776588007e-07,-260200
9.19747374935677e-07,-260100
9.20339938118687e-07,-260000
9.20932446503413e-07,-259900
9.21524880459948e-07,-259800
9.22117220366479e-07,-259700
9.22709446613664e-07,-259600
9.23301539609033e-07,-259500
9.23893479781398e-07,-259400
9.24485247585153e-07,-259300
9.25076823504708e-07,-259200
9.25668188058903e-07,-259100
9.26259321805268e-07,-259000
9.26850205344475e-07,-258900
9.27440819324639e-07,-258800
9.28031144445678e-07,-258700
9.28621161463666e-07,-258600
9.29210851195103e-07,-258500
9.29800194521299e-07,-258400
9.30389172392597e-07,-258300
9.30977765832742e-07,-258200
9.31565955943047e-07,-258100
9.32153723906777e-07,-258000
9.32741050993257e-07,-257900
9.33327918562206e-07,-257800
9.33914308067864e-07,-257700
9.34500201063218e-07,-257600
9.35085579204169e-07,-257500
9.35670424253668e-07,-257400
9.36254718085815e-07,-257300
9.36838442690009e-07,-257200
9.37421580174988e-07,-257100
9.3800411277291e-07,-257000
9.38586022843352e-07,-256900
9.3916729287735e-07,-256800
9.3974790550134e-07,-256700
9.40327843481127e-07,-256600
9.40907089725804e-07,-256500
9.4148562729166e-07,-256400
9.42063439385985e-07,-256300
9.42640509370967e-07,-256200
9.43216820767456e-07,-256100
9.43792357258752e-07,-256000
9.44367102694313e-07,-255900
9.44941041093466e-07,-255800
9.45514156649098e-07,-255700
9.46086433731239e-07,-255600
9.46657856890719e-07,-255500
9.47228410862639e-07,-255400
9.4779808057e-07,-255300
9.4836685112708e-07,-255200
9.4893470784295e-07,-255100
9.49501636224855e-07,-255000
9.50067621981558e-07,-254900
9.50632651026703e-07,-254800
9.51196709482044e-07,-254700
9.5175978368074e-07,-254600
9.5232186017051e-07,-254500
9.52882925716808e-07,-254400
9.53442967305923e-07,-254300
9.54001972148023e-07,-254200
9.54559927680196e-07,-254100
9.55116821569433e-07,-254000
9.55672641715543e-07,-253900
9.56227376253988e-07,-253800
9.56781013558785e-07,-253700
9.57333542245234e-07,-253600
9.57884951172676e-07,-253500
9.58435229447169e-07,-253400
9.58984366424132e-07,-253300
9.59532351710902e-07,-253200
9.60079175169283e-07,-253100
9.60624826918041e-07,-253000
9.61169297335295e-07,-252900
9.6171257706094e-07,-252800
9.62254656998894e-07,-252700
9.62795528319484e-07,-252600
9.63335182461525e-07,-252500
9.63873611134571e-07,-252400
9.64410806321004e-07,-252300
9.64946760278071e-07,-252200
9.65481465539857e-07,-252100
9.66014914919276e-07,-252000
9.66547101509893e-07,-251900
9.67078018687805e-07,-251800
9.67607660113361e-07,-251700
9.68136019732883e-07,-251600
9.68663091780321e-07,-251500
9.69188870778828e-07,-251400
9.69713351542341e-07,-251300
9.70236529176972e-07,-251200
9.70758399082501e-07,-251100
9.71278956953659e-07,-251000
9.71798198781478e-07,-250900
9.72316120854501e-07,-250800
9.72832719759902e-07,-250700
9.73347992384694e-07,-250600
9.73861935916692e-07,-250500
9.7437454784551e-07,-250400
9.74885825963544e-07,-250300
9.75395768366757e-07,-250200
9.75904373455499e-07,-250100
9.76411639935278e-07,-250000
9.76917566817368e-07,-249900
9.77422153419462e-07,-249800
9.77925399366213e-07,-249700
9.78427304589678e-07,-249600
9.78927869329752e-07,-249500
9.79427094134554e-07,-249400
9.7992497986066e-07,-249300
9.80421527673333e-07,-249200
9.80916739046712e-07,-249100
9.81410615763868e-07,-249000
9.81903159916858e-07,-248900
9.82394373906646e-07,-248800
9.82884260443061e-07,-248700
9.83372822544531e-07,-248600
9.83860063537971e-07,-248500
9.84345987058361e-07,-248400
9.84830597048455e-07,-248300
9.85313897758298e-07,-248200
9.85795893744799e-07,-248100
9.86276589871038e-07,-248000
9.86755991305767e-07,-247900
9.87234103522644e-07,-247800
9.87710932299461e-07,-247700
9.88186483717347e-07,-247600
9.88660764159842e-07,-247500
9.89133780311948e-07,-247400
9.89605539159078e-07,-247300
9.90076047986e-07,-247200
9.90545314375646e-07,-247100
9.91013346207857e-07,-247000
9.91480151658165e-07,-246900
9.91945739196343e-07,-246800
9.92410117585041e-07,-246700
9.92873295878301e-07,-246600
9.93335283419912e-07,-246500
9.93796089841881e-07,-246400
9.94255725062722e-07,-246300
9.94714199285658e-07,-246200
9.95171522996841e-07,-246100
9.95627706963466e-07,-246000
9.96082762231825e-07,-245900
9.96536700125233e-07,-245800
9.96989532242069e-07,-245700
9.97441270453501e-07,-245600
9.97891926901381e-07,-245500
9.98341513995918e-07,-245400
9.98790044413372e-07,-245300
9.99237531093647e-07,-245200
9.99683987237827e-07,-245100
1.00012942630567e-06,-245000
1.000573862013e-06,-244900
1.0010173083291e-06,-244800
1.00145977947396e-06,-244700
1.00190128991553e-06,-244600
1.00234185436689e-06,-244500
1.00278148778339e-06,-244400
1.00322020535962e-06,-244300
1.00365802252647e-06,-244200
1.00409495494806e-06,-244100
1.00453101851858e-06,-244000
1.0049662293591e-06,-243900
1.00540060381438e-06,-243800
1.00583415844951e-06,-243700
1.00626691004658e-06,-243600
1.00669887560129e-06,-243500
1.0071300723194e-06,-243400
1.00756051761333e-06,-243300
1.00799022909842e-06,-243200
1.00841922458948e-06,-243100
1.00884752209695e-06,-243000
1.00927513982324e-06,-242900
1.00970209615892e-06,-242800
1.01012840967883e-06,-242700
1.01055409913832e-06,-242600
1.01097918346913e-06,-242500
1.01140368177552e-06,-242400
1.01182761333018e-06,-242300
1.01225099757017e-06,-242200
1.01267385409271e-06,-242100
1.01309620265108e-06,-242000
1.01351806315036e-06,-241900
1.01393945564311e-06,-241800
1.01436040032511e-06,-241700
1.01478091753098e-06,-241600
1.01520102772974e-06,-241500
1.01562075152041e-06,-241400
1.01604010962748e-06,-241300
1.01645912289643e-06,-241200
1.01687781228909e-06,-241100
1.01729619887911e-06,-241000
1.01771430384727e-06,-240900
1.01813214847681e-06,-240800
1.01854975414871e-06,-240700
1.01896714233695e-06,-240600
1.01938433460373e-06,-240500
1.01980135259464e-06,-240400
1.02021821803381e-06,-240300
1.02063495271909e-06,-240200
1.02105157851702e-06,-240100
1.02146811735803e-06,-240000
1.02188459123139e-06,-239900
1.02230102218028e-06,-239800
1.02271743229669e-06,-239700
1.02313384371651e-06,-239600
1.02355027861436e-06,-239500
1.02396675919854e-06,-239400
1.02438330770596e-06,-239300
1.02479994639698e-06,-239200
1.0252166975503e-06,-239100
1.0256335834578e-06,-239000
1.02605062641931e-06,-238900
1.02646784873753e-06,-238800
1.02688527271274e-06,-238700
1.02730292063763e-06,-238600
1.02772081479207e-06,-238500
1.02813897743789e-06,-238400
1.02855743081361e-06,-238300
1.02897619712924e-06,-238200
1.02939529856099e-06,-238100
1.02981475724601e-06,-238000
1.03023459527717e-06,-237900
1.03065483469778e-06,-237800
1.03107549749631e-06,-237700
1.03149660560115e-06,-237600
1.03191818087537e-06,-237500
1.03234024511143e-06,-237400
1.03276282002598e-06,-237300
1.03318592725454e-06,-237200
1.03360958834637e-06,-237100
1.03403382475916e-06,-237000
1.03445865785387e-06,-236900
1.03488410888951e-06,-236800
1.03531019901795e-06,-236700
1.03573694927875e-06,-236600
1.03616438059403e-06,-236500
1.03659251376329e-06,-236400
1.03702136945831e-06,-236300
1.03745096821811e-06,-236200
1.03788133044373e-06,-236100
1.03831247639337e-06,-236000
1.03874442617722e-06,-235900
1.03917719975249e-06,-235800
1.03961081691851e-06,-235700
1.04004529731169e-06,-235600
1.04048066040067e-06,-235500
1.04091692548144e-06,-235400
1.04135411167247e-06,-235300
1.04179223790993e-06,-235200
1.04223132294287e-06,-235100
1.04267138532855e-06,-235000
1.04311244342768e-06,-234900
1.04355451539983e-06,-234800
1.04399761919879e-06,-234700
1.04444177256795e-06,-234600
1.04488699303589e-06,-234500
1.04533329791181e-06,-234400
1.04578070428113e-06,-234300
1.04622922900112e-06,-234200
1.04667888869657e-06,-234100
1.04712969975554e-06,-234000
1.04758167832508e-06,-233900
1.0480348403071e-06,-233800
1.04848920135425e-06,-233700
1.04894477686589e-06,-233600
1.04940158198406e-06,-233500
1.0498596315896e-06,-233400
1.05031894029818e-06,-233300
1.0507795224566e-06,-233200
1.05124139213901e-06,-233100
1.05170456314315e-06,-233000
1.05216904898687e-06,-232900
1.05263486290452e-06,-232800
1.05310201784341e-06,-232700
1.05357052646053e-06,-232600
1.05404040111914e-06,-232500
1.05451165388548e-06,-232400
1.05498429652566e-06,-232300
1.0554583405025e-06,-232200
1.05593379697249e-06,-232100
1.05641067678285e-06,-232000
1.05688899046863e-06,-231900
1.05736874824993e-06,-231800
1.05784996002911e-06,-231700
1.05833263538826e-06,-231600
1.05881678358654e-06,-231500
1.05930241355777e-06,-231400
1.05978953390797e-06,-231300
1.06027815291311e-06,-231200
1.06076827851688e-06,-231100
1.06125991832853e-06,-231000
1.06175307962083e-06,-230900
1.06224776932812e-06,-230800
1.06274399404444e-06,-230700
1.06324176002175e-06,-230600
1.0637410731682e-06,-230500
1.06424193904661e-06,-230400
1.06474436287287e-06,-230300
1.06524834951463e-06,-230200
1.06575390348985e-06,-230100
1.06626102896573e-06,-230000
1.06676972975741e-06,-229900
1.06728000932706e-06,-229800
1.06779187078288e-06,-229700
1.06830531687823e-06,-229600
1.06882035001098e-06,-229500
1.0693369722227e-06,-229400
1.06985518519824e-06,-229300
1.0703749902652e-06,-229200
1.0708963883936e-06,-229100
1.07141938019556e-06,-229000
1.0719439659252e-06,-228900
1.07247014547854e-06,-228800
1.07299791839353e-06,-228700
1.07352728385013e-06,-228600
1.07405824067067e-06,-228500
1.07459078732e-06,-228400
1.07512492190604e-06,-228300
1.07566064218031e-06,-228200
1.0761979455384e-06,-228100
1.07673682902089e-06,-228000
1.07727728931401e-06,-227900
1.07781932275065e-06,-227800
1.0783629253113e-06,-227700
1.07890809262525e-06,-227600
1.07945481997172e-06,-227500
1.08000310228121e-06,-227400
1.08055293413687e-06,-227300
1.08110430977604e-06,-227200
1.08165722309178e-06,-227100
1.0822116676347e-06,-227000
1.08276763661455e-06,-226900
1.08332512290227e-06,-226800
1.08388411903187e-06,-226700
1.08444461720253e-06,-226600
1.08500660928079e-06,-226500
1.08557008680272e-06,-226400
1.08613504097637e-06,-226300
1.08670146268413e-06,-226200
1.0872693424853e-06,-226100
1.08783867061867e-06,-226000
1.08840943700527e-06,-225900
1.08898163125109e-06,-225800
1.08955524265007e-06,-225700
1.09013026018692e-06,-225600
1.09070667254032e-06,-225500
1.09128446808597e-06,-225400
1.09186363489976e-06,-225300
1.09244416076117e-06,-225200
1.0930260331566e-06,-225100
1.09360923928283e-06,-225000
1.09419376605054e-06,-224900
1.09477960008794e-06,-224800
1.0953667277445e-06,-224700
1.09595513509459e-06,-224600
1.09654480794147e-06,-224500
1.09713573182108e-06,-224400
1.09772789200611e-06,-224300
1.09832127350996e-06,-224200
1.09891586109092e-06,-224100
1.09951163925636e-06,-224000
1.10010859226692e-06,-223900
1.10070670414084e-06,-223800
1.10130595865842e-06,-223700
1.1019063393663e-06,-223600
1.10250782958211e-06,-223500
1.10311041239891e-06,-223400
1.10371407068982e-06,-223300
1.10431878711277e-06,-223200
1.10492454411508e-06,-223100
1.1055313239383e-06,-223000
1.10613910862301e-06,-222900
1.10674788001372e-06,-222800
1.10735761976367e-06,-222700
1.10796830933994e-06,-222600
1.1085799300283e-06,-222500
1.10919246293829e-06,-222400
1.10980588900836e-06,-222300
1.11042018901088e-06,-222200
1.11103534355736e-06,-222100
1.11165133310359e-06,-222000
1.11226813795485e-06,-221900
1.11288573827119e-06,-221800
1.11350411407264e-06,-221700
1.11412324524458e-06,-221600
1.11474311154296e-06,-221500
1.11536369259973e-06,-221400
1.11598496792813e-06,-221300
1.11660691692814e-06,-221200
1.11722951889182e-06,-221100
1.11785275300874e-06,-221000
1.11847659837141e-06,-220900
1.11910103398065e-06,-220800
1.11972603875118e-06,-220700
1.1203515915169e-06,-220600
1.12097767103645e-06,-220500
1.12160425599863e-06,-220400
1.12223132502782e-06,-220300
1.12285885668957e-06,-220200
1.12348682949588e-06,-220100
1.12411522191078e-06,-220000
1.1247440123557e-06,-219900
1.12537317921492e-06,-219800
1.12600270084105e-06,-219700
1.12663255556031e-06,-219600
1.12726272167812e-06,-219500
1.12789317748427e-06,-219400
1.12852390125844e-06,-219300
1.12915487127546e-06,-219200
1.12978606581069e-06,-219100
1.13041746314525e-06,-219000
1.13104904157135e-06,-218900
1.13168077939748e-06,-218800
1.13231265495369e-06,-218700
1.13294464659677e-06,-218600
1.13357673271528e-06,-218500
1.13420889173489e-06,-218400
1.13484110212324e-06,-218300
1.13547334239513e-06,-218200
1.13610559111746e-06,-218100
1.13673782691423e-06,-218000
1.13737002847143e-06,-217900
1.13800217454196e-06,-217800
1.1386342439504e-06,-217700
1.13926621559784e-06,-217600
1.13989806846662e-06,-217500
1.140529781625e-06,-217400
1.14116133423178e-06,-217300
1.14179270554091e-06,-217200
1.14242387490594e-06,-217100
1.14305482178466e-06,-217000
1.14368552574328e-06,-216900
1.14431596646097e-06,-216800
1.14494612373406e-06,-216700
1.14557597748027e-06,-216600
1.14620550774291e-06,-216500
1.14683469469501e-06,-216400
1.14746351864326e-06,-216300
1.14809196003206e-06,-216200
1.14871999944736e-06,-216100
1.14934761762061e-06,-216000
1.14997479543241e-06,-215900
1.15060151391621e-06,-215800
1.15122775426202e-06,-215700
1.15185349781988e-06,-215600
1.15247872610335e-06,-215500
1.15310342079294e-06,-215400
1.1537275637394e-06,-215300
1.15435113696698e-06,-215200
1.15497412267664e-06,-215100
1.15559650324909e-06,-215000
1.15621826124781e-06,-214900
1.15683937942205e-06,-214800
1.15745984070962e-06,-214700
1.15807962823966e-06,-214600
1.15869872533545e-06,-214500
1.15931711551686e-06,-214400
1.15993478250302e-06,-214300
1.16055171021469e-06,-214200
1.16116788277669e-06,-214100
1.16178328452012e-06,-214000
1.16239789998461e-06,-213900
1.16301171392043e-06,-213800
1.16362471129054e-06,-213700
1.1642368772725e-06,-213600
1.16484819726039e-06,-213500
1.16545865686656e-06,-213400
1.16606824192333e-06,-213300
1.16667693848464e-06,-213200
1.16728473282755e-06,-213100
1.1678916114537e-06,-213000
1.16849756109067e-06,-212900
1.1691025686933e-06,-212800
1.16970662144482e-06,-212700
1.17030970675799e-06,-212600
1.1709118122762e-06,-212500
1.17151292587429e-06,-212400
1.17211303565955e-06,-212300
1.17271212997241e-06,-212200
1.1733101973872e-06,-212100
1.17390722671272e-06,-212000
1.17450320699285e-06,-211900
1.17509812750695e-06,-211800
1.17569197777029e-06,-211700
1.1762847475343e-06,-211600
1.17687642678688e-06,-211500
1.17746700575246e-06,-211400
1.17805647489212e-06,-211300
1.17864482490358e-06,-211200
1.17923204672112e-06,-211100
1.17981813151543e-06,-211000
1.18040307069337e-06,-210900
1.1809868558977e-06,-210800
1.18156947900663e-06,-210700
1.18215093213351e-06,-210600
1.18273120762621e-06,-210500
1.18331029806659e-06,-210400
1.18388819626981e-06,-210300
1.18446489528366e-06,-210200
1.18504038838778e-06,-210100
1.1856146690928e-06,-210000
1.18618773113938e-06,-209900
1.18675956849735e-06,-209800
1.18733017536462e-06,-209700
1.18789954616604e-06,-209600
1.18846767555238e-06,-209500
1.18903455839896e-06,-209400
1.18960018980456e-06,-209300
1.19016456508997e-06,-209200
1.19072767979668e-06,-209100
1.19128952968547e-06,-209000
1.1918501107349e-06,-208900
1.1924094191398e-06,-208800
1.19296745130977e-06,-208700
1.1935242038674e-06,-208600
1.19407967364681e-06,-208500
1.19463385769182e-06,-208400
1.19518675325423e-06,-208300
1.19573835779206e-06,-208200
1.19628866896771e-06,-208100
1.19683768464608e-06,-208000
1.19738540289272e-06,-207900
1.19793182197183e-06,-207800
1.19847694034438e-06,-207700
1.19902075666603e-06,-207600
1.19956326978519e-06,-207500
1.20010447874083e-06,-207400
1.20064438276058e-06,-207300
1.20118298125849e-06,-207200
1.20172027383294e-06,-207100
1.20225626026447e-06,-207000
1.20279094051367e-06,-206900
1.20332431471889e-06,-206800
1.20385638319413e-06,-206700
1.20438714642673e-06,-206600
1.20491660507518e-06,-206500
1.20544475996685e-06,-206400
1.20597161209575e-06,-206300
1.20649716262022e-06,-206200
1.20702141286066e-06,-206100
1.20754436429722e-06,-206000
1.2080660185676e-06,-205900
1.2085863774646e-06,-205800
1.20910544293394e-06,-205700
1.20962321707192e-06,-205600
1.21013970212309e-06,-205500
1.21065490047799e-06,-205400
1.21116881467085e-06,-205300
1.21168144737724e-06,-205200
1.2121928014119e-06,-205100
1.21270287972634e-06,-205000
1.21321168540665e-06,-204900
1.2137192216712e-06,-204800
1.21422549186842e-06,-204700
1.21473049947454e-06,-204600
1.21523424809137e-06,-204500
1.21573674144418e-06,-204400
1.21623798337933e-06,-204300
1.21673797786228e-06,-204200
1.21723672897533e-06,-204100
1.21773424091555e-06,-204000
1.21823051799264e-06,-203900
1.21872556462677e-06,-203800
1.21921938534671e-06,-203700
1.21971198478756e-06,-203600
1.2202033676889e-06,-203500
1.22069353889269e-06,-203400
1.22118250334143e-06,-203300
1.22167026607609e-06,-203200
1.22215683223431e-06,-203100
1.22264220704847e-06,-203000
1.22312639584386e-06,-202900
1.22360940403691e-06,-202800
1.22409123713332e-06,-202700
1.22457190072641e-06,-202600
1.22505140049535e-06,-202500
1.2255297422035e-06,-202400
1.22600693169677e-06,-202300
1.22648297490202e-06,-202200
1.22695787782548e-06,-202100
1.22743164655121e-06,-202000
1.22790428723962e-06,-201900
1.22837580612604e-06,-201800
1.22884620951922e-06,-201700
1.22931550380006e-06,-201600
1.22978369542015e-06,-201500
1.23025079090061e-06,-201400
1.23071679683069e-06,-201300
1.23118171986663e-06,-201200
1.23164556673046e-06,-201100
1.23210834420888e-06,-201000
1.23257005915211e-06,-200900
1.2330307184729e-06,-200800
1.23349032914547e-06,-200700
1.23394889820454e-06,-200600
1.23440643274439e-06,-200500
1.23486293991797e-06,-200400
1.23531842693608e-06,-200300
1.2357729010665e-06,-200200
1.23622636963327e-06,-200100
1.2366788400159e-06,-200000
1.23713031964875e-06,-199900
1.23758081602031e-06,-199800
1.23803033667266e-06,-199700
1.23847888920083e-06,-199600
1.23892648125231e-06,-199500
1.23937312052652e-06,-199400
1.23981881477443e-06,-199300
1.24026357179804e-06,-199200
1.24070739945005e-06,-199100
1.24115030563357e-06,-199000
1.24159229830169e-06,-198900
1.24203338545734e-06,-198800
1.24247357515295e-06,-198700
1.24291287549031e-06,-198600
1.24335129462037e-06,-198500
1.24378884074313e-06,-198400
1.24422552210754e-06,-198300
1.24466134701139e-06,-198200
1.24509632380133e-06,-198100
1.24553046087282e-06,-198000
1.24596376667016e-06,-197900
1.24639624968652e-06,-197800
1.24682791846408e-06,-197700
1.24725878159406e-06,-197600
1.24768884771691e-06,-197500
1.24811812552241e-06,-197400
1.2485466237499e-06,-197300
1.24897435118843e-06,-197200
1.24940131667705e-06,-197100
1.24982752910496e-06,-197000
1.2502529974119e-06,-196900
1.2506777305883e-06,-196800
1.25110173767566e-06,-196700
1.25152502776689e-06,-196600
1.25194761000656e-06,-196500
1.25236949359129e-06,-196400
1.25279068777013e-06,-196300
1.25321120184494e-06,-196200
1.25363104517069e-06,-196100
1.25405022715595e-06,-196000
1.25446875726324e-06,-195900
1.25488664500946e-06,-195800
1.25530389996629e-06,-195700
1.25572053176062e-06,-195600
1.25613655007497e-06,-195500
1.25655196464791e-06,-195400
1.25696678527451e-06,-195300
1.25738102180671e-06,-195200
1.25779468415386e-06,-195100
1.25820778228299e-06,-195000
1.25862032621936e-06,-194900
1.25903232604682e-06,-194800
1.25944379190818e-06,-194700
1.25985473400571e-06,-194600
1.26026516260141e-06,-194500
1.26067508801753e-06,-194400
1.26108452063679e-06,-194300
1.26149347090285e-06,-194200
1.2619019493206e-06,-194100
1.26230996645653e-06,-194000
1.26271753293899e-06,-193900
1.26312465945851e-06,-193800
1.26353135676811e-06,-193700
1.26393763568348e-06,-193600
1.26434350708327e-06,-193500
1.26474898190933e-06,-193400
1.26515407116681e-06,-193300
1.26555878592442e-06,-193200
1.26596313731448e-06,-193100
1.26636713653313e-06,-193000
1.26677079484031e-06,-192900
1.26717412355992e-06,-192800
1.26757713407977e-06,-192700
1.26797983785162e-06,-192600
1.26838224639109e-06,-192500
1.26878437127766e-06,-192400
1.2691862241545e-06,-192300
1.26958781672839e-06,-192200
1.26998916076949e-06,-192100
1.27039026811117e-06,-192000
1.27079115064975e-06,-191900
1.27119182034416e-06,-191800
1.27159228921572e-06,-191700
1.27199256934768e-06,-191600
1.27239267288484e-06,-191500
1.27279261203308e-06,-191400
1.27319239905892e-06,-191300
1.27359204628895e-06,-191200
1.27399156610922e-06,-191100
1.27439097096465e-06,-191000
1.27479027335838e-06,-190900
1.27518948585097e-06,-190800
1.27558862105976e-06,-190700
1.27598769165793e-06,-190600
1.27638671037377e-06,-190500
1.27678568998963e-06,-190400
1.27718464334114e-06,-190300
1.27758358331602e-06,-190200
1.27798252285322e-06,-190100
1.27838147494164e-06,-190000
1.27878045261913e-06,-189900
1.27917946897118e-06,-189800
1.27957853712972e-06,-189700
1.27997767027183e-06,-189600
1.28037688161838e-06,-189500
1.28077618443257e-06,-189400
1.28117559201858e-06,-189300
1.28157511772e-06,-189200
1.28197477491825e-06,-189100
1.2823745770311e-06,-189000
1.28277453751083e-06,-188900
1.28317466984271e-06,-188800
1.28357498754309e-06,-188700
1.28397550415773e-06,-188600
1.28437623325978e-06,-188500
1.28477718844804e-06,-188400
1.28517838334491e-06,-188300
1.2855798315944e-06,-188200
1.28598154686004e-06,-188100
1.28638354282288e-06,-188000
1.28678583317922e-06,-187900
1.28718843163848e-06,-187800
1.28759135192094e-06,-187700
1.28799460775542e-06,-187600
1.28839821287699e-06,-187500
1.28880218102453e-06,-187400
1.28920652593832e-06,-187300
1.28961126135761e-06,-187200
1.29001640101801e-06,-187100
1.29042195864903e-06,-187000
1.29082794797138e-06,-186900
1.2912343826944e-06,-186800
1.29164127651333e-06,-186700
1.29204864310662e-06,-186600
1.29245649613314e-06,-186500
1.29286484922936e-06,-186400
1.29327371600657e-06,-186300
1.29368311004795e-06,-186200
1.29409304490569e-06,-186100
1.29450353409803e-06,-186000
1.2949145911063e-06,-185900
1.2953262293719e-06,-185800
1.29573846229325e-06,-185700
1.29615130322276e-06,-185600
1.29656476546366e-06,-185500
1.29697886226699e-06,-185400
1.29739360682832e-06,-185300
1.29780901228466e-06,-185200
1.29822509171123e-06,-185100
1.29864185811828e-06,-185000
1.29905932444779e-06,-184900
1.29947750357021e-06,-184800
1.29989640828123e-06,-184700
1.30031605129847e-06,-184600
1.30073644525814e-06,-184500
1.30115760271172e-06,-184400
1.30157953612264e-06,-184300
1.30200225786292e-06,-184200
1.30242578020981e-06,-184100
1.30285011534242e-06,-184000
1.30327527533833e-06,-183900
1.30370127217027e-06,-183800
1.30412811770266e-06,-183700
1.30455582368824e-06,-183600
1.30498440176472e-06,-183500
1.30541386345135e-06,-183400
1.3058442201456e-06,-183300
1.30627548311965e-06,-183200
1.3067076635172e-06,-183100
1.30714077234989e-06,-183000
1.30757482049412e-06,-182900
1.30800981868762e-06,-182800
1.30844577752608e-06,-182700
1.30888270745987e-06,-182600
1.30932061879076e-06,-182500
1.30975952166851e-06,-182400
1.31019942608772e-06,-182300
1.31064034188452e-06,-182200
1.31108227873327e-06,-182100
1.31152524614347e-06,-182000
1.31196925345646e-06,-181900
1.31241430984232e-06,-181800
1.31286042429668e-06,-181700
1.31330760563768e-06,-181600
1.31375586250283e-06,-181500
1.31420520334597e-06,-181400
1.31465563643427e-06,-181300
1.31510716984525e-06,-181200
1.31555981146385e-06,-181100
1.31601356897948e-06,-181000
1.31646844988319e-06,-180900
1.31692446146484e-06,-180800
1.31738161081028e-06,-180700
1.31783990479865e-06,-180600
1.31829935009972e-06,-180500
1.31875995317109e-06,-180400
1.31922172025577e-06,-180300
1.3196846573795e-06,-180200
1.3201487703483e-06,-180100
1.32061406474601e-06,-180000
1.32108054593188e-06,-179900
1.32154821903823e-06,-179800
1.32201708896819e-06,-179700
1.32248716039336e-06,-179600
1.3229584377518e-06,-179500
1.32343092524577e-06,-179400
1.32390462683973e-06,-179300
1.32437954625836e-06,-179200
1.32485568698458e-06,-179100
1.32533305225772e-06,-179000
1.32581164507166e-06,-178900
1.3262914681732e-06,-178800
1.32677252406024e-06,-178700
1.32725481498027e-06,-178600
1.32773834292879e-06,-178500
1.32822310964786e-06,-178400
1.32870911662468e-06,-178300
1.32919636509027e-06,-178200
1.3296848560182e-06,-178100
1.33017459012343e-06,-178000
1.33066556786114e-06,-177900
1.33115778942578e-06,-177800
1.33165125474998e-06,-177700
1.33214596350377e-06,-177600
1.3326419150937e-06,-177500
1.33313910866212e-06,-177400
1.33363754308656e-06,-177300
1.33413721697901e-06,-177200
1.33463812868555e-06,-177100
1.33514027628588e-06,-177000
1.3356436575929e-06,-176900
1.33614827015253e-06,-176800
1.33665411124345e-06,-176700
1.33716117787703e-06,-176600
1.33766946679719e-06,-176500
1.33817897448059e-06,-176400
1.33868969713664e-06,-176300
1.33920163070778e-06,-176200
1.33971477086965e-06,-176100
1.34022911303156e-06,-176000
1.34074465233688e-06,-175900
1.34126138366358e-06,-175800
1.3417793016248e-06,-175700
1.3422984005696e-06,-175600
1.34281867458359e-06,-175500
1.3433401174899e-06,-175400
1.34386272285004e-06,-175300
1.34438648396492e-06,-175200
1.34491139387589e-06,-175100
1.34543744536591e-06,-175000
1.34596463096079e-06,-174900
1.34649294293053e-06,-174800
1.34702237329064e-06,-174700
1.34755291380365e-06,-174600
1.34808455598064e-06,-174500
1.34861729108288e-06,-174400
1.34915111012344e-06,-174300
1.34968600386908e-06,-174200
1.35022196284199e-06,-174100
1.35075897732177e-06,-174000
1.35129703734733e-06,-173900
1.35183613271905e-06,-173800
1.35237625300085e-06,-173700
1.35291738752241e-06,-173600
1.35345952538143e-06,-173500
1.35400265544595e-06,-173400
1.35454676635681e-06,-173300
1.35509184653009e-06,-173200
1.35563788415961e-06,-173100
1.35618486721966e-06,-173000
1.35673278346751e-06,-172900
1.35728162044623e-06,-172800
1.35783136548753e-06,-172700
1.35838200571448e-06,-172600
1.35893352804457e-06,-172500
1.35948591919259e-06,-172400
1.36003916567371e-06,-172300
1.36059325380653e-06,-172200
1.36114816971628e-06,-172100
1.36170389933798e-06,-172000
1.36226042841965e-06,-171900
1.36281774252577e-06,-171800
1.36337582704043e-06,-171700
1.36393466717089e-06,-171600
1.36449424795097e-06,-171500
1.36505455424458e-06,-171400
1.3656155707492e-06,-171300
1.36617728199952e-06,-171200
1.36673967237114e-06,-171100
1.36730272608409e-06,-171000
1.36786642720665e-06,-170900
1.36843075965911e-06,-170800
1.36899570721747e-06,-170700
1.36956125351742e-06,-170600
1.37012738205801e-06,-170500
1.37069407620574e-06,-170400
1.3712613191983e-06,-170300
1.37182909414865e-06,-170200
1.37239738404902e-06,-170100
1.37296617177482e-06,-170000
1.37353544008874e-06,-169900
1.37410517164482e-06,-169800
1.37467534899254e-06,-169700
1.3752459545809e-06,-169600
1.37581697076255e-06,-169500
1.37638837979795e-06,-169400
1.37696016385957e-06,-169300
1.37753230503597e-06,-169200
1.37810478533612e-06,-169100
1.37867758669351e-06,-169000
1.37925069097041e-06,-168900
1.37982407996213e-06,-168800
1.38039773540113e-06,-168700
1.38097163896145e-06,-168600
1.3815457722628e-06,-168500
1.38212011687493e-06,-168400
1.38269465432176e-06,-168300
1.38326936608579e-06,-168200
1.38384423361223e-06,-168100
1.38441923831332e-06,-168000
1.38499436157256e-06,-167900
1.38556958474899e-06,-167800
1.38614488918138e-06,-167700
1.3867202561925e-06,-167600
1.38729566709339e-06,-167500
1.38787110318748e-06,-167400
1.38844654577489e-06,-167300
1.38902197615652e-06,-167200
1.38959737563839e-06,-167100
1.39017272553565e-06,-167000
1.39074800717679e-06,-166900
1.39132320190779e-06,-166800
1.39189829109625e-06,-166700
1.3924732561354e-06,-166600
1.39304807844825e-06,-166500
1.39362273949163e-06,-166400
1.39419722076018e-06,-166300
1.39477150379041e-06,-166200
1.39534557016459e-06,-166100
1.39591940151484e-06,-166000
1.39649297952689e-06,-165900
1.39706628594407e-06,-165800
1.39763930257121e-06,-165700
1.39821201127836e-06,-165600
1.39878439400469e-06,-165500
1.39935643276216e-06,-165400
1.3999281096394e-06,-165300
1.40049940680526e-06,-165200
1.40107030651258e-06,-165100
1.40164079110174e-06,-165000
1.40221084300429e-06,-164900
1.40278044474655e-06,-164800
1.40334957895301e-06,-164700
1.40391822834989e-06,-164600
1.40448637576856e-06,-164500
1.40505400414889e-06,-164400
1.40562109654268e-06,-164300
1.40618763611686e-06,-164200
1.40675360615685e-06,-164100
1.40731899006973e-06,-164000
1.40788377138741e-06,-163900
1.40844793376982e-06,-163800
1.40901146100787e-06,-163700
1.40957433702667e-06,-163600
1.41013654588834e-06,-163500
1.4106980717951e-06,-163400
1.41125889909202e-06,-163300
1.41181901227003e-06,-163200
1.41237839596856e-06,-163100
1.41293703497849e-06,-163000
1.41349491424461e-06,-162900
1.41405201886848e-06,-162800
1.41460833411088e-06,-162700
1.41516384539453e-06,-162600
1.41571853830638e-06,-162500
1.41627239860026e-06,-162400
1.41682541219913e-06,-162300
1.4173775651976e-06,-162200
1.41792884386399e-06,-162100
1.41847923464282e-06,-162000
1.41902872415685e-06,-161900
1.41957729920925e-06,-161800
1.42012494678579e-06,-161700
1.42067165405671e-06,-161600
1.42121740837891e-06,-161500
1.42176219729769e-06,-161400
1.42230600854877e-06,-161300
1.4228488300601e-06,-161200
1.42339064995361e-06,-161100
1.4239314565469e-06,-161000
1.42447123835509e-06,-160900
1.42500998409226e-06,-160800
1.4255476826731e-06,-160700
1.42608432321453e-06,-160600
1.42661989503694e-06,-160500
1.42715438766588e-06,-160400
1.42768779083326e-06,-160300
1.42822009447877e-06,-160200
1.42875128875108e-06,-160100
1.42928136400912e-06,-160000
1.4298103108232e-06,-159900
1.43033811997622e-06,-159800
1.43086478246469e-06,-159700
1.43139028949975e-06,-159600
1.43191463250816e-06,-159500
1.43243780313328e-06,-159400
1.4329597932359e-06,-159300
1.43348059489507e-06,-159200
1.43400020040894e-06,-159100
1.43451860229552e-06,-159000
1.43503579329326e-06,-158900
1.43555176636183e-06,-158800
1.43606651468271e-06,-158700
1.43658003165967e-06,-158600
1.43709231091941e-06,-158500
1.4376033463119e-06,-158400
1.43811313191095e-06,-158300
1.43862166201451e-06,-158200
1.43912893114503e-06,-158100
1.43963493404978e-06,-158000
1.44013966570112e-06,-157900
1.44064312129672e-06,-157800
1.44114529625971e-06,-157700
1.44164618623885e-06,-157600
1.44214578710864e-06,-157500
1.44264409496936e-06,-157400
1.44314110614712e-06,-157300
1.44363681719382e-06,-157200
1.4441312248871e-06,-157100
1.44462432623029e-06,-157000
1.44511611845223e-06,-156900
1.44560659900715e-06,-156800
1.44609576557449e-06,-156700
1.44658361605855e-06,-156600
1.44707014858842e-06,-156500
1.44755536151749e-06,-156400
1.44803925342327e-06,-156300
1.44852182310687e-06,-156200
1.44900306959276e-06,-156100
1.4494829921282e-06,-156000
1.44996159018288e-06,-155900
1.45043886344834e-06,-155800
1.45091481183757e-06,-155700
1.45138943548425e-06,-155600
1.45186273474237e-06,-155500
1.45233471018553e-06,-155400
1.45280536260626e-06,-155300
1.45327469301542e-06,-155200
1.45374270264143e-06,-155100
1.4542093929296e-06,-155000
1.45467476554137e-06,-154900
1.45513882235349e-06,-154800
1.45560156545719e-06,-154700
1.45606299715749e-06,-154600
1.45652311997214e-06,-154500
1.4569819366309e-06,-154400
1.45743945007452e-06,-154300
1.45789566345386e-06,-154200
1.45835058012893e-06,-154100
1.45880420366789e-06,-154000
1.45925653784604e-06,-153900
1.45970758664485e-06,-153800
1.46015735425077e-06,-153700
1.46060584505432e-06,-153600
1.46105306364889e-06,-153500
1.46149901482963e-06,-153400
1.46194370359233e-06,-153300
1.46238713513228e-06,-153200
1.46282931484301e-06,-153100
1.46327024831518e-06,-153000
1.46370994133525e-06,-152900
1.46414839988435e-06,-152800
1.4645856301369e-06,-152700
1.46502163845935e-06,-152600
1.46545643140895e-06,-152500
1.46589001573233e-06,-152400
1.46632239836419e-06,-152300
1.46675358642591e-06,-152200
1.46718358722422e-06,-152100
1.46761240824969e-06,-152000
1.46804005717541e-06,-151900
1.46846654185546e-06,-151800
1.4688918703235e-06,-151700
1.46931605079125e-06,-151600
1.46973909164704e-06,-151500
1.47016100145418e-06,-151400
1.47058178894955e-06,-151300
1.47100146304188e-06,-151200
1.47142003281038e-06,-151100
1.47183750750295e-06,-151000
1.47225389653462e-06,-150900
1.47266920948596e-06,-150800
1.47308345610136e-06,-150700
1.47349664628739e-06,-150600
1.47390879011109e-06,-150500
1.4743198977983e-06,-150400
1.47472997973179e-06,-150300
1.47513904644969e-06,-150200
1.47554710864359e-06,-150100
1.47595417715679e-06,-150000
1.47636026298246e-06,-149900
1.47676537726186e-06,-149800
1.47716953128247e-06,-149700
1.47757273647606e-06,-149600
1.47797500441689e-06,-149500
1.47837634681969e-06,-149400
1.47877677553786e-06,-149300
1.47917630256141e-06,-149200
1.47957494001504e-06,-149100
1.4799727001561e-06,-149000
1.48036959537263e-06,-148900
1.4807656381813e-06,-148800
1.48116084122532e-06,-148700
1.48155521727246e-06,-148600
1.48194877921277e-06,-148500
1.4823415400567e-06,-148400
1.48273351293279e-06,-148300
1.48312471108547e-06,-148200
1.48351514787304e-06,-148100
1.48390483676533e-06,-148000
1.48429379134154e-06,-147900
1.48468202528792e-06,-147800
1.48506955239554e-06,-147700
1.48545638655801e-06,-147600
1.4858425417691e-06,-147500
1.48622803212043e-06,-147400
1.48661287179914e-06,-147300
1.4869970750854e-06,-147200
1.48738065635012e-06,-147100
1.4877636300524e-06,-147000
1.48814601073714e-06,-146900
1.48852781303256e-06,-146800
1.48890905164763e-06,-146700
1.48928974136961e-06,-146600
1.48966989706143e-06,-146500
1.4900495336592e-06,-146400
1.49042866616949e-06,-146300
1.4908073096668e-06,-146200
1.49118547929089e-06,-146100
1.49156319024404e-06,-146000
1.49194045778847e-06,-145900
1.49231729724348e-06,-145800
1.49269372398284e-06,-145700
1.4930697534319e-06,-145600
1.49344540106489e-06,-145500
1.49382068240202e-06,-145400
1.49419561300671e-06,-145300
1.49457020848268e-06,-145200
1.49494448447109e-06,-145100
1.49531845664756e-06,-145000
1.49569214071936e-06,-144900
1.49606555242228e-06,-144800
1.49643870751782e-06,-144700
1.49681162179008e-06,-144600
1.49718431104271e-06,-144500
1.49755679109598e-06,-144400
1.49792907778358e-06,-144300
1.49830118694956e-06,-144200
1.49867313444524e-06,-144100
1.4990449361261e-06,-144000
1.49941660784853e-06,-143900
1.49978816546665e-06,-143800
1.50015962482922e-06,-143700
1.50053100177632e-06,-143600
1.50090231213614e-06,-143500
1.50127357172166e-06,-143400
1.50164479632749e-06,-143300
1.50201600172643e-06,-143200
1.50238720366624e-06,-143100
1.5027584178663e-06,-143000
1.50312966001419e-06,-142900
1.50350094576235e-06,-142800
1.50387229072477e-06,-142700
1.50424371047345e-06,-142600
1.50461522053505e-06,-142500
1.50498683638751e-06,-142400
1.50535857345646e-06,-142300
1.50573044711187e-06,-142200
1.50610247266458e-06,-142100
1.50647466536274e-06,-142000
1.50684704038833e-06,-141900
1.50721961285371e-06,-141800
1.507592397798e-06,-141700
1.50796541018365e-06,-141600
1.50833866489287e-06,-141500
1.50871217672401e-06,-141400
1.5090859603881e-06,-141300
1.50946003050525e-06,-141200
1.50983440160111e-06,-141100
1.51020908810326e-06,-141000
1.51058410433768e-06,-140900
1.5109594645251e-06,-140800
1.51133518277755e-06,-140700
1.51171127309464e-06,-140600
1.51208774936009e-06,-140500
1.51246462533806e-06,-140400
1.51284191466967e-06,-140300
1.51321963086937e-06,-140200
1.51359778732137e-06,-140100
1.51397639727608e-06,-140000
1.5143554738466e-06,-139900
1.51473503000507e-06,-139800
1.51511507857925e-06,-139700
1.5154956322489e-06,-139600
1.51587670354227e-06,-139500
1.51625830483265e-06,-139400
1.5166404483348e-06,-139300
1.51702314610151e-06,-139200
1.5174064100201e-06,-139100
1.51779025180901e-06,-139000
1.51817468301436e-06,-138900
1.51855971500654e-06,-138800
1.51894535897669e-06,-138700
1.51933162593357e-06,-138600
1.51971852670004e-06,-138500
1.52010607190975e-06,-138400
1.52049427200387e-06,-138300
1.52088313722781e-06,-138200
1.52127267762799e-06,-138100
1.5216629030486e-06,-138000
1.52205382312842e-06,-137900
1.52244544729768e-06,-137800
1.52283778477488e-06,-137700
1.52323084456383e-06,-137600
1.52362463545044e-06,-137500
1.52401916599984e-06,-137400
1.52441444455331e-06,-137300
1.52481047922544e-06,-137200
1.5252072779011e-06,-137100
1.52560484823273e-06,-137000
1.5260031976375e-06,-136900
1.52640233329443e-06,-136800
1.52680226214183e-06,-136700
1.5272029908745e-06,-136600
1.52760452594128e-06,-136500
1.52800687354228e-06,-136400
1.52841003962652e-06,-136300
1.52881402988936e-06,-136200
1.52921884977019e-06,-136100
1.52962450445001e-06,-136000
1.53003099884913e-06,-135900
1.53043833762496e-06,-135800
1.5308465251699e-06,-135700
1.53125556560906e-06,-135600
1.53166546279833e-06,-135500
1.5320762203224e-06,-135400
1.53248784149274e-06,-135300
1.53290032934584e-06,-135200
1.53331368664135e-06,-135100
1.53372791586042e-06,-135000
1.53414301920398e-06,-134900
1.53455899859118e-06,-134800
1.53497585565794e-06,-134700
1.53539359175541e-06,-134600
1.53581220794875e-06,-134500
1.53623170501562e-06,-134400
1.53665208344526e-06,-134300
1.53707334343709e-06,-134200
1.53749548489986e-06,-134100
1.53791850745054e-06,-134000
1.53834241041349e-06,-133900
1.53876719281967e-06,-133800
1.53919285340585e-06,-133700
1.53961939061404e-06,-133600
1.54004680259084e-06,-133500
1.54047508718704e-06,-133400
1.54090424195724e-06,-133300
1.54133426415951e-06,-133200
1.54176515075516e-06,-133100
1.54219689840868e-06,-133000
1.5426295034877e-06,-132900
1.54306296206297e-06,-132800
1.5434972699086e-06,-132700
1.54393242250226e-06,-132600
1.54436841502549e-06,-132500
1.54480524236422e-06,-132400
1.54524289910915e-06,-132300
1.54568137955644e-06,-132200
1.54612067770846e-06,-132100
1.54656078727453e-06,-132000
1.54700170167179e-06,-131900
1.54744341402625e-06,-131800
1.54788591717393e-06,-131700
1.54832920366189e-06,-131600
1.54877326574967e-06,-131500
1.54921809541056e-06,-131400
1.54966368433314e-06,-131300
1.55011002392285e-06,-131200
1.5505571053036e-06,-131100
1.55100491931964e-06,-131000
1.55145345653733e-06,-130900
1.55190270724714e-06,-130800
1.55235266146578e-06,-130700
1.5528033089382e-06,-130600
1.55325463914e-06,-130500
1.55370664127971e-06,-130400
1.55415930430125e-06,-130300
1.55461261688648e-06,-130200
1.55506656745786e-06,-130100
1.55552114418114e-06,-130000
1.55597633496826e-06,-129900
1.55643212748018e-06,-129800
1.55688850913006e-06,-129700
1.55734546708623e-06,-129600
1.55780298827547e-06,-129500
1.55826105938631e-06,-129400
1.55871966687242e-06,-129300
1.55917879695613e-06,-129200
1.55963843563191e-06,-129100
1.56009856867023e-06,-129000
1.56055918162112e-06,-128900
1.56102025981813e-06,-128800
1.56148178838224e-06,-128700
1.56194375222589e-06,-128600
1.56240613605711e-06,-128500
1.56286892438362e-06,-128400
1.56333210151725e-06,-128300
1.56379565157822e-06,-128200
1.56425955849954e-06,-128100
1.56472380603168e-06,-128000
1.56518837774696e-06,-127900
1.56565325704443e-06,-127800
1.56611842715451e-06,-127700
1.56658387114387e-06,-127600
1.56704957192031e-06,-127500
1.56751551223773e-06,-127400
1.56798167470122e-06,-127300
1.5684480417721e-06,-127200
1.56891459577323e-06,-127100
1.56938131889414e-06,-127000
1.56984819319638e-06,-126900
1.57031520061895e-06,-126800
1.57078232298366e-06,-126700
1.57124954200071e-06,-126600
1.57171683927419e-06,-126500
1.57218419630766e-06,-126400
1.57265159450995e-06,-126300
1.57311901520073e-06,-126200
1.57358643961636e-06,-126100
1.5740538489157e-06,-126000
1.57452122418596e-06,-125900
1.5749885464486e-06,-125800
1.57545579666528e-06,-125700
1.57592295574389e-06,-125600
1.57639000454454e-06,-125500
1.57685692388563e-06,-125400
1.57732369454993e-06,-125300
1.57779029729076e-06,-125200
1.5782567128381e-06,-125100
1.5787229219048e-06,-125000
1.57918890519279e-06,-124900
1.57965464339933e-06,-124800
1.5801201172232e-06,-124700
1.58058530737105e-06,-124600
1.58105019456366e-06,-124500
1.58151475954222e-06,-124400
1.58197898307467e-06,-124300
1.58244284596203e-06,-124200
1.58290632904466e-06,-124100
1.58336941320868e-06,-124000
1.58383207939231e-06,-123900
1.58429430859205e-06,-123800
1.58475608186921e-06,-123700
1.58521738035608e-06,-123600
1.58567818526237e-06,-123500
1.58613847788138e-06,-123400
1.5865982395964e-06,-123300
1.58705745188692e-06,-123200
1.58751609633496e-06,-123100
1.58797415463115e-06,-123000
1.58843160858119e-06,-122900
1.58888844011177e-06,-122800
1.58934463127691e-06,-122700
1.58980016426403e-06,-122600
1.59025502140004e-06,-122500
1.5907091851574e-06,-122400
1.5911626381601e-06,-122300
1.59161536318977e-06,-122200
1.59206734319146e-06,-122100
1.5925185612796e-06,-122000
1.59296900074384e-06,-121900
1.59341864505486e-06,-121800
1.5938674778701e-06,-121700
1.59431548303935e-06,-121600
1.59476264461055e-06,-121500
1.59520894683523e-06,-121400
1.59565437417399e-06,-121300
1.59609891130203e-06,-121200
1.59654254311446e-06,-121100
1.59698525473161e-06,-121000
1.59742703150428e-06,-120900
1.59786785901883e-06,-120800
1.59830772310235e-06,-120700
1.59874660982754e-06,-120600
1.59918450551775e-06,-120500
1.59962139675169e-06,-120400
1.60005727036829e-06,-120300
1.60049211347127e-06,-120200
1.60092591343377e-06,-120100
1.60135865790278e-06,-120000
1.60179033480355e-06,-119900
1.60222093234388e-06,-119800
1.60265043901827e-06,-119700
1.60307884361213e-06,-119600
1.60350613520554e-06,-119500
1.60393230317738e-06,-119400
1.60435733720899e-06,-119300
1.60478122728783e-06,-119200
1.60520396371107e-06,-119100
1.60562553708907e-06,-119000
1.60604593834861e-06,-118900
1.6064651587363e-06,-118800
1.60688318982149e-06,-118700
1.60730002349947e-06,-118600
1.60771565199412e-06,-118500
1.60813006786083e-06,-118400
1.60854326398909e-06,-118300
1.60895523360496e-06,-118200
1.60936597027353e-06,-118100
1.60977546790112e-06,-118000
1.61018372073739e-06,-117900
1.61059072337746e-06,-117800
1.61099647076367e-06,-117700
1.6114009581874e-06,-117600
1.61180418129068e-06,-117500
1.61220613606761e-06,-117400
1.61260681886577e-06,-117300
1.61300622638748e-06,-117200
1.61340435569079e-06,-117100
1.61380120419048e-06,-117000
1.61419676965888e-06,-116900
1.61459105022656e-06,-116800
1.61498404438281e-06,-116700
1.6153757509761e-06,-116600
1.61576616921432e-06,-116500
1.61615529866495e-06,-116400
1.61654313925499e-06,-116300
1.61692969127081e-06,-116200
1.61731495535797e-06,-116100
1.61769893252064e-06,-116000
1.61808162412115e-06,-115900
1.6184630318792e-06,-115800
1.61884315787113e-06,-115700
1.61922200452877e-06,-115600
1.61959957463848e-06,-115500
1.61997587133981e-06,-115400
1.62035089812406e-06,-115300
1.6207246588329e-06,-115200
1.62109715765648e-06,-115100
1.62146839913179e-06,-115000
1.62183838814061e-06,-114900
1.62220712990753e-06,-114800
1.6225746299976e-06,-114700
1.6229408943141e-06,-114600
1.62330592909594e-06,-114500
1.62366974091507e-06,-114400
1.62403233667387e-06,-114300
1.62439372360203e-06,-114200
1.62475390925366e-06,-114100
1.6251129015042e-06,-114000
1.62547070854703e-06,-113900
1.62582733889014e-06,-113800
1.62618280135258e-06,-113700
1.62653710506086e-06,-113600
1.62689025944508e-06,-113500
1.62724227423517e-06,-113400
1.62759315945676e-06,-113300
1.62794292542708e-06,-113200
1.62829158275075e-06,-113100
1.62863914231542e-06,-113000
1.62898561528725e-06,-112900
1.62933101310627e-06,-112800
1.62967534748184e-06,-112700
1.63001863038769e-06,-112600
1.63036087405714e-06,-112500
1.63070209097789e-06,-112400
1.63104229388712e-06,-112300
1.63138149576613e-06,-112200
1.63171970983508e-06,-112100
1.63205694954753e-06,-112000
1.63239322858495e-06,-111900
1.63272856085116e-06,-111800
1.63306296046657e-06,-111700
1.63339644176245e-06,-111600
1.63372901927505e-06,-111500
1.6340607077397e-06,-111400
1.63439152208468e-06,-111300
1.63472147742525e-06,-111200
1.63505058905736e-06,-111100
1.63537887245148e-06,-111000
1.63570634324623e-06,-110900
1.63603301724203e-06,-110800
1.63635891039464e-06,-110700
1.63668403880861e-06,-110600
1.63700841873078e-06,-110500
1.63733206654361e-06,-110400
1.63765499875845e-06,-110300
1.6379772320089e-06,-110200
1.638298783044e-06,-110100
1.63861966872136e-06,-110000
1.63893990600037e-06,-109900
1.63925951193515e-06,-109800
1.63957850366784e-06,-109700
1.63989689842136e-06,-109600
1.64021471349263e-06,-109500
1.64053196624535e-06,-109400
1.64084867410306e-06,-109300
1.64116485454203e-06,-109200
1.64148052508416e-06,-109100
1.64179570328979e-06,-109000
1.64211040675071e-06,-108900
1.64242465308292e-06,-108800
1.64273845991953e-06,-108700
1.64305184490352e-06,-108600
1.64336482568076e-06,-108500
1.64367741989272e-06,-108400
1.64398964516945e-06,-108300
1.64430151912226e-06,-108200
1.64461305933684e-06,-108100
1.64492428336596e-06,-108000
1.64523520872248e-06,-107900
1.64554585287229e-06,-107800
1.64585623322722e-06,-107700
1.64616636713805e-06,-107600
1.64647627188754e-06,-107500
1.64678596468347e-06,-107400
1.64709546265167e-06,-107300
1.64740478282925e-06,-107200
1.6477139421577e-06,-107100
1.64802295747608e-06,-107000
1.64833184551435e-06,-106900
1.64864062288662e-06,-106800
1.64894930608451e-06,-106700
1.64925791147069e-06,-106600
1.64956645527214e-06,-106500
1.64987495357386e-06,-106400
1.6501834223125e-06,-106300
1.65049187726988e-06,-106200
1.65080033406688e-06,-106100
1.65110880815715e-06,-106000
1.65141731482111e-06,-105900
1.65172586915981e-06,-105800
1.65203448608911e-06,-105700
1.65234318033371e-06,-105600
1.6526519664214e-06,-105500
1.65296085867742e-06,-105400
1.65326987121881e-06,-105300
1.65357901794893e-06,-105200
1.65388831255204e-06,-105100
1.65419776848803e-06,-105000
1.65450739898715e-06,-104900
1.65481721704492e-06,-104800
1.65512723541721e-06,-104700
1.65543746661523e-06,-104600
1.6557479229008e-06,-104500
1.65605861628172e-06,-104400
1.65636955850706e-06,-104300
1.65668076106292e-06,-104200
1.65699223516799e-06,-104100
1.65730399176926e-06,-104000
1.65761604153812e-06,-103900
1.65792839486624e-06,-103800
1.6582410618618e-06,-103700
1.65855405234576e-06,-103600
1.65886737584822e-06,-103500
1.65918104160507e-06,-103400
1.65949505855456e-06,-103300
1.6598094353341e-06,-103200
1.66012418027731e-06,-103100
1.66043930141093e-06,-103000
1.66075480645208e-06,-102900
1.6610707028057e-06,-102800
1.66138699756187e-06,-102700
1.66170369749353e-06,-102600
1.66202080905416e-06,-102500
1.66233833837577e-06,-102400
1.66265629126684e-06,-102300
1.66297467321052e-06,-102200
1.66329348936304e-06,-102100
1.66361274455202e-06,-102000
1.66393244327522e-06,-101900
1.66425258969919e-06,-101800
1.66457318765823e-06,-101700
1.66489424065336e-06,-101600
1.66521575185161e-06,-101500
1.66553772408528e-06,-101400
1.66586015985141e-06,-101300
1.66618306131144e-06,-101200
1.66650643029095e-06,-101100
1.66683026827957e-06,-101000
1.66715457643115e-06,-100900
1.6674793555638e-06,-100800
1.66780460616029e-06,-100700
1.66813032836869e-06,-100600
1.66845652200276e-06,-100500
1.66878318654299e-06,-100400
1.66911032113732e-06,-100300
1.66943792460236e-06,-100200
1.6697659954245e-06,-100100
1.67009453176135e-06,-100000
1.67042353144323e-06,-99900
1.67075299197471e-06,-99800
1.67108291053646e-06,-99700
1.67141328398723e-06,-99600
1.67174410886578e-06,-99500
1.67207538139315e-06,-99400
1.67240709747493e-06,-99300
1.67273925270377e-06,-99200
1.67307184236195e-06,-99100
1.67340486142408e-06,-99000
1.67373830456e-06,-98900
1.67407216613769e-06,-98800
1.67440644022647e-06,-98700
1.67474112060014e-06,-98600
1.67507620074046e-06,-98500
1.67541167384043e-06,-98400
1.67574753280813e-06,-98300
1.67608377027025e-06,-98200
1.67642037857604e-06,-98100
1.67675734980117e-06,-98000
1.67709467575194e-06,-97900
1.67743234796923e-06,-97800
1.67777035773302e-06,-97700
1.67810869606663e-06,-97600
1.67844735374129e-06,-97500
1.67878632128068e-06,-97400
1.67912558896568e-06,-97300
1.67946514683916e-06,-97200
1.67980498471088e-06,-97100
1.68014509216246e-06,-97000
1.68048545855247e-06,-96900
1.68082607302158e-06,-96800
1.68116692449784e-06,-96700
1.68150800170205e-06,-96600
1.68184929315312e-06,-96500
1.68219078717361e-06,-96400
1.68253247189524e-06,-96300
1.68287433526469e-06,-96200
1.68321636504918e-06,-96100
1.68355854884227e-06,-96000
1.68390087406987e-06,-95900
1.6842433279959e-06,-95800
1.68458589772855e-06,-95700
1.68492857022611e-06,-95600
1.68527133230315e-06,-95500
1.68561417063666e-06,-95400
1.68595707177225e-06,-95300
1.6863000221303e-06,-95200
1.68664300801246e-06,-95100
1.6869860156077e-06,-95000
1.68732903099889e-06,-94900
1.68767204016904e-06,-94800
1.68801502900787e-06,-94700
1.68835798331814e-06,-94600
1.68870088882223e-06,-94500
1.68904373116857e-06,-94400
1.68938649593825e-06,-94300
1.68972916865145e-06,-94200
1.69007173477412e-06,-94100
1.69041417972447e-06,-94000
1.69075648887953e-06,-93900
1.69109864758182e-06,-93800
1.69144064114591e-06,-93700
1.69178245486488e-06,-93600
1.69212407401704e-06,-93500
1.69246548387249e-06,-93400
1.69280666969965e-06,-93300
1.69314761677177e-06,-93200
1.69348831037355e-06,-93100
1.69382873580766e-06,-93000
1.69416887840109e-06,-92900
1.69450872351183e-06,-92800
1.6948482565352e-06,-92700
1.69518746291027e-06,-92600
1.69552632812626e-06,-92500
1.69586483772893e-06,-92400
1.69620297732679e-06,-92300
1.69654073259752e-06,-92200
1.69687808929408e-06,-92100
1.69721503325088e-06,-92000
1.69755155039008e-06,-91900
1.69788762672743e-06,-91800
1.69822324837851e-06,-91700
1.6985584015646e-06,-91600
1.69889307261858e-06,-91500
1.69922724799088e-06,-91400
1.69956091425514e-06,-91300
1.69989405811401e-06,-91200
1.70022666640483e-06,-91100
1.70055872610511e-06,-91000
1.70089022433817e-06,-90900
1.70122114837843e-06,-90800
1.70155148565692e-06,-90700
1.7018812237664e-06,-90600
1.70221035046672e-06,-90500
1.70253885368971e-06,-90400
1.70286672154445e-06,-90300
1.70319394232201e-06,-90200
1.70352050450044e-06,-90100
1.70384639674937e-06,-90000
1.70417160793483e-06,-89900
1.70449612712362e-06,-89800
1.70481994358801e-06,-89700
1.70514304680989e-06,-89600
1.70546542648515e-06,-89500
1.70578707252779e-06,-89400
1.70610797507401e-06,-89300
1.70642812448616e-06,-89200
1.70674751135654e-06,-89100
1.7070661265112e-06,-89000
1.70738396101341e-06,-88900
1.70770100616743e-06,-88800
1.70801725352169e-06,-88700
1.70833269487215e-06,-88600
1.70864732226548e-06,-88500
1.70896112800206e-06,-88400
1.70927410463902e-06,-88300
1.70958624499298e-06,-88200
1.70989754214272e-06,-88100
1.71020798943187e-06,-88000
1.71051758047125e-06,-87900
1.71082630914125e-06,-87800
1.71113416959413e-06,-87700
1.71144115625594e-06,-87600
1.71174726382862e-06,-87500
1.71205248729185e-06,-87400
1.71235682190463e-06,-87300
1.71266026320712e-06,-87200
1.71296280702177e-06,-87100
1.71326444945503e-06,-87000
1.71356518689827e-06,-86900
1.7138650160291e-06,-86800
1.71416393381217e-06,-86700
1.71446193750005e-06,-86600
1.71475902463408e-06,-86500
1.71505519304474e-06,-86400
1.71535044085232e-06,-86300
1.71564476646708e-06,-86200
1.71593816858961e-06,-86100
1.71623064621083e-06,-86000
1.71652219861194e-06,-85900
1.71681282536441e-06,-85800
1.71710252632946e-06,-85700
1.71739130165782e-06,-85600
1.71767915178917e-06,-85500
1.71796607745146e-06,-85400
1.71825207966012e-06,-85300
1.71853715971723e-06,-85200
1.71882131921045e-06,-85100
1.7191045600119e-06,-85000
1.71938688427691e-06,-84900
1.71966829444264e-06,-84800
1.71994879322661e-06,-84700
1.72022838362507e-06,-84600
1.72050706891138e-06,-84500
1.72078485263399e-06,-84400
1.72106173861471e-06,-84300
1.72133773094655e-06,-84200
1.72161283399151e-06,-84100
1.72188705237847e-06,-84000
1.72216039100067e-06,-83900
1.72243285501322e-06,-83800
1.7227044498307e-06,-83700
1.72297518112424e-06,-83600
1.72324505481888e-06,-83500
1.72351407709063e-06,-83400
1.72378225436352e-06,-83300
1.72404959330642e-06,-83200
1.72431610083e-06,-83100
1.72458178408336e-06,-83000
1.72484665045074e-06,-82900
1.72511070754799e-06,-82800
1.72537396321909e-06,-82700
1.72563642553251e-06,-82600
1.72589810277755e-06,-82500
1.72615900346043e-06,-82400
1.72641913630056e-06,-82300
1.72667851022647e-06,-82200
1.72693713437193e-06,-82100
1.72719501807165e-06,-82000
1.72745217085736e-06,-81900
1.72770860245336e-06,-81800
1.72796432277232e-06,-81700
1.72821934191087e-06,-81600
1.72847367014516e-06,-81500
1.7287273179264e-06,-81400
1.72898029587623e-06,-81300
1.72923261478222e-06,-81200
1.72948428559305e-06,-81100
1.72973531941391e-06,-81000
1.72998572750166e-06,-80900
1.73023552126004e-06,-80800
1.73048471223477e-06,-80700
1.73073331210862e-06,-80600
1.73098133269656e-06,-80500
1.73122878594065e-06,-80400
1.73147568390502e-06,-80300
1.73172203877087e-06,-80200
1.73196786283133e-06,-80100
1.73221316848627e-06,-80000
1.73245796823724e-06,-79900
1.73270227468228e-06,-79800
1.73294610051058e-06,-79700
1.7331894584974e-06,-79600
1.73343236149878e-06,-79500
1.73367482244621e-06,-79400
1.73391685434139e-06,-79300
1.73415847025095e-06,-79200
1.73439968330119e-06,-79100
1.73464050667261e-06,-79000
1.73488095359477e-06,-78900
1.73512103734086e-06,-78800
1.73536077122242e-06,-78700
1.735600168584e-06,-78600
1.73583924279787e-06,-78500
1.73607800725868e-06,-78400
1.73631647537812e-06,-78300
1.73655466057977e-06,-78200
1.73679257629357e-06,-78100
1.73703023595083e-06,-78000
1.7372676529787e-06,-77900
1.73750484079523e-06,-77800
1.73774181280386e-06,-77700
1.73797858238842e-06,-77600
1.73821516290793e-06,-77500
1.73845156769136e-06,-77400
1.73868781003266e-06,-77300
1.73892390318553e-06,-77200
1.7391598603585e-06,-77100
1.73939569470981e-06,-77000
1.73963141934249e-06,-76900
1.73986704729935e-06,-76800
1.74010259155822e-06,-76700
1.74033806502686e-06,-76600
1.7405734805383e-06,-76500
1.74080885084608e-06,-76400
1.74104418861941e-06,-76300
1.74127950643856e-06,-76200
1.74151481679025e-06,-76100
1.74175013206296e-06,-76000
1.74198546454254e-06,-75900
1.74222082640768e-06,-75800
1.74245622972546e-06,-75700
1.74269168644703e-06,-75600
1.74292720840331e-06,-75500
1.7431628073008e-06,-75400
1.74339849471725e-06,-75300
1.74363428209774e-06,-75200
1.7438701807505e-06,-75100
1.744106201843e-06,-75000
1.74434235639795e-06,-74900
1.74457865528958e-06,-74800
1.74481510923974e-06,-74700
1.74505172881431e-06,-74600
1.74528852441943e-06,-74500
1.74552550629806e-06,-74400
1.74576268452646e-06,-74300
1.7460000690107e-06,-74200
1.74623766948347e-06,-74100
1.7464754955007e-06,-74000
1.74671355643841e-06,-73900
1.7469518614896e-06,-73800
1.74719041966134e-06,-73700
1.74742923977161e-06,-73600
1.74766833044661e-06,-73500
1.74790770011792e-06,-73400
1.74814735701983e-06,-73300
1.74838730918664e-06,-73200
1.74862756445025e-06,-73100
1.74886813043761e-06,-73000
1.74910901456844e-06,-72900
1.74935022405282e-06,-72800
1.74959176588917e-06,-72700
1.749833646862e-06,-72600
1.75007587353996e-06,-72500
1.7503184522739e-06,-72400
1.75056138919492e-06,-72300
1.75080469021281e-06,-72200
1.75104836101417e-06,-72100
1.75129240706095e-06,-72000
1.75153683358886e-06,-71900
1.75178164560604e-06,-71800
1.75202684789167e-06,-71700
1.75227244499477e-06,-71600
1.75251844123304e-06,-71500
1.75276484069175e-06,-71400
1.75301164722286e-06,-71300
1.753258864444e-06,-71200
1.75350649573781e-06,-71100
1.75375454425109e-06,-71000
1.75400301289428e-06,-70900
1.75425190434083e-06,-70800
1.75450122102684e-06,-70700
1.75475096515055e-06,-70600
1.7550011386722e-06,-70500
1.75525174331374e-06,-70400
1.75550278055873e-06,-70300
1.75575425165231e-06,-70200
1.75600615760128e-06,-70100
1.75625849917416e-06,-70000
1.75651127690152e-06,-69900
1.75676449107614e-06,-69800
1.7570181417535e-06,-69700
1.75727222875223e-06,-69600
1.75752675165456e-06,-69500
1.75778170980704e-06,-69400
1.75803710232121e-06,-69300
1.75829292807434e-06,-69200
1.75854918571033e-06,-69100
1.75880587364062e-06,-69000
1.75906299004519e-06,-68900
1.75932053287365e-06,-68800
1.75957849984638e-06,-68700
1.75983688845582e-06,-68600
1.76009569596764e-06,-68500
1.76035491942229e-06,-68400
1.76061455563624e-06,-68300
1.76087460120365e-06,-68200
1.76113505249792e-06,-68100
1.7613959056732e-06,-68000
1.76165715666632e-06,-67900
1.76191880119845e-06,-67800
1.76218083477684e-06,-67700
1.76244325269698e-06,-67600
1.76270605004434e-06,-67500
1.76296922169649e-06,-67400
1.7632327623252e-06,-67300
1.76349666639857e-06,-67200
1.76376092818319e-06,-67100
1.76402554174651e-06,-67000
1.76429050095906e-06,-66900
1.76455579949682e-06,-66800
1.76482143084372e-06,-66700
1.76508738829405e-06,-66600
1.765353664955e-06,-66500
1.76562025374927e-06,-66400
1.76588714741764e-06,-66300
1.76615433852167e-06,-66200
1.76642181944637e-06,-66100
1.76668958240311e-06,-66000
1.76695761943218e-06,-65900
1.76722592240582e-06,-65800
1.76749448303112e-06,-65700
1.76776329285273e-06,-65600
1.76803234325612e-06,-65500
1.76830162547032e-06,-65400
1.76857113057109e-06,-65300
1.768840849484e-06,-65200
1.76911077298744e-06,-65100
1.76938089171578e-06,-65000
1.7696511961626e-06,-64900
1.76992167668387e-06,-64800
1.77019232350102e-06,-64700
1.77046312670441e-06,-64600
1.77073407625638e-06,-64500
1.77100516199478e-06,-64400
1.77127637363602e-06,-64300
1.77154770077864e-06,-64200
1.77181913290652e-06,-64100
1.77209065939232e-06,-64000
1.77236226950081e-06,-63900
1.77263395239244e-06,-63800
1.77290569712646e-06,-63700
1.77317749266471e-06,-63600
1.7734493278748e-06,-63500
1.77372119153366e-06,-63400
1.77399307233104e-06,-63300
1.77426495887296e-06,-63200
1.77453683968516e-06,-63100
1.77480870321657e-06,-63000
1.77508053784298e-06,-62900
1.77535233187023e-06,-62800
1.775624073538e-06,-62700
1.77589575102315e-06,-62600
1.7761673524432e-06,-62500
1.77643886585993e-06,-62400
1.77671027928282e-06,-62300
1.77698158067252e-06,-62200
1.77725275794433e-06,-62100
1.77752379897172e-06,-62000
1.77779469158976e-06,-61900
1.77806542359865e-06,-61800
1.778335982767e-06,-61700
1.77860635683552e-06,-61600
1.77887653352021e-06,-61500
1.77914650051596e-06,-61400
1.77941624549976e-06,-61300
1.77968575613433e-06,-61200
1.77995502007123e-06,-61100
1.78022402495441e-06,-61000
1.78049275842342e-06,-60900
1.78076120811681e-06,-60800
1.78102936167533e-06,-60700
1.7812972067453e-06,-60600
1.78156473098178e-06,-60500
1.78183192205182e-06,-60400
1.78209876763776e-06,-60300
1.78236525544017e-06,-60200
1.78263137318127e-06,-60100
1.78289710860788e-06,-60000
1.78316244949452e-06,-59900
1.78342738364659e-06,-59800
1.78369189890332e-06,-59700
1.78395598314078e-06,-59600
1.78421962427486e-06,-59500
1.78448281026425e-06,-59400
1.78474552911327e-06,-59300
1.78500776887483e-06,-59200
1.78526951765326e-06,-59100
1.78553076360704e-06,-59000
1.78579149495167e-06,-58900
1.78605169996235e-06,-58800
1.78631136697664e-06,-58700
1.78657048439724e-06,-58600
1.78682904069448e-06,-58500
1.78708702440897e-06,-58400
1.78734442415411e-06,-58300
1.78760122861864e-06,-58200
1.78785742656903e-06,-58100
1.78811300685197e-06,-58000
1.78836795839663e-06,-57900
1.7886222702172e-06,-57800
1.78887593141492e-06,-57700
1.7891289311805e-06,-57600
1.78938125879633e-06,-57500
1.78963290363848e-06,-57400
1.78988385517901e-06,-57300
1.79013410298784e-06,-57200
1.79038363673499e-06,-57100
1.79063244619233e-06,-57000
1.79088052123564e-06,-56900
1.79112785184646e-06,-56800
1.79137442811391e-06,-56700
1.79162024023648e-06,-56600
1.79186527852379e-06,-56500
1.7921095333982e-06,-56400
1.79235299539657e-06,-56300
1.79259565517175e-06,-56200
1.79283750349411e-06,-56100
1.79307853125315e-06,-56000
1.7933187294588e-06,-55900
1.79355808924289e-06,-55800
1.79379660186051e-06,-55700
1.7940342586912e-06,-55600
1.79427105124035e-06,-55500
1.79450697114017e-06,-55400
1.79474201015109e-06,-55300
1.79497616016262e-06,-55200
1.79520941319455e-06,-55100
1.79544176139779e-06,-55000
1.7956731970555e-06,-54900
1.79590371258378e-06,-54800
1.79613330053264e-06,-54700
1.79636195358671e-06,-54600
1.79658966456602e-06,-54500
1.79681642642666e-06,-54400
1.79704223226141e-06,-54300
1.79726707530038e-06,-54200
1.79749094891143e-06,-54100
1.79771384660076e-06,-54000
1.79793576201331e-06,-53900
1.79815668893308e-06,-53800
1.79837662128362e-06,-53700
1.79859555312808e-06,-53600
1.79881347866967e-06,-53500
1.79903039225175e-06,-53400
1.7992462883579e-06,-53300
1.79946116161214e-06,-53200
1.79967500677887e-06,-53100
1.79988781876289e-06,-53000
1.80009959260941e-06,-52900
1.80031032350379e-06,-52800
1.8005200067716e-06,-52700
1.80072863787819e-06,-52600
1.80093621242865e-06,-52500
1.80114272616742e-06,-52400
1.80134817497792e-06,-52300
1.80155255488229e-06,-52200
1.80175586204083e-06,-52100
1.80195809275167e-06,-52000
1.80215924345009e-06,-51900
1.80235931070816e-06,-51800
1.80255829123394e-06,-51700
1.80275618187097e-06,-51600
1.8029529795976e-06,-51500
1.80314868152615e-06,-51400
1.80334328490221e-06,-51300
1.8035367871039e-06,-51200
1.80372918564089e-06,-51100
1.80392047815361e-06,-51000
1.80411066241232e-06,-50900
1.80429973631609e-06,-50800
1.80448769789187e-06,-50700
1.80467454529341e-06,-50600
1.8048602768002e-06,-50500
1.80504489081642e-06,-50400
1.80522838586965e-06,-50300
1.80541076060985e-06,-50200
1.80559201380813e-06,-50100
1.80577214435536e-06,-50000
1.80595115126109e-06,-49900
1.80612903365218e-06,-49800
1.80630579077134e-06,-49700
1.806481421976e-06,-49600
1.80665592673666e-06,-49500
1.80682930463571e-06,-49400
1.80700155536582e-06,-49300
1.80717267872845e-06,-49200
1.8073426746325e-06,-49100
1.80751154309261e-06,-49000
1.80767928422774e-06,-48900
1.8078458982595e-06,-48800
1.80801138551063e-06,-48700
1.8081757464033e-06,-48600
1.80833898145755e-06,-48500
1.80850109128953e-06,-48400
1.80866207660995e-06,-48300
1.80882193822223e-06,-48200
1.80898067702091e-06,-48100
1.80913829398987e-06,-48000
1.80929479020054e-06,-47900
1.80945016681019e-06,-47800
1.80960442506013e-06,-47700
1.80975756627391e-06,-47600
1.80990959185553e-06,-47500
1.81006050328762e-06,-47400
1.81021030212959e-06,-47300
1.81035899001584e-06,-47200
1.81050656865385e-06,-47100
1.81065303982241e-06,-47000
1.81079840536966e-06,-46900
1.81094266721132e-06,-46800
1.81108582732873e-06,-46700
1.81122788776708e-06,-46600
1.81136885063337e-06,-46500
1.81150871809473e-06,-46400
1.81164749237636e-06,-46300
1.81178517575975e-06,-46200
1.81192177058073e-06,-46100
1.81205727922767e-06,-46000
1.81219170413953e-06,-45900
1.81232504780394e-06,-45800
1.8124573127555e-06,-45700
1.81258850157372e-06,-45600
1.81271861688127e-06,-45500
1.81284766134208e-06,-45400
1.8129756376595e-06,-45300
1.81310254857448e-06,-45200
1.81322839686369e-06,-45100
1.81335318533778e-06,-45000
1.81347691683946e-06,-44900
1.8135995942418e-06,-44800
1.81372122044642e-06,-44700
1.81384179838167e-06,-44600
1.81396133100095e-06,-44500
1.81407982128092e-06,-44400
1.81419727221976e-06,-44300
1.81431368683554e-06,-44200
1.81442906816443e-06,-44100
1.81454341925914e-06,-44000
1.81465674318716e-06,-43900
1.8147690430292e-06,-43800
1.81488032187754e-06,-43700
1.81499058283448e-06,-43600
1.81509982901079e-06,-43500
1.81520806352406e-06,-43400
1.81531528949737e-06,-43300
1.81542151005758e-06,-43200
1.81552672833405e-06,-43100
1.8156309474571e-06,-43000
1.81573417055663e-06,-42900
1.81583640076075e-06,-42800
1.81593764119433e-06,-42700
1.8160378949779e-06,-42600
1.81613716522602e-06,-42500
1.81623545504635e-06,-42400
1.81633276753821e-06,-42300
1.81642910579145e-06,-42200
1.81652447288521e-06,-42100
1.81661887188693e-06,-42000
1.81671230585106e-06,-41900
1.81680477781819e-06,-41800
1.81689629081381e-06,-41700
1.81698684784753e-06,-41600
1.81707645191189e-06,-41500
1.81716510598164e-06,-41400
1.81725281301267e-06,-41300
1.81733957594137e-06,-41200
1.81742539768356e-06,-41100
1.81751028113392e-06,-41000
1.81759422916518e-06,-40900
1.81767724462737e-06,-40800
1.81775933034726e-06,-40700
1.81784048912767e-06,-40600
1.8179207237469e-06,-40500
1.81800003695821e-06,-40400
1.81807843148932e-06,-40300
1.81815591004192e-06,-40200
1.81823247529131e-06,-40100
1.81830812988593e-06,-40000
1.81838287644716e-06,-39900
1.81845671756887e-06,-39800
1.81852965581733e-06,-39700
1.81860169373091e-06,-39600
1.81867283381987e-06,-39500
1.81874307856634e-06,-39400
1.81881243042421e-06,-39300
1.81888089181905e-06,-39200
1.81894846514814e-06,-39100
1.81901515278048e-06,-39000
1.819080957057e-06,-38900
1.81914588029056e-06,-38800
1.81920992476612e-06,-38700
1.8192730927411e-06,-38600
1.81933538644547e-06,-38500
1.81939680808221e-06,-38400
1.81945735982747e-06,-38300
1.81951704383116e-06,-38200
1.8195758622172e-06,-38100
1.81963381708412e-06,-38000
1.81969091050548e-06,-37900
1.81974714453051e-06,-37800
1.81980252118459e-06,-37700
1.81985704247004e-06,-37600
1.81991071036661e-06,-37500
1.81996352683237e-06,-37400
1.82001549380433e-06,-37300
1.82006661319936e-06,-37200
1.82011688691491e-06,-37100
1.82016631682991e-06,-37000
1.82021490480579e-06,-36900
1.82026265268729e-06,-36800
1.82030956230345e-06,-36700
1.82035563546882e-06,-36600
1.82040087398426e-06,-36500
1.82044527963823e-06,-36400
1.82048885420786e-06,-36300
1.8205315994601e-06,-36200
1.82057351715295e-06,-36100
1.82061460903666e-06,-36000
1.82065487685508e-06,-35900
1.82069432234686e-06,-35800
1.82073294724684e-06,-35700
1.82077075328743e-06,-35600
1.82080774219995e-06,-35500
1.82084391571616e-06,-35400
1.82087927556958e-06,-35300
1.82091382349705e-06,-35200
1.82094756124026e-06,-35100
1.82098049054728e-06,-35000
1.82101261317406e-06,-34900
1.82104393088611e-06,-34800
1.82107444546007e-06,-34700
1.82110415868533e-06,-34600
1.82113307236578e-06,-34500
1.82116118832141e-06,-34400
1.82118850839001e-06,-34300
1.82121503442897e-06,-34200
1.82124076831696e-06,-34100
1.82126571195578e-06,-34000
1.82128986727203e-06,-33900
1.82131323621897e-06,-33800
1.8213358207784e-06,-33700
1.82135762296235e-06,-33600
1.82137864481507e-06,-33500
1.82139888841477e-06,-33400
1.82141835587557e-06,-33300
1.82143704934935e-06,-33200
1.82145497102764e-06,-33100
1.82147212314361e-06,-33000
1.82148850797378e-06,-32900
1.82150412784014e-06,-32800
1.82151898511198e-06,-32700
1.82153308220784e-06,-32600
1.82154642159745e-06,-32500
1.82155900580361e-06,-32400
1.82157083740422e-06,-32300
1.82158191903415e-06,-32200
1.82159225338724e-06,-32100
1.82160184321818e-06,-32000
1.82161069134444e-06,-31900
1.82161880064831e-06,-31800
1.82162617407874e-06,-31700
1.82163281465319e-06,-31600
1.82163872545977e-06,-31500
1.82164390965901e-06,-31400
1.82164837048564e-06,-31300
1.82165211125081e-06,-31200
1.82165513534365e-06,-31100
1.82165744623336e-06,-31000
1.82165904747095e-06,-30900
1.82165994269112e-06,-30800
1.82166013561413e-06,-30700
1.82165963004759e-06,-30600
1.82165842988822e-06,-30500
1.82165653912367e-06,-30400
1.82165396183432e-06,-30300
1.82165070219496e-06,-30200
1.82164676447659e-06,-30100
1.82164215304797e-06,-30000
1.8216368723775e-06,-29900
1.82163092703474e-06,-29800
1.8216243216921e-06,-29700
1.82161706112641e-06,-29600
1.82160915022051e-06,-29500
1.82160059396484e-06,-29400
1.82159139745893e-06,-29300
1.82158156591286e-06,-29200
1.82157110464878e-06,-29100
1.82156001910235e-06,-29000
1.82154831482411e-06,-28900
1.82153599748082e-06,-28800
1.82152307285687e-06,-28700
1.82150954685552e-06,-28600
1.82149542550021e-06,-28500
1.82148071493573e-06,-28400
1.8214654214295e-06,-28300
1.82144955137259e-06,-28200
1.82143311128097e-06,-28100
1.82141610779654e-06,-28000
1.8213985476881e-06,-27900
1.82138043785246e-06,-27800
1.82136178531531e-06,-27700
1.82134259723212e-06,-27600
1.82132288088907e-06,-27500
1.82130264370389e-06,-27400
1.82128189322652e-06,-27300
1.82126063713997e-06,-27200
1.82123888326089e-06,-27100
1.82121663954037e-06,-27000
1.82119391406439e-06,-26900
1.82117071505447e-06,-26800
1.82114705086804e-06,-26700
1.82112292999903e-06,-26600
1.82109836107829e-06,-26500
1.82107335287375e-06,-26400
1.82104791429091e-06,-26300
1.82102205437304e-06,-26200
1.82099578230136e-06,-26100
1.82096910739521e-06,-26000
1.82094203911214e-06,-25900
1.82091458704797e-06,-25800
1.82088676093679e-06,-25700
1.82085857065088e-06,-25600
1.82083002620063e-06,-25500
1.82080113773431e-06,-25400
1.82077191553797e-06,-25300
1.82074237003507e-06,-25200
1.82071251178621e-06,-25100
1.82068235148869e-06,-25000
1.82065189997616e-06,-24900
1.82062116821811e-06,-24800
1.8205901673192e-06,-24700
1.82055890851892e-06,-24600
1.82052740319072e-06,-24500
1.82049566284133e-06,-24400
1.82046369911012e-06,-24300
1.8204315237682e-06,-24200
1.82039914871749e-06,-24100
1.82036658598994e-06,-24000
1.82033384774641e-06,-23900
1.82030094627575e-06,-23800
1.82026789399357e-06,-23700
1.82023470344124e-06,-23600
1.82020138728463e-06,-23500
1.82016795831278e-06,-23400
1.82013442943668e-06,-23300
1.82010081368796e-06,-23200
1.82006712421731e-06,-23100
1.82003337429313e-06,-23000
1.81999957729992e-06,-22900
1.81996574673683e-06,-22800
1.81993189621592e-06,-22700
1.81989803946046e-06,-22600
1.81986419030327e-06,-22500
1.8198303626849e-06,-22400
1.81979657065175e-06,-22300
1.81976282835427e-06,-22200
1.81972915004492e-06,-22100
1.81969555007621e-06,-22000
1.81966204289867e-06,-21900
1.81962864305876e-06,-21800
1.81959536519668e-06,-21700
1.81956222404422e-06,-21600
1.81952923442253e-06,-21500
1.81949641123978e-06,-21400
1.81946376948883e-06,-21300
1.81943132424494e-06,-21200
1.81939909066322e-06,-21100
1.8193670839762e-06,-21000
1.81933531949135e-06,-20900
1.81930381258838e-06,-20800
1.81927257871689e-06,-20700
1.81924163339345e-06,-20600
1.819210992199e-06,-20500
1.81918067077617e-06,-20400
1.81915068482647e-06,-20300
1.81912105010741e-06,-20200
1.81909178242974e-06,-20100
1.81906289765446e-06,-20000
1.81903441168995e-06,-19900
1.81900634048898e-06,-19800
1.81897870004564e-06,-19700
1.81895150639244e-06,-19600
1.81892477559705e-06,-19500
1.8188985237593e-06,-19400
1.8188727670079e-06,-19300
1.81884752149753e-06,-19200
1.81882280340526e-06,-19100
1.81879862892759e-06,-19000
1.81877501427701e-06,-18900
1.81875197567877e-06,-18800
1.81872952936751e-06,-18700
1.81870769158387e-06,-18600
1.81868647857113e-06,-18500
1.81866590657182e-06,-18400
1.81864599182424e-06,-18300
1.81862675055894e-06,-18200
1.81860819899531e-06,-18100
1.81859035333802e-06,-18000
1.81857322977351e-06,-17900
1.81855684446638e-06,-17800
1.81854121355587e-06,-17700
1.81852635315218e-06,-17600
1.81851227933301e-06,-17500
1.8184990081397e-06,-17400
1.81848655557379e-06,-17300
1.81847493759317e-06,-17200
1.81846417010864e-06,-17100
1.81845426897993e-06,-17000
1.8184452500122e-06,-16900
1.81843712895224e-06,-16800
1.81842992148475e-06,-16700
1.81842364322865e-06,-16600
1.81841830973321e-06,-16500
1.81841393647444e-06,-16400
1.81841053885125e-06,-16300
1.81840813218167e-06,-16200
1.81840673169915e-06,-16100
1.81840635254866e-06,-16000
1.81840700978307e-06,-15900
1.81840871835925e-06,-15800
1.81841149313431e-06,-15700
1.81841534886184e-06,-15600
1.81842030018815e-06,-15500
1.81842636164842e-06,-15400
1.818433547663e-06,-15300
1.8184418725336e-06,-15200
1.81845135043949e-06,-15100
1.81846199543379e-06,-15000
1.81847382143976e-06,-14900
1.81848684224694e-06,-14800
1.81850107150746e-06,-14700
1.81851652273234e-06,-14600
1.81853320928778e-06,-14500
1.81855114439137e-06,-14400
1.8185703411085e-06,-14300
1.81859081234864e-06,-14200
1.8186125708616e-06,-14100
1.8186356292341e-06,-14000
1.81865999988585e-06,-13900
1.81868569506613e-06,-13800
1.81871272685019e-06,-13700
1.81874110713555e-06,-13600
1.81877084763853e-06,-13500
1.81880195989078e-06,-13400
1.8188344552356e-06,-13300
1.81886834482462e-06,-13200
1.81890363961419e-06,-13100
1.81894035036204e-06,-13000
1.81897848762384e-06,-12900
1.81901806174977e-06,-12800
1.81905908288126e-06,-12700
1.81910156094754e-06,-12600
1.81914550566237e-06,-12500
1.81919092652086e-06,-12400
1.81923783279612e-06,-12300
1.8192862335361e-06,-12200
1.81933613756039e-06,-12100
1.81938755345716e-06,-12000
1.81944048957989e-06,-11900
1.81949495404451e-06,-11800
1.81955095472621e-06,-11700
1.81960849925647e-06,-11600
1.81966759502016e-06,-11500
1.8197282491526e-06,-11400
1.81979046853664e-06,-11300
1.81985425979985e-06,-11200
1.81991962931176e-06,-11100
1.81998658318102e-06,-11000
1.82005512725283e-06,-10900
1.82012526710606e-06,-10800
1.8201970080509e-06,-10700
1.82027035512602e-06,-10600
1.82034531309623e-06,-10500
1.8204218864499e-06,-10400
1.82050007939658e-06,-10300
1.82057989586458e-06,-10200
1.82066133949863e-06,-10100
1.82074441365763e-06,-10000
1.8208291214124e-06,-9900
1.82091546554348e-06,-9800
1.82100344853904e-06,-9700
1.82109307259277e-06,-9600
1.82118433960186e-06,-9500
1.82127725116501e-06,-9400
1.82137180858063e-06,-9300
1.82146801284484e-06,-9200
1.82156586464975e-06,-9100
1.82166536438166e-06,-9000
1.82176651211949e-06,-8900
1.82186930763304e-06,-8800
1.82197375038145e-06,-8700
1.82207983951178e-06,-8600
1.82218757385739e-06,-8500
1.82229695193675e-06,-8400
1.82240797195201e-06,-8300
1.8225206317877e-06,-8200
1.82263492900967e-06,-8100
1.8227508608639e-06,-8000
1.8228684242753e-06,-7900
1.82298761584693e-06,-7800
1.8231084318589e-06,-7700
1.82323086826756e-06,-7600
1.82335492070471e-06,-7500
1.82348058447676e-06,-7400
1.82360785456424e-06,-7300
1.82373672562103e-06,-7200
1.82386719197386e-06,-7100
1.82399924762193e-06,-7000
1.82413288623643e-06,-6900
1.82426810116025e-06,-6800
1.82440488540767e-06,-6700
1.82454323166425e-06,-6600
1.82468313228669e-06,-6500
1.82482457930273e-06,-6400
1.82496756441129e-06,-6300
1.82511207898246e-06,-6200
1.82525811405771e-06,-6100
1.82540566035019e-06,-6000
1.82555470824502e-06,-5900
1.82570524779958e-06,-5800
1.82585726874415e-06,-5700
1.82601076048236e-06,-5600
1.82616571209182e-06,-5500
1.82632211232474e-06,-5400
1.82647994960885e-06,-5300
1.82663921204811e-06,-5200
1.82679988742367e-06,-5100
1.82696196319487e-06,-5000
1.82712542650031e-06,-4900
1.82729026415895e-06,-4800
1.82745646267142e-06,-4700
1.8276240082212e-06,-4600
1.8277928866761e-06,-4500
1.82796308358961e-06,-4400
1.82813458420255e-06,-4300
1.82830737344449e-06,-4200
1.82848143593567e-06,-4100
1.82865675598849e-06,-4000
1.82883331760958e-06,-3900
1.82901110450152e-06,-3800
1.82919010006496e-06,-3700
1.82937028740061e-06,-3600
1.82955164931138e-06,-3500
1.82973416830461e-06,-3400
1.82991782659439e-06,-3300
1.83010260610384e-06,-3200
1.83028848846764e-06,-3100
1.83047545503452e-06,-3000
1.83066348686983e-06,-2900
1.83085256475819e-06,-2800
1.83104266920632e-06,-2700
1.8312337804458e-06,-2600
1.83142587843591e-06,-2500
1.83161894286674e-06,-2400
1.83181295316207e-06,-2300
1.83200788848257e-06,-2200
1.83220372772898e-06,-2100
1.83240044954537e-06,-2000
1.83259803232247e-06,-1900
1.83279645420103e-06,-1800
1.83299569307536e-06,-1700
1.83319572659679e-06,-1600
1.83339653217746e-06,-1500
1.83359808699377e-06,-1400
1.83380036799025e-06,-1300
1.83400335188347e-06,-1200
1.83420701516574e-06,-1100
1.83441133410923e-06,-1000
1.83461628476993e-06,-900
1.8348218429917e-06,-800
1.8350279844105e-06,-700
1.83523468445856e-06,-600
1.8354419183687e-06,-500
1.83564966117863e-06,-400
1.83585788773539e-06,-300
1.83606657269978e-06,-200
1.83627569055098e-06,-100
1.83648521559106e-06,0
1.8366951219496e-06,100
1.83690538358845e-06,200
1.83711597430653e-06,300
1.83732686774457e-06,400
1.83753803738996e-06,500
1.83774945658176e-06,600
1.83796109851564e-06,700
1.8381729362489e-06,800
1.83838494270549e-06,900
1.83859709068134e-06,1000
1.83880935284924e-06,1100
1.83902170176432e-06,1200
1.83923410986913e-06,1300
1.83944654949909e-06,1400
1.83965899288776e-06,1500
1.83987141217228e-06,1600
1.84008377939873e-06,1700
1.84029606652774e-06,1800
1.84050824543986e-06,1900
1.84072028794119e-06,2000
1.84093216576896e-06,2100
1.8411438505971e-06,2200
1.84135531404194e-06,2300
1.84156652766785e-06,2400
1.84177746299296e-06,2500
1.84198809149494e-06,2600
1.84219838461666e-06,2700
1.8424083137721e-06,2800
1.84261785035203e-06,2900
1.84282696572998e-06,3000
1.84303563126796e-06,3100
1.84324381832237e-06,3200
1.84345149824989e-06,3300
1.84365864241351e-06,3400
1.84386522218816e-06,3500
1.84407120896681e-06,3600
1.84427657416647e-06,3700
1.84448128923396e-06,3800
1.84468532565197e-06,3900
1.84488865494496e-06,4000
1.84509124868516e-06,4100
1.84529307849847e-06,4200
1.84549411607047e-06,4300
1.84569433315231e-06,4400
1.84589370156672e-06,4500
1.84609219321389e-06,4600
1.84628978007747e-06,4700
1.84648643423045e-06,4800
1.84668212784102e-06,4900
1.84687683317862e-06,5000
1.84707052261963e-06,5100
1.84726316865344e-06,5200
1.84745474388809e-06,5300
1.84764522105626e-06,5400
1.84783457302095e-06,5500
1.84802277278135e-06,5600
1.84820979347854e-06,5700
1.84839560840126e-06,5800
1.84858019099152e-06,5900
1.84876351485028e-06,6000
1.84894555374321e-06,6100
1.84912628160607e-06,6200
1.84930567255039e-06,6300
1.84948370086899e-06,6400
1.84966034104141e-06,6500
1.84983556773929e-06,6600
1.85000935583187e-06,6700
1.85018168039122e-06,6800
1.85035251669762e-06,6900
1.85052184024465e-06,7000
1.85068962674456e-06,7100
1.85085585213324e-06,7200
1.85102049257542e-06,7300
1.85118352446957e-06,7400
1.85134492445292e-06,7500
1.85150466940638e-06,7600
1.85166273645925e-06,7700
1.85181910299414e-06,7800
1.8519737466516e-06,7900
1.85212664533471e-06,8000
1.85227777721371e-06,8100
1.85242712073049e-06,8200
1.85257465460289e-06,8300
1.85272035782923e-06,8400
1.85286420969244e-06,8500
1.85300618976425e-06,8600
1.85314627790944e-06,8700
1.85328445428968e-06,8800
1.85342069936759e-06,8900
1.85355499391062e-06,9000
1.85368731899471e-06,9100
1.8538176560081e-06,9200
1.85394598665493e-06,9300
1.85407229295861e-06,9400
1.85419655726551e-06,9500
1.85431876224798e-06,9600
1.85443889090782e-06,9700
1.85455692657933e-06,9800
1.85467285293241e-06,9900
1.85478665397545e-06,10000
1.8548983140582e-06,10100
1.85500781787465e-06,10200
1.85511515046545e-06,10300
1.85522029722071e-06,10400
1.8553232438823e-06,10500
1.85542397654627e-06,10600
1.85552248166506e-06,10700
1.85561874604974e-06,10800
1.85571275687189e-06,10900
1.85580450166569e-06,11000
1.85589396832969e-06,11100
1.85598114512848e-06,11200
1.85606602069444e-06,11300
1.85614858402907e-06,11400
1.85622882450457e-06,11500
1.85630673186497e-06,11600
1.85638229622741e-06,11700
1.85645550808317e-06,11800
1.85652635829866e-06,11900
1.85659483811621e-06,12000
1.85666093915487e-06,12100
1.85672465341099e-06,12200
1.85678597325878e-06,12300
1.85684489145065e-06,12400
1.85690140111755e-06,12500
1.85695549576918e-06,12600
1.85700716929396e-06,12700
1.85705641595904e-06,12800
1.85710323041023e-06,12900
1.85714760767154e-06,13000
1.85718954314504e-06,13100
1.85722903261009e-06,13200
1.85726607222308e-06,13300
1.85730065851643e-06,13400
1.85733278839794e-06,13500
1.85736245914977e-06,13600
1.85738966842748e-06,13700
1.85741441425885e-06,13800
1.85743669504261e-06,13900
1.85745650954713e-06,14000
1.85747385690893e-06,14100
1.85748873663109e-06,14200
1.85750114858163e-06,14300
1.85751109299167e-06,14400
1.85751857045361e-06,14500
1.85752358191911e-06,14600
1.85752612869701e-06,14700
1.85752621245115e-06,14800
1.85752383519807e-06,14900
1.8575189993047e-06,15000
1.85751170748579e-06,15100
1.85750196280139e-06,15200
1.85748976865422e-06,15300
1.85747512878674e-06,15400
1.85745804727858e-06,15500
1.85743852854332e-06,15600
1.85741657732563e-06,15700
1.85739219869809e-06,15800
1.85736539805803e-06,15900
1.85733618112416e-06,16000
1.85730455393331e-06,16100
1.85727052283685e-06,16200
1.85723409449726e-06,16300
1.8571952758845e-06,16400
1.85715407427233e-06,16500
1.85711049723442e-06,16600
1.85706455264072e-06,16700
1.85701624865349e-06,16800
1.85696559372322e-06,16900
1.85691259658468e-06,17000
1.85685726625286e-06,17100
1.85679961201864e-06,17200
1.85673964344477e-06,17300
1.85667737036139e-06,17400
1.85661280286184e-06,17500
1.85654595129812e-06,17600
1.85647682627646e-06,17700
1.85640543865297e-06,17800
1.85633179952881e-06,17900
1.85625592024584e-06,18000
1.85617781238181e-06,18100
1.85609748774576e-06,18200
1.8560149583732e-06,18300
1.85593023652143e-06,18400
1.85584333466464e-06,18500
1.85575426548913e-06,18600
1.8556630418885e-06,18700
1.85556967695853e-06,18800
1.8554741839925e-06,18900
1.85537657647607e-06,19000
1.85527686808232e-06,19100
1.85517507266687e-06,19200
1.85507120426269e-06,19300
1.85496527707519e-06,19400
1.85485730547711e-06,19500
1.85474730400348e-06,19600
1.85463528734655e-06,19700
1.85452127035073e-06,19800
1.85440526800743e-06,19900
1.85428729545012e-06,20000
1.8541673679491e-06,20100
1.85404550090652e-06,20200
1.85392170985121e-06,20300
1.8537960104337e-06,20400
1.85366841842111e-06,20500
1.85353894969206e-06,20600
1.85340762023175e-06,20700
1.85327444612679e-06,20800
1.85313944356027e-06,20900
1.8530026288068e-06,21000
1.85286401822747e-06,21100
1.85272362826492e-06,21200
1.85258147543853e-06,21300
1.85243757633935e-06,21400
1.85229194762544e-06,21500
1.85214460601682e-06,21600
1.85199556829089e-06,21700
1.85184485127755e-06,21800
1.85169247185452e-06,21900
1.8515384469426e-06,22000
1.85138279350116e-06,22100
1.85122552852337e-06,22200
1.85106666903185e-06,22300
1.85090623207398e-06,22400
1.85074423471757e-06,22500
1.85058069404639e-06,22600
1.85041562715584e-06,22700
1.85024905114866e-06,22800
1.85008098313069e-06,22900
1.84991144020668e-06,23000
1.84974043947612e-06,23100
1.84956799802926e-06,23200
1.849394132943e-06,23300
1.84921886127704e-06,23400
1.84904220006996e-06,23500
1.84886416633538e-06,23600
1.84868477705826e-06,23700
1.84850404919119e-06,23800
1.84832199965079e-06,23900
1.84813864531422e-06,24000
1.84795400301559e-06,24100
1.84776808954268e-06,24200
1.84758092163357e-06,24300
1.84739251597339e-06,24400
1.84720288919115e-06,24500
1.84701205785668e-06,24600
1.84682003847754e-06,24700
1.84662684749614e-06,24800
1.84643250128682e-06,24900
1.84623701615312e-06,25000
1.84604040832504e-06,25100
1.84584269395647e-06,25200
1.84564388912251e-06,25300
1.84544400981719e-06,25400
1.84524307195092e-06,25500
1.84504109134832e-06,25600
1.84483808374593e-06,25700
1.84463406479007e-06,25800
1.84442905003479e-06,25900
1.84422305493998e-06,26000
1.84401609486936e-06,26100
1.84380818508875e-06,26200
1.84359934076434e-06,26300
1.84338957696103e-06,26400
1.84317890864084e-06,26500
1.84296735066152e-06,26600
1.84275491777511e-06,26700
1.84254162462657e-06,26800
1.8423274857527e-06,26900
1.84211251558082e-06,27000
1.84189672842782e-06,27100
1.84168013849908e-06,27200
1.84146275988767e-06,27300
1.84124460657349e-06,27400
1.84102569242239e-06,27500
1.84080603118565e-06,27600
1.84058563649932e-06,27700
1.84036452188376e-06,27800
1.84014270074303e-06,27900
1.83992018636477e-06,28000
1.83969699191969e-06,28100
1.83947313046141e-06,28200
1.83924861492637e-06,28300
1.83902345813366e-06,28400
1.83879767278509e-06,28500
1.83857127146511e-06,28600
1.83834426664118e-06,28700
1.83811667066367e-06,28800
1.83788849576631e-06,28900
1.83765975406649e-06,29000
1.83743045756553e-06,29100
1.83720061814923e-06,29200
1.83697024758839e-06,29300
1.83673935753923e-06,29400
1.83650795954418e-06,29500
1.83627606503239e-06,29600
1.83604368532063e-06,29700
1.83581083161392e-06,29800
1.83557751500642e-06,29900
1.83534374648235e-06,30000
1.83510953691684e-06,30100
1.83487489707696e-06,30200
1.83463983762268e-06,30300
1.83440436910807e-06,30400
1.83416850198221e-06,30500
1.83393224659046e-06,30600
1.83369561317561e-06,30700
1.8334586118791e-06,30800
1.83322125274223e-06,30900
1.83298354570754e-06,31000
1.83274550062001e-06,31100
1.83250712722845e-06,31200
1.8322684351869e-06,31300
1.83202943405601e-06,31400
1.83179013330442e-06,31500
1.83155054231026e-06,31600
1.83131067036252e-06,31700
1.83107052666268e-06,31800
1.83083012032606e-06,31900
1.83058946038336e-06,32000
1.83034855578231e-06,32100
1.83010741538899e-06,32200
1.82986604798957e-06,32300
1.82962446229175e-06,32400
1.82938266692631e-06,32500
1.82914067044876e-06,32600
1.82889848134081e-06,32700
1.82865610801198e-06,32800
1.82841355880115e-06,32900
1.82817084197806e-06,33000
1.82792796574502e-06,33100
1.82768493823826e-06,33200
1.82744176752962e-06,33300
1.82719846162796e-06,33400
1.82695502848074e-06,33500
1.82671147597554e-06,33600
1.82646781194149e-06,33700
1.82622404415077e-06,33800
1.82598018032005e-06,33900
1.82573622811191e-06,34000
1.82549219513634e-06,34100
1.82524808895192e-06,34200
1.82500391706745e-06,34300
1.82475968694305e-06,34400
1.82451540599165e-06,34500
1.8242710815801e-06,34600
1.82402672103058e-06,34700
1.82378233162173e-06,34800
1.82353792058982e-06,34900
1.82329349513002e-06,35000
1.82304906239736e-06,35100
1.8228046295079e-06,35200
1.82256020353982e-06,35300
1.8223157915343e-06,35400
1.82207140049657e-06,35500
1.82182703739682e-06,35600
1.82158270917111e-06,35700
1.82133842272214e-06,35800
1.82109418492012e-06,35900
1.82085000260351e-06,36000
1.82060588257962e-06,36100
1.82036183162549e-06,36200
1.82011785648834e-06,36300
1.81987396388612e-06,36400
1.81963016050815e-06,36500
1.81938645301555e-06,36600
1.81914284804153e-06,36700
1.81889935219204e-06,36800
1.8186559720458e-06,36900
1.81841271415478e-06,37000
1.8181695850443e-06,37100
1.81792659121327e-06,37200
1.81768373913428e-06,37300
1.81744103525367e-06,37400
1.81719848599152e-06,37500
1.81695609774169e-06,37600
1.81671387687166e-06,37700
1.81647182972238e-06,37800
1.81622996260815e-06,37900
1.81598828181628e-06,38000
1.81574679360693e-06,38100
1.81550550421256e-06,38200
1.81526441983775e-06,38300
1.81502354665859e-06,38400
1.81478289082217e-06,38500
1.81454245844625e-06,38600
1.8143022556183e-06,38700
1.81406228839513e-06,38800
1.81382256280212e-06,38900
1.81358308483232e-06,39000
1.8133438604459e-06,39100
1.81310489556912e-06,39200
1.81286619609341e-06,39300
1.81262776787456e-06,39400
1.81238961673166e-06,39500
1.81215174844605e-06,39600
1.8119141687603e-06,39700
1.81167688337703e-06,39800
1.81143989795772e-06,39900
1.81120321812165e-06,40000
1.81096684944448e-06,40100
1.81073079745706e-06,40200
1.81049506764412e-06,40300
1.81025966544279e-06,40400
1.81002459624139e-06,40500
1.80978986537779e-06,40600
1.80955547813812e-06,40700
1.80932143975517e-06,40800
1.80908775540686e-06,40900
1.80885443021477e-06,41000
1.80862146924238e-06,41100
1.80838887749364e-06,41200
1.80815665991118e-06,41300
1.80792482137472e-06,41400
1.80769336669937e-06,41500
1.80746230063386e-06,41600
1.80723162785887e-06,41700
1.80700135298523e-06,41800
1.8067714805522e-06,41900
1.80654201502562e-06,42000
1.8063129607961e-06,42100
1.80608432217731e-06,42200
1.80585610340401e-06,42300
1.80562830863032e-06,42400
1.80540094192784e-06,42500
1.80517400728373e-06,42600
1.804947508599e-06,42700
1.80472144968648e-06,42800
1.80449583426912e-06,42900
1.80427066597798e-06,43000
1.80404594835046e-06,43100
1.8038216848284e-06,43200
1.80359787875627e-06,43300
1.80337453337925e-06,43400
1.80315165184151e-06,43500
1.80292923718419e-06,43600
1.80270729234375e-06,43700
1.80248582015015e-06,43800
1.80226482332497e-06,43900
1.8020443044797e-06,44000
1.80182426611393e-06,44100
1.80160471061372e-06,44200
1.80138564024976e-06,44300
1.80116705717573e-06,44400
1.8009489634267e-06,44500
1.80073136091733e-06,44600
1.8005142514404e-06,44700
1.80029763666514e-06,44800
1.80008151813576e-06,44900
1.7998658972698e-06,45000
1.79965077535677e-06,45100
1.79943615355656e-06,45200
1.79922203289822e-06,45300
1.79900841427834e-06,45400
1.79879529845988e-06,45500
1.79858268607086e-06,45600
1.79837057760295e-06,45700
1.79815897341052e-06,45800
1.79794787370921e-06,45900
1.79773727857491e-06,46000
1.79752718794276e-06,46100
1.79731760160601e-06,46200
1.79710851921509e-06,46300
1.79689994027671e-06,46400
1.7966918641529e-06,46500
1.79648429006029e-06,46600
1.7962772170693e-06,46700
1.79607064410337e-06,46800
1.7958645699384e-06,46900
1.79565899320208e-06,47000
1.79545391237348e-06,47100
1.79524932578233e-06,47200
1.7950452316088e-06,47300
1.79484162788305e-06,47400
1.79463851248503e-06,47500
1.79443588314403e-06,47600
1.79423373743876e-06,47700
1.79403207279702e-06,47800
1.79383088649582e-06,47900
1.79363017566128e-06,48000
1.79342993726875e-06,48100
1.79323016814298e-06,48200
1.79303086495827e-06,48300
1.79283202423878e-06,48400
1.79263364235895e-06,48500
1.79243571554377e-06,48600
1.79223823986929e-06,48700
1.79204121126328e-06,48800
1.79184462550571e-06,48900
1.79164847822948e-06,49000
1.79145276492115e-06,49100
1.79125748092177e-06,49200
1.79106262142779e-06,49300
1.79086818149187e-06,49400
1.79067415602411e-06,49500
1.7904805397929e-06,49600
1.79028732742626e-06,49700
1.79009451341293e-06,49800
1.7899020921037e-06,49900
1.78971005771277e-06,50000
1.78951840431908e-06,50100
1.78932712586788e-06,50200
1.78913621617223e-06,50300
1.78894566891458e-06,50400
1.78875547764845e-06,50500
1.78856563580018e-06,50600
1.78837613667067e-06,50700
1.78818697343734e-06,50800
1.78799813915585e-06,50900
1.78780962676225e-06,51000
1.78762142907493e-06,51100
1.78743353879674e-06,51200
1.78724594851703e-06,51300
1.787058650714e-06,51400
1.78687163775684e-06,51500
1.78668490190814e-06,51600
1.78649843532609e-06,51700
1.78631223006706e-06,51800
1.78612627808796e-06,51900
1.78594057124881e-06,52000
1.78575510131523e-06,52100
1.78556985996112e-06,52200
1.78538483877129e-06,52300
1.78520002924405e-06,52400
1.78501542279417e-06,52500
1.78483101075546e-06,52600
1.78464678438365e-06,52700
1.78446273485932e-06,52800
1.78427885329066e-06,52900
1.78409513071654e-06,53000
1.78391155810936e-06,53100
1.78372812637819e-06,53200
1.78354482637158e-06,53300
1.78336164888089e-06,53400
1.78317858464313e-06,53500
1.78299562434423e-06,53600
1.78281275862211e-06,53700
1.78262997806992e-06,53800
1.78244727323906e-06,53900
1.78226463464261e-06,54000
1.78208205275833e-06,54100
1.78189951803204e-06,54200
1.78171702088081e-06,54300
1.78153455169629e-06,54400
1.78135210084788e-06,54500
1.78116965868614e-06,54600
1.78098721554595e-06,54700
1.78080476174993e-06,54800
1.7806222876117e-06,54900
1.78043978343917e-06,55000
1.78025723953786e-06,55100
1.78007464621418e-06,55200
1.77989199377886e-06,55300
1.77970927255004e-06,55400
1.77952647285672e-06,55500
1.77934358504207e-06,55600
1.77916059946652e-06,55700
1.77897750651123e-06,55800
1.77879429658125e-06,55900
1.77861096010876e-06,56000
1.77842748755631e-06,56100
1.77824386941995e-06,56200
1.77806009623256e-06,56300
1.77787615856688e-06,56400
1.77769204703871e-06,56500
1.77750775231e-06,56600
1.77732326509198e-06,56700
1.77713857614813e-06,56800
1.77695367629734e-06,56900
1.77676855641682e-06,57000
1.77658320744502e-06,57100
1.77639762038473e-06,57200
1.77621178630584e-06,57300
1.7760256963482e-06,57400
1.77583934172454e-06,57500
1.77565271372315e-06,57600
1.7754658037107e-06,57700
1.7752786031349e-06,57800
1.77509110352713e-06,57900
1.77490329650509e-06,58000
1.77471517377539e-06,58100
1.77452672713595e-06,58200
1.77433794847865e-06,58300
1.77414882979152e-06,58400
1.77395936316135e-06,58500
1.77376954077578e-06,58600
1.77357935492573e-06,58700
1.77338879800748e-06,58800
1.7731978625249e-06,58900
1.77300654109152e-06,59000
1.77281482643261e-06,59100
1.77262271138702e-06,59200
1.77243018890926e-06,59300
1.7722372520713e-06,59400
1.77204389406429e-06,59500
1.77185010820047e-06,59600
1.77165588791467e-06,59700
1.77146122676606e-06,59800
1.77126611843954e-06,59900
1.77107055674743e-06,60000
1.77087453563074e-06,60100
1.77067804916057e-06,60200
1.77048109153942e-06,60300
1.77028365710239e-06,60400
1.77008574031835e-06,60500
1.76988733579102e-06,60600
1.76968843826005e-06,60700
1.76948904260189e-06,60800
1.76928914383081e-06,60900
1.76908873709954e-06,61000
1.76888781770024e-06,61100
1.76868638106502e-06,61200
1.76848442276665e-06,61300
1.76828193851911e-06,61400
1.76807892417807e-06,61500
1.76787537574127e-06,61600
1.76767128934896e-06,61700
1.76746666128409e-06,61800
1.76726148797264e-06,61900
1.76705576598361e-06,62000
1.76684949202935e-06,62100
1.76664266296531e-06,62200
1.76643527579023e-06,62300
1.7662273276459e-06,62400
1.76601881581698e-06,62500
1.76580973773085e-06,62600
1.76560009095724e-06,62700
1.76538987320791e-06,62800
1.76517908233615e-06,62900
1.7649677163364e-06,63000
1.76475577334362e-06,63100
1.76454325163271e-06,63200
1.76433014961785e-06,63300
1.76411646585173e-06,63400
1.76390219902482e-06,63500
1.76368734796451e-06,63600
1.76347191163419e-06,63700
1.76325588913231e-06,63800
1.76303927969136e-06,63900
1.76282208267686e-06,64000
1.76260429758617e-06,64100
1.76238592404736e-06,64200
1.76216696181799e-06,64300
1.76194741078389e-06,64400
1.76172727095775e-06,64500
1.76150654247785e-06,64600
1.76128522560657e-06,64700
1.76106332072904e-06,64800
1.76084082835154e-06,64900
1.76061774910003e-06,65000
1.76039408371856e-06,65100
1.76016983306762e-06,65200
1.75994499812253e-06,65300
1.75971957997167e-06,65400
1.75949357981483e-06,65500
1.75926699896145e-06,65600
1.75903983882872e-06,65700
1.75881210093981e-06,65800
1.75858378692206e-06,65900
1.75835489850499e-06,66000
1.75812543751845e-06,66100
1.75789540589063e-06,66200
1.75766480564615e-06,66300
1.75743363890393e-06,66400
1.75720190787537e-06,66500
1.75696961486213e-06,66600
1.7567367622542e-06,66700
1.75650335252769e-06,66800
1.75626938824289e-06,66900
1.75603487204205e-06,67000
1.75579980664728e-06,67100
1.75556419485843e-06,67200
1.75532803955094e-06,67300
1.75509134367369e-06,67400
1.75485411024679e-06,67500
1.75461634235945e-06,67600
1.75437804316778e-06,67700
1.75413921589261e-06,67800
1.75389986381735e-06,67900
1.75365999028572e-06,68000
1.75341959869961e-06,68100
1.7531786925169e-06,68200
1.75293727524922e-06,68300
1.75269535045986e-06,68400
1.75245292176152e-06,68500
1.75220999281419e-06,68600
1.7519665673229e-06,68700
1.75172264903568e-06,68800
1.7514782417414e-06,68900
1.75123334926752e-06,69000
1.75098797547814e-06,69100
1.75074212427173e-06,69200
1.7504957995792e-06,69300
1.75024900536168e-06,69400
1.75000174560858e-06,69500
1.74975402433547e-06,69600
1.74950584558213e-06,69700
1.74925721341045e-06,69800
1.74900813190254e-06,69900
1.74875860515878e-06,70000
1.7485086372958e-06,70100
1.74825823244467e-06,70200
1.74800739474896e-06,70300
1.7477561283629e-06,70400
1.74750443744951e-06,70500
1.74725232617891e-06,70600
1.74699979872641e-06,70700
1.74674685927088e-06,70800
1.74649351199294e-06,70900
1.74623976107333e-06,71000
1.74598561069133e-06,71100
1.74573106502293e-06,71200
1.74547612823949e-06,71300
1.74522080450605e-06,71400
1.74496509797982e-06,71500
1.74470901280874e-06,71600
1.74445255312998e-06,71700
1.7441957230686e-06,71800
1.74393852673606e-06,71900
1.74368096822904e-06,72000
1.74342305162802e-06,72100
1.743164780996e-06,72200
1.74290616037736e-06,72300
1.7426471937966e-06,72400
1.74238788525728e-06,72500
1.74212823874075e-06,72600
1.74186825820523e-06,72700
1.7416079475847e-06,72800
1.74134731078792e-06,72900
1.74108635169745e-06,73000
1.74082507416879e-06,73100
1.74056348202939e-06,73200
1.74030157907797e-06,73300
1.74003936908358e-06,73400
1.73977685578489e-06,73500
1.73951404288946e-06,73600
1.73925093407307e-06,73700
1.73898753297908e-06,73800
1.7387238432178e-06,73900
1.73845986836589e-06,74000
1.73819561196594e-06,74100
1.73793107752584e-06,74200
1.73766626851844e-06,74300
1.73740118838108e-06,74400
1.73713584051515e-06,74500
1.73687022828588e-06,74600
1.73660435502196e-06,74700
1.73633822401523e-06,74800
1.73607183852048e-06,74900
1.73580520175527e-06,75000
1.73553831689972e-06,75100
1.73527118709644e-06,75200
1.73500381545033e-06,75300
1.73473620502859e-06,75400
1.73446835886066e-06,75500
1.73420027993821e-06,75600
1.73393197121517e-06,75700
1.73366343560779e-06,75800
1.7333946759947e-06,75900
1.73312569521711e-06,76000
1.73285649607882e-06,76100
1.7325870813465e-06,76200
1.7323174537498e-06,76300
1.73204761598168e-06,76400
1.73177757069857e-06,76500
1.73150732052065e-06,76600
1.7312368680322e-06,76700
1.73096621578182e-06,76800
1.73069536628296e-06,76900
1.73042432201401e-06,77000
1.7301530854189e-06,77100
1.72988165890745e-06,77200
1.72961004485572e-06,77300
1.72933824560648e-06,77400
1.72906626346979e-06,77500
1.72879410072321e-06,77600
1.72852175961258e-06,77700
1.72824924235225e-06,77800
1.72797655112581e-06,77900
1.72770368808648e-06,78000
1.72743065535769e-06,78100
1.72715745503364e-06,78200
1.72688408917983e-06,78300
1.72661055983367e-06,78400
1.72633686900496e-06,78500
1.72606301867659e-06,78600
1.72578901080502e-06,78700
1.72551484732095e-06,78800
1.72524053012986e-06,78900
1.72496606111265e-06,79000
1.7246914421262e-06,79100
1.72441667500402e-06,79200
1.72414176155676e-06,79300
1.72386670357297e-06,79400
1.72359150281952e-06,79500
1.72331616104233e-06,79600
1.72304067996694e-06,79700
1.72276506129904e-06,79800
1.72248930672511e-06,79900
1.72221341791303e-06,80000
1.72193739651256e-06,80100
1.72166124415603e-06,80200
1.72138496245877e-06,80300
1.72110855301981e-06,80400
1.7208320174223e-06,80500
1.72055535723407e-06,80600
1.72027857400823e-06,80700
1.72000166928354e-06,80800
1.71972464458506e-06,80900
1.71944750142453e-06,81000
1.7191702413009e-06,81100
1.71889286570072e-06,81200
1.71861537609866e-06,81300
1.71833777395789e-06,81400
1.71806006073055e-06,81500
1.717782237858e-06,81600
1.71750430677142e-06,81700
1.71722626889194e-06,81800
1.71694812563112e-06,81900
1.7166698783913e-06,82000
1.71639152856571e-06,82100
1.71611307753903e-06,82200
1.71583452668744e-06,82300
1.71555587737891e-06,82400
1.71527713097349e-06,82500
1.71499828882344e-06,82600
1.71471935227347e-06,82700
1.71444032266075e-06,82800
1.71416120131531e-06,82900
1.71388198955989e-06,83000
1.71360268871017e-06,83100
1.7133233000748e-06,83200
1.71304382495545e-06,83300
1.71276426464681e-06,83400
1.71248462043663e-06,83500
1.71220489360564e-06,83600
1.7119250854275e-06,83700
1.71164519716884e-06,83800
1.71136523008894e-06,83900
1.71108518543985e-06,84000
1.71080506446605e-06,84100
1.7105248684044e-06,84200
1.71024459848388e-06,84300
1.70996425592539e-06,84400
1.70968384194153e-06,84500
1.7094033577363e-06,84600
1.70912280450482e-06,84700
1.70884218343304e-06,84800
1.70856149569733e-06,84900
1.70828074246422e-06,85000
1.70799992488996e-06,85100
1.70771904412007e-06,85200
1.70743810128906e-06,85300
1.7071570975198e-06,85400
1.70687603392316e-06,85500
1.70659491159747e-06,85600
1.70631373162805e-06,85700
1.70603249508663e-06,85800
1.7057512030308e-06,85900
1.70546985650345e-06,86000
1.70518845653215e-06,86100
1.70490700412861e-06,86200
1.70462550028789e-06,86300
1.7043439459879e-06,86400
1.70406234218871e-06,86500
1.70378068983174e-06,86600
1.70349898983917e-06,86700
1.70321724311324e-06,86800
1.7029354505354e-06,86900
1.70265361296566e-06,87000
1.70237173124175e-06,87100
1.70208980617841e-06,87200
1.70180783856653e-06,87300
1.70152582917242e-06,87400
1.70124377873691e-06,87500
1.70096168797456e-06,87600
1.70067955757284e-06,87700
1.70039738819123e-06,87800
1.70011518046037e-06,87900
1.6998329349813e-06,88000
1.69955065232435e-06,88100
1.69926833302852e-06,88200
1.69898597760041e-06,88300
1.69870358651335e-06,88400
1.6984211602066e-06,88500
1.69813869908432e-06,88600
1.69785620351472e-06,88700
1.69757367382912e-06,88800
1.6972911103211e-06,88900
1.69700851324551e-06,89000
1.69672588281756e-06,89100
1.69644321921194e-06,89200
1.69616052256192e-06,89300
1.69587779295831e-06,89400
1.69559503044876e-06,89500
1.69531223503663e-06,89600
1.69502940668024e-06,89700
1.69474654529189e-06,89800
1.69446365073702e-06,89900
1.69418072283328e-06,90000
1.69389776134967e-06,90100
1.69361476600563e-06,90200
1.69333173647022e-06,90300
1.6930486723613e-06,90400
1.69276557324458e-06,90500
1.69248243863283e-06,90600
1.69219926798511e-06,90700
1.69191606070592e-06,90800
1.69163281614436e-06,90900
1.69134953359341e-06,91000
1.69106621228918e-06,91100
1.69078285141005e-06,91200
1.69049945007603e-06,91300
1.690216007348e-06,91400
1.68993252222708e-06,91500
1.68964899365374e-06,91600
1.68936542050741e-06,91700
1.68908180160565e-06,91800
1.68879813570352e-06,91900
1.68851442149308e-06,92000
1.68823065760276e-06,92100
1.68794684259672e-06,92200
1.68766297497443e-06,92300
1.68737905317008e-06,92400
1.68709507555206e-06,92500
1.68681104042259e-06,92600
1.68652694601721e-06,92700
1.68624279050431e-06,92800
1.68595857198486e-06,92900
1.6856742884919e-06,93000
1.68538993799037e-06,93100
1.6851055183766e-06,93200
1.68482102747815e-06,93300
1.68453646305358e-06,93400
1.68425182279207e-06,93500
1.68396710431342e-06,93600
1.68368230516765e-06,93700
1.68339742283507e-06,93800
1.68311245472606e-06,93900
1.682827398181e-06,94000
1.68254225047019e-06,94100
1.68225700879389e-06,94200
1.68197167028235e-06,94300
1.68168623199576e-06,94400
1.68140069092437e-06,94500
1.68111504398863e-06,94600
1.68082928803931e-06,94700
1.68054341985762e-06,94800
1.68025743615547e-06,94900
1.67997133357569e-06,95000
1.67968510869234e-06,95100
1.67939875801092e-06,95200
1.67911227796877e-06,95300
1.67882566493547e-06,95400
1.67853891521312e-06,95500
1.67825202503693e-06,95600
1.67796499057554e-06,95700
1.67767780793164e-06,95800
1.67739047314247e-06,95900
1.6771029821803e-06,96000
1.67681533095312e-06,96100
1.67652751530536e-06,96200
1.67623953101829e-06,96300
1.67595137381096e-06,96400
1.67566303934088e-06,96500
1.6753745232047e-06,96600
1.67508582093908e-06,96700
1.67479692802146e-06,96800
1.67450783987104e-06,96900
1.67421855184949e-06,97000
1.67392905926204e-06,97100
1.67363935735834e-06,97200
1.67334944133347e-06,97300
1.67305930632894e-06,97400
1.67276894743377e-06,97500
1.67247835968554e-06,97600
1.67218753807146e-06,97700
1.67189647752962e-06,97800
1.67160517294998e-06,97900
1.67131361917575e-06,98000
1.67102181100445e-06,98100
1.67072974318923e-06,98200
1.67043741044015e-06,98300
1.67014480742543e-06,98400
1.66985192877289e-06,98500
1.66955876907111e-06,98600
1.66926532287102e-06,98700
1.66897158468711e-06,98800
1.66867754899901e-06,98900
1.66838321025287e-06,99000
1.66808856286278e-06,99100
1.66779360121239e-06,99200
1.66749831965633e-06,99300
1.66720271252178e-06,99400
1.66690677410996e-06,99500
1.6666104986979e-06,99600
1.66631388053979e-06,99700
1.66601691386875e-06,99800
1.6657195928985e-06,99900
1.66542191182482e-06,100000
1.66512386482742e-06,100100
1.66482544607155e-06,100200
1.66452664970963e-06,100300
1.66422746988308e-06,100400
1.66392790072403e-06,100500
1.66362793635698e-06,100600
1.66332757090058e-06,100700
1.6630267984695e-06,100800
1.66272561317611e-06,100900
1.66242400913226e-06,101000
1.66212198045111e-06,101100
1.66181952124898e-06,101200
1.66151662564707e-06,101300
1.66121328777337e-06,101400
1.66090950176443e-06,101500
1.66060526176724e-06,101600
1.66030056194102e-06,101700
1.65999539645915e-06,101800
1.65968975951089e-06,101900
1.65938364530339e-06,102000
1.65907704806336e-06,102100
1.65876996203909e-06,102200
1.65846238150223e-06,102300
1.65815430074966e-06,102400
1.65784571410531e-06,102500
1.65753661592206e-06,102600
1.65722700058355e-06,102700
1.65691686250609e-06,102800
1.65660619614041e-06,102900
1.65629499597359e-06,103000
1.6559832565308e-06,103100
1.65567097237723e-06,103200
1.65535813811979e-06,103300
1.655044748409e-06,103400
1.65473079794085e-06,103500
1.65441628145838e-06,103600
1.6541011937537e-06,103700
1.65378552966958e-06,103800
1.65346928410134e-06,103900
1.65315245199854e-06,104000
1.65283502836669e-06,104100
1.65251700826896e-06,104200
1.65219838682797e-06,104300
1.65187915922741e-06,104400
1.65155932071374e-06,104500
1.65123886659778e-06,104600
1.65091779225645e-06,104700
1.65059609313432e-06,104800
1.65027376474524e-06,104900
1.64995080267391e-06,105000
1.64962720257744e-06,105100
1.64930296018688e-06,105200
1.6489780713088e-06,105300
1.64865253182664e-06,105400
1.64832633770242e-06,105500
1.64799948497793e-06,105600
1.64767196977631e-06,105700
1.64734378830345e-06,105800
1.6470149368493e-06,105900
1.64668541178926e-06,106000
1.64635520958548e-06,106100
1.64602432678819e-06,106200
1.64569276003697e-06,106300
1.6453605060619e-06,106400
1.64502756168492e-06,106500
1.64469392382086e-06,106600
1.64435958947873e-06,106700
1.64402455576271e-06,106800
1.64368881987337e-06,106900
1.64335237910864e-06,107000
1.64301523086485e-06,107100
1.64267737263779e-06,107200
1.64233880202358e-06,107300
1.64199951671967e-06,107400
1.64165951452574e-06,107500
1.64131879334447e-06,107600
1.64097735118253e-06,107700
1.64063518615121e-06,107800
1.64029229646728e-06,107900
1.63994868045372e-06,108000
1.63960433654033e-06,108100
1.63925926326445e-06,108200
1.6389134592716e-06,108300
1.63856692331595e-06,108400
1.63821965426099e-06,108500
1.63787165107998e-06,108600
1.63752291285637e-06,108700
1.63717343878437e-06,108800
1.63682322816918e-06,108900
1.63647228042747e-06,109000
1.63612059508765e-06,109100
1.63576817179017e-06,109200
1.6354150102877e-06,109300
1.63506111044547e-06,109400
1.63470647224127e-06,109500
1.63435109576567e-06,109600
1.63399498122215e-06,109700
1.63363812892702e-06,109800
1.63328053930955e-06,109900
1.63292221291187e-06,110000
1.63256315038894e-06,110100
1.6322033525084e-06,110200
1.63184282015053e-06,110300
1.63148155430788e-06,110400
1.63111955608522e-06,110500
1.6307568266992e-06,110600
1.63039336747807e-06,110700
1.63002917986129e-06,110800
1.62966426539922e-06,110900
1.62929862575266e-06,111000
1.6289322626924e-06,111100
1.62856517809874e-06,111200
1.62819737396093e-06,111300
1.62782885237667e-06,111400
1.62745961555135e-06,111500
1.62708966579758e-06,111600
1.62671900553438e-06,111700
1.62634763728655e-06,111800
1.62597556368384e-06,111900
1.62560278746018e-06,112000
1.62522931145287e-06,112100
1.62485513860171e-06,112200
1.62448027194803e-06,112300
1.62410471463385e-06,112400
1.62372846990089e-06,112500
1.62335154108948e-06,112600
1.6229739316376e-06,112700
1.62259564507979e-06,112800
1.62221668504603e-06,112900
1.62183705526056e-06,113000
1.62145675954078e-06,113100
1.62107580179603e-06,113200
1.62069418602625e-06,113300
1.62031191632088e-06,113400
1.61992899685738e-06,113500
1.61954543190004e-06,113600
1.61916122579854e-06,113700
1.6187763829866e-06,113800
1.61839090798053e-06,113900
1.6180048053778e-06,114000
1.61761807985554e-06,114100
1.61723073616907e-06,114200
1.6168427791504e-06,114300
1.61645421370661e-06,114400
1.61606504481826e-06,114500
1.61567527753786e-06,114600
1.61528491698821e-06,114700
1.61489396836072e-06,114800
1.61450243691381e-06,114900
1.61411032797108e-06,115000
1.61371764691972e-06,115100
1.61332439920878e-06,115200
1.61293059034726e-06,115300
1.6125362259025e-06,115400
1.61214131149833e-06,115500
1.61174585281322e-06,115600
1.61134985557847e-06,115700
1.6109533255764e-06,115800
1.61055626863844e-06,115900
1.61015869064329e-06,116000
1.60976059751504e-06,116100
1.60936199522115e-06,116200
1.60896288977078e-06,116300
1.60856328721258e-06,116400
1.60816319363295e-06,116500
1.60776261515405e-06,116600
1.60736155793177e-06,116700
1.60696002815388e-06,116800
1.60655803203797e-06,116900
1.60615557582954e-06,117000
1.60575266579993e-06,117100
1.60534930824447e-06,117200
1.60494550948031e-06,117300
1.60454127584466e-06,117400
1.60413661369252e-06,117500
1.6037315293949e-06,117600
1.60332602933676e-06,117700
1.60292011991495e-06,117800
1.60251380753632e-06,117900
1.60210709861567e-06,118000
1.60169999957372e-06,118100
1.60129251683519e-06,118200
1.60088465682689e-06,118300
1.60047642597556e-06,118400
1.60006783070604e-06,118500
1.59965887743929e-06,118600
1.59924957259043e-06,118700
1.59883992256678e-06,118800
1.59842993376597e-06,118900
1.59801961257403e-06,119000
1.5976089653634e-06,119100
1.59719799849116e-06,119200
1.596786718297e-06,119300
1.59637513110159e-06,119400
1.59596324320444e-06,119500
1.59555106088235e-06,119600
1.59513859038737e-06,119700
1.59472583794518e-06,119800
1.59431280975321e-06,119900
1.59389951197895e-06,120000
1.59348595075814e-06,120100
1.59307213219315e-06,120200
1.59265806235124e-06,120300
1.59224374726292e-06,120400
1.59182919292028e-06,120500
1.59141440527541e-06,120600
1.5909993902388e-06,120700
1.59058415367779e-06,120800
1.590168701415e-06,120900
1.58975303922689e-06,121000
1.58933717284223e-06,121100
1.58892110794068e-06,121200
1.58850485015138e-06,121300
1.58808840505154e-06,121400
1.58767177816514e-06,121500
1.5872549749616e-06,121600
1.58683800085444e-06,121700
1.58642086120011e-06,121800
1.58600356129673e-06,121900
1.58558610638294e-06,122000
1.58516850163674e-06,122100
1.58475075217441e-06,122200
1.58433286304942e-06,122300
1.58391483925138e-06,122400
1.58349668570513e-06,122500
1.58307840726972e-06,122600
1.58266000873756e-06,122700
1.58224149483349e-06,122800
1.58182287021396e-06,122900
1.58140413946629e-06,123000
1.58098530710789e-06,123100
1.58056637758563e-06,123200
1.58014735527502e-06,123300
1.57972824447975e-06,123400
1.57930904943107e-06,123500
1.57888977428724e-06,123600
1.5784704231331e-06,123700
1.57805099997948e-06,123800
1.57763150876309e-06,123900
1.57721195334588e-06,124000
1.57679233751493e-06,124100
1.57637266498205e-06,124200
1.57595293938373e-06,124300
1.57553316428083e-06,124400
1.57511334315856e-06,124500
1.57469347942632e-06,124600
1.5742735764178e-06,124700
1.57385363739086e-06,124800
1.57343366552771e-06,124900
1.57301366393496e-06,125000
1.57259363564383e-06,125100
1.57217358361028e-06,125200
1.5717535107154e-06,125300
1.57133341976558e-06,125400
1.57091331349294e-06,125500
1.57049319455569e-06,125600
1.5700730655386e-06,125700
1.56965292895347e-06,125800
1.56923278723965e-06,125900
1.56881264276467e-06,126000
1.56839249782483e-06,126100
1.56797235464591e-06,126200
1.56755221538378e-06,126300
1.56713208212535e-06,126400
1.56671195688923e-06,126500
1.56629184162661e-06,126600
1.56587173822217e-06,126700
1.56545164849505e-06,126800
1.56503157419974e-06,126900
1.56461151702726e-06,127000
1.56419147860604e-06,127100
1.56377146050317e-06,127200
1.56335146422548e-06,127300
1.56293149122078e-06,127400
1.56251154287895e-06,127500
1.56209162053345e-06,127600
1.56167172546243e-06,127700
1.56125185889006e-06,127800
1.5608320219881e-06,127900
1.56041221587711e-06,128000
1.55999244162806e-06,128100
1.55957270026369e-06,128200
1.55915299276009e-06,128300
1.5587333200483e-06,128400
1.55831368301583e-06,128500
1.55789408250826e-06,128600
1.55747451933097e-06,128700
1.55705499425073e-06,128800
1.5566355079975e-06,128900
1.55621606126608e-06,129000
1.5557966547179e-06,129100
1.55537728898282e-06,129200
1.55495796466095e-06,129300
1.55453868232442e-06,129400
1.55411944251932e-06,129500
1.55370024576754e-06,129600
1.55328109256866e-06,129700
1.55286198340187e-06,129800
1.55244291872793e-06,129900
1.55202389899111e-06,130000
1.55160492462115e-06,130100
1.55118599603527e-06,130200
1.55076711364012e-06,130300
1.55034827783385e-06,130400
1.54992948900808e-06,130500
1.54951074754995e-06,130600
1.54909205384416e-06,130700
1.54867340827502e-06,130800
1.54825481122847e-06,130900
1.54783626309422e-06,131000
1.54741776426768e-06,131100
1.54699931515213e-06,131200
1.54658091616074e-06,131300
1.54616256771865e-06,131400
1.54574427026497e-06,131500
1.54532602425494e-06,131600
1.54490783016188e-06,131700
1.54448968847932e-06,131800
1.54407159972294e-06,131900
1.54365356443271e-06,132000
1.54323558317484e-06,132100
1.54281765654379e-06,132200
1.54239978516432e-06,132300
1.54198196969337e-06,132400
1.54156421082213e-06,132500
1.54114650927795e-06,132600
1.54072886582623e-06,132700
1.54031128127239e-06,132800
1.53989375646375e-06,132900
1.53947629229132e-06,133000
1.53905888969178e-06,133100
1.53864154964922e-06,133200
1.53822427319687e-06,133300
1.53780706141898e-06,133400
1.53738991545252e-06,133500
1.53697283648884e-06,133600
1.53655582577538e-06,133700
1.53613888461733e-06,133800
1.53572201437919e-06,133900
1.53530521648639e-06,134000
1.53488849242678e-06,134100
1.53447184375213e-06,134200
1.53405527207963e-06,134300
1.53363877909329e-06,134400
1.53322236654528e-06,134500
1.53280603625729e-06,134600
1.53238979012184e-06,134700
1.53197363010345e-06,134800
1.53155755823999e-06,134900
1.53114157664362e-06,135000
1.53072568750208e-06,135100
1.53030989307962e-06,135200
1.52989419571813e-06,135300
1.52947859783788e-06,135400
1.5290631019387e-06,135500
1.52864771060056e-06,135600
1.52823242648458e-06,135700
1.52781725233359e-06,135800
1.52740219097291e-06,135900
1.52698724531101e-06,136000
1.52657241833998e-06,136100
1.52615771313604e-06,136200
1.52574313286013e-06,136300
1.52532868075813e-06,136400
1.52491436016128e-06,136500
1.52450017448644e-06,136600
1.52408612723628e-06,136700
1.52367222199942e-06,136800
1.52325846245055e-06,136900
1.52284485235043e-06,137000
1.52243139554576e-06,137100
1.52201809596923e-06,137200
1.52160495763924e-06,137300
1.52119198465964e-06,137400
1.52077918121952e-06,137500
1.52036655159276e-06,137600
1.51995410013754e-06,137700
1.51954183129605e-06,137800
1.51912974959367e-06,137900
1.5187178596385e-06,138000
1.51830616612058e-06,138100
1.51789467381107e-06,138200
1.5174833875616e-06,138300
1.51707231230314e-06,138400
1.51666145304517e-06,138500
1.51625081487461e-06,138600
1.51584040295465e-06,138700
1.51543022252366e-06,138800
1.51502027889394e-06,138900
1.51461057745037e-06,139000
1.51420112364903e-06,139100
1.51379192301584e-06,139200
1.51338298114498e-06,139300
1.51297430369737e-06,139400
1.51256589639899e-06,139500
1.51215776503924e-06,139600
1.51174991546913e-06,139700
1.51134235359945e-06,139800
1.51093508539898e-06,139900
1.51052811689237e-06,140000
1.51012145415833e-06,140100
1.5097151033274e-06,140200
1.50930907057988e-06,140300
1.50890336214366e-06,140400
1.50849798429195e-06,140500
1.50809294334096e-06,140600
1.50768824564755e-06,140700
1.50728389760686e-06,140800
1.50687990564976e-06,140900
1.50647627624036e-06,141000
1.50607301587344e-06,141100
1.50567013107182e-06,141200
1.50526762838364e-06,141300
1.5048655143797e-06,141400
1.50446379565061e-06,141500
1.50406247880402e-06,141600
1.50366157046169e-06,141700
1.50326107725665e-06,141800
1.50286100583015e-06,141900
1.50246136282878e-06,142000
1.50206215490129e-06,142100
1.50166338869557e-06,142200
1.50126507085561e-06,142300
1.50086720801817e-06,142400
1.50046980680979e-06,142500
1.50007287384337e-06,142600
1.49967641571505e-06,142700
1.49928043900089e-06,142800
1.49888495025353e-06,142900
1.49848995599884e-06,143000
1.49809546273261e-06,143100
1.49770147691709e-06,143200
1.49730800497759e-06,143300
1.49691505329908e-06,143400
1.49652262822272e-06,143500
1.49613073604231e-06,143600
1.49573938300095e-06,143700
1.49534857528736e-06,143800
1.49495831903252e-06,143900
1.49456862030603e-06,144000
1.49417948511265e-06,144100
1.49379091938874e-06,144200
1.49340292899864e-06,144300
1.49301551973122e-06,144400
1.49262869729628e-06,144500
1.49224246732099e-06,144600
1.49185683534632e-06,144700
1.49147180682355e-06,144800
1.49108738711069e-06,144900
1.49070358146894e-06,145000
1.49032039505914e-06,145100
1.48993783293835e-06,145200
1.4895559000562e-06,145300
1.48917460125158e-06,145400
1.48879394124895e-06,145500
1.48841392465512e-06,145600
1.48803455595561e-06,145700
1.48765583951136e-06,145800
1.48727777955536e-06,145900
1.48690038018914e-06,146000
1.48652364537959e-06,146100
1.48614757895555e-06,146200
1.48577218460464e-06,146300
1.48539746586985e-06,146400
1.48502342614651e-06,146500
1.48465006867896e-06,146600
1.48427739655756e-06,146700
1.48390541271544e-06,146800
1.48353411992557e-06,146900
1.48316352079767e-06,147000
1.48279361777524e-06,147100
1.4824244131327e-06,147200
1.48205590897244e-06,147300
1.481688107222e-06,147400
1.48132100963138e-06,147500
1.48095461777013e-06,147600
1.4805889330249e-06,147700
1.48022395659664e-06,147800
1.47985968949816e-06,147900
1.4794961325515e-06,148000
1.47913328638562e-06,148100
1.47877115143396e-06,148200
1.47840972793207e-06,148300
1.47804901591539e-06,148400
1.47768901521711e-06,148500
1.47732972546592e-06,148600
1.47697114608402e-06,148700
1.47661327628517e-06,148800
1.47625611507266e-06,148900
1.4758996612375e-06,149000
1.47554391335667e-06,149100
1.47518886979136e-06,149200
1.47483452868533e-06,149300
1.47448088796337e-06,149400
1.4741279453298e-06,149500
1.47377569826708e-06,149600
1.47342414403443e-06,149700
1.47307327966655e-06,149800
1.47272310197251e-06,149900
1.47237360753462e-06,150000
1.47202479270738e-06,150100
1.47167665361657e-06,150200
1.47132918615835e-06,150300
1.47098238599851e-06,150400
1.47063624857178e-06,150500
1.4702907690812e-06,150600
1.46994594249755e-06,150700
1.46960176355895e-06,150800
1.4692582267705e-06,150900
1.46891532640393e-06,151000
1.46857305649745e-06,151100
1.46823141085568e-06,151200
1.4678903830495e-06,151300
1.46754996641622e-06,151400
1.46721015405962e-06,151500
1.4668709388503e-06,151600
1.46653231342581e-06,151700
1.46619427019125e-06,151800
1.46585680131955e-06,151900
1.46551989875219e-06,152000
1.46518355419971e-06,152100
1.46484775914257e-06,152200
1.46451250483186e-06,152300
1.46417778229023e-06,152400
1.46384358231288e-06,152500
1.46350989546865e-06,152600
1.46317671210107e-06,152700
1.46284402232965e-06,152800
1.46251181605125e-06,152900
1.46218008294131e-06,153000
1.46184881245543e-06,153100
1.46151799383092e-06,153200
1.46118761608836e-06,153300
1.46085766803335e-06,153400
1.4605281382583e-06,153500
1.46019901514419e-06,153600
1.45987028686266e-06,153700
1.4595419413779e-06,153800
1.45921396644878e-06,153900
1.45888634963093e-06,154000
1.4585590782791e-06,154100
1.45823213954936e-06,154200
1.45790552040145e-06,154300
1.45757920760131e-06,154400
1.45725318772348e-06,154500
1.45692744715375e-06,154600
1.45660197209172e-06,154700
1.45627674855363e-06,154800
1.45595176237496e-06,154900
1.45562699921336e-06,155000
1.45530244455149e-06,155100
1.45497808370004e-06,155200
1.45465390180064e-06,155300
1.45432988382894e-06,155400
1.45400601459781e-06,155500
1.45368227876043e-06,155600
1.45335866081347e-06,155700
1.45303514510051e-06,155800
1.45271171581524e-06,155900
1.45238835700489e-06,156000
1.45206505257362e-06,156100
1.45174178628602e-06,156200
1.4514185417706e-06,156300
1.45109530252333e-06,156400
1.45077205191128e-06,156500
1.45044877317618e-06,156600
1.45012544943816e-06,156700
1.44980206369942e-06,156800
1.449478598848e-06,156900
1.44915503766156e-06,157000
1.44883136281112e-06,157100
1.44850755686494e-06,157200
1.44818360229248e-06,157300
1.44785948146813e-06,157400
1.44753517667524e-06,157500
1.44721067011004e-06,157600
1.44688594388559e-06,157700
1.44656098003575e-06,157800
1.44623576051926e-06,157900
1.44591026722373e-06,158000
1.44558448196962e-06,158100
1.44525838651432e-06,158200
1.44493196255636e-06,158300
1.44460519173922e-06,158400
1.4442780556557e-06,158500
1.44395053585179e-06,158600
1.44362261383093e-06,158700
1.44329427105804e-06,158800
1.44296548896368e-06,158900
1.44263624894811e-06,159000
1.44230653238543e-06,159100
1.44197632062773e-06,159200
1.44164559500917e-06,159300
1.44131433685013e-06,159400
1.44098252746122e-06,159500
1.44065014814747e-06,159600
1.44031718021244e-06,159700
1.43998360496223e-06,159800
1.43964940370956e-06,159900
1.43931455777786e-06,160000
1.43897904850534e-06,160100
1.43864285724897e-06,160200
1.43830596538855e-06,160300
1.43796835433061e-06,160400
1.43763000551254e-06,160500
1.43729090040645e-06,160600
1.43695102052315e-06,160700
1.43661034741607e-06,160800
1.43626886268514e-06,160900
1.43592654798069e-06,161000
1.43558338500728e-06,161100
1.43523935552755e-06,161200
1.434894441366e-06,161300
1.43454862441277e-06,161400
1.43420188662736e-06,161500
1.43385421004239e-06,161600
1.43350557676721e-06,161700
1.43315596899162e-06,161800
1.43280536898945e-06,161900
1.43245375912215e-06,162000
1.43210112184234e-06,162100
1.43174743969735e-06,162200
1.43139269533265e-06,162300
1.43103687149534e-06,162400
1.43067995103753e-06,162500
1.43032191691978e-06,162600
1.42996275221429e-06,162700
1.42960244010833e-06,162800
1.42924096390746e-06,162900
1.42887830703868e-06,163000
1.4285144530537e-06,163100
1.42814938563201e-06,163200
1.42778308858401e-06,163300
1.42741554585403e-06,163400
1.42704674152337e-06,163500
1.42667665981328e-06,163600
1.4263052850878e-06,163700
1.42593260185677e-06,163800
1.42555859477861e-06,163900
1.42518324866306e-06,164000
1.42480654847406e-06,164100
1.42442847933235e-06,164200
1.42404902651821e-06,164300
1.42366817547402e-06,164400
1.42328591180692e-06,164500
1.42290222129128e-06,164600
1.42251708987122e-06,164700
1.42213050366303e-06,164800
1.42174244895766e-06,164900
1.42135291222293e-06,165000
1.42096188010604e-06,165100
1.42056933943566e-06,165200
1.42017527722427e-06,165300
1.41977968067036e-06,165400
1.41938253716045e-06,165500
1.41898383427132e-06,165600
1.41858355977204e-06,165700
1.4181817016259e-06,165800
1.4177782479925e-06,165900
1.4173731872296e-06,166000
1.41696650789504e-06,166100
1.4165581987486e-06,166200
1.41614824875373e-06,166300
1.41573664707941e-06,166400
1.41532338310185e-06,166500
1.41490844640607e-06,166600
1.41449182678771e-06,166700
1.41407351425455e-06,166800
1.41365349902797e-06,166900
1.41323177154469e-06,167000
1.41280832245807e-06,167100
1.41238314263966e-06,167200
1.41195622318057e-06,167300
1.41152755539285e-06,167400
1.41109713081081e-06,167500
1.41066494119237e-06,167600
1.41023097852026e-06,167700
1.40979523500326e-06,167800
1.40935770307743e-06,167900
1.40891837540726e-06,168000
1.40847724488674e-06,168100
1.40803430464048e-06,168200
1.40758954802484e-06,168300
1.40714296862879e-06,168400
1.40669456027503e-06,168500
1.40624431702095e-06,168600
1.40579223315945e-06,168700
1.40533830321996e-06,168800
1.40488252196921e-06,168900
1.40442488441212e-06,169000
1.40396538579255e-06,169100
1.40350402159418e-06,169200
1.40304078754109e-06,169300
1.40257567959867e-06,169400
1.4021086939741e-06,169500
1.40163982711723e-06,169600
1.40116907572097e-06,169700
1.40069643672216e-06,169800
1.40022190730194e-06,169900
1.3997454848864e-06,170000
1.39926716714704e-06,170100
1.39878695200137e-06,170200
1.39830483761327e-06,170300
1.39782082239352e-06,170400
1.39733490500021e-06,170500
1.39684708433909e-06,170600
1.39635735956399e-06,170700
1.39586573007715e-06,170800
1.39537219552958e-06,170900
1.3948767558213e-06,171000
1.39437941110165e-06,171100
1.39388016176956e-06,171200
1.39337900847374e-06,171300
1.39287595211294e-06,171400
1.39237099383605e-06,171500
1.39186413504237e-06,171600
1.39135537738163e-06,171700
1.39084472275419e-06,171800
1.39033217331107e-06,171900
1.38981773145407e-06,172000
1.38930139983578e-06,172100
1.38878318135959e-06,172200
1.38826307917971e-06,172300
1.38774109670113e-06,172400
1.3872172375796e-06,172500
1.38669150572148e-06,172600
1.38616390528373e-06,172700
1.3856344406737e-06,172800
1.38510311654907e-06,172900
1.38456993781763e-06,173000
1.38403490963709e-06,173100
1.38349803741483e-06,173200
1.38295932680772e-06,173300
1.38241878372181e-06,173400
1.38187641431202e-06,173500
1.38133222498185e-06,173600
1.38078622238296e-06,173700
1.38023841341488e-06,173800
1.37968880522462e-06,173900
1.37913740520608e-06,174000
1.37858422099977e-06,174100
1.37802926049224e-06,174200
1.37747253181555e-06,174300
1.37691404334677e-06,174400
1.37635380370734e-06,174500
1.37579182176254e-06,174600
1.37522810662081e-06,174700
1.37466266763306e-06,174800
1.37409551439202e-06,174900
1.37352665673144e-06,175000
1.37295610472542e-06,175100
1.3723838686875e-06,175200
1.37180995916989e-06,175300
1.37123438696262e-06,175400
1.37065716309258e-06,175500
1.37007829882259e-06,175600
1.36949780565045e-06,175700
1.36891569530792e-06,175800
1.36833197975962e-06,175900
1.36774667120204e-06,176000
1.36715978206228e-06,176100
1.366571324997e-06,176200
1.36598131289113e-06,176300
1.36538975885662e-06,176400
1.36479667623121e-06,176500
1.36420207857704e-06,176600
1.36360597967926e-06,176700
1.36300839354466e-06,176800
1.36240933440019e-06,176900
1.36180881669135e-06,177000
1.36120685508082e-06,177100
1.36060346444665e-06,177200
1.35999865988077e-06,177300
1.35939245668717e-06,177400
1.35878487038028e-06,177500
1.35817591668303e-06,177600
1.35756561152512e-06,177700
1.35695397104105e-06,177800
1.35634101156821e-06,177900
1.35572674964488e-06,178000
1.35511120200817e-06,178100
1.35449438559192e-06,178200
1.35387631752453e-06,178300
1.35325701512679e-06,178400
1.35263649590959e-06,178500
1.3520147775716e-06,178600
1.35139187799691e-06,178700
1.3507678152526e-06,178800
1.35014260758625e-06,178900
1.34951627342341e-06,179000
1.34888883136503e-06,179100
1.34826030018476e-06,179200
1.34763069882623e-06,179300
1.3470000464004e-06,179400
1.34636836218258e-06,179500
1.34573566560966e-06,179600
1.34510197627713e-06,179700
1.34446731393606e-06,179800
1.34383169849011e-06,179900
1.34319514999235e-06,180000
1.34255768864212e-06,180100
1.34191933478178e-06,180200
1.34128010889343e-06,180300
1.34064003159559e-06,180400
1.33999912363971e-06,180500
1.33935740590678e-06,180600
1.33871489940379e-06,180700
1.33807162526012e-06,180800
1.3374276047239e-06,180900
1.33678285915837e-06,181000
1.33613741003801e-06,181100
1.33549127894485e-06,181200
1.33484448756449e-06,181300
1.33419705768227e-06,181400
1.33354901117919e-06,181500
1.33290037002792e-06,181600
1.33225115628872e-06,181700
1.33160139210523e-06,181800
1.33095109970034e-06,181900
1.33030030137187e-06,182000
1.32964901948826e-06,182100
1.32899727648424e-06,182200
1.3283450948564e-06,182300
1.32769249715871e-06,182400
1.32703950599801e-06,182500
1.32638614402943e-06,182600
1.32573243395185e-06,182700
1.32507839850309e-06,182800
1.32442406045537e-06,182900
1.32376944261041e-06,183000
1.32311456779475e-06,183100
1.32245945885481e-06,183200
1.32180413865208e-06,183300
1.32114863005819e-06,183400
1.32049295594986e-06,183500
1.31983713920402e-06,183600
1.31918120269269e-06,183700
1.31852516927794e-06,183800
1.31786906180675e-06,183900
1.31721290310592e-06,184000
1.31655671597684e-06,184100
1.31590052319032e-06,184200
1.31524434748136e-06,184300
1.31458821154387e-06,184400
1.3139321380254e-06,184500
1.31327614952185e-06,184600
1.31262026857212e-06,184700
1.31196451765276e-06,184800
1.31130891917262e-06,184900
1.31065349546744e-06,185000
1.30999826879449e-06,185100
1.30934326132714e-06,185200
1.30868849514944e-06,185300
1.30803399225067e-06,185400
1.30737977451993e-06,185500
1.3067258637407e-06,185600
1.30607228158537e-06,185700
1.30541904960983e-06,185800
1.30476618924796e-06,185900
1.30411372180627e-06,186000
1.30346166845841e-06,186100
1.30281005023975e-06,186200
1.30215888804197e-06,186300
1.30150820260761e-06,186400
1.30085801452477e-06,186500
1.30020834422162e-06,186600
1.29955921196113e-06,186700
1.29891063783563e-06,186800
1.29826264176164e-06,186900
1.2976152434744e-06,187000
1.29696846252275e-06,187100
1.29632231826384e-06,187200
1.29567682985791e-06,187300
1.29503201626313e-06,187400
1.2943878962305e-06,187500
1.2937444882987e-06,187600
1.29310181078908e-06,187700
1.29245988180064e-06,187800
1.29181871920506e-06,187900
1.29117834064174e-06,188000
1.29053876351305e-06,188100
1.2899000049794e-06,188200
1.28926208195451e-06,188300
1.28862501110076e-06,188400
1.28798880882449e-06,188500
1.28735349127141e-06,188600
1.28671907432217e-06,188700
1.2860855735878e-06,188800
1.28545300440536e-06,188900
1.28482138183373e-06,189000
1.28419072064917e-06,189100
1.28356103534136e-06,189200
1.28293234010916e-06,189300
1.28230464885673e-06,189400
1.28167797518944e-06,189500
1.28105233241022e-06,189600
1.28042773351563e-06,189700
1.27980419119229e-06,189800
1.2791817178133e-06,189900
1.27856032543467e-06,190000
1.277940025792e-06,190100
1.27732083029713e-06,190200
1.276702750035e-06,190300
1.27608579576046e-06,190400
1.27546997789533e-06,190500
1.27485530652547e-06,190600
1.27424179139798e-06,190700
1.27362944191852e-06,190800
1.27301826714874e-06,190900
1.27240827580372e-06,191000
1.27179947624977e-06,191100
1.27119187650197e-06,191200
1.27058548422222e-06,191300
1.26998030671709e-06,191400
1.26937635093597e-06,191500
1.26877362346923e-06,191600
1.26817213054663e-06,191700
1.2675718780357e-06,191800
1.26697287144032e-06,191900
1.26637511589942e-06,192000
1.26577861618584e-06,192100
1.26518337670516e-06,192200
1.26458940149486e-06,192300
1.2639966942235e-06,192400
1.26340525818998e-06,192500
1.26281509632303e-06,192600
1.26222621118081e-06,192700
1.26163860495051e-06,192800
1.26105227944832e-06,192900
1.26046723611925e-06,193000
1.25988347603734e-06,193100
1.25930099990578e-06,193200
1.25871980805735e-06,193300
1.25813990045487e-06,193400
1.25756127669177e-06,193500
1.25698393599293e-06,193600
1.25640787721544e-06,193700
1.25583309884972e-06,193800
1.25525959902059e-06,193900
1.25468737548861e-06,194000
1.25411642565135e-06,194100
1.2535467465451e-06,194200
1.25297833484637e-06,194300
1.25241118687382e-06,194400
1.25184529859006e-06,194500
1.25128066560379e-06,194600
1.25071728317193e-06,194700
1.25015514620195e-06,194800
1.24959424925431e-06,194900
1.24903458654497e-06,195000
1.24847615194814e-06,195100
1.24791893899903e-06,195200
1.24736294089683e-06,195300
1.24680815050768e-06,195400
1.24625456036796e-06,195500
1.24570216268748e-06,195600
1.24515094935295e-06,195700
1.24460091193149e-06,195800
1.24405204167423e-06,195900
1.24350432952011e-06,196000
1.24295776609977e-06,196100
1.24241234173948e-06,196200
1.24186804646524e-06,196300
1.24132487000696e-06,196400
1.24078280180282e-06,196500
1.24024183100361e-06,196600
1.23970194647726e-06,196700
1.23916313681343e-06,196800
1.23862539032825e-06,196900
1.23808869506908e-06,197000
1.2375530388194e-06,197100
1.23701840910387e-06,197200
1.23648479319329e-06,197300
1.23595217810984e-06,197400
1.23542055063231e-06,197500
1.2348898973014e-06,197600
1.23436020442517e-06,197700
1.23383145808448e-06,197800
1.23330364413861e-06,197900
1.23277674823083e-06,198000
1.23225075579414e-06,198100
1.23172565205708e-06,198200
1.23120142204945e-06,198300
1.23067805060835e-06,198400
1.23015552238401e-06,198500
1.22963382184594e-06,198600
1.22911293328886e-06,198700
1.22859284083893e-06,198800
1.22807352845985e-06,198900
1.22755497995914e-06,199000
1.22703717899434e-06,199100
1.22652010907934e-06,199200
1.22600375359073e-06,199300
1.22548809577409e-06,199400
1.22497311875054e-06,199500
1.22445880552302e-06,199600
1.22394513898283e-06,199700
1.22343210191609e-06,199800
1.22291967701026e-06,199900
1.22240784686059e-06,200000
1.22189659397673e-06,200100
1.22138590078923e-06,200200
1.22087574965606e-06,200300
1.22036612286924e-06,200400
1.21985700266131e-06,200500
1.21934837121194e-06,200600
1.21884021065443e-06,200700
1.21833250308235e-06,200800
1.21782523055592e-06,200900
1.21731837510869e-06,201000
1.21681191875393e-06,201100
1.21630584349112e-06,201200
1.2158001313125e-06,201300
1.21529476420941e-06,201400
1.21478972417877e-06,201500
1.21428499322942e-06,201600
1.21378055338848e-06,201700
1.21327638670764e-06,201800
1.2127724752695e-06,201900
1.21226880119372e-06,202000
1.21176534664325e-06,202100
1.21126209383042e-06,202200
1.21075902502318e-06,202300
1.21025612255091e-06,202400
1.2097533688106e-06,202500
1.20925074627267e-06,202600
1.20874823748689e-06,202700
1.20824582508814e-06,202800
1.2077434918022e-06,202900
1.20724122045138e-06,203000
1.20673899396016e-06,203100
1.20623679536067e-06,203200
1.20573460779825e-06,203300
1.20523241453669e-06,203400
1.20473019896366e-06,203500
1.20422794459589e-06,203600
1.20372563508427e-06,203700
1.20322325421899e-06,203800
1.20272078593446e-06,203900
1.20221821431417e-06,204000
1.20171552359557e-06,204100
1.20121269817468e-06,204200
1.20070972261075e-06,204300
1.20020658163074e-06,204400
1.19970326013381e-06,204500
1.19919974319554e-06,204600
1.19869601607223e-06,204700
1.19819206420496e-06,204800
1.19768787322365e-06,204900
1.19718342895096e-06,205000
1.19667871740607e-06,205100
1.19617372480842e-06,205200
1.19566843758127e-06,205300
1.19516284235524e-06,205400
1.19465692597162e-06,205500
1.19415067548569e-06,205600
1.19364407816983e-06,205700
1.19313712151663e-06,205800
1.19262979324174e-06,205900
1.19212208128677e-06,206000
1.19161397382194e-06,206100
1.1911054592487e-06,206200
1.1905965262022e-06,206300
1.19008716355364e-06,206400
1.18957736041257e-06,206500
1.18906710612896e-06,206600
1.18855639029524e-06,206700
1.1880452027482e-06,206800
1.18753353357082e-06,206900
1.18702137309389e-06,207000
1.18650871189756e-06,207100
1.18599554081284e-06,207200
1.18548185092287e-06,207300
1.18496763356414e-06,207400
1.18445288032766e-06,207500
1.1839375830598e-06,207600
1.1834217338633e-06,207700
1.18290532509798e-06,207800
1.18238834938136e-06,207900
1.1818707995892e-06,208000
1.18135266885597e-06,208100
1.18083395057513e-06,208200
1.18031463839933e-06,208300
1.17979472624052e-06,208400
1.17927420826992e-06,208500
1.17875307891797e-06,208600
1.178231332874e-06,208700
1.17770896508602e-06,208800
1.17718597076021e-06,208900
1.17666234536044e-06,209000
1.1761380846076e-06,209100
1.17561318447893e-06,209200
1.17508764120714e-06,209300
1.17456145127952e-06,209400
1.17403461143692e-06,209500
1.17350711867263e-06,209600
1.17297897023124e-06,209700
1.17245016360725e-06,209800
1.17192069654377e-06,209900
1.17139056703104e-06,210000
1.1708597733049e-06,210100
1.1703283138451e-06,210200
1.16979618737367e-06,210300
1.16926339285308e-06,210400
1.16872992948436e-06,210500
1.16819579670523e-06,210600
1.167660994188e-06,210700
1.16712552183754e-06,210800
1.16658937978908e-06,210900
1.16605256840604e-06,211000
1.16551508827771e-06,211100
1.16497694021688e-06,211200
1.16443812525743e-06,211300
1.1638986446519e-06,211400
1.16335849986892e-06,211500
1.16281769259063e-06,211600
1.16227622471005e-06,211700
1.16173409832838e-06,211800
1.16119131575227e-06,211900
1.16064787949107e-06,212000
1.16010379225389e-06,212100
1.15955905694685e-06,212200
1.15901367667015e-06,212300
1.15846765471504e-06,212400
1.15792099456093e-06,212500
1.15737369987229e-06,212600
1.15682577449571e-06,212700
1.1562772224567e-06,212800
1.15572804795667e-06,212900
1.15517825536974e-06,213000
1.15462784923966e-06,213100
1.15407683427657e-06,213200
1.15352521535382e-06,213300
1.15297299750479e-06,213400
1.15242018591969e-06,213500
1.15186678594221e-06,213600
1.1513128030664e-06,213700
1.15075824293337e-06,213800
1.150203111328e-06,213900
1.14964741417576e-06,214000
1.14909115753932e-06,214100
1.14853434761542e-06,214200
1.1479769907315e-06,214300
1.14741909334247e-06,214400
1.14686066202751e-06,214500
1.14630170348671e-06,214600
1.14574222453795e-06,214700
1.14518223211357e-06,214800
1.14462173325722e-06,214900
1.14406073512063e-06,215000
1.14349924496043e-06,215100
1.14293727013495e-06,215200
1.14237481810113e-06,215300
1.14181189641134e-06,215400
1.14124851271026e-06,215500
1.14068467473185e-06,215600
1.14012039029623e-06,215700
1.1395556673067e-06,215800
1.13899051374668e-06,215900
1.13842493767675e-06,216000
1.13785894723172e-06,216100
1.13729255061769e-06,216200
1.13672575610916e-06,216300
1.13615857204617e-06,216400
1.13559100683152e-06,216500
1.13502306892799e-06,216600
1.13445476685549e-06,216700
1.13388610918847e-06,216800
1.1333171045532e-06,216900
1.13274776162514e-06,217000
1.13217808912632e-06,217100
1.1316080958228e-06,217200
1.13103779052222e-06,217300
1.13046718207122e-06,217400
1.12989627935309e-06,217500
1.12932509128533e-06,217600
1.12875362681734e-06,217700
1.12818189492814e-06,217800
1.12760990462406e-06,217900
1.12703766493652e-06,218000
1.12646518491992e-06,218100
1.12589247364947e-06,218200
1.12531954021916e-06,218300
1.12474639373964e-06,218400
1.12417304333629e-06,218500
1.12359949814726e-06,218600
1.12302576732159e-06,218700
1.1224518600173e-06,218800
1.12187778539963e-06,218900
1.12130355263924e-06,219000
1.12072917091052e-06,219100
1.12015464938986e-06,219200
1.11957999725404e-06,219300
1.11900522367866e-06,219400
1.11843033783654e-06,219500
1.11785534889623e-06,219600
1.1172802660206e-06,219700
1.11670509836531e-06,219800
1.11612985507752e-06,219900
1.11555454529446e-06,220000
1.11497917814219e-06,220100
1.11440376273433e-06,220200
1.11382830817077e-06,220300
1.11325282353658e-06,220400
1.11267731790075e-06,220500
1.11210180031514e-06,220600
1.11152627981336e-06,220700
1.11095076540975e-06,220800
1.11037526609833e-06,220900
1.10979979085185e-06,221000
1.10922434862081e-06,221100
1.10864894833254e-06,221200
1.10807359889033e-06,221300
1.10749830917251e-06,221400
1.10692308803168e-06,221500
1.10634794429384e-06,221600
1.10577288675765e-06,221700
1.10519792419361e-06,221800
1.10462306534337e-06,221900
1.10404831891898e-06,222000
1.1034736936022e-06,222100
1.10289919804384e-06,222200
1.10232484086303e-06,222300
1.10175063064669e-06,222400
1.10117657594877e-06,222500
1.10060268528974e-06,222600
1.10002896715591e-06,222700
1.09945542999891e-06,222800
1.09888208223507e-06,222900
1.09830893224484e-06,223000
1.09773598837226e-06,223100
1.09716325892438e-06,223200
1.09659075217078e-06,223300
1.09601847634289e-06,223400
1.09544643963358e-06,223500
1.09487465019658e-06,223600
1.09430311614591e-06,223700
1.09373184555542e-06,223800
1.09316084645817e-06,223900
1.09259012684592e-06,224000
1.09201969466864e-06,224100
1.09144955783388e-06,224200
1.09087972420625e-06,224300
1.0903102016069e-06,224400
1.08974099781291e-06,224500
1.08917212055668e-06,224600
1.08860357752544e-06,224700
1.08803537636054e-06,224800
1.08746752465695e-06,224900
1.08690002996253e-06,225000
1.08633289977752e-06,225100
1.08576614155376e-06,225200
1.08519976269411e-06,225300
1.0846337705517e-06,225400
1.08406817242933e-06,225500
1.08350297557867e-06,225600
1.08293818719951e-06,225700
1.08237381443908e-06,225800
1.08180986439122e-06,225900
1.0812463440956e-06,226000
1.08068326053689e-06,226100
1.08012062064392e-06,226200
1.07955843128884e-06,226300
1.07899669928621e-06,226400
1.07843543139208e-06,226500
1.07787463430312e-06,226600
1.07731431465557e-06,226700
1.07675447902432e-06,226800
1.0761951339219e-06,226900
1.07563628579741e-06,227000
1.07507794103552e-06,227100
1.0745201059553e-06,227200
1.0739627868092e-06,227300
1.07340598978188e-06,227400
1.07284972098902e-06,227500
1.07229398647619e-06,227600
1.07173879221759e-06,227700
1.07118414411481e-06,227800
1.07063004799563e-06,227900
1.07007650961264e-06,228000
1.06952353464199e-06,228100
1.06897112868206e-06,228200
1.06841929725199e-06,228300
1.06786804579045e-06,228400
1.06731737965409e-06,228500
1.06676730411619e-06,228600
1.06621782436517e-06,228700
1.06566894550309e-06,228800
1.06512067254418e-06,228900
1.06457301041331e-06,229000
1.06402596394444e-06,229100
1.06347953787905e-06,229200
1.06293373686458e-06,229300
1.06238856545278e-06,229400
1.06184402809813e-06,229500
1.06130012915624e-06,229600
1.0607568728821e-06,229700
1.06021426342848e-06,229800
1.05967230484427e-06,229900
1.05913100107273e-06,230000
1.05859035594983e-06,230100
1.0580503732025e-06,230200
1.05751105644696e-06,230300
1.05697240918692e-06,230400
1.05643443481188e-06,230500
1.0558971365954e-06,230600
1.0553605176933e-06,230700
1.05482458114198e-06,230800
1.05428932985657e-06,230900
1.05375476662927e-06,231000
1.05322089412755e-06,231100
1.05268771489237e-06,231200
1.05215523133651e-06,231300
1.05162344574273e-06,231400
1.05109236026212e-06,231500
1.05056197691233e-06,231600
1.05003229757584e-06,231700
1.04950332399829e-06,231800
1.04897505778674e-06,231900
1.04844750040806e-06,232000
1.04792065318715e-06,232100
1.04739451730541e-06,232200
1.04686909379907e-06,232300
1.04634438355755e-06,232400
1.04582038732191e-06,232500
1.04529710568329e-06,232600
1.04477453908137e-06,232700
1.04425268780282e-06,232800
1.04373155197993e-06,232900
1.04321113158903e-06,233000
1.04269142644918e-06,233100
1.04217243622072e-06,233200
1.04165416040396e-06,233300
1.04113659833786e-06,233400
1.04061974919875e-06,233500
1.04010361199914e-06,233600
1.03958818558651e-06,233700
1.0390734686421e-06,233800
1.03855945967999e-06,233900
1.03804615704582e-06,234000
1.03753355891597e-06,234100
1.03702166329656e-06,234200
1.03651046802248e-06,234300
1.03599997075666e-06,234400
1.03549016898916e-06,234500
1.03498106003657e-06,234600
1.03447264104118e-06,234700
1.0339649089705e-06,234800
1.03345786061662e-06,234900
1.03295149259575e-06,235000
1.03244580134778e-06,235100
1.03194078313592e-06,235200
1.03143643404638e-06,235300
1.03093274998818e-06,235400
1.03042972669292e-06,235500
1.02992735971479e-06,235600
1.0294256444304e-06,235700
1.028924576039e-06,235800
1.02842414956247e-06,235900
1.02792435984557e-06,236000
1.02742520155618e-06,236100
1.02692666918574e-06,236200
1.02642875704956e-06,236300
1.0259314592874e-06,236400
1.02543476986401e-06,236500
1.02493868256982e-06,236600
1.0244431910217e-06,236700
1.02394828866373e-06,236800
1.02345396876812e-06,236900
1.02296022443626e-06,237000
1.02246704859972e-06,237100
1.02197443402144e-06,237200
1.02148237329695e-06,237300
1.02099085885571e-06,237400
1.02049988296251e-06,237500
1.02000943771896e-06,237600
1.01951951506506e-06,237700
1.01903010678089e-06,237800
1.01854120448834e-06,237900
1.01805279965291e-06,238000
1.0175648835857e-06,238100
1.01707744744537e-06,238200
1.01659048224019e-06,238300
1.01610397883029e-06,238400
1.01561792792992e-06,238500
1.01513232010967e-06,238600
1.01464714579904e-06,238700
1.01416239528889e-06,238800
1.01367805873403e-06,238900
1.01319412615589e-06,239000
1.01271058744529e-06,239100
1.01222743236529e-06,239200
1.01174465055408e-06,239300
1.01126223152799e-06,239400
1.0107801646846e-06,239500
1.01029843930585e-06,239600
1.00981704456128e-06,239700
1.00933596951135e-06,239800
1.00885520311084e-06,239900
1.00837473421228e-06,240000
1.00789455156947e-06,240100
1.00741464384113e-06,240200
1.00693499959454e-06,240300
1.00645560730923e-06,240400
1.0059764553809e-06,240500
1.00549753212522e-06,240600
1.00501882578174e-06,240700
1.00454032451796e-06,240800
1.00406201643335e-06,240900
1.00358388956348e-06,241000
1.00310593188421e-06,241100
1.00262813131589e-06,241200
1.00215047572765e-06,241300
1.00167295294184e-06,241400
1.00119555073824e-06,241500
1.00071825685866e-06,241600
1.00024105901135e-06,241700
9.99763944875518e-07,241800
9.99286902105942e-07,241900
9.98809918337594e-07,242000
9.98332981190207e-07,242100
9.97856078273048e-07,242200
9.97379197189594e-07,242300
9.96902325542294e-07,242400
9.96425450937299e-07,242500
9.95948560989402e-07,242600
9.9547164332667e-07,242700
9.94994685595466e-07,242800
9.9451767546524e-07,242900
9.94040600633435e-07,243000
9.93563448830332e-07,243100
9.93086207824088e-07,243200
9.92608865425534e-07,243300
9.92131409493148e-07,243400
9.91653827938032e-07,243500
9.91176108728775e-07,243600
9.90698239896442e-07,243700
9.90220209539465e-07,243800
9.89742005828592e-07,243900
9.892636170118e-07,244000
9.88785031419175e-07,244100
9.88306237467851e-07,244200
9.8782722366684e-07,244300
9.87347978621899e-07,244400
9.8686849104034e-07,244500
9.86388749735888e-07,244600
9.85908743633442e-07,244700
9.85428461773793e-07,244800
9.84947893318341e-07,244900
9.84467027553852e-07,245000
9.83985853896984e-07,245100
9.83504361899035e-07,245200
9.83022541250342e-07,245300
9.82540381784941e-07,245400
9.82057873484952e-07,245500
9.8157500648499e-07,245600
9.81091771076585e-07,245700
9.80608157712421e-07,245800
9.80124157010662e-07,245900
9.79639759759062e-07,246000
9.79154956919138e-07,246100
9.78669739630217e-07,246200
9.78184099213428e-07,246300
9.77698027175647e-07,246400
9.77211515213246e-07,246500
9.76724555216035e-07,246600
9.76237139270814e-07,246700
9.75749259665063e-07,246800
9.75260908890439e-07,246900
9.7477207964628e-07,247000
9.74282764842916e-07,247100
9.73792957604985e-07,247200
9.73302651274633e-07,247300
9.72811839414541e-07,247400
9.7232051581105e-07,247500
9.71828674476958e-07,247600
9.71336309654407e-07,247700
9.70843415817561e-07,247800
9.70349987675236e-07,247900
9.69856020173386e-07,248000
9.69361508497591e-07,248100
9.68866448075246e-07,248200
9.68370834577848e-07,248300
9.67874663923056e-07,248400
9.67377932276675e-07,248500
9.66880636054488e-07,248600
9.66382771924107e-07,248700
9.65884336806509e-07,248800
9.65385327877673e-07,248900
9.64885742569883e-07,249000
9.64385578573153e-07,249100
9.63884833836305e-07,249200
9.63383506568091e-07,249300
9.62881595238168e-07,249400
9.62379098577835e-07,249500
9.61876015580845e-07,249600
9.61372345503925e-07,249700
9.60868087867275e-07,249800
9.60363242454927e-07,249900
9.59857809314946e-07,250000
9.59351788759531e-07,250100
9.58845181365062e-07,250200
9.58337987971871e-07,250300
9.57830209684043e-07,250400
9.57321847869026e-07,250500
9.56812904157088e-07,250600
9.56303380440786e-07,250700
9.55793278874099e-07,250800
9.55282601871621e-07,250900
9.54771352107607e-07,251000
9.54259532514788e-07,251100
9.53747146283213e-07,251200
9.53234196858843e-07,251300
9.52720687942114e-07,251400
9.52206623486365e-07,251500
9.51692007696106e-07,251600
9.51176845025214e-07,251700
9.50661140175011e-07,251800
9.50144898092218e-07,251900
9.49628123966752e-07,252000
9.49110823229512e-07,252100
9.48593001549981e-07,252200
9.48074664833683e-07,252300
9.47555819219651e-07,252400
9.470364710777e-07,252500
9.46516627005575e-07,252600
9.45996293826077e-07,252700
9.45475478584041e-07,252800
9.4495418854319e-07,252900
9.44432431182939e-07,253000
9.43910214195064e-07,253100
9.43387545480298e-07,253200
9.42864433144817e-07,253300
9.42340885496666e-07,253400
9.41816911042043e-07,253500
9.41292518481536e-07,253600
9.4076771670627e-07,253700
9.40242514793937e-07,253800
9.39716922004814e-07,253900
9.39190947777622e-07,254000
9.38664601725342e-07,254100
9.38137893630981e-07,254200
9.3761083344325e-07,254300
9.37083431272118e-07,254400
9.36555697384398e-07,254500
9.36027642199168e-07,254600
9.35499276283234e-07,254700
9.34970610346415e-07,254800
9.34441655236876e-07,254900
9.33912421936316e-07,255000
9.33382921555218e-07,255100
9.32853165327881e-07,255200
9.3232316460761e-07,255300
9.31792930861666e-07,255400
9.31262475666312e-07,255500
9.30731810701754e-07,255600
9.3020094774707e-07,255700
9.2966989867509e-07,255800
9.29138675447259e-07,255900
9.28607290108441e-07,256000
9.28075754781767e-07,256100
9.27544081663381e-07,256200
9.27012283017213e-07,256300
9.26480371169723e-07,256400
9.2594835850463e-07,256500
9.25416257457605e-07,256600
9.2488408051105e-07,256700
9.24351840188731e-07,256800
9.23819549050481e-07,256900
9.2328721968699e-07,257000
9.2275486471439e-07,257100
9.22222496769049e-07,257200
9.21690128502256e-07,257300
9.21157772574943e-07,257400
9.20625441652446e-07,257500
9.2009314839927e-07,257600
9.19560905473837e-07,257700
9.19028725523308e-07,257800
9.18496621178422e-07,257900
9.17964605048305e-07,258000
9.17432689715404e-07,258100
9.16900887730345e-07,258200
9.16369211606958e-07,258300
9.15837673817172e-07,258400
9.15306286786117e-07,258500
9.14775062887174e-07,258600
9.14244014437058e-07,258700
9.13713153691031e-07,258800
9.13182492838064e-07,258900
9.12652043996161e-07,259000
9.12121819207607e-07,259100
9.11591830434415e-07,259200
9.11062089553682e-07,259300
9.10532608353171e-07,259400
9.10003398526807e-07,259500
9.09474471670306e-07,259600
9.08945839276919e-07,259700
9.08417512733116e-07,259800
9.07889503314474e-07,259900
9.07361822181563e-07,260000
9.06834480375914e-07,260100
9.06307488816116e-07,260200
9.05780858293897e-07,260300
9.05254599470367e-07,260400
9.04728722872318e-07,260500
9.04203238888604e-07,260600
9.03678157766583e-07,260700
9.03153489608711e-07,260800
9.02629244369119e-07,260900
9.02105431850401e-07,261000
9.01582061700398e-07,261100
9.01059143409109e-07,261200
9.0053668630571e-07,261300
9.00014699555621e-07,261400
8.99493192157709e-07,261500
8.98972172941609e-07,261600
8.98451650565019e-07,261700
8.97931633511274e-07,261800
8.97412130086847e-07,261900
8.96893148419072e-07,262000
8.96374696453906e-07,262100
8.95856781953817e-07,262200
8.95339412495682e-07,262300
8.94822595469001e-07,262400
8.94306338073931e-07,262500
8.93790647319684e-07,262600
8.9327553002283e-07,262700
8.92760992805799e-07,262800
8.92247042095468e-07,262900
8.91733684121886e-07,263000
8.91220924916967e-07,263100
8.90708770313511e-07,263200
8.9019722594407e-07,263300
8.89686297240149e-07,263400
8.89175989431319e-07,263500
8.88666307544566e-07,263600
8.88157256403683e-07,263700
8.87648840628746e-07,263800
8.87141064635725e-07,263900
8.86633932636201e-07,264000
8.86127448637151e-07,264100
8.85621616440796e-07,264200
8.85116439644705e-07,264300
8.84611921641758e-07,264400
8.84108065620406e-07,264500
8.83604874564952e-07,264600
8.83102351255885e-07,264700
8.82600498270366e-07,264800
8.82099317982808e-07,264900
8.81598812565466e-07,265000
8.81098983989249e-07,265100
8.80599834024513e-07,265200
8.80101364241949e-07,265300
8.79603576013597e-07,265400
8.79106470513999e-07,265500
8.78610048721224e-07,265600
8.78114311418277e-07,265700
8.77619259194312e-07,265800
8.77124892446072e-07,265900
8.76631211379411e-07,266000
8.76138216010794e-07,266100
8.75645906168987e-07,266200
8.75154281496724e-07,266300
8.74663341452496e-07,266400
8.74173085312413e-07,266500
8.73683512172109e-07,266600
8.73194620948695e-07,266700
8.72706410382837e-07,266800
8.72218879040836e-07,266900
8.71732025316816e-07,267000
8.71245847434914e-07,267100
8.70760343451598e-07,267200
8.70275511257949e-07,267300
8.6979134858207e-07,267400
8.69307852991551e-07,267500
8.688250218959e-07,267600
8.68342852549087e-07,267700
8.67861342052143e-07,267800
8.67380487355745e-07,267900
8.66900285262877e-07,268000
8.66420732431538e-07,268100
8.65941825377457e-07,268200
8.65463560476858e-07,268300
8.64985933969247e-07,268400
8.6450894196029e-07,268500
8.6403258042458e-07,268600
8.63556845208586e-07,268700
8.63081732033518e-07,268800
8.62607236498298e-07,268900
8.6213335408242e-07,269000
8.61660080149004e-07,269100
8.61187409947737e-07,269200
8.60715338617823e-07,269300
8.60243861191064e-07,269400
8.59772972594816e-07,269500
8.59302667655045e-07,269600
8.58832941099307e-07,269700
8.58363787559822e-07,269800
8.57895201576495e-07,269900
8.57427177599939e-07,270000
8.56959709994496e-07,270100
8.56492793041302e-07,270200
8.56026420941252e-07,270300
8.55560587818063e-07,270400
8.55095287721245e-07,270500
8.54630514629095e-07,270600
8.541662624517e-07,270700
8.53702525033893e-07,270800
8.5323929615818e-07,270900
8.52776569547688e-07,271000
8.52314338869088e-07,271100
8.51852597735465e-07,271200
8.5139133970919e-07,271300
8.50930558304775e-07,271400
8.50470246991699e-07,271500
8.50010399197143e-07,271600
8.49551008308832e-07,271700
8.49092067677722e-07,271800
8.48633570620689e-07,271900
8.48175510423268e-07,272000
8.47717880342184e-07,272100
8.47260673608054e-07,272200
8.46803883427885e-07,272300
8.46347502987639e-07,272400
8.45891525454688e-07,272500
8.45435943980316e-07,272600
8.44980751702097e-07,272700
8.44525941746229e-07,272800
8.44071507229945e-07,272900
8.43617441263741e-07,273000
8.43163736953606e-07,273100
8.42710387403272e-07,273200
8.42257385716302e-07,273300
8.41804724998277e-07,273400
8.41352398358743e-07,273500
8.40900398913335e-07,273600
8.40448719785665e-07,273700
8.39997354109296e-07,273800
8.39546295029564e-07,273900
8.39095535705393e-07,274000
8.38645069311115e-07,274100
8.38194889038153e-07,274200
8.37744988096705e-07,274300
8.37295359717362e-07,274400
8.36845997152678e-07,274500
8.3639689367869e-07,274600
8.35948042596405e-07,274700
8.35499437233182e-07,274800
8.35051070944165e-07,274900
8.34602937113534e-07,275000
8.34155029155825e-07,275100
8.33707340517142e-07,275200
8.33259864676316e-07,275300
8.3281259514603e-07,275400
8.32365525473901e-07,275500
8.31918649243498e-07,275600
8.31471960075323e-07,275700
8.31025451627739e-07,275800
8.30579117597833e-07,275900
8.30132951722285e-07,276000
8.29686947778128e-07,276100
8.29241099583507e-07,276200
8.28795400998355e-07,276300
8.2834984592507e-07,276400
8.27904428309112e-07,276500
8.27459142139549e-07,276600
8.27013981449634e-07,276700
8.26568940317224e-07,276800
8.26124012865273e-07,276900
8.2567919326218e-07,277000
8.25234475722219e-07,277100
8.2478985450577e-07,277200
8.24345323919731e-07,277300
8.2390087831763e-07,277400
8.23456512099935e-07,277500
8.23012219714218e-07,277600
8.2256799565527e-07,277700
8.22123834465258e-07,277800
8.21679730733768e-07,277900
8.21235679097909e-07,278000
8.20791674242274e-07,278100
8.20347710899003e-07,278200
8.19903783847712e-07,278300
8.19459887915454e-07,278400
8.19016017976638e-07,278500
8.18572168952913e-07,278600
8.18128335813102e-07,278700
8.17684513572967e-07,278800
8.1724069729511e-07,278900
8.16796882088777e-07,279000
8.16353063109652e-07,279100
8.15909235559646e-07,279200
8.15465394686666e-07,279300
8.15021535784382e-07,279400
8.14577654191962e-07,279500
8.14133745293795e-07,279600
8.13689804519244e-07,279700
8.13245827342353e-07,279800
8.12801809281526e-07,279900
8.12357745899311e-07,280000
8.11913632801983e-07,280100
8.11469465639349e-07,280200
8.11025240104372e-07,280300
8.1058095193289e-07,280400
8.10136596903322e-07,280500
8.09692170836331e-07,280600
8.09247669594544e-07,280700
8.08803089082256e-07,280800
8.08358425245096e-07,280900
8.07913674069789e-07,281000
8.07468831583868e-07,281100
8.07023893855379e-07,281200
8.06578856992603e-07,281300
8.06133717143855e-07,281400
8.05688470497219e-07,281500
8.05243113280291e-07,281600
8.04797641759992e-07,281700
8.04352052242374e-07,281800
8.03906341072405e-07,281900
8.03460504633823e-07,282000
8.0301453934897e-07,282100
8.02568441678671e-07,282200
8.02122208122103e-07,282300
8.01675835216704e-07,282400
8.01229319538104e-07,282500
8.00782657700053e-07,282600
8.00335846354399e-07,282700
7.998888821911e-07,282800
7.9944176193819e-07,282900
7.98994482361847e-07,283000
7.98547040266441e-07,283100
7.98099432494629e-07,283200
7.97651655927486e-07,283300
7.97203707484566e-07,283400
7.9675558412417e-07,283500
7.96307282843457e-07,283600
7.95858800678696e-07,283700
7.954101347055e-07,283800
7.94961282039121e-07,283900
7.94512239834699e-07,284000
7.94063005287659e-07,284100
7.93613575634013e-07,284200
7.93163948150767e-07,284300
7.92714120156354e-07,284400
7.9226408901103e-07,284500
7.91813852117436e-07,284600
7.91363406920962e-07,284700
7.90912750910406e-07,284800
7.90461881618475e-07,284900
7.90010796622374e-07,285000
7.89559493544419e-07,285100
7.89107970052722e-07,285200
7.88656223861794e-07,285300
7.88204252733308e-07,285400
7.87752054476792e-07,285500
7.87299626950388e-07,285600
7.86846968061647e-07,285700
7.86394075768323e-07,285800
7.85940948079232e-07,285900
7.85487583055063e-07,286000
7.85033978809303e-07,286100
7.84580133509125e-07,286200
7.84126045376339e-07,286300
7.83671712688315e-07,286400
7.83217133779016e-07,286500
7.82762307039919e-07,286600
7.82307230921113e-07,286700
7.81851903932294e-07,286800
7.81396324643807e-07,286900
7.80940491687797e-07,287000
7.80484403759236e-07,287100
7.80028059617069e-07,287200
7.79571458085334e-07,287300
7.79114598054313e-07,287400
7.78657478481665e-07,287500
7.78200098393648e-07,287600
7.77742456886263e-07,287700
7.77284553126454e-07,287800
7.76826386353312e-07,287900
7.76367955879312e-07,288000
7.75909261091511e-07,288100
7.75450301452778e-07,288200
7.74991076503043e-07,288300
7.74531585860516e-07,288400
7.74071829222949e-07,288500
7.73611806368866e-07,288600
7.73151517158804e-07,288700
7.72690961536567e-07,288800
7.72230139530471e-07,288900
7.71769051254581e-07,289000
7.71307696909934e-07,289100
7.70846076785788e-07,289200
7.70384191260827e-07,289300
7.69922040804404e-07,289400
7.69459625977696e-07,289500
7.68996947434975e-07,289600
7.6853400592472e-07,289700
7.68070802290807e-07,289800
7.67607337473724e-07,289900
7.67143612511586e-07,290000
7.66679628541389e-07,290100
7.6621538680005e-07,290200
7.65750888625477e-07,290300
7.65286135457663e-07,290400
7.64821128839729e-07,290500
7.64355870418888e-07,290600
7.63890361947536e-07,290700
7.63424605284123e-07,290800
7.62958602394115e-07,290900
7.62492355350937e-07,291000
7.62025866336821e-07,291100
7.61559137643636e-07,291200
7.61092171673774e-07,291300
7.60624970940839e-07,291400
7.60157538070437e-07,291500
7.59689875800924e-07,291600
7.59221986983985e-07,291700
7.58753874585332e-07,291800
7.58285541685295e-07,291900
7.57816991479359e-07,292000
7.57348227278657e-07,292100
7.56879252510462e-07,292200
7.56410070718609e-07,292300
7.55940685563854e-07,292400
7.55471100824226e-07,292500
7.55001320395276e-07,292600
7.54531348290381e-07,292700
7.54061188640831e-07,292800
7.53590845696056e-07,292900
7.53120323823662e-07,293000
7.52649627509467e-07,293100
7.52178761357514e-07,293200
7.51707730089965e-07,293300
7.51236538546982e-07,293400
7.50765191686566e-07,293500
7.50293694584287e-07,293600
7.49822052433014e-07,293700
7.49350270542569e-07,293800
7.48878354339303e-07,293900
7.48406309365661e-07,294000
7.47934141279594e-07,294100
7.47461855854086e-07,294200
7.46989458976392e-07,294300
7.46516956647423e-07,294400
7.46044354980959e-07,294500
7.45571660202821e-07,294600
7.45098878650001e-07,294700
7.44626016769718e-07,294800
7.44153081118394e-07,294900
7.43680078360643e-07,295000
7.43207015268076e-07,295100
7.42733898718173e-07,295200
7.42260735692996e-07,295300
7.41787533277916e-07,295400
7.4131429866021e-07,295500
7.40841039127647e-07,295600
7.40367762066984e-07,295700
7.39894474962423e-07,295800
7.39421185394004e-07,295900
7.38947901035894e-07,296000
7.38474629654702e-07,296100
7.38001379107665e-07,296200
7.37528157340773e-07,296300
7.37054972386876e-07,296400
7.36581832363726e-07,296500
7.36108745471925e-07,296600
7.35635719992839e-07,296700
7.35162764286476e-07,296800
7.3468988678928e-07,296900
7.34217096011864e-07,297000
7.33744400536696e-07,297100
7.33271809015759e-07,297200
7.32799330168132e-07,297300
7.32326972777504e-07,297400
7.31854745689649e-07,297500
7.3138265780989e-07,297600
7.30910718100449e-07,297700
7.30438935577779e-07,297800
7.29967319309843e-07,297900
7.29495878413388e-07,298000
7.29024622051083e-07,298100
7.28553559428699e-07,298200
7.28082699792196e-07,298300
7.276120524248e-07,298400
7.27141626644005e-07,298500
7.26671431798563e-07,298600
7.26201477265425e-07,298700
7.25731772446639e-07,298800
7.25262326766226e-07,298900
7.24793149667029e-07,299000
7.24324250607471e-07,299100
7.23855639058376e-07,299200
7.23387324499668e-07,299300
7.22919316417125e-07,299400
7.22451624299003e-07,299500
7.21984257632753e-07,299600
7.21517225901633e-07,299700
7.21050538581301e-07,299800
7.20584205136444e-07,299900
7.20118235017316e-07,300000
7.19652637656304e-07,300100
7.1918742246446e-07,300200
7.18722598828053e-07,300300
7.18258176105029e-07,300400
7.17794163621547e-07,300500
7.17330570668456e-07,300600
7.16867406497786e-07,300700
7.16404680319204e-07,300800
7.1594240129649e-07,300900
7.15480578544043e-07,301000
7.15019221123288e-07,301100
7.14558338039177e-07,301200
7.14097938236682e-07,301300
7.13638030597204e-07,301400
7.13178623935148e-07,301500
7.1271972699431e-07,301600
7.12261348444457e-07,301700
7.11803496877793e-07,301800
7.1134618080551e-07,301900
7.10889408654295e-07,302000
7.10433188762905e-07,302100
7.09977529378746e-07,302200
7.0952243865445e-07,302300
7.09067924644489e-07,302400
7.0861399530185e-07,302500
7.08160658474627e-07,302600
7.07707921902803e-07,302700
7.07255793214879e-07,302800
7.06804279924693e-07,302900
7.06353389428165e-07,303000
7.05903129000125e-07,303100
7.05453505791162e-07,303200
7.05004526824496e-07,303300
7.04556198992945e-07,303400
7.04108529055838e-07,303500
7.03661523636067e-07,303600
7.03215189217105e-07,303700
7.02769532140141e-07,303800
7.02324558601165e-07,303900
7.01880274648215e-07,304000
7.01436686178572e-07,304100
7.00993798936086e-07,304200
7.00551618508487e-07,304300
7.00110150324798e-07,304400
6.99669399652763e-07,304500
6.99229371596383e-07,304600
6.98790071093462e-07,304700
6.98351502913213e-07,304800
6.97913671653966e-07,304900
6.974765817409e-07,305000
6.97040237423838e-07,305100
6.96604642775133e-07,305200
6.96169801687571e-07,305300
6.95735717872391e-07,305400
6.95302394857362e-07,305500
6.94869835984863e-07,305600
6.9443804441015e-07,305700
6.94007023099563e-07,305800
6.93576774828907e-07,305900
6.93147302181839e-07,306000
6.92718607548377e-07,306100
6.92290693123429e-07,306200
6.91863560905422e-07,306300
6.91437212695026e-07,306400
6.9101165009391e-07,306500
6.9058687450362e-07,306600
6.90162887124481e-07,306700
6.89739688954611e-07,306800
6.89317280789027e-07,306900
6.88895663218778e-07,307000
6.88474836630181e-07,307100
6.88054801204158e-07,307200
6.87635556915634e-07,307300
6.87217103532974e-07,307400
6.86799440617592e-07,307500
6.86382567523527e-07,307600
6.85966483397211e-07,307700
6.85551187177196e-07,307800
6.85136677594113e-07,307900
6.84722953170536e-07,308000
6.84310012221077e-07,308100
6.83897852852466e-07,308200
6.83486472963747e-07,308300
6.83075870246564e-07,308400
6.82666042185497e-07,308500
6.82256986058499e-07,308600
6.81848698937397e-07,308700
6.81441177688501e-07,308800
6.81034418973247e-07,308900
6.80628419248954e-07,309000
6.80223174769642e-07,309100
6.7981868158693e-07,309200
6.79414935551025e-07,309300
6.7901193231176e-07,309400
6.78609667319734e-07,309500
6.78208135827506e-07,309600
6.77807332890881e-07,309700
6.77407253370258e-07,309800
6.77007891932054e-07,309900
6.76609243050208e-07,310000
6.76211301007752e-07,310100
6.7581405989844e-07,310200
6.75417513628457e-07,310300
6.75021655918218e-07,310400
6.74626480304215e-07,310500
6.74231980140889e-07,310600
6.73838148602691e-07,310700
6.73444978686042e-07,310800
6.73052463211497e-07,310900
6.72660594825922e-07,311000
6.72269366004711e-07,311100
6.71878769054074e-07,311200
6.71488796113431e-07,311300
6.71099439157809e-07,311400
6.70710690000302e-07,311500
6.70322540294643e-07,311600
6.69934981537733e-07,311700
6.6954800507234e-07,311800
6.69161602089747e-07,311900
6.68775763632531e-07,312000
6.68390480597334e-07,312100
6.68005743737706e-07,312200
6.67621543667002e-07,312300
6.67237870861348e-07,312400
6.66854715662555e-07,312500
6.66472068281193e-07,312600
6.66089918799659e-07,312700
6.65708257175259e-07,312800
6.65327073243367e-07,312900
6.649463567206e-07,313000
6.64566097208043e-07,313100
6.64186284194494e-07,313200
6.63806907059775e-07,313300
6.63427955078e-07,313400
6.63049417420974e-07,313500
6.62671283161546e-07,313600
6.62293541276997e-07,313700
6.6191618065249e-07,313800
6.61539190084517e-07,313900
6.61162558284363e-07,314000
6.6078627388161e-07,314100
6.60410325427649e-07,314200
6.60034701399202e-07,314300
6.59659390201883e-07,314400
6.59284380173756e-07,314500
6.5890965958889e-07,314600
6.58535216660983e-07,314700
6.58161039546926e-07,314800
6.57787116350414e-07,314900
6.57413435125563e-07,315000
6.57039983880527e-07,315100
6.56666750581114e-07,315200
6.56293723154417e-07,315300
6.55920889492402e-07,315400
6.55548237455595e-07,315500
6.55175754876639e-07,315600
6.54803429563941e-07,315700
6.54431249305285e-07,315800
6.54059201871431e-07,315900
6.53687275019695e-07,316000
6.53315456497572e-07,316100
6.52943734046264e-07,316200
6.52572095404313e-07,316300
6.52200528311068e-07,316400
6.51829020510292e-07,316500
6.51457559753637e-07,316600
6.51086133804162e-07,316700
6.5071473043981e-07,316800
6.50343337456882e-07,316900
6.4997194267345e-07,317000
6.49600533932817e-07,317100
6.49229099106867e-07,317200
6.48857626099453e-07,317300
6.48486102849751e-07,317400
6.48114517335543e-07,317500
6.47742857576533e-07,317600
6.47371111637598e-07,317700
6.46999267631983e-07,317800
6.46627313724526e-07,317900
6.46255238134807e-07,318000
6.45883029140275e-07,318100
6.45510675079332e-07,318200
6.45138164354385e-07,318300
6.44765485434881e-07,318400
6.44392626860269e-07,318500
6.44019577242939e-07,318600
6.43646325271127e-07,318700
6.43272859711785e-07,318800
6.42899169413392e-07,318900
6.42525243308705e-07,319000
6.42151070417538e-07,319100
6.41776639849426e-07,319200
6.41401940806253e-07,319300
6.41026962584873e-07,319400
6.40651694579692e-07,319500
6.40276126285094e-07,319600
6.39900247297999e-07,319700
6.39524047320195e-07,319800
6.39147516160759e-07,319900
6.38770643738322e-07,320000
6.38393420083394e-07,320100
6.38015835340523e-07,320200
6.37637879770509e-07,320300
6.37259543752492e-07,320400
6.36880817786025e-07,320500
6.36501692493104e-07,320600
6.36122158620095e-07,320700
6.35742207039692e-07,320800
6.35361828752731e-07,320900
6.34981014890025e-07,321000
6.3459975671412e-07,321100
6.34218045620979e-07,321200
6.33835873141629e-07,321300
6.33453230943788e-07,321400
6.33070110833381e-07,321500
6.3268650475602e-07,321600
6.32302404798466e-07,321700
6.31917803190003e-07,321800
6.31532692303766e-07,321900
6.31147064658001e-07,322000
6.30760912917324e-07,322100
6.30374229893845e-07,322200
6.29987008548334e-07,322300
6.29599241991248e-07,322400
6.2921092348375e-07,322500
6.28822046438673e-07,322600
6.28432604421436e-07,322700
6.28042591150869e-07,322800
6.27652000500026e-07,322900
6.27260826496957e-07,323000
6.26869063325359e-07,323100
6.26476705325283e-07,323200
6.26083746993657e-07,323300
6.25690182984912e-07,323400
6.25296008111402e-07,323500
6.24901217343907e-07,323600
6.24505805811969e-07,323700
6.24109768804296e-07,323800
6.2371310176903e-07,323900
6.23315800313993e-07,324000
6.22917860206895e-07,324100
6.2251927737548e-07,324200
6.22120047907665e-07,324300
6.21720168051535e-07,324400
6.21319634215416e-07,324500
6.20918442967823e-07,324600
6.20516591037385e-07,324700
6.20114075312708e-07,324800
6.19710892842246e-07,324900
6.19307040834043e-07,325000
6.18902516655539e-07,325100
6.18497317833233e-07,325200
6.18091442052388e-07,325300
6.17684887156592e-07,325400
6.17277651147426e-07,325500
6.16869732183949e-07,325600
6.16461128582215e-07,325700
6.16051838814773e-07,325800
6.15641861510051e-07,325900
6.15231195451781e-07,326000
6.14819839578344e-07,326100
6.14407792982092e-07,326200
6.13995054908639e-07,326300
6.13581624756095e-07,326400
6.1316750207431e-07,326500
6.12752686564048e-07,326600
6.12337178076113e-07,326700
6.11920976610533e-07,326800
6.1150408231558e-07,326900
6.1108649548687e-07,327000
6.10668216566382e-07,327100
6.10249246141468e-07,327200
6.09829584943806e-07,327300
6.09409233848366e-07,327400
6.08988193872321e-07,327500
6.0856646617393e-07,327600
6.08144052051429e-07,327700
6.07720952941838e-07,327800
6.07297170419821e-07,327900
6.06872706196442e-07,328000
6.06447562117965e-07,328100
6.06021740164581e-07,328200
6.05595242449165e-07,328300
6.05168071215948e-07,328400
6.04740228839255e-07,328500
6.04311717822105e-07,328600
6.03882540794938e-07,328700
6.03452700514183e-07,328800
6.03022199860909e-07,328900
6.02591041839411e-07,329000
6.02159229575788e-07,329100
6.01726766316524e-07,329200
6.01293655427018e-07,329300
6.00859900390144e-07,329400
6.00425504804751e-07,329500
5.99990472384191e-07,329600
5.99554806954816e-07,329700
5.99118512454445e-07,329800
5.98681592930866e-07,329900
5.98244052540281e-07,330000
5.9780589554576e-07,330100
5.97367126315713e-07,330200
5.96927749322267e-07,330300
5.96487769139753e-07,330400
5.96047190443091e-07,330500
5.95606018006209e-07,330600
5.95164256700453e-07,330700
5.94721911492974e-07,330800
5.94278987445126e-07,330900
5.93835489710846e-07,331000
5.93391423535053e-07,331100
5.9294679425199e-07,331200
5.92501607283636e-07,331300
5.92055868138041e-07,331400
5.91609582407728e-07,331500
5.91162755768014e-07,331600
5.90715393975389e-07,331700
5.90267502865892e-07,331800
5.8981908835344e-07,331900
5.89370156428196e-07,332000
5.88920713154923e-07,332100
5.88470764671347e-07,332200
5.8802031718648e-07,332300
5.87569376979029e-07,332400
5.87117950395682e-07,332500
5.86666043849534e-07,332600
5.86213663818384e-07,332700
5.85760816843137e-07,332800
5.85307509526161e-07,332900
5.8485374852961e-07,333000
5.84399540573835e-07,333100
5.83944892435737e-07,333200
5.8348981094714e-07,333300
5.83034302993151e-07,333400
5.82578375510567e-07,333500
5.82122035486231e-07,333600
5.81665289955436e-07,333700
5.81208146000315e-07,333800
5.80750610748217e-07,333900
5.8029269137013e-07,334000
5.79834395079091e-07,334100
5.79375729128563e-07,334200
5.78916700810889e-07,334300
5.78457317455688e-07,334400
5.77997586428307e-07,334500
5.77537515128224e-07,334600
5.77077110987513e-07,334700
5.7661638146928e-07,334800
5.76155334066123e-07,334900
5.75693976298576e-07,335000
5.75232315713605e-07,335100
5.74770359883049e-07,335200
5.74308116402118e-07,335300
5.73845592887878e-07,335400
5.73382796977752e-07,335500
5.72919736328012e-07,335600
5.72456418612306e-07,335700
5.71992851520153e-07,335800
5.71529042755506e-07,335900
5.71065000035245e-07,336000
5.70600731087744e-07,336100
5.70136243651438e-07,336200
5.69671545473336e-07,336300
5.69206644307644e-07,336400
5.68741547914308e-07,336500
5.68276264057602e-07,336600
5.67810800504741e-07,336700
5.67345165024468e-07,336800
5.66879365385676e-07,336900
5.66413409356021e-07,337000
5.65947304700575e-07,337100
5.65481059180442e-07,337200
5.65014680551417e-07,337300
5.64548176562663e-07,337400
5.64081554955344e-07,337500
5.63614823461346e-07,337600
5.63147989801941e-07,337700
5.6268106168649e-07,337800
5.62214046811156e-07,337900
5.61746952857624e-07,338000
5.61279787491835e-07,338100
5.6081255836271e-07,338200
5.60345273100917e-07,338300
5.59877939317628e-07,338400
5.59410564603274e-07,338500
5.58943156526366e-07,338600
5.5847572263225e-07,338700
5.5800827044192e-07,338800
5.57540807450847e-07,338900
5.57073341127799e-07,339000
5.56605878913666e-07,339100
5.56138428220329e-07,339200
5.55670996429487e-07,339300
5.55203590891582e-07,339400
5.54736218924613e-07,339500
5.542688878131e-07,339600
5.53801604806946e-07,339700
5.53334377120354e-07,339800
5.52867211930788e-07,339900
5.52400116377896e-07,340000
5.51933097562461e-07,340100
5.51466162545368e-07,340200
5.50999318346604e-07,340300
5.50532571944218e-07,340400
5.5006593027337e-07,340500
5.49599400225289e-07,340600
5.49132988646354e-07,340700
5.48666702337124e-07,340800
5.48200548051372e-07,340900
5.47734532495188e-07,341000
5.47268662326055e-07,341100
5.46802944151929e-07,341200
5.46337384530348e-07,341300
5.45871989967592e-07,341400
5.45406766917787e-07,341500
5.44941721782075e-07,341600
5.44476860907765e-07,341700
5.4401219058754e-07,341800
5.43547717058618e-07,341900
5.43083446502e-07,342000
5.4261938504167e-07,342100
5.42155538743844e-07,342200
5.41691913616212e-07,342300
5.41228515607241e-07,342400
5.40765350605428e-07,342500
5.40302424438602e-07,342600
5.39839742873277e-07,342700
5.39377311613933e-07,342800
5.38915136302412e-07,342900
5.38453222517247e-07,343000
5.37991575773057e-07,343100
5.37530201519951e-07,343200
5.37069105142925e-07,343300
5.36608291961305e-07,343400
5.3614776722817e-07,343500
5.35687536129871e-07,343600
5.35227603785437e-07,343700
5.34767975246123e-07,343800
5.34308655494911e-07,343900
5.33849649446026e-07,344000
5.33390961944526e-07,344100
5.32932597765809e-07,344200
5.32474561615259e-07,344300
5.32016858127789e-07,344400
5.31559491867511e-07,344500
5.31102467327349e-07,344600
5.30645788928692e-07,344700
5.30189461021082e-07,344800
5.29733487881888e-07,344900
5.29277873716031e-07,345000
5.28822622655726e-07,345100
5.2836773876018e-07,345200
5.27913226015414e-07,345300
5.27459088334016e-07,345400
5.27005329554954e-07,345500
5.26551953443396e-07,345600
5.26098963690551e-07,345700
5.25646363913539e-07,345800
5.25194157655238e-07,345900
5.24742348384239e-07,346000
5.24290939494695e-07,346100
5.23839934306316e-07,346200
5.23389336064303e-07,346300
5.22939147939288e-07,346400
5.22489373027395e-07,346500
5.22040014350203e-07,346600
5.21591074854785e-07,346700
5.21142557413786e-07,346800
5.20694464825449e-07,346900
5.20246799813761e-07,347000
5.19799565028494e-07,347100
5.19352763045399e-07,347200
5.18906396366316e-07,347300
5.1846046741934e-07,347400
5.18014978559018e-07,347500
5.17569932066548e-07,347600
5.17125330150009e-07,347700
5.16681174944578e-07,347800
5.16237468512825e-07,347900
5.15794212844964e-07,348000
5.15351409859165e-07,348100
5.14909061401867e-07,348200
5.14467169248113e-07,348300
5.14025735101879e-07,348400
5.13584760596493e-07,348500
5.1314424729499e-07,348600
5.12704196690517e-07,348700
5.12264610206752e-07,348800
5.1182548919838e-07,348900
5.11386834951517e-07,349000
5.1094864868419e-07,349100
5.10510931546857e-07,349200
5.10073684622876e-07,349300
5.0963690892906e-07,349400
5.0920060541621e-07,349500
5.08764774969674e-07,349600
5.08329418409918e-07,349700
5.07894536493134e-07,349800
5.07460129911819e-07,349900
5.07026199295407e-07,350000
5.0659274521092e-07,350100
5.06159768163595e-07,350200
5.05727268597568e-07,350300
5.0529524689654e-07,350400
5.04863703384488e-07,350500
5.04432638326338e-07,350600
5.04002051928728e-07,350700
5.03571944340721e-07,350800
5.03142315654542e-07,350900
5.0271316590635e-07,351000
5.02284495077017e-07,351100
5.01856303092873e-07,351200
5.01428589826551e-07,351300
5.01001355097759e-07,351400
5.00574598674094e-07,351500
5.00148320271906e-07,351600
4.99722519557073e-07,351700
4.992971961459e-07,351800
4.98872349605955e-07,351900
4.98447979456934e-07,352000
4.98024085171529e-07,352100
4.97600666176318e-07,352200
4.97177721852652e-07,352300
4.96755251537542e-07,352400
4.96333254524582e-07,352500
4.9591173006484e-07,352600
4.95490677367779e-07,352700
4.95070095602194e-07,352800
4.94649983897119e-07,352900
4.94230341342763e-07,353000
4.93811166991467e-07,353100
4.93392459858621e-07,353200
4.92974218923625e-07,353300
4.92556443130823e-07,353400
4.92139131390473e-07,353500
4.91722282579685e-07,353600
4.91305895543377e-07,353700
4.90889969095251e-07,353800
4.90474502018738e-07,353900
4.90059493067943e-07,354000
4.89644940968629e-07,354100
4.89230844419176e-07,354200
4.88817202091519e-07,354300
4.88404012632119e-07,354400
4.87991274662933e-07,354500
4.8757898678234e-07,354600
4.8716714756612e-07,354700
4.86755755568377e-07,354800
4.86344809322525e-07,354900
4.85934307342181e-07,355000
4.85524248122156e-07,355100
4.85114630139349e-07,355200
4.84705451853695e-07,355300
4.84296711709099e-07,355400
4.83888408134324e-07,355500
4.8348053954394e-07,355600
4.83073104339211e-07,355700
4.82666100908988e-07,355800
4.8225952763063e-07,355900
4.81853382870859e-07,356000
4.81447664986651e-07,356100
4.81042372326102e-07,356200
4.80637503229292e-07,356300
4.80233056029123e-07,356400
4.79829029052182e-07,356500
4.7942542061954e-07,356600
4.79022229047602e-07,356700
4.78619452648914e-07,356800
4.78217089732942e-07,356900
4.77815138606869e-07,357000
4.77413597576394e-07,357100
4.77012464946455e-07,357200
4.76611739022022e-07,357300
4.76211418108801e-07,357400
4.75811500513991e-07,357500
4.75411984546982e-07,357600
4.7501286852004e-07,357700
4.74614150749039e-07,357800
4.74215829554078e-07,357900
4.73817903260179e-07,358000
4.7342037019791e-07,358100
4.73023228704031e-07,358200
4.7262647712209e-07,358300
4.72230113803018e-07,358400
4.71834137105747e-07,358500
4.71438545397735e-07,358600
4.71043337055542e-07,358700
4.70648510465354e-07,358800
4.70254064023517e-07,358900
4.69859996137023e-07,359000
4.69466305224006e-07,359100
4.6907298971422e-07,359200
4.6868004804946e-07,359300
4.6828747868404e-07,359400
4.67895280085181e-07,359500
4.67503450733429e-07,359600
4.67111989123023e-07,359700
4.66720893762293e-07,359800
4.66330163173972e-07,359900
4.65939795895559e-07,360000
4.65549790479602e-07,360100
4.65160145494034e-07,360200
4.64770859522418e-07,360300
4.64381931164234e-07,360400
4.639933590351e-07,360500
4.63605141767012e-07,360600
4.63217278008566e-07,360700
4.62829766425113e-07,360800
4.62442605698958e-07,360900
4.62055794529526e-07,361000
4.61669331633478e-07,361100
4.61283215744829e-07,361200
4.60897445615069e-07,361300
4.60512020013246e-07,361400
4.60126937726038e-07,361500
4.59742197557776e-07,361600
4.59357798330521e-07,361700
4.58973738884053e-07,361800
4.58590018075883e-07,361900
4.58206634781241e-07,362000
4.57823587893028e-07,362100
4.5744087632179e-07,362200
4.57058498995634e-07,362300
4.5667645486016e-07,362400
4.56294742878373e-07,362500
4.55913362030537e-07,362600
4.55532311314089e-07,362700
4.55151589743473e-07,362800
4.5477119634999e-07,362900
4.54391130181628e-07,363000
4.54011390302866e-07,363100
4.53631975794494e-07,363200
4.53252885753376e-07,363300
4.52874119292241e-07,363400
4.52495675539428e-07,363500
4.52117553638635e-07,363600
4.51739752748657e-07,363700
4.51362272043107e-07,363800
4.50985110710122e-07,363900
4.50608267952046e-07,364000
4.50231742985127e-07,364100
4.49855535039211e-07,364200
4.49479643357354e-07,364300
4.49104067195531e-07,364400
4.4872880582222e-07,364500
4.48353858518087e-07,364600
4.47979224575564e-07,364700
4.47604903298497e-07,364800
4.47230894001723e-07,364900
4.4685719601068e-07,365000
4.46483808660985e-07,365100
4.46110731298019e-07,365200
4.45737963276501e-07,365300
4.45365503960044e-07,365400
4.44993352720723e-07,365500
4.44621508938615e-07,365600
4.44249972001352e-07,365700
4.4387874130367e-07,365800
4.43507816246912e-07,365900
4.43137196238606e-07,366000
4.42766880691946e-07,366100
4.42396869025345e-07,366200
4.42027160661929e-07,366300
4.41657755029075e-07,366400
4.41288651557905e-07,366500
4.40919849682815e-07,366600
4.40551348840951e-07,366700
4.40183148471747e-07,366800
4.39815248016426e-07,366900
4.3944764691748e-07,367000
4.39080344618202e-07,367100
4.38713340562167e-07,367200
4.38346634192752e-07,367300
4.37980224952633e-07,367400
4.37614112283304e-07,367500
4.37248295624547e-07,367600
4.36882774413995e-07,367700
4.36517548086594e-07,367800
4.3615261607414e-07,367900
4.35787977804805e-07,368000
4.35423632702638e-07,368100
4.35059580187095e-07,368200
4.34695819672559e-07,368300
4.34332350567914e-07,368400
4.3396917227601e-07,368500
4.33606284193263e-07,368600
4.33243685709189e-07,368700
4.32881376205935e-07,368800
4.3251935505788e-07,368900
4.32157621631142e-07,369000
4.31796175283222e-07,369100
4.31435015362521e-07,369200
4.31074141207961e-07,369300
4.30713552148574e-07,369400
4.30353247503102e-07,369500
4.29993226579589e-07,369600
4.29633488675058e-07,369700
4.29274033075058e-07,369800
4.28914859053371e-07,369900
4.28555965871619e-07,370000
4.28197352778937e-07,370100
4.27839019011633e-07,370200
4.27480963792863e-07,370300
4.27123186332326e-07,370400
4.26765685825939e-07,370500
4.26408461455583e-07,370600
4.26051512388783e-07,370700
4.25694837778448e-07,370800
4.25338436762639e-07,370900
4.24982308464281e-07,371000
4.24626451990949e-07,371100
4.24270866434647e-07,371200
4.23915550871589e-07,371300
4.23560504361995e-07,371400
4.23205725949912e-07,371500
4.22851214663036e-07,371600
4.22496969512548e-07,371700
4.2214298949297e-07,371800
4.21789273582014e-07,371900
4.21435820740477e-07,372000
4.21082629912113e-07,372100
4.20729700023544e-07,372200
4.20377029984173e-07,372300
4.20024618686108e-07,372400
4.19672465004118e-07,372500
4.19320567795555e-07,372600
4.18968925900366e-07,372700
4.18617538141036e-07,372800
4.18266403322601e-07,372900
4.17915520232656e-07,373000
4.17564887641365e-07,373100
4.17214504301514e-07,373200
4.16864368948536e-07,373300
4.16514480300588e-07,373400
4.16164837058624e-07,373500
4.1581543790647e-07,373600
4.15466281510953e-07,373700
4.15117366521969e-07,373800
4.14768691572663e-07,373900
4.14420255279518e-07,374000
4.14072056242552e-07,374100
4.13724093045451e-07,374200
4.1337636425576e-07,374300
4.13028868425074e-07,374400
4.12681604089246e-07,374500
4.12334569768583e-07,374600
4.11987763968099e-07,374700
4.11641185177737e-07,374800
4.11294831872623e-07,374900
4.10948702513327e-07,375000
4.10602795546155e-07,375100
4.10257109403421e-07,375200
4.0991164250373e-07,375300
4.09566393252325e-07,375400
4.09221360041367e-07,375500
4.08876541250285e-07,375600
4.08531935246127e-07,375700
4.08187540383879e-07,375800
4.07843355006858e-07,375900
4.07499377447068e-07,376000
4.07155606025576e-07,376100
4.06812039052916e-07,376200
4.06468674829477e-07,376300
4.06125511645911e-07,376400
4.05782547783553e-07,376500
4.05439781514858e-07,376600
4.05097211103809e-07,376700
4.04754834806384e-07,376800
4.04412650870985e-07,376900
4.04070657538913e-07,377000
4.03728853044809e-07,377100
4.03387235617148e-07,377200
4.03045803478718e-07,377300
4.02704554847055e-07,377400
4.02363487935005e-07,377500
4.0202260095118e-07,377600
4.01681892100453e-07,377700
4.01341359584475e-07,377800
4.010010016022e-07,377900
4.00660816350379e-07,378000
4.00320802024089e-07,378100
3.99980956817263e-07,378200
3.99641278923212e-07,378300
3.99301766535155e-07,378400
3.98962417846756e-07,378500
3.98623231052676e-07,378600
3.98284204349094e-07,378700
3.97945335934252e-07,378800
3.97606624009003e-07,378900
3.97268066777375e-07,379000
3.96929662447092e-07,379100
3.96591409230134e-07,379200
3.96253305343298e-07,379300
3.95915349008733e-07,379400
3.95577538454487e-07,379500
3.95239871915084e-07,379600
3.94902347632042e-07,379700
3.94564963854459e-07,379800
3.94227718839513e-07,379900
3.93890610853063e-07,380000
3.93553638170157e-07,380100
3.93216799075596e-07,380200
3.92880091864461e-07,380300
3.92543514842669e-07,380400
3.92207066327504e-07,380500
3.91870744648136e-07,380600
3.91534548146182e-07,380700
3.91198475176215e-07,380800
3.90862524106285e-07,380900
3.90526693318452e-07,381000
3.90190981209284e-07,381100
3.8985538619039e-07,381200
3.89519906688911e-07,381300
3.89184541148021e-07,381400
3.88849288027441e-07,381500
3.88514145803913e-07,381600
3.88179112971672e-07,381700
3.87844188042966e-07,381800
3.87509369548499e-07,381900
3.87174656037886e-07,382000
3.86840046080162e-07,382100
3.86505538264168e-07,382200
3.8617113119907e-07,382300
3.85836823514727e-07,382400
3.85502613862177e-07,382500
3.85168500914025e-07,382600
3.8483448336489e-07,382700
3.84500559931771e-07,382800
3.84166729354493e-07,382900
3.83832990396069e-07,383000
3.83499341843076e-07,383100
3.83165782506056e-07,383200
3.82832311219869e-07,383300
3.82498926844035e-07,383400
3.82165628263098e-07,383500
3.81832414386954e-07,383600
3.81499284151182e-07,383700
3.81166236517362e-07,383800
3.80833270473372e-07,383900
3.80500385033719e-07,384000
3.80167579239789e-07,384100
3.79834852160139e-07,384200
3.79502202890779e-07,384300
3.79169630555401e-07,384400
3.78837134305663e-07,384500
3.78504713321382e-07,384600
3.78172366810802e-07,384700
3.77840094010792e-07,384800
3.77507894187027e-07,384900
3.77175766634232e-07,385000
3.76843710676319e-07,385100
3.76511725666587e-07,385200
3.76179810987865e-07,385300
3.75847966052677e-07,385400
3.75516190303376e-07,385500
3.75184483212267e-07,385600
3.7485284428172e-07,385700
3.74521273044296e-07,385800
3.74189769062821e-07,385900
3.73858331930473e-07,386000
3.73526961270866e-07,386100
3.73195656738097e-07,386200
3.72864418016803e-07,386300
3.72533244822187e-07,386400
3.72202136900078e-07,386500
3.71871094026907e-07,386600
3.71540116009734e-07,386700
3.71209202686246e-07,386800
3.70878353924722e-07,386900
3.7054756962402e-07,387000
3.70216849713533e-07,387100
3.69886194153142e-07,387200
3.69555602933154e-07,387300
3.69225076074226e-07,387400
3.68894613627276e-07,387500
3.68564215673425e-07,387600
3.68233882323846e-07,387700
3.67903613719687e-07,387800
3.6757341003192e-07,387900
3.67243271461223e-07,388000
3.66913198237839e-07,388100
3.66583190621401e-07,388200
3.66253248900782e-07,388300
3.65923373393908e-07,388400
3.65593564447595e-07,388500
3.65263822437319e-07,388600
3.64934147767054e-07,388700
3.64604540869019e-07,388800
3.64275002203471e-07,388900
3.63945532258478e-07,389000
3.63616131549672e-07,389100
3.63286800619987e-07,389200
3.62957540039414e-07,389300
3.62628350404736e-07,389400
3.62299232339223e-07,389500
3.6197018649238e-07,389600
3.61641213539623e-07,389700
3.61312314182005e-07,389800
3.60983489145881e-07,389900
3.60654739182606e-07,390000
3.60326065068193e-07,390100
3.59997467603003e-07,390200
3.59668947611375e-07,390300
3.593405059413e-07,390400
3.59012143464049e-07,390500
3.58683861073828e-07,390600
3.58355659687395e-07,390700
3.58027540243686e-07,390800
3.57699503703437e-07,390900
3.57371551048782e-07,391000
3.57043683282892e-07,391100
3.56715901429523e-07,391200
3.56388206532652e-07,391300
3.56060599656052e-07,391400
3.5573308188286e-07,391500
3.5540565431518e-07,391600
3.55078318073632e-07,391700
3.54751074296925e-07,391800
3.54423924141437e-07,391900
3.54096868780741e-07,392000
3.53769909405191e-07,392100
3.53443047221449e-07,392200
3.53116283452041e-07,392300
3.52789619334896e-07,392400
3.52463056122882e-07,392500
3.52136595083345e-07,392600
3.5181023749764e-07,392700
3.51483984660653e-07,392800
3.51157837880338e-07,392900
3.50831798477227e-07,393000
3.50505867783959e-07,393100
3.50180047144807e-07,393200
3.49854337915161e-07,393300
3.49528741461091e-07,393400
3.49203259158811e-07,393500
3.48877892394222e-07,393600
3.48552642562408e-07,393700
3.48227511067155e-07,393800
3.4790249932044e-07,393900
3.47577608741959e-07,394000
3.47252840758609e-07,394100
3.4692819680403e-07,394200
3.46603678318064e-07,394300
3.46279286746297e-07,394400
3.45955023539542e-07,394500
3.45630890153361e-07,394600
3.45306888047553e-07,394700
3.44983018685686e-07,394800
3.44659283534571e-07,394900
3.44335684063802e-07,395000
3.44012221745241e-07,395100
3.43688898052549e-07,395200
3.43365714460681e-07,395300
3.43042672445416e-07,395400
3.42719773482858e-07,395500
3.4239701904896e-07,395600
3.42074410619051e-07,395700
3.41751949667347e-07,395800
3.41429637666476e-07,395900
3.41107476087023e-07,396000
3.40785466397036e-07,396100
3.40463610061578e-07,396200
3.40141908542245e-07,396300
3.39820363296732e-07,396400
3.39498975778354e-07,396500
3.39177747435598e-07,396600
3.38856679711677e-07,396700
3.38535774044082e-07,396800
3.38215031864148e-07,396900
3.37894454596601e-07,397000
3.37574043659144e-07,397100
3.37253800462009e-07,397200
3.36933726407543e-07,397300
3.36613822889802e-07,397400
3.36294091294108e-07,397500
3.35974532996667e-07,397600
3.35655149364144e-07,397700
3.35335941753282e-07,397800
3.35016911510494e-07,397900
3.34698059971489e-07,398000
3.34379388460872e-07,398100
3.3406089829179e-07,398200
3.33742590765543e-07,398300
3.33424467171229e-07,398400
3.33106528785382e-07,398500
3.32788776871626e-07,398600
3.32471212680316e-07,398700
3.32153837448218e-07,398800
3.31836652398155e-07,398900
3.3151965873871e-07,399000
3.3120285766387e-07,399100
3.30886250352743e-07,399200
3.30569837969245e-07,399300
3.30253621661796e-07,399400
3.29937602563029e-07,399500
3.29621781789521e-07,399600
3.29306160441499e-07,399700
3.28990739602573e-07,399800
3.2867552033949e-07,399900
3.28360503701863e-07,400000
3.28045690721935e-07,400100
3.27731082414329e-07,400200
3.27416679775834e-07,400300
3.27102483785171e-07,400400
3.26788495402774e-07,400500
3.26474715570598e-07,400600
3.26161145211906e-07,400700
3.25847785231084e-07,400800
3.25534636513459e-07,400900
3.25221699925126e-07,401000
3.24908976312776e-07,401100
3.24596466503543e-07,401200
3.24284171304856e-07,401300
3.23972091504286e-07,401400
3.23660227869429e-07,401500
3.23348581147779e-07,401600
3.230371520666e-07,401700
3.22725941332834e-07,401800
3.22414949632992e-07,401900
3.22104177633062e-07,402000
3.21793625978446e-07,402100
3.21483295293858e-07,402200
3.21173186183289e-07,402300
3.2086329922993e-07,402400
3.20553634996129e-07,402500
3.20244194023365e-07,402600
3.19934976832204e-07,402700
3.19625983922284e-07,402800
3.19317215772298e-07,402900
3.19008672839997e-07,403000
3.18700355562185e-07,403100
3.18392264354739e-07,403200
3.18084399612633e-07,403300
3.17776761709963e-07,403400
3.17469350999976e-07,403500
3.17162167815142e-07,403600
3.16855212467189e-07,403700
3.16548485247173e-07,403800
3.16241986425547e-07,403900
3.15935716252253e-07,404000
3.15629674956792e-07,404100
3.15323862748343e-07,404200
3.15018279815852e-07,404300
3.14712926328143e-07,404400
3.1440780243406e-07,404500
3.14102908262577e-07,404600
3.13798243922933e-07,404700
3.134938095048e-07,404800
3.13189605078414e-07,404900
3.1288563069474e-07,405000
3.12581886385648e-07,405100
3.12278372164085e-07,405200
3.11975088024251e-07,405300
3.116720339418e-07,405400
3.11369209874038e-07,405500
3.11066615760108e-07,405600
3.10764251521238e-07,405700
3.10462117060923e-07,405800
3.10160212265178e-07,405900
3.09858537002755e-07,406000
3.09557091125389e-07,406100
3.09255874468045e-07,406200
3.08954886849165e-07,406300
3.08654128070931e-07,406400
3.08353597919524e-07,406500
3.08053296165408e-07,406600
3.07753222563589e-07,406700
3.07453376853908e-07,406800
3.07153758761327e-07,406900
3.06854367996227e-07,407000
3.06555204254698e-07,407100
3.06256267218851e-07,407200
3.05957556557123e-07,407300
3.05659071924595e-07,407400
3.053608129633e-07,407500
3.05062779302563e-07,407600
3.04764970559321e-07,407700
3.04467386338448e-07,407800
3.04170026233111e-07,407900
3.03872889825085e-07,408000
3.03575976685114e-07,408100
3.03279286373262e-07,408200
3.0298281843925e-07,408300
3.02686572422821e-07,408400
3.02390547854093e-07,408500
3.02094744253919e-07,408600
3.01799161134257e-07,408700
3.01503797998537e-07,408800
3.01208654342008e-07,408900
3.00913729652136e-07,409000
3.00619023408961e-07,409100
3.00324535085478e-07,409200
3.00030264148005e-07,409300
2.99736210056572e-07,409400
2.99442372265288e-07,409500
2.99148750222725e-07,409600
2.98855343372308e-07,409700
2.98562151152675e-07,409800
2.98269172998087e-07,409900
2.97976408338774e-07,410000
2.97683856601359e-07,410100
2.97391517209204e-07,410200
2.97099389582814e-07,410300
2.96807473140202e-07,410400
2.96515767297288e-07,410500
2.96224271468257e-07,410600
2.95932985065957e-07,410700
2.95641907502266e-07,410800
2.9535103818846e-07,410900
2.95060376535607e-07,411000
2.9476992195492e-07,411100
2.9447967385814e-07,411200
2.94189631657889e-07,411300
2.93899794768048e-07,411400
2.93610162604116e-07,411500
2.9332073458356e-07,411600
2.93031510126193e-07,411700
2.92742488654493e-07,411800
2.92453669593986e-07,411900
2.9216505237357e-07,412000
2.91876636425865e-07,412100
2.91588421187549e-07,412200
2.91300406099694e-07,412300
2.91012590608088e-07,412400
2.90724974163569e-07,412500
2.90437556222335e-07,412600
2.90150336246261e-07,412700
2.89863313703213e-07,412800
2.89576488067347e-07,412900
2.89289858819406e-07,413000
2.89003425447023e-07,413100
2.88717187444988e-07,413200
2.88431144315555e-07,413300
2.8814529556869e-07,413400
2.8785964072236e-07,413500
2.87574179302781e-07,413600
2.87288910844682e-07,413700
2.87003834891546e-07,413800
2.86718950995853e-07,413900
2.86434258719326e-07,414000
2.86149757633143e-07,414100
2.85865447318146e-07,414200
2.85581327365097e-07,414300
2.85297397374824e-07,414400
2.85013656958476e-07,414500
2.84730105737656e-07,414600
2.84446743344651e-07,414700
2.84163569422564e-07,414800
2.83880583625514e-07,414900
2.83597785618763e-07,415000
2.83315175078879e-07,415100
2.83032751693875e-07,415200
2.82750515163331e-07,415300
2.82468465198531e-07,415400
2.8218660152256e-07,415500
2.81904923870415e-07,415600
2.81623431989101e-07,415700
2.81342125637724e-07,415800
2.81061004587556e-07,415900
2.80780068622108e-07,416000
2.80499317537197e-07,416100
2.80218751140988e-07,416200
2.79938369254039e-07,416300
2.79658171709327e-07,416400
2.7937815835228e-07,416500
2.79098329040783e-07,416600
2.78818683645187e-07,416700
2.78539222048296e-07,416800
2.78259944145365e-07,416900
2.77980849844067e-07,417000
2.77701939064464e-07,417100
2.77423211738958e-07,417200
2.77144667812257e-07,417300
2.76866307241286e-07,417400
2.76588129995151e-07,417500
2.7631013605503e-07,417600
2.76032325414112e-07,417700
2.75754698077466e-07,417800
2.75477254061977e-07,417900
2.75199993396197e-07,418000
2.74922916120237e-07,418100
2.74646022285635e-07,418200
2.74369311955205e-07,418300
2.74092785202899e-07,418400
2.73816442113643e-07,418500
2.73540282783173e-07,418600
2.73264307317855e-07,418700
2.72988515834507e-07,418800
2.72712908460205e-07,418900
2.72437485332091e-07,419000
2.72162246597159e-07,419100
2.71887192412036e-07,419200
2.7161232294277e-07,419300
2.71337638364596e-07,419400
2.71063138861703e-07,419500
2.70788824626985e-07,419600
2.70514695861792e-07,419700
2.70240752775669e-07,419800
2.69966995586104e-07,419900
2.69693424518235e-07,420000
2.69420039804605e-07,420100
2.69146841684848e-07,420200
2.68873830405415e-07,420300
2.68601006219281e-07,420400
2.68328369385641e-07,420500
2.68055920169597e-07,420600
2.67783658841871e-07,420700
2.67511585678462e-07,420800
2.67239700960342e-07,420900
2.66968004973129e-07,421000
2.66696498006758e-07,421100
2.66425180355148e-07,421200
2.66154052315857e-07,421300
2.65883114189764e-07,421400
2.65612366280699e-07,421500
2.65341808895122e-07,421600
2.65071442341753e-07,421700
2.64801266931231e-07,421800
2.64531282975757e-07,421900
2.6426149078874e-07,422000
2.63991890684437e-07,422100
2.63722482977594e-07,422200
2.63453267983084e-07,422300
2.63184246015551e-07,422400
2.62915417389033e-07,422500
2.62646782416616e-07,422600
2.62378341410059e-07,422700
2.62110094679437e-07,422800
2.6184204253277e-07,422900
2.61574185275665e-07,423000
2.61306523210957e-07,423100
2.61039056638339e-07,423200
2.6077178585402e-07,423300
2.60504711150331e-07,423400
2.60237832815413e-07,423500
2.59971151132837e-07,423600
2.59704666381252e-07,423700
2.59438378834044e-07,423800
2.5917228875898e-07,423900
2.58906396417882e-07,424000
2.5864070206627e-07,424100
2.58375205953035e-07,424200
2.58109908320097e-07,424300
2.57844809402091e-07,424400
2.5757990942604e-07,424500
2.57315208611018e-07,424600
2.57050707167872e-07,424700
2.56786405298871e-07,424800
2.56522303197441e-07,424900
2.5625840104784e-07,425000
2.55994699024888e-07,425100
2.55731197293658e-07,425200
2.55467896009219e-07,425300
2.55204795316356e-07,425400
2.54941895349291e-07,425500
2.54679196231455e-07,425600
2.54416698075201e-07,425700
2.54154400981593e-07,425800
2.53892305040146e-07,425900
2.53630410328609e-07,426000
2.53368716912747e-07,426100
2.53107224846127e-07,426200
2.52845934169907e-07,426300
2.52584844912658e-07,426400
2.52323957090165e-07,426500
2.52063270705252e-07,426600
2.51802785747628e-07,426700
2.51542502193713e-07,426800
2.51282420006498e-07,426900
2.51022539135403e-07,427000
2.50762859516151e-07,427100
2.50503381070654e-07,427200
2.50244103706896e-07,427300
2.49985027318833e-07,427400
2.49726151786316e-07,427500
2.49467476975003e-07,427600
2.492090027363e-07,427700
2.48950728907303e-07,427800
2.48692655310743e-07,427900
2.48434781754962e-07,428000
2.48177108033892e-07,428100
2.47919633927026e-07,428200
2.47662359199432e-07,428300
2.47405283601758e-07,428400
2.47148406870248e-07,428500
2.4689172872678e-07,428600
2.466352488789e-07,428700
2.46378967019888e-07,428800
2.46122882828813e-07,428900
2.45866995970615e-07,429000
2.45611306096189e-07,429100
2.45355812842494e-07,429200
2.45100515832646e-07,429300
2.44845414676059e-07,429400
2.44590508968557e-07,429500
2.44335798292537e-07,429600
2.44081282217119e-07,429700
2.43826960298298e-07,429800
2.4357283207914e-07,429900
2.4331889708996e-07,430000
2.4306515484852e-07,430100
2.42811604860248e-07,430200
2.4255824661844e-07,430300
2.4230507960451e-07,430400
2.42052103288217e-07,430500
2.41799317127926e-07,430600
2.4154672057086e-07,430700
2.41294313053383e-07,430800
2.41042094001272e-07,430900
2.40790062830008e-07,431000
2.40538218945087e-07,431100
2.40286561742314e-07,431200
2.40035090608142e-07,431300
2.39783804919985e-07,431400
2.39532704046552e-07,431500
2.39281787348225e-07,431600
2.39031054177364e-07,431700
2.38780503878714e-07,431800
2.38530135789754e-07,431900
2.38279949241073e-07,432000
2.38029943556775e-07,432100
2.37780118054857e-07,432200
2.37530472047611e-07,432300
2.37281004842043e-07,432400
2.37031715740279e-07,432500
2.36782604039981e-07,432600
2.36533669034792e-07,432700
2.36284910014753e-07,432800
2.36036326266746e-07,432900
2.35787917074943e-07,433000
2.35539681721252e-07,433100
2.35291619485766e-07,433200
2.35043729647231e-07,433300
2.3479601148351e-07,433400
2.34548464272031e-07,433500
2.3430108729028e-07,433600
2.34053879816261e-07,433700
2.33806841128983e-07,433800
2.33559970508922e-07,433900
2.33313267238527e-07,434000
2.33066730602678e-07,434100
2.32820359889191e-07,434200
2.32574154389296e-07,434300
2.32328113398128e-07,434400
2.32082236215209e-07,434500
2.31836522144947e-07,434600
2.31590970497121e-07,434700
2.31345580587365e-07,434800
2.31100351737662e-07,434900
2.30855283276837e-07,435000
2.30610374541024e-07,435100
2.30365624874176e-07,435200
2.30121033628524e-07,435300
2.29876600165071e-07,435400
2.29632323854074e-07,435500
2.29388204075504e-07,435600
2.29144240219529e-07,435700
2.28900431686976e-07,435800
2.28656777889805e-07,435900
2.28413278251557e-07,436000
2.28169932207814e-07,436100
2.27926739206655e-07,436200
2.2768369870909e-07,436300
2.27440810189513e-07,436400
2.27198073136128e-07,436500
2.2695548705137e-07,436600
2.2671305145235e-07,436700
2.26470765871242e-07,436800
2.26228629855704e-07,436900
2.25986642969281e-07,437000
2.25744804791786e-07,437100
2.25503114919701e-07,437200
2.25261572966537e-07,437300
2.25020178563205e-07,437400
2.24778931358385e-07,437500
2.24537831018862e-07,437600
2.24296877229876e-07,437700
2.24056069695446e-07,437800
2.23815408138695e-07,437900
2.23574892302158e-07,438000
2.23334521948087e-07,438100
2.23094296858728e-07,438200
2.2285421683662e-07,438300
2.2261428170484e-07,438400
2.22374491307272e-07,438500
2.22134845508855e-07,438600
2.21895344195801e-07,438700
2.21655987275837e-07,438800
2.21416774678389e-07,438900
2.21177706354801e-07,439000
2.20938782278504e-07,439100
2.20700002445199e-07,439200
2.20461366873004e-07,439300
2.20222875602608e-07,439400
2.19984528697396e-07,439500
2.19746326243583e-07,439600
2.19508268350301e-07,439700
2.192703551497e-07,439800
2.1903258679703e-07,439900
2.18794963470705e-07,440000
2.18557485372353e-07,440100
2.18320152726845e-07,440200
2.18082965782335e-07,440300
2.1784592481026e-07,440400
2.17609030105331e-07,440500
2.17372281985527e-07,440600
2.1713568079205e-07,440700
2.16899226889287e-07,440800
2.1666292066474e-07,440900
2.16426762528964e-07,441000
2.16190752915466e-07,441100
2.15954892280598e-07,441200
2.15719181103455e-07,441300
2.15483619885729e-07,441400
2.15248209151571e-07,441500
2.15012949447426e-07,441600
2.14777841341864e-07,441700
2.14542885425379e-07,441800
2.14308082310209e-07,441900
2.14073432630105e-07,442000
2.13838937040102e-07,442100
2.1360459621628e-07,442200
2.13370410855514e-07,442300
2.13136381675185e-07,442400
2.12902509412924e-07,442500
2.12668794826295e-07,442600
2.12435238692498e-07,442700
2.12201841808037e-07,442800
2.119686049884e-07,442900
2.11735529067703e-07,443000
2.11502614898329e-07,443100
2.11269863350572e-07,443200
2.11037275312244e-07,443300
2.10804851688276e-07,443400
2.10572593400319e-07,443500
2.10340501386338e-07,443600
2.10108576600173e-07,443700
2.09876820011091e-07,443800
2.09645232603366e-07,443900
2.09413815375796e-07,444000
2.09182569341244e-07,444100
2.0895149552616e-07,444200
2.08720594970092e-07,444300
2.08489868725194e-07,444400
2.08259317855712e-07,444500
2.08028943437479e-07,444600
2.07798746557397e-07,444700
2.07568728312887e-07,444800
2.07338889811374e-07,444900
2.07109232169733e-07,445000
2.0687975651374e-07,445100
2.06650463977509e-07,445200
2.06421355702937e-07,445300
2.06192432839129e-07,445400
2.05963696541817e-07,445500
2.0573514797279e-07,445600
2.05506788299303e-07,445700
2.05278618693486e-07,445800
2.0505064033175e-07,445900
2.04822854394194e-07,446000
2.04595262063998e-07,446100
2.04367864526823e-07,446200
2.04140662970196e-07,446300
2.0391365858291e-07,446400
2.03686852554415e-07,446500
2.03460246074185e-07,446600
2.03233840331133e-07,446700
2.03007636512971e-07,446800
2.02781635805611e-07,446900
2.02555839392544e-07,447000
2.02330248454225e-07,447100
2.02104864167455e-07,447200
2.01879687704779e-07,447300
2.01654720233863e-07,447400
2.01429962916889e-07,447500
2.01205416909951e-07,447600
2.00981083362442e-07,447700
2.00756963416463e-07,447800
2.00533058206211e-07,447900
2.003093688574e-07,448000
2.00085896486656e-07,448100
1.99862642200935e-07,448200
1.99639607096953e-07,448300
1.99416792260592e-07,448400
1.99194198766341e-07,448500
1.98971827676729e-07,448600
1.98749680041762e-07,448700
1.98527756898379e-07,448800
1.98306059269903e-07,448900
1.98084588165498e-07,449000
1.97863344579651e-07,449100
1.97642329491638e-07,449200
1.97421543865023e-07,449300
1.9720098864713e-07,449400
1.96980664768579e-07,449500
1.96760573142773e-07,449600
1.96540714665426e-07,449700
1.963210902141e-07,449800
1.96101700647748e-07,449900
1.9588254680626e-07,450000
1.95663629510029e-07,450100
1.95444949559524e-07,450200
1.9522650773488e-07,450300
1.95008304795485e-07,450400
1.94790341479598e-07,450500
1.9457261850396e-07,450600
1.94355136563431e-07,450700
1.94137896330635e-07,450800
1.93920898455614e-07,450900
1.93704143565501e-07,451000
1.93487632264191e-07,451100
1.93271365132052e-07,451200
1.93055342725628e-07,451300
1.92839565577357e-07,451400
1.92624034195306e-07,451500
1.92408749062928e-07,451600
1.92193710638821e-07,451700
1.91978919356503e-07,451800
1.91764375624207e-07,451900
1.91550079824686e-07,452000
1.91336032315027e-07,452100
1.91122233426497e-07,452200
1.90908683464377e-07,452300
1.90695382707844e-07,452400
1.90482331409827e-07,452500
1.90269529796918e-07,452600
1.90056978069272e-07,452700
1.89844676400525e-07,452800
1.89632624937738e-07,452900
1.89420823801349e-07,453000
1.89209273085132e-07,453100
1.88997972856183e-07,453200
1.88786923154917e-07,453300
1.88576123995078e-07,453400
1.88365575363759e-07,453500
1.88155277221453e-07,453600
1.87945229502098e-07,453700
1.87735432113143e-07,453800
1.87525884935653e-07,453900
1.87316587824378e-07,454000
1.87107540607879e-07,454100
1.86898743088665e-07,454200
1.86690195043309e-07,454300
1.86481896222626e-07,454400
1.86273846351819e-07,454500
1.86066045130682e-07,454600
1.8585849223378e-07,454700
1.85651187310661e-07,454800
1.85444129986077e-07,454900
1.85237319860224e-07,455000
1.8503075650898e-07,455100
1.84824439484168e-07,455200
1.84618368313834e-07,455300
1.84412542502523e-07,455400
1.84206961531579e-07,455500
1.84001624859446e-07,455600
1.83796531921999e-07,455700
1.83591682132866e-07,455800
1.83387074883772e-07,455900
1.83182709544885e-07,456000
1.8297858546519e-07,456100
1.82774701972849e-07,456200
1.8257105837559e-07,456300
1.823676539611e-07,456400
1.82164487997421e-07,456500
1.81961559733365e-07,456600
1.81758868398928e-07,456700
1.81556413205722e-07,456800
1.81354193347407e-07,456900
1.81152208000135e-07,457000
1.80950456322998e-07,457100
1.80748937458491e-07,457200
1.8054765053297e-07,457300
1.80346594657124e-07,457400
1.80145768926453e-07,457500
1.79945172421752e-07,457600
1.79744804209595e-07,457700
1.79544663342827e-07,457800
1.79344748861065e-07,457900
1.79145059791196e-07,458000
1.78945595147886e-07,458100
1.78746353934087e-07,458200
1.78547335141547e-07,458300
1.78348537751328e-07,458400
1.78149960734326e-07,458500
1.77951603051788e-07,458600
1.77753463655824e-07,458700
1.77555541489949e-07,458800
1.77357835489592e-07,458900
1.77160344582628e-07,459000
1.76963067689894e-07,459100
1.76766003725726e-07,459200
1.76569151598471e-07,459300
1.76372510211017e-07,459400
1.76176078461315e-07,459500
1.75979855242895e-07,459600
1.75783839445389e-07,459700
1.75588029955051e-07,459800
1.75392425655252e-07,459900
1.75197025427016e-07,460000
1.75001828149513e-07,460100
1.74806832700559e-07,460200
1.74612037957129e-07,460300
1.74417442795838e-07,460400
1.74223046093443e-07,460500
1.74028846727318e-07,460600
1.73834843575942e-07,460700
1.73641035519372e-07,460800
1.73447421439707e-07,460900
1.73254000221552e-07,461000
1.73060770752479e-07,461100
1.72867731923464e-07,461200
1.72674882629339e-07,461300
1.7248222176922e-07,461400
1.72289748246932e-07,461500
1.7209746097143e-07,461600
1.71905358857212e-07,461700
1.71713440824703e-07,461800
1.71521705800671e-07,461900
1.71330152718589e-07,462000
1.71138780519019e-07,462100
1.70947588149975e-07,462200
1.70756574567273e-07,462300
1.70565738734877e-07,462400
1.70375079625236e-07,462500
1.70184596219599e-07,462600
1.69994287508334e-07,462700
1.69804152491229e-07,462800
1.69614190177781e-07,462900
1.69424399587472e-07,463000
1.69234779750046e-07,463100
1.69045329705758e-07,463200
1.68856048505615e-07,463300
1.68666935211626e-07,463400
1.68477988897002e-07,463500
1.68289208646379e-07,463600
1.68100593556012e-07,463700
1.67912142733955e-07,463800
1.6772385530024e-07,463900
1.67535730387032e-07,464000
1.6734776713878e-07,464100
1.67159964712347e-07,464200
1.6697232227714e-07,464300
1.66784839015209e-07,464400
1.66597514121358e-07,464500
1.66410346803218e-07,464600
1.6622333628132e-07,464700
1.66036481789162e-07,464800
1.65849782573246e-07,464900
1.65663237893118e-07,465000
1.65476847021389e-07,465100
1.65290609243735e-07,465200
1.65104523858905e-07,465300
1.64918590178697e-07,465400
1.64732807527931e-07,465500
1.6454717524441e-07,465600
1.64361692678863e-07,465700
1.64176359194882e-07,465800
1.6399117416884e-07,465900
1.63806136989806e-07,466000
1.63621247059446e-07,466100
1.634365037919e-07,466200
1.63251906613668e-07,466300
1.63067454963466e-07,466400
1.62883148292083e-07,466500
1.62698986062225e-07,466600
1.62514967748332e-07,466700
1.62331092836423e-07,466800
1.62147360823877e-07,466900
1.61963771219253e-07,467000
1.6178032354207e-07,467100
1.61597017322588e-07,467200
1.61413852101578e-07,467300
1.61230827430077e-07,467400
1.61047942869151e-07,467500
1.60865197989619e-07,467600
1.60682592371799e-07,467700
1.60500125605234e-07,467800
1.60317797288394e-07,467900
1.60135607028402e-07,468000
1.59953554440719e-07,468100
1.59771639148849e-07,468200
1.59589860784019e-07,468300
1.59408218984858e-07,468400
1.59226713397074e-07,468500
1.59045343673114e-07,468600
1.58864109471834e-07,468700
1.58683010458144e-07,468800
1.58502046302661e-07,468900
1.58321216681362e-07,469000
1.58140521275205e-07,469100
1.57959959769789e-07,469200
1.57779531854962e-07,469300
1.57599237224469e-07,469400
1.57419075575559e-07,469500
1.57239046608622e-07,469600
1.57059150026798e-07,469700
1.56879385535597e-07,469800
1.56699752842512e-07,469900
1.56520251656636e-07,470000
1.56340881688267e-07,470100
1.56161642648524e-07,470200
1.55982534248956e-07,470300
1.55803556201148e-07,470400
1.55624708216339e-07,470500
1.55445990005023e-07,470600
1.55267401276562e-07,470700
1.55088941738806e-07,470800
1.54910611097696e-07,470900
1.54732409056886e-07,471000
1.54554335317358e-07,471100
1.54376389577039e-07,471200
1.54198571530433e-07,471300
1.54020880868235e-07,471400
1.5384331727697e-07,471500
1.53665880438623e-07,471600
1.53488570030271e-07,471700
1.53311385723736e-07,471800
1.53134327185217e-07,471900
1.52957394074958e-07,472000
1.5278058604689e-07,472100
1.52603902748307e-07,472200
1.52427343819522e-07,472300
1.52250908893554e-07,472400
1.52074597595802e-07,472500
1.51898409543734e-07,472600
1.5172234434659e-07,472700
1.51546401605074e-07,472800
1.51370580911079e-07,472900
1.51194881847394e-07,473000
1.51019303987436e-07,473100
1.50843846894991e-07,473200
1.50668510123947e-07,473300
1.50493293218064e-07,473400
1.50318195710721e-07,473500
1.50143217124698e-07,473600
1.49968356971961e-07,473700
1.49793614753442e-07,473800
1.49618989958854e-07,473900
1.49444482066503e-07,474000
1.492700905431e-07,474100
1.4909581484361e-07,474200
1.48921654411084e-07,474300
1.48747608676529e-07,474400
1.48573677058761e-07,474500
1.48399858964298e-07,474600
1.48226153787236e-07,474700
1.48052560909166e-07,474800
1.47879079699076e-07,474900
1.47705709513282e-07,475000
1.47532449695369e-07,475100
1.47359299576136e-07,475200
1.47186258473559e-07,475300
1.47013325692767e-07,475400
1.46840500526033e-07,475500
1.46667782252766e-07,475600
1.46495170139529e-07,475700
1.46322663440057e-07,475800
1.46150261395306e-07,475900
1.45977963233493e-07,476000
1.4580576817016e-07,476100
1.45633675408252e-07,476200
1.45461684138205e-07,476300
1.45289793538042e-07,476400
1.45118002773494e-07,476500
1.44946310998118e-07,476600
1.44774717353444e-07,476700
1.44603220969115e-07,476800
1.4443182096306e-07,476900
1.44260516441668e-07,477000
1.44089306499972e-07,477100
1.43918190221855e-07,477200
1.43747166680255e-07,477300
1.43576234937403e-07,477400
1.43405394045044e-07,477500
1.43234643044699e-07,477600
1.43063980967916e-07,477700
1.42893406836546e-07,477800
1.42722919663028e-07,477900
1.42552518450679e-07,478000
1.42382202194004e-07,478100
1.42211969879011e-07,478200
1.42041820483539e-07,478300
1.41871752977594e-07,478400
1.417017663237e-07,478500
1.4153185947726e-07,478600
1.4136203138692e-07,478700
1.41192280994948e-07,478800
1.41022607237629e-07,478900
1.40853009045649e-07,479000
1.4068348534452e-07,479100
1.40514035054979e-07,479200
1.40344657093422e-07,479300
1.40175350372332e-07,479400
1.4000611380072e-07,479500
1.39836946284577e-07,479600
1.39667846727327e-07,479700
1.3949881403029e-07,479800
1.39329847093153e-07,479900
1.3916094481445e-07,480000
1.38992106092042e-07,480100
1.38823329823605e-07,480200
1.38654614907132e-07,480300
1.3848596024143e-07,480400
1.38317364726621e-07,480500
1.38148827264666e-07,480600
1.3798034675987e-07,480700
1.37811922119406e-07,480800
1.37643552253838e-07,480900
1.37475236077646e-07,481000
1.37306972509766e-07,481100
1.37138760474111e-07,481200
1.36970598900117e-07,481300
1.36802486723279e-07,481400
1.36634422885688e-07,481500
1.36466406336578e-07,481600
1.36298436032867e-07,481700
1.36130510939701e-07,481800
1.35962630030998e-07,481900
1.35794792289999e-07,482000
1.35626996709803e-07,482100
1.35459242293921e-07,482200
1.35291528056809e-07,482300
1.35123853024424e-07,482400
1.34956216234753e-07,482500
1.34788616738359e-07,482600
1.34621053598911e-07,482700
1.34453525893729e-07,482800
1.34286032714302e-07,482900
1.34118573166825e-07,483000
1.33951146372727e-07,483100
1.33783751469178e-07,483200
1.33616387609617e-07,483300
1.33449053964261e-07,483400
1.33281749720611e-07,483500
1.33114474083951e-07,483600
1.32947226277852e-07,483700
1.32780005544654e-07,483800
1.32612811145954e-07,483900
1.32445642363086e-07,484000
1.32278498497583e-07,484100
1.3211137887165e-07,484200
1.31944282828621e-07,484300
1.31777209733399e-07,484400
1.31610158972903e-07,484500
1.314431299565e-07,484600
1.31276122116426e-07,484700
1.31109134908207e-07,484800
1.30942167811056e-07,484900
1.30775220328281e-07,485000
1.3060829198766e-07,485100
1.30441382341832e-07,485200
1.3027449096865e-07,485300
1.30107617471549e-07,485400
1.29940761479889e-07,485500
1.29773922649285e-07,485600
1.29607100661942e-07,485700
1.29440295226961e-07,485800
1.29273506080643e-07,485900
1.29106732986784e-07,486000
1.28939975736943e-07,486100
1.28773234150719e-07,486200
1.28606508076002e-07,486300
1.28439797389219e-07,486400
1.28273101995556e-07,486500
1.28106421829181e-07,486600
1.27939756853451e-07,486700
1.27773107061095e-07,486800
1.27606472474404e-07,486900
1.27439853145389e-07,487000
1.27273249155933e-07,487100
1.27106660617939e-07,487200
1.26940087673444e-07,487300
1.26773530494739e-07,487400
1.26606989284466e-07,487500
1.26440464275702e-07,487600
1.2627395573203e-07,487700
1.26107463947601e-07,487800
1.25940989247174e-07,487900
1.25774531986143e-07,488000
1.2560809255056e-07,488100
1.25441671357136e-07,488200
1.25275268853223e-07,488300
1.25108885516798e-07,488400
1.24942521856414e-07,488500
1.24776178411162e-07,488600
1.24609855750584e-07,488700
1.24443554474606e-07,488800
1.24277275213442e-07,488900
1.24111018627485e-07,489000
1.2394478540718e-07,489100
1.237785762729e-07,489200
1.23612391974785e-07,489300
1.23446233292589e-07,489400
1.23280101035499e-07,489500
1.23113996041951e-07,489600
1.22947919179425e-07,489700
1.22781871344228e-07,489800
1.22615853461277e-07,489900
1.22449866483845e-07,490000
1.22283911393317e-07,490100
1.22117989198922e-07,490200
1.21952100937455e-07,490300
1.21786247672991e-07,490400
1.21620430496574e-07,490500
1.21454650525917e-07,490600
1.21288908905062e-07,490700
1.21123206804058e-07,490800
1.209575454186e-07,490900
1.20791925969678e-07,491000
1.20626349703211e-07,491100
1.20460817889652e-07,491200
1.20295331823609e-07,491300
1.20129892823446e-07,491400
1.1996450223086e-07,491500
1.19799161410473e-07,491600
1.19633871749393e-07,491700
1.1946863465678e-07,491800
1.19303451563393e-07,491900
1.1913832392114e-07,492000
1.18973253202598e-07,492100
1.18808240900557e-07,492200
1.18643288527525e-07,492300
1.18478397615243e-07,492400
1.18313569714188e-07,492500
1.18148806393068e-07,492600
1.17984109238309e-07,492700
1.17819479853542e-07,492800
1.17654919859071e-07,492900
1.17490430891352e-07,493000
1.17326014602449e-07,493100
1.17161672659498e-07,493200
1.16997406744156e-07,493300
1.16833218552055e-07,493400
1.16669109792242e-07,493500
1.16505082186616e-07,493600
1.16341137469371e-07,493700
1.16177277386422e-07,493800
1.16013503694839e-07,493900
1.15849818162261e-07,494000
1.15686222566335e-07,494100
1.15522718694127e-07,494200
1.15359308341537e-07,494300
1.15195993312726e-07,494400
1.15032775419519e-07,494500
1.14869656480824e-07,494600
1.1470663832205e-07,494700
1.14543722774508e-07,494800
1.1438091167483e-07,494900
1.14218206864379e-07,495000
1.14055610188655e-07,495100
1.1389312349672e-07,495200
1.137307486406e-07,495300
1.13568487474698e-07,495400
1.13406341855224e-07,495500
1.13244313639593e-07,495600
1.1308240468586e-07,495700
1.12920616852134e-07,495800
1.12758951996006e-07,495900
1.12597411973968e-07,496000
1.12435998640859e-07,496100
1.12274713849276e-07,496200
1.12113559449037e-07,496300
1.11952537286597e-07,496400
1.11791649204515e-07,496500
1.11630897040887e-07,496600
1.11470282628809e-07,496700
1.11309807795836e-07,496800
1.11149474363445e-07,496900
1.10989284146501e-07,497000
1.10829238952739e-07,497100
1.10669340582242e-07,497200
1.10509590826929e-07,497300
1.10349991470049e-07,497400
1.10190544285679e-07,497500
1.10031251038236e-07,497600
1.09872113481985e-07,497700
1.09713133360561e-07,497800
1.09554312406506e-07,497900
1.09395652340793e-07,498000
1.09237154872375e-07,498100
1.09078821697737e-07,498200
1.08920654500457e-07,498300
1.08762654950768e-07,498400
1.08604824705139e-07,498500
1.08447165405857e-07,498600
1.08289678680624e-07,498700
1.08132366142155e-07,498800
1.07975229387789e-07,498900
1.07818269999113e-07,499000
1.07661489541588e-07,499100
1.07504889564188e-07,499200
1.07348471599047e-07,499300
1.0719223716112e-07,499400
1.07036187747846e-07,499500
1.06880324838829e-07,499600
1.06724649895518e-07,499700
1.06569164360912e-07,499800
1.06413869659258e-07,499900
1.06258767195771e-07,500000
1.06103858356363e-07,500100
1.05949144507375e-07,500200
1.05794626995323e-07,500300
1.05640307146662e-07,500400
1.05486186267543e-07,500500
1.05332265643597e-07,500600
1.05178546539719e-07,500700
1.05025030199868e-07,500800
1.04871717846871e-07,500900
1.04718610682248e-07,501000
1.04565709886034e-07,501100
1.04413016616617e-07,501200
1.04260532010595e-07,501300
1.04108257182626e-07,501400
1.039561932253e-07,501500
1.03804341209021e-07,501600
1.03652702181894e-07,501700
1.03501277169626e-07,501800
1.03350067175432e-07,501900
1.03199073179956e-07,502000
1.03048296141204e-07,502100
1.02897736994477e-07,502200
1.02747396652323e-07,502300
1.02597276004495e-07,502400
1.02447375917918e-07,502500
1.02297697236666e-07,502600
1.0214824078195e-07,502700
1.01999007352112e-07,502800
1.01849997722633e-07,502900
1.01701212646143e-07,503000
1.01552652852445e-07,503100
1.01404319048553e-07,503200
1.01256211918721e-07,503300
1.011083321245e-07,503400
1.00960680304795e-07,503500
1.00813257075927e-07,503600
1.00666063031708e-07,503700
1.00519098743526e-07,503800
1.00372364760431e-07,503900
1.00225861609232e-07,504000
1.00079589794604e-07,504100
9.99335497991988e-08,504200
9.97877420837658e-08,504300
9.96421670872765e-08,504400
9.94968252270602e-08,504500
9.9351716898942e-08,504600
9.92068424773903e-08,504700
9.906220231567e-08,504800
9.89177967460016e-08,504900
9.87736260797268e-08,505000
9.86296906074798e-08,505100
9.84859905993623e-08,505200
9.83425263051274e-08,505300
9.81992979543697e-08,505400
9.80563057567134e-08,505500
9.79135499020093e-08,505600
9.77710305605466e-08,505700
9.76287478832468e-08,505800
9.74867020018876e-08,505900
9.73448930293063e-08,506000
9.72033210596316e-08,506100
9.70619861684969e-08,506200
9.69208884132749e-08,506300
9.67800278333012e-08,506400
9.6639404450115e-08,506500
9.64990182676911e-08,506600
9.63588692726795e-08,506700
9.62189574346513e-08,506800
9.60792827063414e-08,506900
9.59398450238927e-08,507000
9.58006443071133e-08,507100
9.56616804597176e-08,507200
9.55229533695875e-08,507300
9.53844629090226e-08,507400
9.52462089349982e-08,507500
9.51081912894198e-08,507600
9.49704097993846e-08,507700
9.48328642774376e-08,507800
9.46955545218323e-08,507900
9.45584803167923e-08,508000
9.4421641432769e-08,508100
9.42850376267056e-08,508200
9.41486686422945e-08,508300
9.40125342102398e-08,508400
9.38766340485162e-08,508500
9.3740967862633e-08,508600
9.36055353458854e-08,508700
9.347033617962e-08,508800
9.33353700334874e-08,508900
9.32006365657038e-08,509000
9.3066135423298e-08,509100
9.29318662423746e-08,509200
9.27978286483588e-08,509300
9.2664022256249e-08,509400
9.25304466708695e-08,509500
9.23971014871093e-08,509600
9.2263986290177e-08,509700
9.21311006558336e-08,509800
9.19984441506399e-08,509900
9.18660163321932e-08,510000
9.17338167493588e-08,510100
9.16018449425087e-08,510200
9.14701004437474e-08,510300
9.13385827771446e-08,510400
9.12072914589515e-08,510500
9.10762259978316e-08,510600
9.09453858950729e-08,510700
9.08147706448064e-08,510800
9.06843797342166e-08,510900
9.05542126437502e-08,511000
9.04242688473245e-08,511100
9.02945478125252e-08,511200
9.01650490008073e-08,511300
9.00357718676921e-08,511400
8.99067158629515e-08,511500
8.97778804308029e-08,511600
8.96492650100914e-08,511700
8.9520869034465e-08,511800
8.93926919325574e-08,511900
8.92647331281584e-08,512000
8.91369920403783e-08,512100
8.90094680838176e-08,512200
8.88821606687273e-08,512300
8.87550692011611e-08,512400
8.86281930831337e-08,512500
8.85015317127656e-08,512600
8.83750844844295e-08,512700
8.82488507888928e-08,512800
8.81228300134489e-08,512900
8.7997021542055e-08,513000
8.78714247554588e-08,513100
8.77460390313237e-08,513200
8.76208637443508e-08,513300
8.74958982663908e-08,513400
8.73711419665629e-08,513500
8.72465942113601e-08,513600
8.71222543647541e-08,513700
8.69981217882997e-08,513800
8.6874195841228e-08,513900
8.67504758805423e-08,514000
8.66269612611058e-08,514100
8.65036513357313e-08,514200
8.63805454552606e-08,514300
8.62576429686423e-08,514400
8.61349432230096e-08,514500
8.601244556375e-08,514600
8.58901493345756e-08,514700
8.57680538775828e-08,514800
8.56461585333222e-08,514900
8.55244626408473e-08,515000
8.54029655377753e-08,515100
8.52816665603358e-08,515200
8.5160565043422e-08,515300
8.50396603206354e-08,515400
8.49189517243247e-08,515500
8.47984385856302e-08,515600
8.4678120234521e-08,515700
8.45579959998242e-08,515800
8.44380652092613e-08,515900
8.43183271894752e-08,516000
8.41987812660563e-08,516100
8.4079426763568e-08,516200
8.39602630055676e-08,516300
8.38412893146271e-08,516400
8.3722505012348e-08,516500
8.36039094193794e-08,516600
8.348550185543e-08,516700
8.33672816392817e-08,516800
8.32492480887971e-08,516900
8.31314005209284e-08,517000
8.3013738251725e-08,517100
8.28962605963373e-08,517200
8.27789668690201e-08,517300
8.26618563831382e-08,517400
8.25449284511629e-08,517500
8.24281823846747e-08,517600
8.23116174943637e-08,517700
8.2195233090024e-08,517800
8.20790284805538e-08,517900
8.19630029739491e-08,518000
8.18471558773049e-08,518100
8.17314864968033e-08,518200
8.16159941377145e-08,518300
8.15006781043867e-08,518400
8.13855377002429e-08,518500
8.1270572227774e-08,518600
8.11557809885321e-08,518700
8.1041163283125e-08,518800
8.09267184112082e-08,518900
8.0812445671482e-08,519000
8.06983443616842e-08,519100
8.05844137785824e-08,519200
8.04706532179702e-08,519300
8.03570619746642e-08,519400
8.02436393424989e-08,519500
8.01303846143214e-08,519600
8.00172970819898e-08,519700
7.9904376036372e-08,519800
7.97916207673435e-08,519900
7.96790305637879e-08,520000
7.95666047135939e-08,520100
7.94543425036624e-08,520200
7.9342243219907e-08,520300
7.9230306147255e-08,520400
7.91185305696595e-08,520500
7.90069157700968e-08,520600
7.88954610305827e-08,520700
7.87841656321773e-08,520800
7.86730288549956e-08,520900
7.85620499782209e-08,521000
7.84512282801199e-08,521100
7.83405630380535e-08,521200
7.82300535284988e-08,521300
7.81196990270656e-08,521400
7.8009498808516e-08,521500
7.78994521467884e-08,521600
7.77895583150174e-08,521700
7.76798165855672e-08,521800
7.75702262300517e-08,521900
7.74607865193674e-08,522000
7.73514967237234e-08,522100
7.72423561126769e-08,522200
7.71333639551682e-08,522300
7.70245195195526e-08,522400
7.69158220736481e-08,522500
7.68072708847712e-08,522600
7.66988652197791e-08,522700
7.659060434512e-08,522800
7.64824875268743e-08,522900
7.6374514030809e-08,523000
7.62666831224261e-08,523100
7.61589940670151e-08,523200
7.60514461297102e-08,523300
7.5944038575547e-08,523400
7.5836770669521e-08,523500
7.57296416766498e-08,523600
7.56226508620346e-08,523700
7.55157974909256e-08,523800
7.54090808287901e-08,523900
7.53025001413838e-08,524000
7.51960546948121e-08,524100
7.50897437556159e-08,524200
7.49835665908329e-08,524300
7.48775224680837e-08,524400
7.47716106556476e-08,524500
7.46658304225362e-08,524600
7.45601810385816e-08,524700
7.44546617745191e-08,524800
7.43492719020647e-08,524900
7.42440106940104e-08,525000
7.41388774243072e-08,525100
7.40338713681542e-08,525200
7.39289918020887e-08,525300
7.38242380040805e-08,525400
7.37196092536245e-08,525500
7.36151048318345e-08,525600
7.35107240215376e-08,525700
7.34064661073747e-08,525800
7.33023303758946e-08,525900
7.31983161156558e-08,526000
7.3094422617328e-08,526100
7.29906491737879e-08,526200
7.28869950802254e-08,526300
7.27834596342444e-08,526400
7.26800421359676e-08,526500
7.25767418881412e-08,526600
7.24735581962332e-08,526700
7.23704903685494e-08,526800
7.22675377163302e-08,526900
7.21646995538603e-08,527000
7.20619751985757e-08,527100
7.19593639711674e-08,527200
7.18568651956922e-08,527300
7.17544781996769e-08,527400
7.1652202314227e-08,527500
7.15500368741319e-08,527600
7.14479812179737e-08,527700
7.13460346882333e-08,527800
7.12441966313974e-08,527900
7.11424663980623e-08,528000
7.10408433430447e-08,528100
7.09393268254802e-08,528200
7.08379162089366e-08,528300
7.07366108615094e-08,528400
7.0635410155932e-08,528500
7.05343134696756e-08,528600
7.04333201850505e-08,528700
7.03324296893099e-08,528800
7.02316413747485e-08,528900
7.01309546388e-08,529000
7.00303688841372e-08,529100
6.99298835187706e-08,529200
6.98294979561395e-08,529300
6.97292116152087e-08,529400
6.96290239205606e-08,529500
6.95289343024897e-08,529600
6.94289421970876e-08,529700
6.93290470463357e-08,529800
6.92292482981883e-08,529900
6.91295454066605e-08,530000
6.90299378319104e-08,530100
6.89304250403193e-08,530200
6.8831006504575e-08,530300
6.87316817037439e-08,530400
6.86324501233513e-08,530500
6.8533311255453e-08,530600
6.84342645987071e-08,530700
6.83353096584426e-08,530800
6.82364459467278e-08,530900
6.81376729824347e-08,531000
6.80389902912997e-08,531100
6.79403974059875e-08,531200
6.78418938661467e-08,531300
6.77434792184625e-08,531400
6.76451530167149e-08,531500
6.75469148218259e-08,531600
6.74487642019081e-08,531700
6.73507007323088e-08,531800
6.72527239956543e-08,531900
6.71548335818885e-08,532000
6.70570290883109e-08,532100
6.69593101196111e-08,532200
6.68616762878993e-08,532300
6.67641272127365e-08,532400
6.66666625211617e-08,532500
6.65692818477132e-08,532600
6.64719848344499e-08,532700
6.63747711309692e-08,532800
6.6277640394422e-08,532900
6.6180592289526e-08,533000
6.60836264885703e-08,533100
6.59867426714276e-08,533200
6.58899405255518e-08,533300
6.57932197459842e-08,533400
6.56965800353436e-08,533500
6.56000211038301e-08,533600
6.55035426692081e-08,533700
6.54071444568012e-08,533800
6.53108261994737e-08,533900
6.52145876376163e-08,534000
6.51184285191256e-08,534100
6.50223485993806e-08,534200
6.49263476412173e-08,534300
6.48304254149016e-08,534400
6.47345816980961e-08,534500
6.46388162758253e-08,534600
6.45431289404419e-08,534700
6.44475194915853e-08,534800
6.43519877361369e-08,534900
6.42565334881795e-08,535000
6.41611565689457e-08,535100
6.40658568067701e-08,535200
6.39706340370329e-08,535300
6.38754881021091e-08,535400
6.37804188513057e-08,535500
6.36854261408012e-08,535600
6.35905098335874e-08,535700
6.34956697993975e-08,535800
6.34009059146406e-08,535900
6.3306218062334e-08,536000
6.32116061320241e-08,536100
6.31170700197183e-08,536200
6.30226096278036e-08,536300
6.29282248649672e-08,536400
6.28339156461175e-08,536500
6.27396818923003e-08,536600
6.26455235306089e-08,536700
6.25514404941036e-08,536800
6.24574327217165e-08,536900
6.23635001581634e-08,537000
6.22696427538484e-08,537100
6.21758604647742e-08,537200
6.20821532524383e-08,537300
6.19885210837411e-08,537400
6.18949639308851e-08,537500
6.18014817712722e-08,537600
6.1708074587402e-08,537700
6.16147423667696e-08,537800
6.15214851017591e-08,537900
6.14283027895386e-08,538000
6.1335195431951e-08,538100
6.12421630354066e-08,538200
6.11492056107767e-08,538300
6.10563231732785e-08,538400
6.09635157423643e-08,538500
6.08707833416159e-08,538600
6.07781259986236e-08,538700
6.06855437448771e-08,538800
6.05930366156528e-08,538900
6.05006046498948e-08,539000
6.04082478901057e-08,539100
6.03159663822255e-08,539200
6.02237601755229e-08,539300
6.01316293224728e-08,539400
6.00395738786426e-08,539500
5.99475939025807e-08,539600
5.98556894556931e-08,539700
5.97638606021324e-08,539800
5.96721074086808e-08,539900
5.95804299446343e-08,540000
5.94888282816873e-08,540100
5.93973024938183e-08,540200
5.93058526571742e-08,540300
5.92144788499571e-08,540400
5.91231811523086e-08,540500
5.90319596462024e-08,540600
5.89408144153261e-08,540700
5.88497455449716e-08,540800
5.87587531219262e-08,540900
5.86678372343604e-08,541000
5.85769979717199e-08,541100
5.84862354246196e-08,541200
5.83955496847336e-08,541300
5.83049408446924e-08,541400
5.82144089979756e-08,541500
5.81239542388118e-08,541600
5.80335766620755e-08,541700
5.79432763631865e-08,541800
5.7853053438009e-08,541900
5.77629079827588e-08,542000
5.76728400939022e-08,542100
5.7582849868066e-08,542200
5.74929374019386e-08,542300
5.74031027921873e-08,542400
5.73133461353622e-08,542500
5.72236675278119e-08,542600
5.71340670655951e-08,542700
5.70445448444018e-08,542800
5.69551009594649e-08,542900
5.68657355054851e-08,543000
5.67764485765526e-08,543100
5.66872402660686e-08,543200
5.65981106666744e-08,543300
5.65090598701778e-08,543400
5.64200879674847e-08,543500
5.63311950485313e-08,543600
5.62423812022206e-08,543700
5.61536465163571e-08,543800
5.6064991077589e-08,543900
5.59764149713477e-08,544000
5.58879182817939e-08,544100
5.57995010917627e-08,544200
5.57111634827136e-08,544300
5.56229055346813e-08,544400
5.55347273262302e-08,544500
5.54466289344095e-08,544600
5.53586104347128e-08,544700
5.52706719010391e-08,544800
5.51828134056554e-08,544900
5.50950350191652e-08,545000
5.50073368104749e-08,545100
5.4919718846766e-08,545200
5.48321811934686e-08,545300
5.47447239142377e-08,545400
5.46573470709314e-08,545500
5.45700507235931e-08,545600
5.44828349304337e-08,545700
5.43956997478216e-08,545800
5.43086452302638e-08,545900
5.42216714304077e-08,546000
5.41347783990256e-08,546100
5.40479661850167e-08,546200
5.39612348354025e-08,546300
5.38745843953306e-08,546400
5.37880149080765e-08,546500
5.37015264150508e-08,546600
5.36151189558058e-08,546700
5.35287925680494e-08,546800
5.34425472876567e-08,546900
5.33563831486849e-08,547000
5.32703001833917e-08,547100
5.31842984222569e-08,547200
5.30983778940029e-08,547300
5.30125386256213e-08,547400
5.29267806423971e-08,547500
5.28411039679402e-08,547600
5.27555086242175e-08,547700
5.26699946315829e-08,547800
5.25845620088153e-08,547900
5.24992107731549e-08,548000
5.24139409403444e-08,548100
5.23287525246668e-08,548200
5.2243645538994e-08,548300
5.21586199948271e-08,548400
5.20736759023456e-08,548500
5.1988813270457e-08,548600
5.19040321068469e-08,548700
5.18193324180294e-08,548800
5.17347142094033e-08,548900
5.16501774853075e-08,549000
5.15657222490759e-08,549100
5.14813485030996e-08,549200
5.13970562488835e-08,549300
5.13128454871098e-08,549400
5.12287162176995e-08,549500
5.11446684398776e-08,549600
5.10607021522368e-08,549700
5.09768173528074e-08,549800
5.08930140391198e-08,549900
5.08092922082784e-08,550000
5.07256518570267e-08,550100
5.06420929818211e-08,550200
5.05586155789025e-08,550300
5.04752196443641e-08,550400
5.0391905174232e-08,550500
5.03086721645322e-08,550600
5.02255206113689e-08,550700
5.01424505109991e-08,550800
5.0059461859907e-08,550900
4.99765546548809e-08,551000
4.98937288930903e-08,551100
4.98109845721616e-08,551200
4.97283216902553e-08,551300
4.96457402461453e-08,551400
4.9563240239294e-08,551500
4.94808216699308e-08,551600
4.93984845391304e-08,551700
4.93162288488899e-08,551800
4.92340546022068e-08,551900
4.91519618031559e-08,552000
4.90699504569663e-08,552100
4.89880205700992e-08,552200
4.89061721503245e-08,552300
4.88244052067964e-08,552400
4.87427197501291e-08,552500
4.86611157924732e-08,552600
4.85795933475887e-08,552700
4.84981524309217e-08,552800
4.84167930596747e-08,552900
4.83355152528809e-08,553000
4.82543190314772e-08,553100
4.81732044183709e-08,553200
4.80921714385157e-08,553300
4.80112201189764e-08,553400
4.79303504889986e-08,553500
4.78495625800748e-08,553600
4.77688564260116e-08,553700
4.76882320629928e-08,553800
4.76076895296445e-08,553900
4.7527228867095e-08,554000
4.74468501190375e-08,554100
4.73665533317879e-08,554200
4.72863385543441e-08,554300
4.72062058384419e-08,554400
4.71261552386083e-08,554500
4.70461868122178e-08,554600
4.69663006195412e-08,554700
4.68864967237967e-08,554800
4.6806775191198e-08,554900
4.67271360910015e-08,555000
4.66475794955488e-08,555100
4.65681054803124e-08,555200
4.6488714123933e-08,555300
4.64094055082624e-08,555400
4.63301797183975e-08,555500
4.62510368427172e-08,555600
4.61719769729128e-08,555700
4.60930002040223e-08,555800
4.60141066344566e-08,555900
4.59352963660277e-08,556000
4.58565695039716e-08,556100
4.57779261569728e-08,556200
4.56993664371823e-08,556300
4.5620890460236e-08,556400
4.55424983452717e-08,556500
4.54641902149409e-08,556600
4.53859661954209e-08,556700
4.53078264164219e-08,556800
4.52297710111953e-08,556900
4.51518001165355e-08,557000
4.50739138727847e-08,557100
4.49961124238288e-08,557200
4.49183959170953e-08,557300
4.48407645035493e-08,557400
4.4763218337684e-08,557500
4.46857575775084e-08,557600
4.46083823845398e-08,557700
4.45310929237824e-08,557800
4.44538893637136e-08,557900
4.43767718762622e-08,558000
4.42997406367854e-08,558100
4.42227958240437e-08,558200
4.41459376201749e-08,558300
4.40691662106625e-08,558400
4.3992481784303e-08,558500
4.39158845331721e-08,558600
4.38393746525856e-08,558700
4.37629523410626e-08,558800
4.36866178002792e-08,558900
4.3610371235028e-08,559000
4.35342128531677e-08,559100
4.34581428655761e-08,559200
4.33821614860972e-08,559300
4.33062689314864e-08,559400
4.32304654213567e-08,559500
4.31547511781172e-08,559600
4.30791264269135e-08,559700
4.3003591395563e-08,559800
4.29281463144933e-08,559900
4.28527914166691e-08,560000
4.27775269375256e-08,560100
4.27023531148971e-08,560200
4.26272701889394e-08,560300
4.25522784020582e-08,560400
4.24773779988259e-08,560500
4.24025692259044e-08,560600
4.23278523319621e-08,560700
4.22532275675885e-08,560800
4.21786951852103e-08,560900
4.21042554390009e-08,561000
4.20299085847899e-08,561100
4.19556548799751e-08,561200
4.18814945834239e-08,561300
4.1807427955382e-08,561400
4.1733455257375e-08,561500
4.16595767521084e-08,561600
4.15857927033693e-08,561700
4.15121033759235e-08,561800
4.14385090354134e-08,561900
4.13650099482516e-08,562000
4.12916063815154e-08,562100
4.12182986028397e-08,562200
4.11450868803077e-08,562300
4.10719714823412e-08,562400
4.09989526775887e-08,562500
4.09260307348133e-08,562600
4.08532059227795e-08,562700
4.07804785101374e-08,562800
4.07078487653084e-08,562900
4.06353169563688e-08,563000
4.05628833509306e-08,563100
4.04905482160255e-08,563200
4.04183118179837e-08,563300
4.03461744223165e-08,563400
4.02741362935942e-08,563500
4.0202197695326e-08,563600
4.01303588898382e-08,563700
4.00586201381524e-08,563800
3.99869816998629e-08,563900
3.99154438330147e-08,564000
3.98440067939798e-08,564100
3.97726708373345e-08,564200
3.97014362157354e-08,564300
3.96303031797964e-08,564400
3.95592719779652e-08,564500
3.94883428564001e-08,564600
3.94175160588452e-08,564700
3.93467918265092e-08,564800
3.92761703979405e-08,564900
3.92056520089053e-08,565000
3.9135236892266e-08,565100
3.90649252778565e-08,565200
3.89947173923636e-08,565300
3.89246134592039e-08,565400
3.88546136984042e-08,565500
3.87847183264821e-08,565600
3.87149275563247e-08,565700
3.86452415970734e-08,565800
3.85756606540041e-08,565900
3.85061849284107e-08,566000
3.84368146174905e-08,566100
3.83675499142284e-08,566200
3.82983910072847e-08,566300
3.82293380808806e-08,566400
3.81603913146893e-08,566500
3.80915508837237e-08,566600
3.80228169582293e-08,566700
3.79541897035759e-08,566800
3.78856692801535e-08,566900
3.78172558432649e-08,567000
3.77489495430254e-08,567100
3.76807505242606e-08,567200
3.76126589264065e-08,567300
3.75446748834117e-08,567400
3.74767985236426e-08,567500
3.74090299697864e-08,567600
3.73413693387617e-08,567700
3.72738167416256e-08,567800
3.72063722834859e-08,567900
3.71390360634153e-08,568000
3.7071808174366e-08,568100
3.70046887030879e-08,568200
3.69376777300479e-08,568300
3.68707753293525e-08,568400
3.68039815686718e-08,568500
3.67372965091666e-08,568600
3.66707202054163e-08,568700
3.66042527053504e-08,568800
3.65378940501847e-08,568900
3.64716442743538e-08,569000
3.6405503405452e-08,569100
3.63394714641749e-08,569200
3.62735484642623e-08,569300
3.62077344124454e-08,569400
3.61420293083943e-08,569500
3.60764331446738e-08,569600
3.60109459066932e-08,569700
3.59455675726675e-08,569800
3.58802981135742e-08,569900
3.58151374931201e-08,570000
3.57500856677034e-08,570100
3.56851425863844e-08,570200
3.56203081908575e-08,570300
3.55555824154234e-08,570400
3.54909651869692e-08,570500
3.54264564249464e-08,570600
3.53620560413555e-08,570700
3.52977639407334e-08,570800
3.52335800201401e-08,570900
3.51695041691532e-08,571000
3.51055362698621e-08,571100
3.5041676196868e-08,571200
3.49779238172833e-08,571300
3.49142789907381e-08,571400
3.48507415693868e-08,571500
3.478731139792e-08,571600
3.47239883135768e-08,571700
3.46607721461634e-08,571800
3.45976627180713e-08,571900
3.45346598443034e-08,572000
3.44717633324969e-08,572100
3.44089729829554e-08,572200
3.434628858868e-08,572300
3.42837099354041e-08,572400
3.42212368016355e-08,572500
3.41588689586941e-08,572600
3.40966061707587e-08,572700
3.40344481949146e-08,572800
3.39723947812049e-08,572900
3.39104456726837e-08,573000
3.38486006054728e-08,573100
3.37868593088236e-08,573200
3.37252215051779e-08,573300
3.3663686910234e-08,573400
3.36022552330171e-08,573500
3.35409261759497e-08,573600
3.34796994349265e-08,573700
3.34185746993916e-08,573800
3.335755165242e-08,573900
3.32966299707999e-08,574000
3.32358093251175e-08,574100
3.3175089379849e-08,574200
3.31144697934488e-08,574300
3.30539502184438e-08,574400
3.29935303015334e-08,574500
3.29332096836841e-08,574600
3.28729880002365e-08,574700
3.28128648810049e-08,574800
3.27528399503876e-08,574900
3.26929128274754e-08,575000
3.26330831261633e-08,575100
3.25733504552647e-08,575200
3.25137144186275e-08,575300
3.2454174615255e-08,575400
3.23947306394237e-08,575500
3.23353820808091e-08,575600
3.22761285246099e-08,575700
3.22169695516765e-08,575800
3.21579047386387e-08,575900
3.20989336580395e-08,576000
3.20400558784654e-08,576100
3.19812709646858e-08,576200
3.19225784777858e-08,576300
3.18639779753075e-08,576400
3.18054690113903e-08,576500
3.1747051136913e-08,576600
3.16887238996363e-08,576700
3.16304868443498e-08,576800
3.15723395130176e-08,576900
3.15142814449272e-08,577000
3.14563121768378e-08,577100
3.1398431243132e-08,577200
3.1340638175968e-08,577300
3.12829325054308e-08,577400
3.1225313759689e-08,577500
3.11677814651476e-08,577600
3.11103351466055e-08,577700
3.10529743274116e-08,577800
3.09956985296229e-08,577900
3.09385072741635e-08,578000
3.08814000809834e-08,578100
3.08243764692169e-08,578200
3.07674359573452e-08,578300
3.07105780633559e-08,578400
3.06538023049038e-08,578500
3.05971081994737e-08,578600
3.05404952645404e-08,578700
3.04839630177321e-08,578800
3.04275109769908e-08,578900
3.03711386607361e-08,579000
3.03148455880252e-08,579100
3.02586312787172e-08,579200
3.02024952536322e-08,579300
3.01464370347147e-08,579400
3.00904561451932e-08,579500
3.00345521097419e-08,579600
2.99787244546403e-08,579700
2.99229727079338e-08,579800
2.98672963995915e-08,579900
2.98116950616655e-08,580000
2.97561682284484e-08,580100
2.9700715436629e-08,580200
2.96453362254501e-08,580300
2.9590030136862e-08,580400
2.9534796715677e-08,580500
2.94796355097219e-08,580600
2.94245460699892e-08,580700
2.93695279507887e-08,580800
2.93145807098954e-08,580900
2.92597039086974e-08,581000
2.92048971123428e-08,581100
2.91501598898834e-08,581200
2.9095491814418e-08,581300
2.90408924632352e-08,581400
2.8986361417951e-08,581500
2.89318982646489e-08,581600
2.8877502594014e-08,581700
2.8823174001469e-08,581800
2.87689120873058e-08,581900
2.87147164568156e-08,582000
2.86605867204175e-08,582100
2.86065224937838e-08,582200
2.85525233979656e-08,582300
2.84985890595122e-08,582400
2.84447191105913e-08,582500
2.83909131891066e-08,582600
2.83371709388119e-08,582700
2.82834920094228e-08,582800
2.82298760567258e-08,582900
2.81763227426881e-08,583000
2.81228317355566e-08,583100
2.80694027099657e-08,583200
2.80160353470313e-08,583300
2.79627293344504e-08,583400
2.79094843665922e-08,583500
2.78563001445902e-08,583600
2.78031763764285e-08,583700
2.77501127770283e-08,583800
2.76971090683273e-08,583900
2.76441649793612e-08,584000
2.7591280246337e-08,584100
2.7538454612707e-08,584200
2.74856878292378e-08,584300
2.74329796540776e-08,584400
2.73803298528178e-08,584500
2.73277381985542e-08,584600
2.7275204471944e-08,584700
2.72227284612584e-08,584800
2.71703099624334e-08,584900
2.71179487791168e-08,585000
2.70656447227113e-08,585100
2.70133976124163e-08,585200
2.69612072752627e-08,585300
2.6909073546148e-08,585400
2.68569962678664e-08,585500
2.68049752911343e-08,585600
2.67530104746154e-08,585700
2.67011016849395e-08,585800
2.66492487967188e-08,585900
2.65974516925626e-08,586000
2.6545710263085e-08,586100
2.64940244069112e-08,586200
2.6442394030682e-08,586300
2.63908190490513e-08,586400
2.63392993846824e-08,586500
2.62878349682411e-08,586600
2.62364257383826e-08,586700
2.61850716417399e-08,586800
2.61337726329032e-08,586900
2.60825286744001e-08,587000
2.603133973667e-08,587100
2.59802057980363e-08,587200
2.59291268446756e-08,587300
2.58781028705806e-08,587400
2.58271338775243e-08,587500
2.57762198750163e-08,587600
2.57253608802601e-08,587700
2.56745569181029e-08,587800
2.56238080209849e-08,587900
2.5573114228885e-08,588000
2.55224755892628e-08,588100
2.54718921569962e-08,588200
2.54213639943197e-08,588300
2.53708911707544e-08,588400
2.53204737630397e-08,588500
2.5270111855058e-08,588600
2.52198055377597e-08,588700
2.51695549090829e-08,588800
2.51193600738708e-08,588900
2.50692211437877e-08,589000
2.50191382372288e-08,589100
2.49691114792308e-08,589200
2.49191410013779e-08,589300
2.48692269417041e-08,589400
2.48193694445958e-08,589500
2.47695686606885e-08,589600
2.47198247467632e-08,589700
2.46701378656401e-08,589800
2.46205081860668e-08,589900
2.45709358826095e-08,590000
2.45214211355363e-08,590100
2.44719641307027e-08,590200
2.44225650594313e-08,590300
2.43732241183917e-08,590400
2.43239415094758e-08,590500
2.42747174396757e-08,590600
2.4225552120953e-08,590700
2.41764457701117e-08,590800
2.41273986086662e-08,590900
2.40784108627086e-08,591000
2.40294827627742e-08,591100
2.39806145437038e-08,591200
2.39318064445073e-08,591300
2.3883058708223e-08,591400
2.38343715817759e-08,591500
2.37857453158363e-08,591600
2.37371801646746e-08,591700
2.3688676386016e-08,591800
2.36402342408949e-08,591900
2.35918539935056e-08,592000
2.35435359110544e-08,592100
2.34952802636088e-08,592200
2.34470873239478e-08,592300
2.33989573674086e-08,592400
2.33508906717348e-08,592500
2.3302887516923e-08,592600
2.32549481850677e-08,592700
2.3207072960208e-08,592800
2.31592621281714e-08,592900
2.31115159764182e-08,593000
2.30638347938856e-08,593100
2.30162188708308e-08,593200
2.29686684986748e-08,593300
2.29211839698449e-08,593400
2.2873765577619e-08,593500
2.28264136159663e-08,593600
2.27791283793932e-08,593700
2.27319101627836e-08,593800
2.26847592612444e-08,593900
2.26376759699475e-08,594000
2.25906605839753e-08,594100
2.25437133981627e-08,594200
2.24968347069448e-08,594300
2.2450024804199e-08,594400
2.24032839830943e-08,594500
2.23566125359349e-08,594600
2.23100107540086e-08,594700
2.2263478927436e-08,594800
2.22170173450184e-08,594900
2.21706262940875e-08,595000
2.21243060603573e-08,595100
2.20780569277766e-08,595200
2.20318791783801e-08,595300
2.19857730921453e-08,595400
2.19397389468474e-08,595500
2.18937770179156e-08,595600
2.18478875782923e-08,595700
2.18020708982936e-08,595800
2.17563272454697e-08,595900
2.17106568844686e-08,596000
2.16650600769011e-08,596100
2.16195370812065e-08,596200
2.1574088152522e-08,596300
2.15287135425508e-08,596400
2.14834134994363e-08,596500
2.14381882676346e-08,596600
2.13930380877901e-08,596700
2.13479631966146e-08,596800
2.13029638267661e-08,596900
2.12580402067315e-08,597000
2.12131925607109e-08,597100
2.11684211085035e-08,597200
2.11237260653972e-08,597300
2.10791076420592e-08,597400
2.10345660444296e-08,597500
2.09901014736177e-08,597600
2.09457141257998e-08,597700
2.090140419212e-08,597800
2.08571718585942e-08,597900
2.08130173060156e-08,598000
2.07689407098632e-08,598100
2.07249422402132e-08,598200
2.06810220616526e-08,598300
2.06371803331961e-08,598400
2.05934172082051e-08,598500
2.05497328343097e-08,598600
2.05061273533342e-08,598700
2.04626009012233e-08,598800
2.04191536079749e-08,598900
2.03757855975706e-08,599000
2.03324969879147e-08,599100
2.0289287890771e-08,599200
2.0246158411707e-08,599300
2.02031086500366e-08,599400
2.01601386987706e-08,599500
2.01172486445653e-08,599600
2.00744385676783e-08,599700
2.0031708541924e-08,599800
1.99890586346339e-08,599900
1.99464889066207e-08,600000
1.99039994121416e-08,600100
1.98615901988706e-08,600200
1.98192613078676e-08,600300
1.97770127735554e-08,600400
1.97348446236961e-08,600500
1.96927568793737e-08,600600
1.96507495549775e-08,600700
1.96088226581889e-08,600800
1.95669761899722e-08,600900
1.95252101445676e-08,601000
1.94835245094868e-08,601100
1.9441919265513e-08,601200
1.94003943867025e-08,601300
1.935894984039e-08,601400
1.93175855871966e-08,601500
1.92763015810407e-08,601600
1.92350977691522e-08,601700
1.91939740920895e-08,601800
1.91529304837588e-08,601900
1.91119668714367e-08,602000
1.90710831757959e-08,602100
1.90302793109338e-08,602200
1.89895551844023e-08,602300
1.89489106972435e-08,602400
1.8908345744025e-08,602500
1.88678602128794e-08,602600
1.88274539855468e-08,602700
1.87871269374188e-08,602800
1.87468789375863e-08,602900
1.87067098488893e-08,603000
1.86666195279693e-08,603100
1.86266078253242e-08,603200
1.85866745853659e-08,603300
1.85468196464802e-08,603400
1.85070428410888e-08,603500
1.8467343995715e-08,603600
1.84277229310492e-08,603700
1.83881794620199e-08,603800
1.83487133978646e-08,603900
1.83093245422026e-08,604000
1.8270012693113e-08,604100
1.82307776432113e-08,604200
1.81916191797297e-08,604300
1.81525370846002e-08,604400
1.8113531134538e-08,604500
1.80746011011277e-08,604600
1.80357467509118e-08,604700
1.79969678454798e-08,604800
1.79582641415606e-08,604900
1.79196353911155e-08,605000
1.78810813414331e-08,605100
1.78426017352267e-08,605200
1.78041963107314e-08,605300
1.77658648018058e-08,605400
1.77276069380309e-08,605500
1.76894224448147e-08,605600
1.76513110434958e-08,605700
1.76132724514485e-08,605800
1.75753063821894e-08,605900
1.75374125454861e-08,606000
1.74995906474654e-08,606100
1.74618403907235e-08,606200
1.74241614744383e-08,606300
1.73865535944793e-08,606400
1.73490164435232e-08,606500
1.73115497111661e-08,606600
1.72741530840391e-08,606700
1.7236826245924e-08,606800
1.7199568877868e-08,606900
1.71623806583033e-08,607000
1.71252612631616e-08,607100
1.70882103659948e-08,607200
1.70512276380911e-08,607300
1.70143127485961e-08,607400
1.697746536463e-08,607500
1.69406851514089e-08,607600
1.69039717723636e-08,607700
1.68673248892602e-08,607800
1.68307441623197e-08,607900
1.67942292503388e-08,608000
1.67577798108099e-08,608100
1.67213955000413e-08,608200
1.6685075973278e-08,608300
1.66488208848206e-08,608400
1.66126298881463e-08,608500
1.65765026360279e-08,608600
1.65404387806535e-08,608700
1.65044379737447e-08,608800
1.64684998666767e-08,608900
1.64326241105945e-08,609000
1.63968103565324e-08,609100
1.63610582555301e-08,609200
1.63253674587494e-08,609300
1.62897376175896e-08,609400
1.62541683838037e-08,609500
1.62186594096119e-08,609600
1.61832103478159e-08,609700
1.61478208519109e-08,609800
1.61124905761983e-08,609900
1.60772191758964e-08,610000
1.60420063072498e-08,610100
1.60068516276398e-08,610200
1.5971754795691e-08,610300
1.59367154713786e-08,610400
1.59017333161342e-08,610500
1.58668079929503e-08,610600
1.58319391664835e-08,610700
1.57971265031566e-08,610800
1.57623696712589e-08,610900
1.5727668341047e-08,611000
1.56930221848406e-08,611100
1.56584308771212e-08,611200
1.56238940946261e-08,611300
1.55894115164423e-08,611400
1.55549828240991e-08,611500
1.55206077016585e-08,611600
1.54862858358041e-08,611700
1.5452016915929e-08,611800
1.54178006342213e-08,611900
1.53836366857484e-08,612000
1.53495247685398e-08,612100
1.53154645836678e-08,612200
1.52814558353264e-08,612300
1.52474982309085e-08,612400
1.52135914810824e-08,612500
1.51797352998642e-08,612600
1.5145929404691e-08,612700
1.51121735164905e-08,612800
1.50784673597486e-08,612900
1.50448106625769e-08,613000
1.50112031567765e-08,613100
1.49776445779008e-08,613200
1.49441346653161e-08,613300
1.49106731622599e-08,613400
1.48772598158987e-08,613500
1.48438943773818e-08,613600
1.48105766018947e-08,613700
1.47773062487093e-08,613800
1.47440830812335e-08,613900
1.47109068670581e-08,614000
1.4677777378001e-08,614100
1.46446943901499e-08,614200
1.46116576839047e-08,614300
1.45786670440147e-08,614400
1.45457222596153e-08,614500
1.45128231242652e-08,614600
1.44799694359758e-08,614700
1.44471609972442e-08,614800
1.44143976150813e-08,614900
1.43816791010385e-08,615000
1.43490052712324e-08,615100
1.43163759463672e-08,615200
1.42837909517562e-08,615300
1.42512501173392e-08,615400
1.42187532777006e-08,615500
1.41863002720831e-08,615600
1.41538909444008e-08,615700
1.41215251432499e-08,615800
1.40892027219173e-08,615900
1.40569235383878e-08,616000
1.4024687455349e-08,616100
1.39924943401938e-08,616200
1.39603440650221e-08,616300
1.39282365066396e-08,616400
1.38961715465554e-08,616500
1.38641490709769e-08,616600
1.38321689708044e-08,616700
1.38002311416213e-08,616800
1.37683354836864e-08,616900
1.37364819019192e-08,617000
1.37046703058886e-08,617100
1.36729006097965e-08,617200
1.3641172732461e-08,617300
1.36094865972972e-08,617400
1.35778421322972e-08,617500
1.35462392700075e-08,617600
1.35146779475057e-08,617700
1.34831581063743e-08,617800
1.34516796926744e-08,617900
1.34202426569164e-08,618000
1.33888469540309e-08,618100
1.33574925433352e-08,618200
1.33261793885023e-08,618300
1.32949074575241e-08,618400
1.32636767226772e-08,618500
1.3232487160484e-08,618600
1.32013387516745e-08,618700
1.31702314811457e-08,618800
1.31391653379199e-08,618900
1.31081403151024e-08,619000
1.30771564098363e-08,619100
1.30462136232583e-08,619200
1.3015311960451e-08,619300
1.29844514303951e-08,619400
1.29536320459214e-08,619500
1.29228538236593e-08,619600
1.28921167839873e-08,619700
1.28614209509786e-08,619800
1.28307663523493e-08,619900
1.28001530194039e-08,620000
1.27695809869794e-08,620100
1.27390502933897e-08,620200
1.2708560980368e-08,620300
1.26781130930091e-08,620400
1.26477066797102e-08,620500
1.2617341792112e-08,620600
1.25870184850372e-08,620700
1.255673681643e-08,620800
1.25264968472939e-08,620900
1.24962986416294e-08,621000
1.24661422663706e-08,621100
1.24360277913211e-08,621200
1.24059552890898e-08,621300
1.23759248350261e-08,621400
1.23459365071539e-08,621500
1.2315990386106e-08,621600
1.22860865550571e-08,621700
1.22562250996577e-08,621800
1.2226406107966e-08,621900
1.21966296703808e-08,622000
1.2166895879573e-08,622100
1.21372048304179e-08,622200
1.21075566199262e-08,622300
1.20779513471749e-08,622400
1.20483891132393e-08,622500
1.20188700211227e-08,622600
1.19893941756876e-08,622700
1.19599616835864e-08,622800
1.19305726531912e-08,622900
1.1901227194525e-08,623000
1.18719254191906e-08,623100
1.18426674403033e-08,623200
1.18134533724186e-08,623300
1.17842833314651e-08,623400
1.17551574346727e-08,623500
1.17260758005048e-08,623600
1.16970385485888e-08,623700
1.16680457996459e-08,623800
1.16390976754239e-08,623900
1.16101942986271e-08,624000
1.15813357928485e-08,624100
1.15525222825016e-08,624200
1.15237538927523e-08,624300
1.1495030749451e-08,624400
1.14663529790664e-08,624500
1.14377207086174e-08,624600
1.14091340656074e-08,624700
1.13805931779579e-08,624800
1.1352098173943e-08,624900
1.13236491821239e-08,625000
1.12952463312845e-08,625100
1.12668897503668e-08,625200
1.12385795684077e-08,625300
1.12103159144753e-08,625400
1.11820989176069e-08,625500
1.11539287067457e-08,625600
1.11258054106811e-08,625700
1.10977291579863e-08,625800
1.10697000769593e-08,625900
1.1041718295562e-08,626000
1.10137839413629e-08,626100
1.09858971414777e-08,626200
1.09580580225118e-08,626300
1.09302667105046e-08,626400
1.09025233308719e-08,626500
1.08748280083517e-08,626600
1.08471808669495e-08,626700
1.08195820298838e-08,626800
1.07920316195337e-08,626900
1.07645297573866e-08,627000
1.07370765639865e-08,627100
1.07096721588839e-08,627200
1.06823166605853e-08,627300
1.06550101865053e-08,627400
1.06277528529174e-08,627500
1.06005447749074e-08,627600
1.05733860663273e-08,627700
1.05462768397494e-08,627800
1.05192172064216e-08,627900
1.04922072762246e-08,628000
1.04652471576277e-08,628100
1.04383369576485e-08,628200
1.04114767818107e-08,628300
1.03846667341048e-08,628400
1.03579069169488e-08,628500
1.03311974311499e-08,628600
1.03045383758676e-08,628700
1.02779298485768e-08,628800
1.02513719450334e-08,628900
1.02248647592389e-08,629000
1.01984083834075e-08,629100
1.01720029079338e-08,629200
1.01456484213607e-08,629300
1.01193450103492e-08,629400
1.00930927596485e-08,629500
1.00668917520678e-08,629600
1.00407420684479e-08,629700
1.00146437876353e-08,629800
9.98859698645534e-09,629900
9.96260173968852e-09,630000
9.9366581200456e-09,630100
9.91076619814516e-09,630200
9.88492604249177e-09,630300
9.85913771945431e-09,630400
9.83340129324659e-09,630500
9.80771682590778e-09,630600
9.78208437728423e-09,630700
9.75650400501212e-09,630800
9.73097576450148e-09,630900
9.70549970892027e-09,631000
9.68007588917995e-09,631100
9.65470435392231e-09,631200
9.62938514950619e-09,631300
9.60411831999596e-09,631400
9.5789039071507e-09,631500
9.55374195041387e-09,631600
9.52863248690483e-09,631700
9.50357555140945e-09,631800
9.47857117637416e-09,631900
9.45361939189793e-09,632000
9.42872022572793e-09,632100
9.40387370325362e-09,632200
9.37907984750356e-09,632300
9.35433867914154e-09,632400
9.32965021646489e-09,632500
9.30501447540203e-09,632600
9.280431469513e-09,632700
9.25590120998799e-09,632800
9.23142370564946e-09,632900
9.20699896295291e-09,633000
9.18262698598927e-09,633100
9.15830777648865e-09,633200
9.13404133382332e-09,633300
9.10982765501241e-09,633400
9.08566673472778e-09,633500
9.0615585652992e-09,633600
9.03750313672156e-09,633700
9.01350043666191e-09,633800
8.98955045046741e-09,633900
8.96565316117426e-09,634000
8.94180854951694e-09,634100
8.91801659393777e-09,634200
8.89427727059796e-09,634300
8.87059055338862e-09,634400
8.84695641394232e-09,634500
8.82337482164574e-09,634600
8.79984574365235e-09,634700
8.77636914489608e-09,634800
8.75294498810527e-09,634900
8.72957323381719e-09,635000
8.70625384039321e-09,635100
8.68298676403438e-09,635200
8.65977195879759e-09,635300
8.63660937661185e-09,635400
8.61349896729586e-09,635500
8.59044067857503e-09,635600
8.56743445609967e-09,635700
8.54448024346338e-09,635800
8.52157798222191e-09,635900
8.49872761191216e-09,636000
8.47592907007211e-09,636100
8.45318229226053e-09,636200
8.43048721207735e-09,636300
8.40784376118477e-09,636400
8.38525186932789e-09,636500
8.36271146435619e-09,636600
8.34022247224549e-09,636700
8.31778481711975e-09,636800
8.29539842127342e-09,636900
8.27306320519412e-09,637000
8.2507790875855e-09,637100
8.22854598539023e-09,637200
8.2063638138134e-09,637300
8.18423248634633e-09,637400
8.16215191479027e-09,637500
8.14012200928031e-09,637600
8.1181426783097e-09,637700
8.09621382875433e-09,637800
8.07433536589742e-09,637900
8.05250719345383e-09,638000
8.03072921359535e-09,638100
8.00900132697578e-09,638200
7.98732343275578e-09,638300
7.96569542862839e-09,638400
7.94411721084448e-09,638500
7.92258867423799e-09,638600
7.90110971225166e-09,638700
7.87968021696278e-09,638800
7.85830007910859e-09,638900
7.83696918811248e-09,639000
7.81568743210949e-09,639100
7.79445469797201e-09,639200
7.77327087133621e-09,639300
7.75213583662751e-09,639400
7.73104947708652e-09,639500
7.7100116747949e-09,639600
7.68902231070157e-09,639700
7.66808126464792e-09,639800
7.64718841539449e-09,639900
7.62634364064593e-09,640000
7.6055468170774e-09,640100
7.58479782035994e-09,640200
7.56409652518605e-09,640300
7.54344280529534e-09,640400
7.52283653350003e-09,640500
7.50227758171062e-09,640600
7.4817658209604e-09,640700
7.46130112143168e-09,640800
7.44088335248004e-09,640900
7.42051238265986e-09,641000
7.40018807974886e-09,641100
7.37991031077311e-09,641200
7.35967894203161e-09,641300
7.33949383912018e-09,641400
7.31935486695698e-09,641500
7.29926188980553e-09,641600
7.27921477129944e-09,641700
7.25921337446604e-09,641800
7.23925756175014e-09,641900
7.21934719503761e-09,642000
7.19948213567871e-09,642100
7.17966224451133e-09,642200
7.15988738188394e-09,642300
7.14015740767871e-09,642400
7.12047218133363e-09,642500
7.10083156186552e-09,642600
7.08123540789203e-09,642700
7.06168357765371e-09,642800
7.04217592903599e-09,642900
7.02271231959073e-09,643000
7.00329260655778e-09,643100
6.98391664688644e-09,643200
6.96458429725578e-09,643300
6.94529541409654e-09,643400
6.92604985361094e-09,643500
6.90684747179331e-09,643600
6.88768812445051e-09,643700
6.8685716672218e-09,643800
6.84949795559851e-09,643900
6.83046684494345e-09,644000
6.81147819051071e-09,644100
6.79253184746444e-09,644200
6.77362767089784e-09,644300
6.75476551585175e-09,644400
6.73594523733314e-09,644500
6.71716669033347e-09,644600
6.69842972984649e-09,644700
6.67973421088624e-09,644800
6.66107998850454e-09,644900
6.64246691780825e-09,645000
6.62389485397688e-09,645100
6.60536365227867e-09,645200
6.58687316808816e-09,645300
6.56842325690227e-09,645400
6.55001377435662e-09,645500
6.53164457624185e-09,645600
6.51331551851901e-09,645700
6.49502645733603e-09,645800
6.47677724904213e-09,645900
6.45856775020413e-09,646000
6.44039781762088e-09,646100
6.42226730833824e-09,646200
6.40417607966398e-09,646300
6.386123989182e-09,646400
6.36811089476685e-09,646500
6.35013665459757e-09,646600
6.33220112717187e-09,646700
6.31430417131967e-09,646800
6.29644564621681e-09,646900
6.27862541139848e-09,647000
6.26084332677207e-09,647100
6.24309925263086e-09,647200
6.22539304966603e-09,647300
6.20772457898026e-09,647400
6.19009370209963e-09,647500
6.17250028098625e-09,647600
6.15494417805068e-09,647700
6.13742525616365e-09,647800
6.11994337866825e-09,647900
6.10249840939157e-09,648000
6.08509021265665e-09,648100
6.0677186532936e-09,648200
6.05038359665119e-09,648300
6.03308490860816e-09,648400
6.0158224555842e-09,648500
5.99859610455103e-09,648600
5.98140572304323e-09,648700
5.96425117916917e-09,648800
5.94713234162134e-09,648900
5.93004907968714e-09,649000
5.91300126325924e-09,649100
5.89598876284584e-09,649200
5.87901144958119e-09,649300
5.86206919523504e-09,649400
5.84516187222356e-09,649500
5.82828935361857e-09,649600
5.81145151315775e-09,649700
5.79464822525418e-09,649800
5.77787936500626e-09,649900
5.76114480820722e-09,650000
5.74444443135445e-09,650100
5.72777811165929e-09,650200
5.71114572705608e-09,650300
5.69454715621183e-09,650400
5.677982278535e-09,650500
5.66145097418516e-09,650600
5.64495312408156e-09,650700
5.6284886099128e-09,650800
5.61205731414546e-09,650900
5.59565912003286e-09,651000
5.57929391162442e-09,651100
5.56296157377411e-09,651200
5.54666199214951e-09,651300
5.53039505324009e-09,651400
5.51416064436649e-09,651500
5.49795865368882e-09,651600
5.48178897021504e-09,651700
5.46565148381003e-09,651800
5.44954608520363e-09,651900
5.43347266599928e-09,652000
5.41743111868259e-09,652100
5.40142133662928e-09,652200
5.38544321411402e-09,652300
5.36949664631827e-09,652400
5.35358152933886e-09,652500
5.33769776019611e-09,652600
5.32184523684175e-09,652700
5.3060238581674e-09,652800
5.29023352401246e-09,652900
5.27447413517221e-09,653000
5.25874559340576e-09,653100
5.24304780144393e-09,653200
5.22738066299744e-09,653300
5.21174408276439e-09,653400
5.19613796643826e-09,653500
5.1805622207158e-09,653600
5.16501675330452e-09,653700
5.14950147293038e-09,653800
5.13401628934553e-09,653900
5.11856111333575e-09,654000
5.10313585672803e-09,654100
5.08774043239772e-09,654200
5.07237475427636e-09,654300
5.05703873735848e-09,654400
5.04173229770925e-09,654500
5.02645535247146e-09,654600
5.01120781987239e-09,654700
4.99598961923133e-09,654800
4.980800670966e-09,654900
4.96564089659955e-09,655000
4.95051021876752e-09,655100
4.93540856122427e-09,655200
4.92033584884955e-09,655300
4.90529200765513e-09,655400
4.890276964791e-09,655500
4.87529064855165e-09,655600
4.86033298838243e-09,655700
4.84540391488514e-09,655800
4.83050335982445e-09,655900
4.81563125613334e-09,656000
4.80078753791882e-09,656100
4.78597214046765e-09,656200
4.77118500025134e-09,656300
4.75642605493179e-09,656400
4.7416952433662e-09,656500
4.72699250561192e-09,656600
4.71231778293144e-09,656700
4.69767101779689e-09,656800
4.68305215389443e-09,656900
4.66846113612866e-09,657000
4.65389791062665e-09,657100
4.63936242474186e-09,657200
4.62485462705774e-09,657300
4.6103744673915e-09,657400
4.59592189679734e-09,657500
4.58149686756937e-09,657600
4.56709933324483e-09,657700
4.55272924860654e-09,657800
4.53838656968546e-09,657900
4.52407125376289e-09,658000
4.50978325937267e-09,658100
4.4955225463025e-09,658200
4.48128907559591e-09,658300
4.46708280955332e-09,658400
4.45290371173303e-09,658500
4.43875174695202e-09,658600
4.42462688128648e-09,658700
4.41052908207181e-09,658800
4.39645831790286e-09,658900
4.38241455863331e-09,659000
4.36839777537514e-09,659100
4.3544079404977e-09,659200
4.34044502762645e-09,659300
4.3265090116414e-09,659400
4.31259986867526e-09,659500
4.29871757611145e-09,659600
4.28486211258119e-09,659700
4.27103345796131e-09,659800
4.25723159337044e-09,659900
4.24345650116615e-09,660000
4.2297081649407e-09,660100
4.21598656951723e-09,660200
4.20229170094493e-09,660300
4.18862354649458e-09,660400
4.17498209465304e-09,660500
4.16136733511791e-09,660600
4.14777925879145e-09,660700
4.13421785777454e-09,660800
4.12068312535976e-09,660900
4.10717505602462e-09,661000
4.09369364542403e-09,661100
4.08023889038266e-09,661200
4.06681078888671e-09,661300
4.05340934007549e-09,661400
4.04003454423234e-09,661500
4.02668640277554e-09,661600
4.01336491824874e-09,661700
4.00007009431044e-09,661800
3.98680193572415e-09,661900
3.97356044834702e-09,662000
3.96034563911901e-09,662100
3.94715751605104e-09,662200
3.93399608821309e-09,662300
3.92086136572178e-09,662400
3.90775335972748e-09,662500
3.89467208240132e-09,662600
3.88161754692145e-09,662700
3.86858976745905e-09,662800
3.85558875916417e-09,662900
3.84261453815072e-09,663000
3.8296671214816e-09,663100
3.8167465271529e-09,663200
3.80385277407815e-09,663300
3.79098588207213e-09,663400
3.77814587183405e-09,663500
3.76533276493042e-09,663600
3.75254658377791e-09,663700
3.73978735162532e-09,663800
3.72705509253545e-09,663900
3.71434983136683e-09,664000
3.70167159375446e-09,664100
3.68902040609083e-09,664200
3.67639629550629e-09,664300
3.66379928984914e-09,664400
3.6512294176651e-09,664500
3.63868670817723e-09,664600
3.62617119126439e-09,664700
3.61368289744049e-09,664800
3.60122185783258e-09,664900
3.58878810415905e-09,665000
3.57638166870747e-09,665100
3.56400258431214e-09,665200
3.55165088433111e-09,665300
3.53932660262334e-09,665400
3.52702977352519e-09,665500
3.51476043182683e-09,665600
3.5025186127485e-09,665700
3.49030435191617e-09,665800
3.47811768533736e-09,665900
3.46595864937633e-09,666000
3.45382728072944e-09,666100
3.44172361639999e-09,666200
3.42964769367301e-09,666300
3.41759955008972e-09,666400
3.40557922342205e-09,666500
3.39358675164662e-09,666600
3.38162217291892e-09,666700
3.36968552554704e-09,666800
3.35777684796546e-09,666900
3.3458961787085e-09,667000
3.33404355638403e-09,667100
3.3222190196465e-09,667200
3.3104226071703e-09,667300
3.2986543576229e-09,667400
3.28691430963804e-09,667500
3.27520250178839e-09,667600
3.26351897255886e-09,667700
3.25186376031921e-09,667800
3.24023690329719e-09,667900
3.22863843955107e-09,668000
3.21706840694269e-09,668100
3.20552684311034e-09,668200
3.19401378544145e-09,668300
3.1825292710456e-09,668400
3.17107333672752e-09,668500
3.15964601895992e-09,668600
3.14824735385668e-09,668700
3.13687737714601e-09,668800
3.12553612414368e-09,668900
3.11422362972629e-09,669000
3.10293992830493e-09,669100
3.09168505379865e-09,669200
3.08045903960828e-09,669300
3.06926191859039e-09,669400
3.05809372303132e-09,669500
3.04695448462159e-09,669600
3.03584423443024e-09,669700
3.02476300287976e-09,669800
3.01371081972083e-09,669900
3.00268771400753e-09,670000
2.99169371407284e-09,670100
2.98072884750451e-09,670200
2.96979314112056e-09,670300
2.95888662094601e-09,670400
2.94800931218935e-09,670500
2.93716123921943e-09,670600
2.9263424255424e-09,670700
2.91555289377987e-09,670800
2.90479266564632e-09,670900
2.89406176192763e-09,671000
2.88336020245974e-09,671100
2.87268800610773e-09,671200
2.86204519074517e-09,671300
2.85143177323418e-09,671400
2.84084776940557e-09,671500
2.83029319403978e-09,671600
2.81976806084785e-09,671700
2.80927238245331e-09,671800
2.79880617037407e-09,671900
2.78836943500524e-09,672000
2.77796218560209e-09,672100
2.76758443026365e-09,672200
2.75723617591688e-09,672300
2.74691742830122e-09,672400
2.73662819195379e-09,672500
2.72636847019498e-09,672600
2.71613826511486e-09,672700
2.70593757755974e-09,672800
2.69576640711966e-09,672900
2.68562475211627e-09,673000
2.67551260959127e-09,673100
2.66542997529555e-09,673200
2.6553768436788e-09,673300
2.64535320787982e-09,673400
2.63535905971726e-09,673500
2.62539438968125e-09,673600
2.61545918692537e-09,673700
2.6055534392594e-09,673800
2.59567713314258e-09,673900
2.58583025367765e-09,674000
2.57601278460545e-09,674100
2.5662247083e-09,674200
2.55646600576447e-09,674300
2.54673665662777e-09,674400
2.53703663914139e-09,674500
2.52736593017762e-09,674600
2.51772450522762e-09,674700
2.50811233840079e-09,674800
2.49852940242439e-09,674900
2.48897566864385e-09,675000
2.47945110702413e-09,675100
2.46995568615103e-09,675200
2.46048937323395e-09,675300
2.45105213410856e-09,675400
2.44164393324072e-09,675500
2.43226473373066e-09,675600
2.422914497318e-09,675700
2.41359318438731e-09,675800
2.40430075397441e-09,675900
2.39503716377328e-09,676000
2.38580237014346e-09,676100
2.37659632811835e-09,676200
2.36741899141398e-09,676300
2.35827031243831e-09,676400
2.34915024230138e-09,676500
2.34005873082589e-09,676600
2.33099572655847e-09,676700
2.32196117678154e-09,676800
2.31295502752569e-09,676900
2.3039772235828e-09,677000
2.29502770851961e-09,677100
2.28610642469191e-09,677200
2.27721331325928e-09,677300
2.2683483142004e-09,677400
2.25951136632887e-09,677500
2.25070240730977e-09,677600
2.24192137367635e-09,677700
2.23316820084762e-09,677800
2.22444282314623e-09,677900
2.215745173817e-09,678000
2.20707518504584e-09,678100
2.19843278797908e-09,678200
2.1898179127435e-09,678300
2.18123048846659e-09,678400
2.17267044329733e-09,678500
2.16413770442748e-09,678600
2.15563219811311e-09,678700
2.14715384969677e-09,678800
2.13870258362984e-09,678900
2.13027832349538e-09,679000
2.12188099203131e-09,679100
2.11351051115402e-09,679200
2.10516680198206e-09,679300
2.09684978486067e-09,679400
2.08855937938598e-09,679500
2.08029550442999e-09,679600
2.07205807816567e-09,679700
2.06384701809231e-09,679800
2.05566224106111e-09,679900
2.04750366330113e-09,680000
2.03937120044526e-09,680100
2.03126476755663e-09,680200
2.02318427915498e-09,680300
2.01512964924348e-09,680400
2.00710079133537e-09,680500
1.99909761848108e-09,680600
1.99112004329524e-09,680700
1.98316797798393e-09,680800
1.97524133437201e-09,680900
1.96734002393045e-09,681000
1.95946395780388e-09,681100
1.95161304683798e-09,681200
1.94378720160715e-09,681300
1.93598633244198e-09,681400
1.92821034945684e-09,681500
1.92045916257739e-09,681600
1.91273268156818e-09,681700
1.90503081606001e-09,681800
1.8973534755774e-09,681900
1.88970056956593e-09,682000
1.88207200741936e-09,682100
1.87446769850688e-09,682200
1.86688755220006e-09,682300
1.85933147789961e-09,682400
1.8517993850622e-09,682500
1.84429118322694e-09,682600
1.83680678204165e-09,682700
1.82934609128904e-09,682800
1.8219090209126e-09,682900
1.81449548104235e-09,683000
1.80710538202012e-09,683100
1.79973863442481e-09,683200
1.79239514909732e-09,683300
1.78507483716507e-09,683400
1.77777761006624e-09,683500
1.77050337957397e-09,683600
1.76325205781975e-09,683700
1.75602355731688e-09,683800
1.74881779098336e-09,683900
1.74163467216446e-09,684000
1.73447411465495e-09,684100
1.72733603272082e-09,684200
1.7202203411208e-09,684300
1.71312695512716e-09,684400
1.70605579054643e-09,684500
1.69900676373941e-09,684600
1.69197979164083e-09,684700
1.68497479177858e-09,684800
1.67799168229238e-09,684900
1.67103038195213e-09,685000
1.66409081017552e-09,685100
1.65717288704541e-09,685200
1.65027653332652e-09,685300
1.64340167048171e-09,685400
1.63654822068765e-09,685500
1.62971610685002e-09,685600
1.62290525261812e-09,685700
1.6161155823991e-09,685800
1.60934702137137e-09,685900
1.60259949549762e-09,686000
1.59587293153736e-09,686100
1.58916725705863e-09,686200
1.58248240044944e-09,686300
1.57581829092841e-09,686400
1.56917485855488e-09,686500
1.56255203423858e-09,686600
1.55594974974853e-09,686700
1.54936793772135e-09,686800
1.54280653166918e-09,686900
1.5362654659868e-09,687000
1.52974467595822e-09,687100
1.52324409776277e-09,687200
1.51676366848034e-09,687300
1.51030332609637e-09,687400
1.50386300950595e-09,687500
1.49744265851742e-09,687600
1.49104221385551e-09,687700
1.48466161716361e-09,687800
1.4783008110057e-09,687900
1.47195973886757e-09,688000
1.46563834515742e-09,688100
1.45933657520604e-09,688200
1.45305437526616e-09,688300
1.44679169251142e-09,688400
1.44054847503473e-09,688500
1.434324671846e-09,688600
1.42812023286933e-09,688700
1.42193510893963e-09,688800
1.41576925179877e-09,688900
1.40962261409111e-09,689000
1.40349514935839e-09,689100
1.39738681203429e-09,689200
1.39129755743837e-09,689300
1.38522734176941e-09,689400
1.37917612209834e-09,689500
1.37314385636071e-09,689600
1.36713050334845e-09,689700
1.36113602270136e-09,689800
1.35516037489811e-09,689900
1.34920352124654e-09,690000
1.34326542387375e-09,690100
1.33734604571576e-09,690200
1.33144535050638e-09,690300
1.32556330276615e-09,690400
1.31969986779043e-09,690500
1.31385501163735e-09,690600
1.30802870111521e-09,690700
1.30222090376963e-09,690800
1.29643158787024e-09,690900
1.2906607223969e-09,691000
1.28490827702594e-09,691100
1.27917422211554e-09,691200
1.27345852869128e-09,691300
1.26776116843108e-09,691400
1.26208211364987e-09,691500
1.25642133728414e-09,691600
1.250778812876e-09,691700
1.24515451455716e-09,691800
1.23954841703252e-09,691900
1.23396049556367e-09,692000
1.22839072595205e-09,692100
1.22283908452196e-09,692200
1.21730554810336e-09,692300
1.21179009401452e-09,692400
1.2062927000445e-09,692500
1.20081334443543e-09,692600
1.19535200586473e-09,692700
1.18990866342717e-09,692800
1.18448329661681e-09,692900
1.17907588530884e-09,693000
1.17368640974142e-09,693100
1.16831485049737e-09,693200
1.16296118848582e-09,693300
1.15762540492388e-09,693400
1.15230748131819e-09,693500
1.14700739944662e-09,693600
1.14172514133971e-09,693700
1.13646068926248e-09,693800
1.13121402569597e-09,693900
1.12598513331894e-09,694000
1.1207739949897e-09,694100
1.11558059372793e-09,694200
1.11040491269651e-09,694300
1.10524693518367e-09,694400
1.10010664458509e-09,694500
1.09498402438605e-09,694600
1.08987905814404e-09,694700
1.08479172947111e-09,694800
1.0797220220167e-09,694900
1.0746699194505e-09,695000
1.06963540544554e-09,695100
1.06461846366144e-09,695200
1.05961907772793e-09,695300
1.05463723122854e-09,695400
1.04967290768458e-09,695500
1.04472609053929e-09,695600
1.03979676314235e-09,695700
1.03488490873445e-09,695800
1.0299905104325e-09,695900
1.02511355121471e-09,696000
1.02025401390622e-09,696100
1.01541188116504e-09,696200
1.01058713546813e-09,696300
1.00577975909802e-09,696400
1.00098973412955e-09,696500
9.96217042417117e-10,696600
9.91461665582193e-10,696700
9.86723585001187e-10,696800
9.82002781793714e-10,696900
9.77299236811199e-10,697000
9.72612930625843e-10,697100
9.67943843520042e-10,697200
9.63291955476111e-10,697300
9.58657246166443e-10,697400
9.54039694944059e-10,697500
9.49439280833577e-10,697600
9.44855982522495e-10,697700
9.40289778353135e-10,697800
9.35740646314613e-10,697900
9.31208564035627e-10,698000
9.26693508777409e-10,698100
9.22195457427171e-10,698200
9.17714386492038e-10,698300
9.13250272093298e-10,698400
9.08803089961208e-10,698500
9.04372815430162e-10,698600
8.99959423434258e-10,698700
8.95562888503411e-10,698800
8.91183184759793e-10,698900
8.86820285914767e-10,699000
8.82474165266237e-10,699100
8.7814479569645e-10,699200
8.73832149670197e-10,699300
8.69536199233468e-10,699400
8.65256916012558e-10,699500
8.60994271213548e-10,699600
8.56748235622268e-10,699700
8.52518779604623e-10,699800
8.48305873107432e-10,699900
8.44109485659527e-10,700000
8.39929586373485e-10,700100
8.35766143947529e-10,700200
8.31619126668022e-10,700300
8.27488502412259e-10,700400
8.23374238651699e-10,700500
8.1927630245555e-10,700600
8.15194660494788e-10,700700
8.11129279046492e-10,700800
8.0708012399859e-10,700900
8.03047160855018e-10,701000
7.99030354741091e-10,701100
7.95029670409412e-10,701200
7.91045072245968e-10,701300
7.87076524276675e-10,701400
7.83123990174197e-10,701500
7.79187433265076e-10,701600
7.75266816537236e-10,701700
7.71362102647749e-10,701800
7.67473253930874e-10,701900
7.63600232406466e-10,702000
7.5974299978859e-10,702100
7.55901517494424e-10,702200
7.52075746653466e-10,702300
7.48265648116952e-10,702400
7.44471182467477e-10,702500
7.40692310028974e-10,702600
7.36928990876783e-10,702700
7.33181184848012e-10,702800
7.29448851552085e-10,702900
7.2573195038146e-10,703000
7.22030440522573e-10,703100
7.18344280966892e-10,703200
7.14673430522203e-10,703300
7.11017847824006e-10,703400
7.07377491347036e-10,703500
7.03752319416973e-10,703600
7.00142290222205e-10,703700
6.96547361825751e-10,703800
6.92967492177232e-10,703900
6.89402639124996e-10,704000
6.85852760428235e-10,704100
6.82317813769245e-10,704200
6.78797756765674e-10,704300
6.75292546982884e-10,704400
6.71802141946268e-10,704500
6.68326499153631e-10,704600
6.64865576087602e-10,704700
6.61419330227982e-10,704800
6.57987719064154e-10,704900
6.54570700107403e-10,705000
6.51168230903273e-10,705100
6.47780269043797e-10,705200
6.44406772179771e-10,705300
6.41047698032899e-10,705400
6.37703004407853e-10,705500
6.3437264920432e-10,705600
6.31056590428891e-10,705700
6.27754786206869e-10,705800
6.24467194793973e-10,705900
6.21193774587905e-10,706000
6.17934484139797e-10,706100
6.14689282165507e-10,706200
6.11458127556747e-10,706300
6.08240979392138e-10,706400
6.05037796947951e-10,706500
6.01848539708823e-10,706600
5.98673167378179e-10,706700
5.9551163988853e-10,706800
5.92363917411511e-10,706900
5.89229960367782e-10,707000
5.86109729436647e-10,707100
5.83003185565483e-10,707200
5.79910289978949e-10,707300
5.76831004187932e-10,707400
5.73765289998241e-10,707500
5.70713109519124e-10,707600
5.67674425171425e-10,707700
5.64649199695564e-10,707800
5.61637396159208e-10,707900
5.58638977964665e-10,708000
5.55653908856047e-10,708100
5.52682152926112e-10,708200
5.49723674622775e-10,708300
5.46778438755474e-10,708400
5.43846410501051e-10,708500
5.40927555409498e-10,708600
5.38021839409309e-10,708700
5.35129228812537e-10,708800
5.32249690319573e-10,708900
5.29383191023601e-10,709000
5.26529698414729e-10,709100
5.23689180383811e-10,709200
5.20861605225954e-10,709300
5.18046941643714e-10,709400
5.15245158749944e-10,709500
5.1245622607037e-10,709600
5.0968011354581e-10,709700
5.06916791534038e-10,709800
5.04166230811432e-10,709900
5.01428402574189e-10,710000
4.98703278439281e-10,710100
4.95990830445062e-10,710200
4.93291031051599e-10,710300
4.90603853140612e-10,710400
4.87929270015159e-10,710500
4.85267255399e-10,710600
4.82617783435604e-10,710700
4.79980828686898e-10,710800
4.77356366131668e-10,710900
4.74744371163695e-10,711000
4.72144819589534e-10,711100
4.69557687626047e-10,711200
4.66982951897623e-10,711300
4.6442058943309e-10,711400
4.6187057766235e-10,711500
4.59332894412738e-10,711600
4.568075179051e-10,711700
4.54294426749587e-10,711800
4.51793599941184e-10,711900
4.4930501685498e-10,712000
4.46828657241179e-10,712100
4.44364501219847e-10,712200
4.41912529275406e-10,712300
4.3947272225093e-10,712400
4.37045061342133e-10,712500
4.34629528091195e-10,712600
4.32226104380319e-10,712700
4.29834772425092e-10,712800
4.27455514767638e-10,712900
4.25088314269543e-10,713000
4.22733154104629e-10,713100
4.20390017751473e-10,713200
4.18058888985815e-10,713300
4.15739751872727e-10,713400
4.13432590758669e-10,713500
4.11137390263349e-10,713600
4.08854135271438e-10,713700
4.06582810924142e-10,713800
4.04323402610663e-10,713900
4.02075895959461e-10,714000
3.99840276829499e-10,714100
3.97616531301246e-10,714200
3.95404645667715e-10,714300
3.93204606425302e-10,714400
3.91016400264552e-10,714500
3.88840014060903e-10,714600
3.86675434865272e-10,714700
3.84522649894662e-10,714800
3.82381646522643e-10,714900
3.80252412269828e-10,715000
3.78134934794285e-10,715100
3.76029201881942e-10,715200
3.73935201436951e-10,715300
3.71852921472034e-10,715400
3.69782350098845e-10,715500
3.67723475518313e-10,715600
3.65676286010985e-10,715700
3.63640769927428e-10,715800
3.61616915678606e-10,715900
3.59604711726342e-10,716000
3.57604146573763e-10,716100
3.55615208755843e-10,716200
3.53637886829986e-10,716300
3.51672169366651e-10,716400
3.497180449401e-10,716500
3.4777550211915e-10,716600
3.45844529458115e-10,716700
3.43925115487705e-10,716800
3.42017248706167e-10,716900
3.40120917570433e-10,717000
3.38236110487408e-10,717100
3.36362815805419e-10,717200
3.34501021805714e-10,717300
3.32650716694177e-10,717400
3.30811888593106e-10,717500
3.28984525533208e-10,717600
3.27168615445678e-10,717700
3.2536414615448e-10,717800
3.23571105368777e-10,717900
3.21789480675525e-10,718000
3.20019259532235e-10,718100
3.18260429259928e-10,718200
3.16512977036263e-10,718300
3.14776889888845e-10,718400
3.13052154688738e-10,718500
3.11338758144164e-10,718600
3.09636686794401e-10,718700
3.07945927003893e-10,718800
3.06266464956564e-10,718900
3.04598286650319e-10,719000
3.02941377891808e-10,719100
3.01295724291359e-10,719200
2.99661311258144e-10,719300
2.98038123995583e-10,719400
2.96426147496951e-10,719500
2.94825366541226e-10,719600
2.93235765689149e-10,719700
2.91657329279542e-10,719800
2.90090041425809e-10,719900
2.88533886012728e-10,720000
2.86988846693434e-10,720100
2.85454906886648e-10,720200
2.83932049774152e-10,720300
2.82420258298484e-10,720400
2.80919515160877e-10,720500
2.7942980281943e-10,720600
2.77951103487526e-10,720700
2.76483399132464e-10,720800
2.75026671474341e-10,720900
2.7358090198517e-10,721000
2.72146071888218e-10,721100
2.70722162157587e-10,721200
2.69309153518008e-10,721300
2.67907026444887e-10,721400
2.66515761164574e-10,721500
2.6513533765483e-10,721600
2.63765735645539e-10,721700
2.62406934619641e-10,721800
2.61058913814284e-10,721900
2.59721652222169e-10,722000
2.58395128593129e-10,722100
2.57079321435912e-10,722200
2.55774209020162e-10,722300
2.54479769378614e-10,722400
2.5319598030947e-10,722500
2.51922819378989e-10,722600
2.50660263924256e-10,722700
2.49408291056142e-10,722800
2.48166877662448e-10,722900
2.46936000411217e-10,723000
2.45715635754238e-10,723100
2.44505759930703e-10,723200
2.4330634897104e-10,723300
2.42117378700894e-10,723400
2.40938824745279e-10,723500
2.39770662532869e-10,723600
2.38612867300427e-10,723700
2.37465414097394e-10,723800
2.36328277790601e-10,723900
2.352014330691e-10,724000
2.34084854449135e-10,724100
2.32978516279227e-10,724200
2.31882392745366e-10,724300
2.30796457876306e-10,724400
2.29720685548982e-10,724500
2.2865504949399e-10,724600
2.27599523301187e-10,724700
2.26554080425354e-10,724800
2.25518694191941e-10,724900
2.24493337802896e-10,725000
2.23477984342538e-10,725100
2.22472606783501e-10,725200
2.21477177992745e-10,725300
2.20491670737582e-10,725400
2.19516057691767e-10,725500
2.18550311441631e-10,725600
2.17594404492216e-10,725700
2.1664830927346e-10,725800
2.1571199814638e-10,725900
2.14785443409278e-10,726000
2.13868617303955e-10,726100
2.12961492021909e-10,726200
2.12064039710545e-10,726300
2.11176232479362e-10,726400
2.10298042406121e-10,726500
2.09429441542998e-10,726600
2.08570401922703e-10,726700
2.07720895564568e-10,726800
2.06880894480585e-10,726900
2.06050370681409e-10,727000
2.05229296182307e-10,727100
2.04417643009046e-10,727200
2.03615383203731e-10,727300
2.02822488830567e-10,727400
2.02038931981543e-10,727500
2.01264684782068e-10,727600
2.00499719396482e-10,727700
1.99744008033534e-10,727800
1.98997522951715e-10,727900
1.98260236464548e-10,728000
1.97532120945736e-10,728100
1.96813148834233e-10,728200
1.96103292639201e-10,728300
1.95402524944851e-10,728400
1.94710818415179e-10,728500
1.94028145798569e-10,728600
1.93354479932289e-10,728700
1.92689793746853e-10,728800
1.92034060270253e-10,728900
1.91387252632069e-10,729000
1.90749344067424e-10,729100
1.90120307920834e-10,729200
1.89500117649874e-10,729300
1.88888746828744e-10,729400
1.88286169151666e-10,729500
1.87692358436133e-10,729600
1.87107288626022e-10,729700
1.86530933794539e-10,729800
1.85963268147026e-10,729900
1.85404266023602e-10,730000
1.84853901901661e-10,730100
1.84312150398193e-10,730200
1.8377898627196e-10,730300
1.83254384425523e-10,730400
1.82738319907075e-10,730500
1.82230767912149e-10,730600
1.81731703785147e-10,730700
1.81241103020706e-10,730800
1.8075894126491e-10,730900
1.8028519431633e-10,731000
1.79819838126917e-10,731100
1.79362848802724e-10,731200
1.78914202604457e-10,731300
1.78473875947887e-10,731400
1.78041845404096e-10,731500
1.77618087699546e-10,731600
1.77202579716022e-10,731700
1.76795298490386e-10,731800
1.76396221214197e-10,731900
1.76005325233179e-10,732000
1.75622588046513e-10,732100
1.75247987306017e-10,732200
1.74881500815131e-10,732300
1.74523106527803e-10,732400
1.74172782547193e-10,732500
1.73830507124259e-10,732600
1.73496258656187e-10,732700
1.73170015684698e-10,732800
1.72851756894211e-10,732900
1.72541461109876e-10,733000
1.72239107295482e-10,733100
1.71944674551235e-10,733200
1.71658142111415e-10,733300
1.71379489341909e-10,733400
1.71108695737633e-10,733500
1.70845740919845e-10,733600
1.7059060463333e-10,733700
1.70343266743502e-10,733800
1.70103707233384e-10,733900
1.69871906200503e-10,734000
1.69647843853677e-10,734100
1.69431500509727e-10,734200
1.69222856590078e-10,734300
1.69021892617308e-10,734400
1.68828589211578e-10,734500
1.68642927087027e-10,734600
1.68464887048064e-10,734700
1.68294449985607e-10,734800
1.6813159687326e-10,734900
1.67976308763421e-10,735000
1.67828566783348e-10,735100
1.67688352131165e-10,735200
1.6755564607182e-10,735300
1.67430429933014e-10,735400
1.67312685101073e-10,735500
1.67202393016813e-10,735600
1.67099535171343e-10,735700
1.67004093101872e-10,735800
1.6691604838748e-10,735900
1.66835382644882e-10,736000
1.6676207752417e-10,736100
1.66696114704555e-10,736200
1.66637475890107e-10,736300
1.66586142805493e-10,736400
1.66542097191715e-10,736500
1.66505320801872e-10,736600
1.66475795396923e-10,736700
1.66453502741471e-10,736800
1.66438424599573e-10,736900
1.66430542730573e-10,737000
1.6642983888496e-10,737100
1.66436294800282e-10,737200
1.66449892197057e-10,737300
1.66470612774771e-10,737400
1.66498438207889e-10,737500
1.66533350141936e-10,737600
1.66575330189615e-10,737700
1.66624359926988e-10,737800
1.66680420889731e-10,737900
1.66743494569418e-10,738000
1.66813562409912e-10,738100
1.66890605803797e-10,738200
1.66974606088897e-10,738300
1.67065544544867e-10,738400
1.6716340238986e-10,738500
1.67268160777293e-10,738600
1.6737980079267e-10,738700
1.6749830345052e-10,738800
1.67623649691409e-10,738900
1.67755820379054e-10,739000
1.67894796297523e-10,739100
1.68040558148545e-10,739200
1.68193086548906e-10,739300
1.68352362027963e-10,739400
1.68518365025252e-10,739500
1.68691075888199e-10,739600
1.6887047486995e-10,739700
1.69056542127304e-10,739800
1.69249257718758e-10,739900
1.69448601602661e-10,740000
1.69654553635495e-10,740100
1.69867093570251e-10,740200
1.70086201054944e-10,740300
1.70311855631231e-10,740400
1.70544036733145e-10,740500
1.70782723685962e-10,740600
1.71027895705181e-10,740700
1.71279531895619e-10,740800
1.71537611250636e-10,740900
1.71802112651476e-10,741000
1.72073014866734e-10,741100
1.72350296551939e-10,741200
1.72633936249267e-10,741300
1.72923912387366e-10,741400
1.73220203281315e-10,741500
1.7352278713269e-10,741600
1.73831642029765e-10,741700
1.74146745947825e-10,741800
1.74468076749595e-10,741900
1.74795612185812e-10,742000
1.75129329895875e-10,742100
1.75469207408655e-10,742200
1.75815222143392e-10,742300
1.76167351410725e-10,742400
1.76525572413821e-10,742500
1.76889862249632e-10,742600
1.77260197910259e-10,742700
1.77636556284423e-10,742800
1.7801891415904e-10,742900
1.78407248220927e-10,743000
1.78801535058578e-10,743100
1.79201751164077e-10,743200
1.79607872935092e-10,743300
1.80019876676982e-10,743400
1.80437738604986e-10,743500
1.8086143484653e-10,743600
1.81290941443614e-10,743700
1.81726234355282e-10,743800
1.82167289460213e-10,743900
1.82614082559367e-10,744000
1.83066589378729e-10,744100
1.83524785572136e-10,744200
1.83988646724193e-10,744300
1.84458148353243e-10,744400
1.84933265914438e-10,744500
1.85413974802864e-10,744600
1.85900250356747e-10,744700
1.86392067860725e-10,744800
1.86889402549178e-10,744900
1.8739222960963e-10,745000
1.87900524186197e-10,745100
1.88414261383109e-10,745200
1.88933416268273e-10,745300
1.89457963876882e-10,745400
1.899878792151e-10,745500
1.90523137263754e-10,745600
1.91063712982092e-10,745700
1.91609581311592e-10,745800
1.92160717179771e-10,745900
1.92717095504058e-10,746000
1.93278691195694e-10,746100
1.93845479163653e-10,746200
1.94417434318588e-10,746300
1.94994531576809e-10,746400
1.9557674586427e-10,746500
1.96164052120584e-10,746600
1.96756425303043e-10,746700
1.97353840390658e-10,746800
1.97956272388198e-10,746900
1.98563696330244e-10,747000
1.99176087285245e-10,747100
1.99793420359565e-10,747200
2.00415670701549e-10,747300
2.01042813505562e-10,747400
2.01674824016037e-10,747500
2.02311677531504e-10,747600
2.02953349408613e-10,747700
2.0359981506614e-10,747800
2.04251049988979e-10,747900
2.0490702973211e-10,748000
2.05567729924544e-10,748100
2.06233126273266e-10,748200
2.0690319456712e-10,748300
2.07577910680674e-10,748400
2.08257250578089e-10,748500
2.089411903169e-10,748600
2.09629706051813e-10,748700
2.1032277403843e-10,748800
2.1102037063696e-10,748900
2.11722472315878e-10,749000
2.12429055655543e-10,749100
2.13140097351777e-10,749200
2.13855574219395e-10,749300
2.14575463195697e-10,749400
2.15299741343896e-10,749500
2.16028385856515e-10,749600
2.16761374058716e-10,749700
2.17498683411582e-10,749800
2.18240291515371e-10,749900
2.18986176112655e-10,750000
2.19736315091471e-10,750100
2.20490686488373e-10,750200
2.21249268491433e-10,750300
2.2201203944319e-10,750400
2.22778977843542e-10,750500
2.2355006235256e-10,750600
2.24325271793254e-10,750700
2.25104585154288e-10,750800
2.25887981592595e-10,750900
2.26675440435965e-10,751000
2.27466941185552e-10,751100
2.28262463518321e-10,751200
2.29061987289429e-10,751300
2.29865492534533e-10,751400
2.30672959472037e-10,751500
2.31484368505294e-10,751600
2.32299700224696e-10,751700
2.33118935409747e-10,751800
2.33942055031025e-10,751900
2.34769040252116e-10,752000
2.35599872431456e-10,752100
2.36434533124115e-10,752200
2.37273004083513e-10,752300
2.38115267263073e-10,752400
2.38961304817806e-10,752500
2.39811099105824e-10,752600
2.40664632689797e-10,752700
2.41521888338341e-10,752800
2.42382849027333e-10,752900
2.4324749794118e-10,753000
2.44115818474e-10,753100
2.44987794230758e-10,753200
2.45863409028327e-10,753300
2.46742646896503e-10,753400
2.47625492078925e-10,753500
2.48511929033973e-10,753600
2.49401942435577e-10,753700
2.50295517173968e-10,753800
2.51192638356387e-10,753900
2.52093291307722e-10,754000
2.52997461571067e-10,754100
2.53905134908266e-10,754200
2.54816297300371e-10,754300
2.55730934948038e-10,754400
2.56649034271888e-10,754500
2.57570581912802e-10,754600
2.5849556473216e-10,754700
2.59423969812026e-10,754800
2.60355784455281e-10,754900
2.61290996185721e-10,755000
2.62229592748065e-10,755100
2.63171562107955e-10,755200
2.64116892451865e-10,755300
2.65065572187003e-10,755400
2.66017589941123e-10,755500
2.66972934562328e-10,755600
2.67931595118794e-10,755700
2.68893560898454e-10,755800
2.69858821408663e-10,755900
2.7082736637578e-10,756000
2.71799185744726e-10,756100
2.727742696785e-10,756200
2.73752608557636e-10,756300
2.74734192979642e-10,756400
2.75719013758365e-10,756500
2.76707061923347e-10,756600
2.77698328719113e-10,756700
2.78692805604442e-10,756800
2.79690484251578e-10,756900
2.806913565454e-10,757000
2.81695414582589e-10,757100
2.82702650670699e-10,757200
2.83713057327243e-10,757300
2.84726627278712e-10,757400
2.85743353459547e-10,757500
2.86763229011102e-10,757600
2.87786247280567e-10,757700
2.88812401819818e-10,757800
2.89841686384276e-10,757900
2.90874094931696e-10,758000
2.91909621620947e-10,758100
2.92948260810717e-10,758200
2.93990007058232e-10,758300
2.95034855117897e-10,758400
2.96082799939917e-10,758500
2.97133836668888e-10,758600
2.98187960642331e-10,758700
2.99245167389222e-10,758800
3.00305452628445e-10,758900
3.01368812267246e-10,759000
3.02435242399622e-10,759100
3.03504739304694e-10,759200
3.04577299445027e-10,759300
3.05652919464917e-10,759400
3.0673159618865e-10,759500
3.07813326618707e-10,759600
3.08898107933934e-10,759700
3.0998593748769e-10,759800
3.11076812805932e-10,759900
3.12170731585266e-10,760000
3.13267691690983e-10,760100
3.14367691155008e-10,760200
3.15470728173855e-10,760300
3.16576801106511e-10,760400
3.17685908472275e-10,760500
3.18798048948586e-10,760600
3.19913221368776e-10,760700
3.21031424719787e-10,760800
3.22152658139854e-10,760900
3.23276920916137e-10,761000
3.24404212482294e-10,761100
3.25534532416039e-10,761200
3.26667880436625e-10,761300
3.27804256402291e-10,761400
3.28943660307656e-10,761500
3.30086092281071e-10,761600
3.31231552581931e-10,761700
3.32380041597907e-10,761800
3.33531559842156e-10,761900
3.34686107950473e-10,762000
3.35843686678381e-10,762100
3.37004296898188e-10,762200
3.38167939595973e-10,762300
3.39334615868527e-10,762400
3.40504326920242e-10,762500
3.41677074059954e-10,762600
3.42852858697699e-10,762700
3.44031682341452e-10,762800
3.45213546593802e-10,762900
3.46398453148548e-10,763000
3.4758640378726e-10,763100
3.48777400375789e-10,763200
3.49971444860691e-10,763300
3.51168539265633e-10,763400
3.5236868568771e-10,763500
3.53571886293711e-10,763600
3.54778143316331e-10,763700
3.5598745905035e-10,763800
3.57199835848702e-10,763900
3.58415276118519e-10,764000
3.59633782317113e-10,764100
3.60855356947918e-10,764200
3.62080002556319e-10,764300
3.63307721725476e-10,764400
3.64538517072097e-10,764500
3.65772391242078e-10,764600
3.67009346906187e-10,764700
3.6824938675561e-10,764800
3.69492513497489e-10,764900
3.70738729850384e-10,765000
3.71988038539681e-10,765100
3.73240442292949e-10,765200
3.74495943835247e-10,765300
3.75754545884367e-10,765400
3.77016251146027e-10,765500
3.78281062309041e-10,765600
3.79548982040373e-10,765700
3.80820012980215e-10,765800
3.82094157736966e-10,765900
3.83371418882188e-10,766000
3.84651798945508e-10,766100
3.85935300409468e-10,766200
3.87221925704346e-10,766300
3.8851167720293e-10,766400
3.89804557215239e-10,766500
3.91100567983217e-10,766600
3.92399711675399e-10,766700
3.9370199038151e-10,766800
3.9500740610706e-10,766900
3.963159607679e-10,767000
3.97627656184727e-10,767100
3.98942494077593e-10,767200
4.0026047606036e-10,767300
4.01581603635144e-10,767400
4.0290587818675e-10,767500
4.04233300977038e-10,767600
4.05563873139348e-10,767700
4.06897595672833e-10,767800
4.08234469436823e-10,767900
4.09574495145177e-10,768000
4.10917673360616e-10,768100
4.12264004489063e-10,768200
4.13613488773943e-10,768300
4.14966126290544e-10,768400
4.16321916940346e-10,768500
4.17680860445339e-10,768600
4.19042956342407e-10,768700
4.20408203977643e-10,768800
4.21776602500774e-10,768900
4.23148150859509e-10,769000
4.24522847793988e-10,769100
4.2590069183121e-10,769200
4.27281681279499e-10,769300
4.28665814223005e-10,769400
4.30053088516221e-10,769500
4.31443501778596e-10,769600
4.32837051389093e-10,769700
4.34233734480883e-10,769800
4.35633547936027e-10,769900
4.3703648838026e-10,770000
4.38442552177758e-10,770100
4.39851735426038e-10,770200
4.41264033950891e-10,770300
4.42679443301338e-10,770400
4.44097958744766e-10,770500
4.45519575261973e-10,770600
4.46944287542469e-10,770700
4.48372089979715e-10,770800
4.49802976666508e-10,770900
4.51236941390466e-10,771000
4.52673977629552e-10,771100
4.54114078547752e-10,771200
4.55557236990791e-10,771300
4.57003445482004e-10,771400
4.58452696218265e-10,771500
4.59904981066075e-10,771600
4.61360291557708e-10,771700
4.62818618887511e-10,771800
4.64279953908298e-10,771900
4.65744287127905e-10,772000
4.672116087058e-10,772100
4.68681908449895e-10,772200
4.70155175813476e-10,772300
4.71631399892195e-10,772400
4.73110569421323e-10,772500
4.74592672773018e-10,772600
4.76077697953861e-10,772700
4.77565632602435e-10,772800
4.79056463987109e-10,772900
4.80550179003968e-10,773000
4.82046764174892e-10,773100
4.83546205645811e-10,773200
4.85048489185083e-10,773300
4.86553600182099e-10,773400
4.8806152364599e-10,773500
4.89572244204533e-10,773600
4.91085746103266e-10,773700
4.92602013204678e-10,773800
4.94121028987704e-10,773900
4.95642776547273e-10,774000
4.97167238594144e-10,774100
4.98694397454844e-10,774200
5.00224235071826e-10,774300
5.01756733003832e-10,774400
5.03291872426394e-10,774500
5.04829634132548e-10,774600
5.06369998533778e-10,774700
5.0791294566107e-10,774800
5.09458455166223e-10,774900
5.11006506323328e-10,775000
5.1255707803046e-10,775100
5.14110148811535e-10,775200
5.15665696818391e-10,775300
5.17223699833035e-10,775400
5.18784135270139e-10,775500
5.20346980179672e-10,775600
5.21912211249772e-10,775700
5.2347980480979e-10,775800
5.25049736833549e-10,775900
5.26621982942795e-10,776000
5.28196518410824e-10,776100
5.29773318166354e-10,776200
5.31352356797527e-10,776300
5.32933608556159e-10,776400
5.34517047362149e-10,776500
5.3610264680811e-10,776600
5.37690380164184e-10,776700
5.39280220382977e-10,776800
5.40872140104827e-10,776900
5.42466111663125e-10,777000
5.44062107089867e-10,777100
5.45660098121409e-10,777200
5.47260056204394e-10,777300
5.48861952501816e-10,777400
5.50465757899327e-10,777500
5.52071443011667e-10,777600
5.53678978189267e-10,777700
5.5528833352506e-10,777800
5.56899478861426e-10,777900
5.58512383797307e-10,778000
5.60127017695463e-10,778100
5.61743349689912e-10,778200
5.6336134869351e-10,778300
5.649809834057e-10,778400
5.66602222320345e-10,778500
5.68225033733779e-10,778600
5.69849385752958e-10,778700
5.71475246303729e-10,778800
5.73102583139273e-10,778900
5.74731363848634e-10,779000
5.76361555865368e-10,779100
5.7799312647636e-10,779200
5.79626042830693e-10,779300
5.81260271948638e-10,779400
5.82895780730783e-10,779500
5.84532535967213e-10,779600
5.86170504346808e-10,779700
5.87809652466622e-10,779800
5.89449946841352e-10,779900
5.91091353912858e-10,780000
5.92733840059803e-10,780100
5.94377371607311e-10,780200
5.9602191483671e-10,780300
5.9766743599533e-10,780400
5.99313901306345e-10,780500
6.00961276978662e-10,780600
6.02609529216855e-10,780700
6.04258624231119e-10,780800
6.05908528247253e-10,780900
6.07559207516692e-10,781000
6.09210628326509e-10,781100
6.10862757009437e-10,781200
6.12515559953957e-10,781300
6.14169003614276e-10,781400
6.15823054520395e-10,781500
6.17477679288094e-10,781600
6.19132844628933e-10,781700
6.20788517360225e-10,781800
6.22444664414965e-10,781900
6.24101252851695e-10,782000
6.25758249864403e-10,782100
6.27415622792277e-10,782200
6.29073339129465e-10,782300
6.30731366534755e-10,782400
6.32389672841168e-10,782500
6.34048226065509e-10,782600
6.35706994417807e-10,782700
6.37365946310699e-10,782800
6.39025050368681e-10,782900
6.40684275437281e-10,783000
6.42343590592166e-10,783100
6.44002965148061e-10,783200
6.45662368667635e-10,783300
6.47321770970169e-10,783400
6.48981142140203e-10,783500
6.50640452535997e-10,783600
6.52299672797826e-10,783700
6.53958773856201e-10,783800
6.55617726939868e-10,783900
6.57276503583757e-10,784000
6.58935075636607e-10,784100
6.60593415268636e-10,784200
6.62251494978849e-10,784300
6.63909287602331e-10,784400
6.65566766317229e-10,784500
6.67223904651645e-10,784600
6.6888067649033e-10,784700
6.70537056081122e-10,784800
6.7219301804129e-10,784900
6.73848537363599e-10,785000
6.75503589422185e-10,785100
6.77158149978292e-10,785200
6.78812195185688e-10,785300
6.80465701595959e-10,785400
6.82118646163567e-10,785500
6.83771006250626e-10,785600
6.85422759631558e-10,785700
6.87073884497442e-10,785800
6.88724359460162e-10,785900
6.90374163556344e-10,786000
6.92023276251019e-10,786100
6.93671677441082e-10,786200
6.95319347458505e-10,786300
6.96966267073323e-10,786400
6.98612417496317e-10,786500
7.00257780381571e-10,786600
7.01902337828665e-10,786700
7.03546072384689e-10,786800
7.05188967046009e-10,786900
7.06831005259746e-10,787000
7.08472170925076e-10,787100
7.10112448394191e-10,787200
7.11751822473072e-10,787300
7.13390278422038e-10,787400
7.15027801955973e-10,787500
7.16664379244325e-10,787600
7.18299996910936e-10,787700
7.19934642033477e-10,787800
7.21568302142813e-10,787900
7.23200965221911e-10,788000
7.24832619704733e-10,788100
7.26463254474699e-10,788200
7.28092858863031e-10,788300
7.29721422646761e-10,788400
7.31348936046567e-10,788500
7.3297538972436e-10,788600
7.34600774780607e-10,788700
7.36225082751455e-10,788800
7.37848305605595e-10,788900
7.39470435740942e-10,789000
7.41091465981032e-10,789100
7.42711389571256e-10,789200
7.44330200174827e-10,789300
7.45947891868574e-10,789400
7.47564459138499e-10,789500
7.49179896875099e-10,789600
7.50794200368556e-10,789700
7.52407365303681e-10,789800
7.5401938775466e-10,789900
7.55630264179578e-10,790000
7.57239991414871e-10,790100
7.58848566669457e-10,790200
7.60455987518761e-10,790300
7.62062251898546e-10,790400
7.63667358098601e-10,790500
7.65271304756251e-10,790600
7.66874090849644e-10,790700
7.68475715691028e-10,790800
7.70076178919729e-10,790900
7.7167548049508e-10,791000
7.7327362068917e-10,791100
7.74870600079516e-10,791200
7.76466419541492e-10,791300
7.78061080240784e-10,791400
7.79654583625633e-10,791500
7.81246931419003e-10,791600
7.82838125610624e-10,791700
7.84428168448979e-10,791800
7.86017062433192e-10,791900
7.87604810304749e-10,792000
7.89191415039303e-10,792100
7.90776879838232e-10,792200
7.92361208120292e-10,792300
7.93944403513067e-10,792400
7.95526469844486e-10,792500
7.97107411134227e-10,792600
7.98687231585104e-10,792700
8.00265935574375e-10,792800
8.01843527645177e-10,792900
8.0342001249771e-10,793000
8.0499539498059e-10,793100
8.06569680082158e-10,793200
8.08142872921717e-10,793300
8.09714978740862e-10,793400
8.11286002894771e-10,793500
8.12855950843568e-10,793600
8.14424828143632e-10,793700
8.15992640439033e-10,793800
8.17559393452932e-10,793900
8.19125092979048e-10,794000
8.20689744873258e-10,794100
8.22253355045069e-10,794200
8.23815929449367e-10,794300
8.25377474078104e-10,794400
8.26937994952082e-10,794500
8.28497498112873e-10,794600
8.30055989614757e-10,794700
8.31613475516801e-10,794800
8.33169961875041e-10,794900
8.34725454734716e-10,795000
8.36279960122719e-10,795100
8.37833484040039e-10,795200
8.39386032454422e-10,795300
8.40937611293086e-10,795400
8.42488226435667e-10,795500
8.44037883707212e-10,795600
8.45586588871303e-10,795700
8.47134347623477e-10,795800
8.48681165584599e-10,795900
8.50227048294526e-10,796000
8.51772001205926e-10,796100
8.5331602967813e-10,796200
8.54859138971395e-10,796300
8.56401334241081e-10,796400
8.57942620532175e-10,796500
8.59483002773961e-10,796600
8.61022485774813e-10,796700
8.62561074217258e-10,796800
8.64098772653195e-10,796900
8.65635585499296e-10,797000
8.67171517032599e-10,797100
8.68706571386358e-10,797200
8.70240752546004e-10,797300
8.7177406434543e-10,797400
8.73306510463334e-10,797500
8.74838094419913e-10,797600
8.76368819573651e-10,797700
8.77898689118459e-10,797800
8.79427706080808e-10,797900
8.80955873317341e-10,798000
8.82483193512533e-10,798100
8.84009669176533e-10,798200
8.85535302643408e-10,798300
8.87060096069423e-10,798400
8.88584051431619e-10,798500
8.90107170526624e-10,798600
8.91629454969629e-10,798700
8.93150906193647e-10,798800
8.94671525448913e-10,798900
8.96191313802596e-10,799000
8.97710272138646e-10,799100
8.9922840115784e-10,799200
9.00745701378221e-10,799300
9.02262173135468e-10,799400
9.0377781658373e-10,799500
9.05292631696545e-10,799600
9.06806618267934e-10,799700
9.083197759139e-10,799800
9.09832104073822e-10,799900
9.1134360201234e-10,800000
9.1285426882127e-10,800100
9.14364103421776e-10,800200
9.15873104566767e-10,800300
9.17381270843346e-10,800400
9.18888600675645e-10,800500
9.20395092327708e-10,800600
9.21900743906589e-10,800700
9.23405553365639e-10,800800
9.24909518507956e-10,800900
9.2641263699004e-10,801000
9.27914906325526e-10,801100
9.29416323889186e-10,801200
9.30916886921041e-10,801300
9.32416592530597e-10,801400
9.33915437701275e-10,801500
9.35413419294983e-10,801600
9.36910534056805e-10,801700
9.38406778619818e-10,801800
9.39902149510081e-10,801900
9.41396643151715e-10,802000
9.42890255872096e-10,802100
9.44382983907219e-10,802200
9.45874823407069e-10,802300
9.47365770441218e-10,802400
9.48855821004422e-10,802500
9.50344971022337e-10,802600
9.5183321635738e-10,802700
9.53320552814564e-10,802800
9.54806976147537e-10,802900
9.56292482064534e-10,803000
9.57777066234546e-10,803100
9.59260724293487e-10,803200
9.60743451850325e-10,803300
9.62225244493443e-10,803400
9.63706097796863e-10,803500
9.65186007326602e-10,803600
9.66664968647028e-10,803700
9.6814297732725e-10,803800
9.69620028947509e-10,803900
9.71096119105551e-10,804000
9.72571243423087e-10,804100
9.74045397552138e-10,804200
9.75518577181508e-10,804300
9.7699077804305e-10,804400
9.78461995918146e-10,804500
9.79932226643958e-10,804600
9.81401466119734e-10,804700
9.82869710313115e-10,804800
9.84336955266278e-10,804900
9.85803197102132e-10,805000
9.87268432030421e-10,805100
9.88732656353757e-10,805200
9.90195866473638e-10,805300
9.9165805889622e-10,805400
9.93119230238285e-10,805500
9.94579377232896e-10,805600
9.96038496734995e-10,805700
9.97496585727059e-10,805800
9.9895364132445e-10,805900
1.00040966078081e-09,806000
1.00186464149322e-09,806100
1.0033185810074e-09,806200
1.00477147702256e-09,806300
1.00622332739643e-09,806400
1.00767413014983e-09,806500
1.00912388347139e-09,806600
1.01057258572186e-09,806700
1.01202023543859e-09,806800
1.01346683133953e-09,806900
1.01491237232735e-09,807000
1.01635685749319e-09,807100
1.01780028612047e-09,807200
1.01924265768828e-09,807300
1.02068397187485e-09,807400
1.02212422856068e-09,807500
1.02356342783156e-09,807600
1.02500156998139e-09,807700
1.02643865551488e-09,807800
1.02787468514998e-09,807900
1.02930965982017e-09,808000
1.0307435806766e-09,808100
1.03217644908991e-09,808200
1.03360826665208e-09,808300
1.03503903517779e-09,808400
1.03646875670587e-09,808500
1.03789743350038e-09,808600
1.03932506805155e-09,808700
1.04075166307647e-09,808800
1.04217722151965e-09,808900
1.04360174655336e-09,809000
1.04502524157771e-09,809100
1.04644771022057e-09,809200
1.0478691563373e-09,809300
1.04928958401024e-09,809400
1.05070899754803e-09,809500
1.05212740148466e-09,809600
1.05354480057842e-09,809700
1.05496119981054e-09,809800
1.0563766043837e-09,809900
1.05779101972027e-09,810000
1.05920445146046e-09,810100
1.06061690546011e-09,810200
1.06202838778845e-09,810300
1.06343890472544e-09,810400
1.06484846275929e-09,810500
1.06625706858324e-09,810600
1.06766472909271e-09,810700
1.06907145138188e-09,810800
1.07047724274018e-09,810900
1.07188211064871e-09,811000
1.07328606277627e-09,811100
1.07468910697538e-09,811200
1.07609125127806e-09,811300
1.07749250389141e-09,811400
1.07889287319303e-09,811500
1.08029236772632e-09,811600
1.08169099619549e-09,811700
1.08308876746061e-09,811800
1.08448569053228e-09,811900
1.08588177456627e-09,812000
1.08727702885797e-09,812100
1.08867146283674e-09,812200
1.09006508606007e-09,812300
1.09145790820753e-09,812400
1.09284993907479e-09,812500
1.0942411885673e-09,812600
1.09563166669388e-09,812700
1.09702138356041e-09,812800
1.09841034936297e-09,812900
1.09979857438137e-09,813000
1.10118606897214e-09,813100
1.10257284356171e-09,813200
1.10395890863931e-09,813300
1.10534427474991e-09,813400
1.10672895248697e-09,813500
1.10811295248517e-09,813600
1.10949628541299e-09,813700
1.11087896196539e-09,813800
1.11226099285614e-09,813900
1.1136423888104e-09,814000
1.11502316055697e-09,814100
1.11640331882071e-09,814200
1.11778287431476e-09,814300
1.1191618377328e-09,814400
1.12054021974126e-09,814500
1.12191803097149e-09,814600
1.12329528201192e-09,814700
1.12467198340019e-09,814800
1.12604814561526e-09,814900
1.12742377906957e-09,815000
1.12879889410111e-09,815100
1.13017350096561e-09,815200
1.13154760982861e-09,815300
1.13292123075762e-09,815400
1.13429437371436e-09,815500
1.13566704854687e-09,815600
1.1370392649818e-09,815700
1.13841103261666e-09,815800
1.13978236091212e-09,815900
1.14115325918444e-09,816000
1.14252373659782e-09,816100
1.1438938021569e-09,816200
1.14526346469931e-09,816300
1.14663273288826e-09,816400
1.14800161520527e-09,816500
1.1493701199429e-09,816600
1.15073825519759e-09,816700
1.15210602886267e-09,816800
1.15347344862132e-09,816900
1.15484052193975e-09,817000
1.1562072560604e-09,817100
1.15757365799535e-09,817200
1.15893973451971e-09,817300
1.16030549216528e-09,817400
1.16167093721412e-09,817500
1.16303607569251e-09,817600
1.16440091336483e-09,817700
1.16576545572764e-09,817800
1.16712970800393e-09,817900
1.16849367513751e-09,818000
1.16985736178742e-09,818100
1.17122077232267e-09,818200
1.17258391081707e-09,818300
1.17394678104405e-09,818400
1.17530938647199e-09,818500
1.17667173025924e-09,818600
1.17803381524984e-09,818700
1.17939564396887e-09,818800
1.18075721861841e-09,818900
1.1821185410734e-09,819000
1.18347961287776e-09,819100
1.18484043524071e-09,819200
1.18620100903322e-09,819300
1.18756133478469e-09,819400
1.18892141267974e-09,819500
1.19028124255523e-09,819600
1.19164082389751e-09,819700
1.19300015583973e-09,819800
1.19435923715943e-09,819900
1.19571806627634e-09,820000
1.19707664125027e-09,820100
1.19843495977923e-09,820200
1.19979301919787e-09,820300
1.2011508164758e-09,820400
1.2025083482165e-09,820500
1.20386561065606e-09,820600
1.20522259966233e-09,820700
1.2065793107342e-09,820800
1.207935739001e-09,820900
1.20929187922232e-09,821000
1.21064772578761e-09,821100
1.21200327271646e-09,821200
1.21335851365864e-09,821300
1.21471344189463e-09,821400
1.21606805033615e-09,821500
1.21742233152695e-09,821600
1.21877627764381e-09,821700
1.22012988049767e-09,821800
1.22148313153493e-09,821900
1.22283602183903e-09,822000
1.22418854213203e-09,822100
1.22554068277661e-09,822200
1.22689243377795e-09,822300
1.22824378478612e-09,822400
1.22959472509827e-09,822500
1.2309452436613e-09,822600
1.23229532907452e-09,822700
1.23364496959255e-09,822800
1.23499415312834e-09,822900
1.23634286725632e-09,823000
1.23769109921579e-09,823100
1.23903883591441e-09,823200
1.24038606393185e-09,823300
1.24173276952351e-09,823400
1.24307893862451e-09,823500
1.24442455685377e-09,823600
1.24576960951816e-09,823700
1.24711408161689e-09,823800
1.2484579578459e-09,823900
1.24980122260254e-09,824000
1.25114385999019e-09,824100
1.25248585382318e-09,824200
1.25382718763164e-09,824300
1.25516784466664e-09,824400
1.25650780790527e-09,824500
1.25784706005595e-09,824600
1.25918558356379e-09,824700
1.26052336061602e-09,824800
1.26186037314755e-09,824900
1.26319660284667e-09,825000
1.2645320311606e-09,825100
1.26586663930147e-09,825200
1.26720040825211e-09,825300
1.26853331877197e-09,825400
1.2698653514032e-09,825500
1.27119648647662e-09,825600
1.27252670411797e-09,825700
1.27385598425404e-09,825800
1.27518430661889e-09,825900
1.27651165076015e-09,826000
1.27783799604535e-09,826100
1.27916332166831e-09,826200
1.28048760665551e-09,826300
1.28181082987248e-09,826400
1.28313297003038e-09,826500
1.28445400569237e-09,826600
1.28577391528012e-09,826700
1.28709267708037e-09,826800
1.28841026925141e-09,826900
1.28972666982966e-09,827000
1.29104185673612e-09,827100
1.29235580778301e-09,827200
1.2936685006802e-09,827300
1.29497991304182e-09,827400
1.29629002239266e-09,827500
1.29759880617479e-09,827600
1.29890624175396e-09,827700
1.30021230642601e-09,827800
1.30151697742345e-09,827900
1.30282023192169e-09,828000
1.3041220470455e-09,828100
1.30542239987535e-09,828200
1.30672126745363e-09,828300
1.30801862679101e-09,828400
1.30931445487253e-09,828500
1.31060872866384e-09,828600
1.31190142511732e-09,828700
1.31319252117807e-09,828800
1.31448199378995e-09,828900
1.31576981990158e-09,829000
1.31705597647209e-09,829100
1.31834044047711e-09,829200
1.31962318891437e-09,829300
1.32090419880952e-09,829400
1.32218344722162e-09,829500
1.32346091124884e-09,829600
1.3247365680338e-09,829700
1.32601039476907e-09,829800
1.32728236870237e-09,829900
1.32855246714198e-09,830000
1.32982066746177e-09,830100
1.33108694710636e-09,830200
1.33235128359604e-09,830300
1.33361365453178e-09,830400
1.33487403759999e-09,830500
1.33613241057727e-09,830600
1.33738875133511e-09,830700
1.33864303784441e-09,830800
1.33989524817996e-09,830900
1.34114536052483e-09,831000
1.34239335317469e-09,831100
1.34363920454196e-09,831200
1.34488289316001e-09,831300
1.34612439768706e-09,831400
1.34736369691017e-09,831500
1.3486007697491e-09,831600
1.34983559526e-09,831700
1.3510681526391e-09,831800
1.35229842122618e-09,831900
1.35352638050816e-09,832000
1.35475201012235e-09,832100
1.35597528985976e-09,832200
1.35719619966835e-09,832300
1.35841471965603e-09,832400
1.35963083009372e-09,832500
1.36084451141821e-09,832600
1.36205574423503e-09,832700
1.36326450932116e-09,832800
1.36447078762773e-09,832900
1.36567456028242e-09,833000
1.36687580859212e-09,833100
1.36807451404518e-09,833200
1.36927065831382e-09,833300
1.37046422325623e-09,833400
1.3716551909188e-09,833500
1.37284354353815e-09,833600
1.37402926354308e-09,833700
1.37521233355652e-09,833800
1.37639273639728e-09,833900
1.37757045508186e-09,834000
1.37874547282613e-09,834100
1.37991777304688e-09,834200
1.38108733936338e-09,834300
1.38225415559887e-09,834400
1.38341820578191e-09,834500
1.38457947414771e-09,834600
1.38573794513944e-09,834700
1.38689360340944e-09,834800
1.38804643382029e-09,834900
1.38919642144598e-09,835000
1.3903435515729e-09,835100
1.39148780970082e-09,835200
1.39262918154379e-09,835300
1.39376765303112e-09,835400
1.394903210308e-09,835500
1.39603583973652e-09,835600
1.39716552789619e-09,835700
1.39829226158476e-09,835800
1.39941602781879e-09,835900
1.40053681383428e-09,836000
1.40165460708732e-09,836100
1.40276939525443e-09,836200
1.40388116623326e-09,836300
1.40498990814291e-09,836400
1.40609560932448e-09,836500
1.40719825834136e-09,836600
1.4082978439797e-09,836700
1.40939435524871e-09,836800
1.41048778138104e-09,836900
1.41157811183303e-09,837000
1.41266533628507e-09,837100
1.41374944464178e-09,837200
1.41483042703236e-09,837300
1.41590827381077e-09,837400
1.41698297555593e-09,837500
1.41805452307204e-09,837600
1.4191229073887e-09,837700
1.4201881197611e-09,837800
1.42125015167025e-09,837900
1.42230899482311e-09,838000
1.42336464115285e-09,838100
1.42441708281891e-09,838200
1.42546631220726e-09,838300
1.42651232193058e-09,838400
1.4275551048283e-09,838500
1.42859465396692e-09,838600
1.42963096264009e-09,838700
1.43066402436882e-09,838800
1.43169383290169e-09,838900
1.43272038221495e-09,839000
1.43374366651276e-09,839100
1.43476368022744e-09,839200
1.43578041801955e-09,839300
1.43679387477821e-09,839400
1.43780404562128e-09,839500
1.43881092589555e-09,839600
1.43981451117709e-09,839700
1.44081479727131e-09,839800
1.44181178021346e-09,839900
1.44280545626868e-09,840000
1.44379582193244e-09,840100
1.44478287393066e-09,840200
1.44576660922021e-09,840300
1.44674702498906e-09,840400
1.44772411865668e-09,840500
1.4486978878744e-09,840600
1.44966833052564e-09,840700
1.4506354447264e-09,840800
1.45159922882556e-09,840900
1.45255968140518e-09,841000
1.45351680128105e-09,841100
1.45447058750299e-09,841200
1.4554210393552e-09,841300
1.45636815635681e-09,841400
1.45731193826217e-09,841500
1.45825238506135e-09,841600
1.45918949698053e-09,841700
1.46012327448247e-09,841800
1.46105371826697e-09,841900
1.46198082927124e-09,842000
1.46290460867044e-09,842100
1.46382505787804e-09,842200
1.46474217854635e-09,842300
1.46565597256695e-09,842400
1.46656644207114e-09,842500
1.46747358943041e-09,842600
1.46837741725677e-09,842700
1.46927792840343e-09,842800
1.47017512596497e-09,842900
1.471069013278e-09,843000
1.47195959392137e-09,843100
1.4728468717168e-09,843200
1.47373085072911e-09,843300
1.47461153526669e-09,843400
1.47548892988187e-09,843500
1.47636303937125e-09,843600
1.47723386877607e-09,843700
1.47810142338256e-09,843800
1.47896570872222e-09,843900
1.47982673057206e-09,844000
1.48068449495498e-09,844100
1.48153900813992e-09,844200
1.48239027664204e-09,844300
1.48323830722307e-09,844400
1.48408310689129e-09,844500
1.48492468290178e-09,844600
1.48576304275644e-09,844700
1.4865981942041e-09,844800
1.48743014524054e-09,844900
1.48825890410848e-09,845000
1.48908447929751e-09,845100
1.48990687954406e-09,845200
1.49072611383123e-09,845300
1.49154219138863e-09,845400
1.49235512169216e-09,845500
1.49316491446378e-09,845600
1.49397157967118e-09,845700
1.49477512752744e-09,845800
1.49557556849056e-09,845900
1.49637291326314e-09,846000
1.49716717279175e-09,846100
1.49795835826639e-09,846200
1.4987464811199e-09,846300
1.49953155302727e-09,846400
1.50031358590491e-09,846500
1.50109259190981e-09,846600
1.50186858343877e-09,846700
1.5026415731274e-09,846800
1.50341157384915e-09,846900
1.50417859871434e-09,847000
1.50494266106892e-09,847100
1.50570377449341e-09,847200
1.5064619528016e-09,847300
1.50721721003925e-09,847400
1.50796956048263e-09,847500
1.50871901863717e-09,847600
1.50946559923589e-09,847700
1.51020931723782e-09,847800
1.51095018782626e-09,847900
1.51168822640714e-09,848000
1.51242344860706e-09,848100
1.51315587027159e-09,848200
1.51388550746307e-09,848300
1.51461237645878e-09,848400
1.51533649374865e-09,848500
1.51605787603313e-09,848600
1.51677654022094e-09,848700
1.51749250342669e-09,848800
1.51820578296842e-09,848900
1.51891639636511e-09,849000
1.51962436133414e-09,849100
1.52032969578852e-09,849200
1.52103241783426e-09,849300
1.5217325457675e-09,849400
1.52243009807154e-09,849500
1.52312509341403e-09,849600
1.52381755064373e-09,849700
1.52450748878754e-09,849800
1.52519492704717e-09,849900
1.52587988479591e-09,850000
1.52656238157531e-09,850100
1.52724243709164e-09,850200
1.52792007121247e-09,850300
1.52859530396305e-09,850400
1.52926815552271e-09,850500
1.52993864622098e-09,850600
1.53060679653393e-09,850700
1.53127262708028e-09,850800
1.5319361586174e-09,850900
1.53259741203732e-09,851000
1.53325640836263e-09,851100
1.53391316874245e-09,851200
1.53456771444797e-09,851300
1.53522006686847e-09,851400
1.53587024750669e-09,851500
1.53651827797463e-09,851600
1.53716417998902e-09,851700
1.53780797536673e-09,851800
1.53844968602029e-09,851900
1.53908933395311e-09,852000
1.53972694125495e-09,852100
1.54036253009699e-09,852200
1.54099612272716e-09,852300
1.54162774146524e-09,852400
1.54225740869791e-09,852500
1.5428851468738e-09,852600
1.54351097849859e-09,852700
1.54413492612978e-09,852800
1.54475701237183e-09,852900
1.54537725987078e-09,853000
1.54599569130927e-09,853100
1.54661232940126e-09,853200
1.54722719688677e-09,853300
1.54784031652663e-09,853400
1.54845171109713e-09,853500
1.54906140338477e-09,853600
1.54966941618077e-09,853700
1.55027577227577e-09,853800
1.55088049445434e-09,853900
1.55148360548961e-09,854000
1.55208512813773e-09,854100
1.55268508513247e-09,854200
1.55328349917963e-09,854300
1.55388039295162e-09,854400
1.55447578908181e-09,854500
1.5550697101592e-09,854600
1.5556621787226e-09,854700
1.55625321725538e-09,854800
1.55684284817961e-09,854900
1.55743109385074e-09,855000
1.55801797655194e-09,855100
1.55860351848849e-09,855200
1.55918774178236e-09,855300
1.55977066846655e-09,855400
1.56035232047959e-09,855500
1.56093271965995e-09,855600
1.56151188774065e-09,855700
1.56208984634354e-09,855800
1.56266661697402e-09,855900
1.56324222101548e-09,856000
1.56381667972372e-09,856100
1.56439001422167e-09,856200
1.56496224549395e-09,856300
1.56553339438136e-09,856400
1.56610348157567e-09,856500
1.56667252761412e-09,856600
1.56724055287423e-09,856700
1.56780757756846e-09,856800
1.56837362173898e-09,856900
1.56893870525241e-09,857000
1.56950284779473e-09,857100
1.57006606886605e-09,857200
1.57062838777551e-09,857300
1.5711898236363e-09,857400
1.57175039536056e-09,857500
1.57231012165438e-09,857600
1.572869021013e-09,857700
1.57342711171573e-09,857800
1.5739844118213e-09,857900
1.5745409391629e-09,858000
1.57509671134357e-09,858100
1.57565174573141e-09,858200
1.57620605945503e-09,858300
1.57675966939887e-09,858400
1.57731259219877e-09,858500
1.57786484423737e-09,858600
1.57841644163986e-09,858700
1.57896740026946e-09,858800
1.57951773572318e-09,858900
1.5800674633276e-09,859000
1.5806165981347e-09,859100
1.58116515491765e-09,859200
1.58171314816683e-09,859300
1.58226059208584e-09,859400
1.58280750058755e-09,859500
1.5833538872902e-09,859600
1.58389976551366e-09,859700
1.58444514827564e-09,859800
1.58499004828809e-09,859900
1.5855344779535e-09,860000
1.58607844936149e-09,860100
1.58662197428522e-09,860200
1.58716506417812e-09,860300
1.5877077301704e-09,860400
1.58824998306603e-09,860500
1.58879183333926e-09,860600
1.58933329113179e-09,860700
1.58987436624949e-09,860800
1.59041506815959e-09,860900
1.59095540598769e-09,861000
1.59149538851492e-09,861100
1.59203502417525e-09,861200
1.59257432105275e-09,861300
1.593113286879e-09,861400
1.59365192903044e-09,861500
1.59419025452613e-09,861600
1.59472827002513e-09,861700
1.59526598182425e-09,861800
1.59580339585577e-09,861900
1.59634051768541e-09,862000
1.59687735250999e-09,862100
1.59741390515557e-09,862200
1.59795018007539e-09,862300
1.59848618134802e-09,862400
1.59902191267563e-09,862500
1.59955737738202e-09,862600
1.60009257841119e-09,862700
1.60062751832564e-09,862800
1.60116219930481e-09,862900
1.60169662314374e-09,863000
1.60223079125157e-09,863100
1.60276470465031e-09,863200
1.6032983639736e-09,863300
1.60383176946552e-09,863400
1.60436492097957e-09,863500
1.60489781797757e-09,863600
1.60543045952877e-09,863700
1.60596284430898e-09,863800
1.60649497059976e-09,863900
1.60702683628775e-09,864000
1.60755843886393e-09,864100
1.60808977542308e-09,864200
1.60862084266335e-09,864300
1.60915163688571e-09,864400
1.60968215399364e-09,864500
1.61021238949288e-09,864600
1.61074233849115e-09,864700
1.61127199569812e-09,864800
1.61180135542514e-09,864900
1.61233041158547e-09,865000
1.61285915769422e-09,865100
1.61338758686855e-09,865200
1.61391569182793e-09,865300
1.61444346489428e-09,865400
1.61497089799259e-09,865500
1.61549798265114e-09,865600
1.61602471000219e-09,865700
1.61655107078245e-09,865800
1.61707705533381e-09,865900
1.61760265360412e-09,866000
1.61812785514793e-09,866100
1.61865264912741e-09,866200
1.6191770243134e-09,866300
1.61970096908638e-09,866400
1.62022447143758e-09,866500
1.62074751897027e-09,866600
1.62127009890097e-09,866700
1.62179219806083e-09,866800
1.62231380289712e-09,866900
1.62283489947461e-09,867000
1.62335547347735e-09,867100
1.62387551021019e-09,867200
1.62439499460065e-09,867300
1.62491391120071e-09,867400
1.62543224418874e-09,867500
1.62594997737148e-09,867600
1.62646709418618e-09,867700
1.62698357770277e-09,867800
1.62749941062609e-09,867900
1.62801457529819e-09,868000
1.62852905370089e-09,868100
1.62904282745816e-09,868200
1.62955587783887e-09,868300
1.63006818575926e-09,868400
1.63057973178601e-09,868500
1.63109049613887e-09,868600
1.63160045869378e-09,868700
1.6321095989858e-09,868800
1.6326178962124e-09,868900
1.6331253292366e-09,869000
1.63363187659025e-09,869100
1.63413751647767e-09,869200
1.63464222677899e-09,869300
1.63514598505379e-09,869400
1.63564876854497e-09,869500
1.63615055418236e-09,869600
1.63665131858681e-09,869700
1.63715103807409e-09,869800
1.63764968865909e-09,869900
1.63814724605998e-09,870000
1.6386436857026e-09,870100
1.63913898272482e-09,870200
1.63963311198114e-09,870300
1.64012604804718e-09,870400
1.64061776522467e-09,870500
1.64110823754604e-09,870600
1.64159743877952e-09,870700
1.64208534243416e-09,870800
1.64257192176498e-09,870900
1.6430571497783e-09,871000
1.64354099923708e-09,871100
1.64402344266647e-09,871200
1.64450445235925e-09,871300
1.64498400038186e-09,871400
1.64546205857987e-09,871500
1.64593859858417e-09,871600
1.64641359181697e-09,871700
1.64688700949788e-09,871800
1.64735882265026e-09,871900
1.64782900210763e-09,872000
1.64829751852003e-09,872100
1.64876434236088e-09,872200
1.64922944393345e-09,872300
1.64969279337787e-09,872400
1.65015436067802e-09,872500
1.65061411566859e-09,872600
1.65107202804233e-09,872700
1.65152806735719e-09,872800
1.65198220304393e-09,872900
1.65243440441343e-09,873000
1.65288464066446e-09,873100
1.65333288089139e-09,873200
1.65377909409193e-09,873300
1.65422324917526e-09,873400
1.65466531496996e-09,873500
1.65510526023225e-09,873600
1.6555430536542e-09,873700
1.65597866387223e-09,873800
1.65641205947547e-09,873900
1.65684320901451e-09,874000
1.65727208100986e-09,874100
1.65769864396101e-09,874200
1.65812286635515e-09,874300
1.65854471667626e-09,874400
1.65896416341414e-09,874500
1.65938117507361e-09,874600
1.65979572018383e-09,874700
1.66020776730762e-09,874800
1.66061728505094e-09,874900
1.66102424207245e-09,875000
1.66142860709312e-09,875100
1.66183034890594e-09,875200
1.66222943638576e-09,875300
1.66262583849915e-09,875400
1.66301952431425e-09,875500
1.66341046301096e-09,875600
1.66379862389089e-09,875700
1.66418397638762e-09,875800
1.66456649007679e-09,875900
1.66494613468657e-09,876000
1.66532288010782e-09,876100
1.66569669640462e-09,876200
1.66606755382467e-09,876300
1.66643542280968e-09,876400
1.66680027400618e-09,876500
1.66716207827578e-09,876600
1.66752080670606e-09,876700
1.66787643062105e-09,876800
1.66822892159191e-09,876900
1.66857825144783e-09,877000
1.66892439228652e-09,877100
1.66926731648511e-09,877200
1.66960699671086e-09,877300
1.6699434059319e-09,877400
1.67027651742804e-09,877500
1.67060630480159e-09,877600
1.670932741988e-09,877700
1.67125580326672e-09,877800
1.67157546327195e-09,877900
1.6718916970033e-09,878000
1.67220447983651e-09,878100
1.67251378753419e-09,878200
1.67281959625635e-09,878300
1.67312188257112e-09,878400
1.67342062346515e-09,878500
1.67371579635434e-09,878600
1.67400737909405e-09,878700
1.67429534998968e-09,878800
1.67457968780689e-09,878900
1.67486037178188e-09,879000
1.67513738163164e-09,879100
1.67541069756396e-09,879200
1.67568030028747e-09,879300
1.67594617102156e-09,879400
1.6762082915062e-09,879500
1.6764666440117e-09,879600
1.67672121134826e-09,879700
1.67697197687547e-09,879800
1.67721892451173e-09,879900
1.67746203874339e-09,880000
1.67770130463397e-09,880100
1.67793670783313e-09,880200
1.67816823458531e-09,880300
1.67839587173875e-09,880400
1.6786196067537e-09,880500
1.6788394277109e-09,880600
1.6790553233198e-09,880700
1.67926728292657e-09,880800
1.67947529652185e-09,880900
1.67967935474858e-09,881000
1.67987944890928e-09,881100
1.68007557097347e-09,881200
1.68026771358462e-09,881300
1.68045587006712e-09,881400
1.68064003443289e-09,881500
1.68082020138775e-09,881600
1.68099636633774e-09,881700
1.681168525395e-09,881800
1.68133667538358e-09,881900
1.68150081384493e-09,882000
1.68166093904315e-09,882100
1.68181704997007e-09,882200
1.68196914634984e-09,882300
1.68211722864367e-09,882400
1.68226129805382e-09,882500
1.68240135652778e-09,882600
1.68253740676184e-09,882700
1.68266945220455e-09,882800
1.68279749705971e-09,882900
1.68292154628955e-09,883000
1.68304160561692e-09,883100
1.68315768152778e-09,883200
1.68326978127302e-09,883300
1.68337791287027e-09,883400
1.68348208510507e-09,883500
1.68358230753206e-09,883600
1.68367859047564e-09,883700
1.68377094503038e-09,883800
1.68385938306107e-09,883900
1.68394391720262e-09,884000
1.68402456085937e-09,884100
1.68410132820418e-09,884200
1.68417423417736e-09,884300
1.68424329448496e-09,884400
1.684308525597e-09,884500
1.68436994474509e-09,884600
1.68442756992006e-09,884700
1.68448141986884e-09,884800
1.68453151409144e-09,884900
1.68457787283703e-09,885000
1.68462051710035e-09,885100
1.68465946861717e-09,885200
1.68469474985977e-09,885300
1.68472638403187e-09,885400
1.68475439506335e-09,885500
1.68477880760455e-09,885600
1.68479964702026e-09,885700
1.68481693938326e-09,885800
1.68483071146772e-09,885900
1.68484099074193e-09,886000
1.68484780536108e-09,886100
1.68485118415934e-09,886200
1.68485115664178e-09,886300
1.68484775297597e-09,886400
1.68484100398303e-09,886500
1.68483094112867e-09,886600
1.6848175965136e-09,886700
1.68480100286362e-09,886800
1.68478119351975e-09,886900
1.68475820242741e-09,887000
1.68473206412583e-09,887100
1.68470281373683e-09,887200
1.68467048695341e-09,887300
1.68463512002788e-09,887400
1.68459674975987e-09,887500
1.68455541348385e-09,887600
1.68451114905647e-09,887700
1.68446399484348e-09,887800
1.6844139897065e-09,887900
1.68436117298934e-09,888000
1.68430558450417e-09,888100
1.68424726451728e-09,888200
1.68418625373463e-09,888300
1.68412259328721e-09,888400
1.6840563247159e-09,888500
1.68398748995628e-09,888600
1.68391613132318e-09,888700
1.68384229149481e-09,888800
1.68376601349679e-09,888900
1.68368734068593e-09,889000
1.68360631673374e-09,889100
1.68352298560974e-09,889200
1.68343739156454e-09,889300
1.68334957911276e-09,889400
1.68325959301563e-09,889500
1.68316747826355e-09,889600
1.68307328005843e-09,889700
1.68297704379571e-09,889800
1.68287881504636e-09,889900
1.6827786395387e-09,890000
1.68267656314006e-09,890100
1.68257263183821e-09,890200
1.68246689172277e-09,890300
1.68235938896645e-09,890400
1.68225016980619e-09,890500
1.6821392805241e-09,890600
1.68202676742844e-09,890700
1.68191267683437e-09,890800
1.6817970550448e-09,890900
1.68167994833094e-09,891000
1.68156140291303e-09,891100
1.68144146494074e-09,891200
1.68132018047379e-09,891300
1.68119759546246e-09,891400
1.68107375572789e-09,891500
1.68094870694274e-09,891600
1.68082249461134e-09,891700
1.68069516405046e-09,891800
1.68056676036951e-09,891900
1.68043732845116e-09,892000
1.68030691293184e-09,892100
1.68017555818228e-09,892200
1.68004330828818e-09,892300
1.67991020703088e-09,892400
1.67977629786818e-09,892500
1.67964162391504e-09,892600
1.67950622792483e-09,892700
1.67937015227013e-09,892800
1.67923343892403e-09,892900
1.67909612944146e-09,893000
1.67895826494062e-09,893100
1.67881988608453e-09,893200
1.6786810330629e-09,893300
1.67854174557397e-09,893400
1.67840206280668e-09,893500
1.6782620234229e-09,893600
1.67812166554006e-09,893700
1.67798102671361e-09,893800
1.67784014392026e-09,893900
1.6776990535409e-09,894000
1.67755779134403e-09,894100
1.67741639246952e-09,894200
1.67727489141232e-09,894300
1.67713332200673e-09,894400
1.67699171741082e-09,894500
1.67685011009118e-09,894600
1.67670853180777e-09,894700
1.67656701359936e-09,894800
1.67642558576925e-09,894900
1.67628427787092e-09,895000
1.6761431186945e-09,895100
1.67600213625336e-09,895200
1.67586135777091e-09,895300
1.67572080966808e-09,895400
1.67558051755073e-09,895500
1.67544050619794e-09,895600
1.67530079955009e-09,895700
1.67516142069786e-09,895800
1.67502239187123e-09,895900
1.67488373442916e-09,896000
1.67474546884933e-09,896100
1.67460761471865e-09,896200
1.67447019072395e-09,896300
1.67433321464317e-09,896400
1.67419670333696e-09,896500
1.67406067274059e-09,896600
1.67392513785662e-09,896700
1.67379011274762e-09,896800
1.67365561052959e-09,896900
1.67352164336566e-09,897000
1.67338822246046e-09,897100
1.67325535805469e-09,897200
1.67312305942035e-09,897300
1.67299133485626e-09,897400
1.6728601916843e-09,897500
1.67272963624578e-09,897600
1.67259967389854e-09,897700
1.67247030901456e-09,897800
1.67234154497764e-09,897900
1.6722133841821e-09,898000
1.67208582803175e-09,898100
1.67195887693897e-09,898200
1.67183253032496e-09,898300
1.67170678661992e-09,898400
1.67158164326397e-09,898500
1.67145709670843e-09,898600
1.67133314241778e-09,898700
1.67120977487178e-09,898800
1.67108698756841e-09,898900
1.67096477302711e-09,899000
1.67084312279252e-09,899100
1.6707220274387e-09,899200
1.67060147657386e-09,899300
1.67048145884558e-09,899400
1.67036196194639e-09,899500
1.67024297262001e-09,899600
1.67012447666787e-09,899700
1.67000645895626e-09,899800
1.66988890342375e-09,899900
1.66977179308929e-09,900000
1.66965511006062e-09,900100
1.66953883554314e-09,900200
1.66942294984929e-09,900300
1.66930743240834e-09,900400
1.66919226177657e-09,900500
1.669077415648e-09,900600
1.6689628708654e-09,900700
1.66884860343188e-09,900800
1.66873458852273e-09,900900
1.66862080049784e-09,901000
1.66850721291431e-09,901100
1.66839379853973e-09,901200
1.66828052936564e-09,901300
1.66816737662143e-09,901400
1.66805431078858e-09,901500
1.66794130161545e-09,901600
1.66782831813219e-09,901700
1.66771532866608e-09,901800
1.66760230085736e-09,901900
1.66748920167517e-09,902000
1.66737599743404e-09,902100
1.66726265381047e-09,902200
1.66714913586003e-09,902300
1.66703540803468e-09,902400
1.66692143420029e-09,902500
1.66680717765467e-09,902600
1.66669260114559e-09,902700
1.66657766688935e-09,902800
1.66646233658936e-09,902900
1.66634657145515e-09,903000
1.66623033222158e-09,903100
1.66611357916804e-09,903200
1.66599627213831e-09,903300
1.66587837056021e-09,903400
1.66575983346572e-09,903500
1.66564061951107e-09,903600
1.66552068699721e-09,903700
1.66539999389027e-09,903800
1.66527849784232e-09,903900
1.66515615621206e-09,904000
1.66503292608597e-09,904100
1.66490876429919e-09,904200
1.66478362745679e-09,904300
1.66465747195513e-09,904400
1.66453025400303e-09,904500
1.66440192964335e-09,904600
1.66427245477445e-09,904700
1.66414178517172e-09,904800
1.66400987650922e-09,904900
1.6638766843812e-09,905000
1.66374216432385e-09,905100
1.66360627183684e-09,905200
1.66346896240502e-09,905300
1.66333019151999e-09,905400
1.66318991470176e-09,905500
1.66304808752019e-09,905600
1.66290466561664e-09,905700
1.66275960472514e-09,905800
1.66261286069411e-09,905900
1.66246438950733e-09,906000
1.66231414730531e-09,906100
1.66216209040626e-09,906200
1.6620081753271e-09,906300
1.6618523588043e-09,906400
1.66169459781452e-09,906500
1.66153484959519e-09,906600
1.6613730716649e-09,906700
1.66120922184357e-09,906800
1.66104325827254e-09,906900
1.66087513943435e-09,907000
1.66070482417242e-09,907100
1.66053227171049e-09,907200
1.66035744167175e-09,907300
1.66018029409792e-09,907400
1.66000078946796e-09,907500
1.65981888871647e-09,907600
1.65963455325203e-09,907700
1.65944774497513e-09,907800
1.65925842629589e-09,907900
1.65906656015134e-09,908000
1.65887211002269e-09,908100
1.65867503995204e-09,908200
1.65847531455891e-09,908300
1.65827289905637e-09,908400
1.65806775926704e-09,908500
1.6578598616384e-09,908600
1.65764917325815e-09,908700
1.65743566186899e-09,908800
1.65721929588305e-09,908900
1.65700004439605e-09,909000
1.65677787720111e-09,909100
1.65655276480202e-09,909200
1.65632467842633e-09,909300
1.65609359003785e-09,909400
1.65585947234908e-09,909500
1.65562229883273e-09,909600
1.65538204373353e-09,909700
1.65513868207883e-09,909800
1.65489218968961e-09,909900
1.6546425431903e-09,910000
1.65438972001884e-09,910100
1.65413369843589e-09,910200
1.65387445753382e-09,910300
1.65361197724507e-09,910400
1.65334623835041e-09,910500
1.6530772224864e-09,910600
1.65280491215263e-09,910700
1.65252929071846e-09,910800
1.65225034242937e-09,910900
1.65196805241267e-09,911000
1.65168240668307e-09,911100
1.65139339214755e-09,911200
1.65110099660985e-09,911300
1.65080520877459e-09,911400
1.65050601825081e-09,911500
1.65020341555525e-09,911600
1.64989739211484e-09,911700
1.64958794026919e-09,911800
1.64927505327215e-09,911900
1.6489587252934e-09,912000
1.64863895141922e-09,912100
1.64831572765291e-09,912200
1.64798905091489e-09,912300
1.64765891904223e-09,912400
1.64732533078772e-09,912500
1.64698828581861e-09,912600
1.64664778471481e-09,912700
1.64630382896669e-09,912800
1.64595642097253e-09,912900
1.64560556403528e-09,913000
1.64525126235925e-09,913100
1.64489352104608e-09,913200
1.64453234609053e-09,913300
1.64416774437552e-09,913400
1.64379972366717e-09,913500
1.64342829260916e-09,913600
1.64305346071672e-09,913700
1.64267523837029e-09,913800
1.64229363680873e-09,913900
1.64190866812222e-09,914000
1.64152034524468e-09,914100
1.64112868194584e-09,914200
1.640733692823e-09,914300
1.64033539329232e-09,914400
1.63993379957985e-09,914500
1.63952892871217e-09,914600
1.63912079850658e-09,914700
1.63870942756123e-09,914800
1.63829483524448e-09,914900
1.63787704168444e-09,915000
1.63745606775772e-09,915100
1.63703193507825e-09,915200
1.63660466598545e-09,915300
1.63617428353243e-09,915400
1.63574081147363e-09,915500
1.63530427425237e-09,915600
1.63486469698801e-09,915700
1.6344221054628e-09,915800
1.63397652610872e-09,915900
1.63352798599373e-09,916000
1.63307651280799e-09,916100
1.63262213484985e-09,916200
1.63216488101149e-09,916300
1.63170478076437e-09,916400
1.63124186414466e-09,916500
1.63077616173817e-09,916600
1.63030770466531e-09,916700
1.62983652456571e-09,916800
1.6293626535829e-09,916900
1.62888612434844e-09,917000
1.6284069699663e-09,917100
1.62792522399688e-09,917200
1.62744092044085e-09,917300
1.62695409372297e-09,917400
1.62646477867574e-09,917500
1.62597301052295e-09,917600
1.6254788248631e-09,917700
1.62498225765274e-09,917800
1.62448334518977e-09,917900
1.6239821240965e-09,918000
1.62347863130294e-09,918100
1.62297290402965e-09,918200
1.62246497977086e-09,918300
1.6219548962774e-09,918400
1.62144269153963e-09,918500
1.62092840377027e-09,918600
1.62041207138739e-09,918700
1.61989373299716e-09,918800
1.61937342737681e-09,918900
1.61885119345754e-09,919000
1.6183270703073e-09,919100
1.61780109711385e-09,919200
1.61727331316764e-09,919300
1.6167437578449e-09,919400
1.61621247059057e-09,919500
1.61567949090159e-09,919600
1.61514485830996e-09,919700
1.61460861236614e-09,919800
1.61407079262218e-09,919900
1.6135314386154e-09,920000
1.61299058985183e-09,920100
1.61244828578985e-09,920200
1.61190456582397e-09,920300
1.61135946926872e-09,920400
1.61081303534268e-09,920500
1.61026530315262e-09,920600
1.60971631167781e-09,920700
1.60916609975449e-09,920800
1.60861470606037e-09,920900
1.60806216909956e-09,921000
1.6075085271874e-09,921100
1.60695381843559e-09,921200
1.60639808073754e-09,921300
1.60584135175379e-09,921400
1.60528366889781e-09,921500
1.60472506932172e-09,921600
1.6041655899025e-09,921700
1.60360526722835e-09,921800
1.60304413758503e-09,921900
1.60248223694272e-09,922000
1.60191960094302e-09,922100
1.60135626488608e-09,922200
1.60079226371812e-09,922300
1.600227632019e-09,922400
1.59966240399029e-09,922500
1.59909661344335e-09,922600
1.59853029378776e-09,922700
1.59796347802015e-09,922800
1.59739619871297e-09,922900
1.5968284880038e-09,923000
1.59626037758491e-09,923100
1.59569189869289e-09,923200
1.59512308209877e-09,923300
1.59455395809835e-09,923400
1.59398455650272e-09,923500
1.59341490662922e-09,923600
1.59284503729259e-09,923700
1.59227497679638e-09,923800
1.59170475292481e-09,923900
1.59113439293463e-09,924000
1.59056392354768e-09,924100
1.58999337094327e-09,924200
1.5894227607514e-09,924300
1.58885211804566e-09,924400
1.58828146733703e-09,924500
1.58771083256757e-09,924600
1.58714023710454e-09,924700
1.58656970373492e-09,924800
1.58599925466e-09,924900
1.5854289114906e-09,925000
1.58485869524225e-09,925100
1.58428862633086e-09,925200
1.58371872456876e-09,925300
1.58314900916079e-09,925400
1.58257949870098e-09,925500
1.58201021116931e-09,925600
1.58144116392895e-09,925700
1.58087237372355e-09,925800
1.58030385667517e-09,925900
1.57973562828218e-09,926000
1.57916770341769e-09,926100
1.57860009632812e-09,926200
1.57803282063215e-09,926300
1.57746588931993e-09,926400
1.57689931475262e-09,926500
1.57633310866209e-09,926600
1.57576728215113e-09,926700
1.57520184569367e-09,926800
1.57463680913552e-09,926900
1.57407218169526e-09,927000
1.57350797196539e-09,927100
1.57294418791386e-09,927200
1.57238083688577e-09,927300
1.57181792560533e-09,927400
1.57125546017821e-09,927500
1.570693446094e-09,927600
1.57013188822902e-09,927700
1.56957079084936e-09,927800
1.56901015761411e-09,927900
1.56844999157892e-09,928000
1.56789029519988e-09,928100
1.56733107033734e-09,928200
1.56677231826032e-09,928300
1.56621403965088e-09,928400
1.56565623460891e-09,928500
1.56509890265703e-09,928600
1.56454204274569e-09,928700
1.56398565325869e-09,928800
1.56342973201854e-09,928900
1.5628742762924e-09,929000
1.56231928279806e-09,929100
1.56176474771e-09,929200
1.56121066666593e-09,929300
1.56065703477321e-09,929400
1.56010384661575e-09,929500
1.55955109626076e-09,929600
1.55899877726598e-09,929700
1.55844688268694e-09,929800
1.55789540508437e-09,929900
1.55734433653175e-09,930000
1.55679366862322e-09,930100
1.55624339248127e-09,930200
1.55569349876499e-09,930300
1.55514397767808e-09,930400
1.55459481897738e-09,930500
1.55404601198112e-09,930600
1.55349754557761e-09,930700
1.552949408234e-09,930800
1.55240158800494e-09,930900
1.55185407254161e-09,931000
1.55130684910078e-09,931100
1.55075990455385e-09,931200
1.55021322539618e-09,931300
1.54966679775639e-09,931400
1.54912060740563e-09,931500
1.54857463976726e-09,931600
1.54802887992634e-09,931700
1.5474833126392e-09,931800
1.5469379223432e-09,931900
1.54639269316646e-09,932000
1.54584760893771e-09,932100
1.54530265319612e-09,932200
1.54475780920116e-09,932300
1.54421305994267e-09,932400
1.54366838815071e-09,932500
1.54312377630566e-09,932600
1.5425792066482e-09,932700
1.54203466118944e-09,932800
1.54149012172089e-09,932900
1.54094556982467e-09,933000
1.54040098688348e-09,933100
1.53985635409081e-09,933200
1.53931165246087e-09,933300
1.5387668628389e-09,933400
1.53822196591102e-09,933500
1.53767694221441e-09,933600
1.53713177214732e-09,933700
1.53658643597903e-09,933800
1.53604091385991e-09,933900
1.53549518583126e-09,934000
1.53494923183532e-09,934100
1.53440303172503e-09,934200
1.53385656527392e-09,934300
1.53330981218588e-09,934400
1.53276275210474e-09,934500
1.53221536462409e-09,934600
1.53166762929675e-09,934700
1.53111952564432e-09,934800
1.53057103316663e-09,934900
1.5300221313511e-09,935000
1.52947279968205e-09,935100
1.5289230176499e-09,935200
1.52837276476025e-09,935300
1.52782202054305e-09,935400
1.52727076456139e-09,935500
1.5267189764204e-09,935600
1.526166635776e-09,935700
1.5256137223436e-09,935800
1.52506021590657e-09,935900
1.52450609632461e-09,936000
1.52395134354226e-09,936100
1.52339593759692e-09,936200
1.522839858627e-09,936300
1.52228308687989e-09,936400
1.52172560271977e-09,936500
1.5211673866354e-09,936600
1.52060841924758e-09,936700
1.52004868131675e-09,936800
1.51948815375016e-09,936900
1.51892681760914e-09,937000
1.51836465411619e-09,937100
1.51780164466175e-09,937200
1.51723777081106e-09,937300
1.51667301431078e-09,937400
1.51610735709539e-09,937500
1.51554078129361e-09,937600
1.51497326923442e-09,937700
1.51440480345327e-09,937800
1.51383536669776e-09,937900
1.51326494193352e-09,938000
1.51269351234956e-09,938100
1.51212106136383e-09,938200
1.5115475726284e-09,938300
1.51097303003455e-09,938400
1.51039741771757e-09,938500
1.50982072006164e-09,938600
1.50924292170433e-09,938700
1.50866400754105e-09,938800
1.50808396272926e-09,938900
1.50750277269258e-09,939000
1.50692042312471e-09,939100
1.5063368999931e-09,939200
1.50575218954262e-09,939300
1.50516627829888e-09,939400
1.50457915307152e-09,939500
1.50399080095721e-09,939600
1.50340120934259e-09,939700
1.50281036590696e-09,939800
1.50221825862488e-09,939900
1.50162487576844e-09,940000
1.50103020590954e-09,940100
1.50043423792191e-09,940200
1.49983696098297e-09,940300
1.4992383645755e-09,940400
1.49863843848916e-09,940500
1.4980371728219e-09,940600
1.497434557981e-09,940700
1.49683058468425e-09,940800
1.49622524396063e-09,940900
1.49561852715112e-09,941000
1.49501042590912e-09,941100
1.49440093220076e-09,941200
1.49379003830523e-09,941300
1.49317773681459e-09,941400
1.49256402063375e-09,941500
1.49194888298008e-09,941600
1.49133231738298e-09,941700
1.49071431768323e-09,941800
1.49009487803217e-09,941900
1.48947399289078e-09,942000
1.48885165702853e-09,942100
1.48822786552217e-09,942200
1.48760261375425e-09,942300
1.48697589741163e-09,942400
1.48634771248366e-09,942500
1.48571805526042e-09,942600
1.48508692233064e-09,942700
1.48445431057962e-09,942800
1.48382021718684e-09,942900
1.48318463962359e-09,943000
1.48254757565041e-09,943100
1.48190902331433e-09,943200
1.48126898094606e-09,943300
1.48062744715703e-09,943400
1.47998442083626e-09,943500
1.47933990114718e-09,943600
1.47869388752421e-09,943700
1.4780463796694e-09,943800
1.4773973775487e-09,943900
1.47674688138837e-09,944000
1.47609489167114e-09,944100
1.47544140913221e-09,944200
1.47478643475528e-09,944300
1.47412996976844e-09,944400
1.4734720156398e-09,944500
1.47281257407328e-09,944600
1.47215164700411e-09,944700
1.47148923659428e-09,944800
1.4708253452279e-09,944900
1.47015997550661e-09,945000
1.46949313024463e-09,945100
1.46882481246394e-09,945200
1.46815502538938e-09,945300
1.46748377244349e-09,945400
1.46681105724158e-09,945500
1.46613688358645e-09,945600
1.46546125546305e-09,945700
1.46478417703348e-09,945800
1.46410565263136e-09,945900
1.46342568675646e-09,946000
1.4627442840694e-09,946100
1.46206144938595e-09,946200
1.46137718767163e-09,946300
1.46069150403591e-09,946400
1.46000440372683e-09,946500
1.45931589212512e-09,946600
1.45862597473862e-09,946700
1.45793465719648e-09,946800
1.45724194524346e-09,946900
1.45654784473413e-09,947000
1.45585236162709e-09,947100
1.45515550197919e-09,947200
1.45445727193964e-09,947300
1.45375767774433e-09,947400
1.45305672570989e-09,947500
1.45235442222792e-09,947600
1.45165077375916e-09,947700
1.45094578682774e-09,947800
1.45023946801533e-09,947900
1.44953182395537e-09,948000
1.44882286132735e-09,948100
1.44811258685103e-09,948200
1.44740100728079e-09,948300
1.44668812939989e-09,948400
1.44597396001488e-09,948500
1.44525850594991e-09,948600
1.44454177404132e-09,948700
1.44382377113189e-09,948800
1.44310450406562e-09,948900
1.44238397968208e-09,949000
1.44166220481122e-09,949100
1.44093918626789e-09,949200
1.44021493084673e-09,949300
1.43948944531692e-09,949400
1.43876273641698e-09,949500
1.43803481084989e-09,949600
1.43730567527797e-09,949700
1.43657533631807e-09,949800
1.43584380053665e-09,949900
1.43511107444517e-09,950000
1.43437716449527e-09,950100
1.4336420770744e-09,950200
1.43290581850121e-09,950300
1.4321683950212e-09,950400
1.43142981280248e-09,950500
1.43069007793152e-09,950600
1.42994919640915e-09,950700
1.42920717414658e-09,950800
1.42846401696144e-09,950900
1.42771973057412e-09,951000
1.42697432060415e-09,951100
1.42622779256658e-09,951200
1.4254801518686e-09,951300
1.42473140380631e-09,951400
1.42398155356154e-09,951500
1.42323060619868e-09,951600
1.42247856666197e-09,951700
1.42172543977255e-09,951800
1.42097123022583e-09,951900
1.42021594258906e-09,952000
1.41945958129881e-09,952100
1.41870215065877e-09,952200
1.41794365483756e-09,952300
1.41718409786693e-09,952400
1.41642348363968e-09,952500
1.4156618159081e-09,952600
1.41489909828231e-09,952700
1.41413533422894e-09,952800
1.41337052706983e-09,952900
1.41260467998076e-09,953000
1.41183779599064e-09,953100
1.41106987798058e-09,953200
1.41030092868322e-09,953300
1.40953095068214e-09,953400
1.4087599464115e-09,953500
1.40798791815579e-09,953600
1.40721486804967e-09,953700
1.40644079807811e-09,953800
1.40566571007645e-09,953900
1.40488960573088e-09,954000
1.40411248657882e-09,954100
1.40333435400968e-09,954200
1.40255520926541e-09,954300
1.40177505344175e-09,954400
1.40099388748907e-09,954500
1.40021171221368e-09,954600
1.39942852827921e-09,954700
1.39864433620805e-09,954800
1.39785913638315e-09,954900
1.39707292904968e-09,955000
1.39628571431703e-09,955100
1.39549749216093e-09,955200
1.3947082624256e-09,955300
1.39391802482613e-09,955400
1.39312677895105e-09,955500
1.3923345242648e-09,955600
1.39154126011066e-09,955700
1.39074698571356e-09,955800
1.38995170018308e-09,955900
1.38915540251666e-09,956000
1.3883580916028e-09,956100
1.38755976622453e-09,956200
1.3867604250629e-09,956300
1.38596006670054e-09,956400
1.38515868962555e-09,956500
1.38435629223521e-09,956600
1.38355287284005e-09,956700
1.38274842966793e-09,956800
1.38194296086813e-09,956900
1.38113646451577e-09,957000
1.38032893861603e-09,957100
1.37952038110878e-09,957200
1.3787107898731e-09,957300
1.37790016273189e-09,957400
1.37708849745665e-09,957500
1.37627579177236e-09,957600
1.37546204336229e-09,957700
1.37464724987313e-09,957800
1.37383140891983e-09,957900
1.37301451809094e-09,958000
1.37219657495366e-09,958100
1.3713775770592e-09,958200
1.37055752194796e-09,958300
1.369736407155e-09,958400
1.3689142302154e-09,958500
1.36809098866975e-09,958600
1.36726668006961e-09,958700
1.36644130198311e-09,958800
1.36561485200042e-09,958900
1.36478732773945e-09,959000
1.36395872685144e-09,959100
1.36312904702657e-09,959200
1.36229828599968e-09,959300
1.36146644155594e-09,959400
1.36063351153652e-09,959500
1.35979949384427e-09,959600
1.35896438644939e-09,959700
1.35812818739524e-09,959800
1.35729089480385e-09,959900
1.35645250688168e-09,960000
1.35561302192528e-09,960100
1.35477243832686e-09,960200
1.3539307545799e-09,960300
1.35308796928478e-09,960400
1.35224408115424e-09,960500
1.35139908901895e-09,960600
1.35055299183285e-09,960700
1.34970578867874e-09,960800
1.3488574787734e-09,960900
1.34800806147311e-09,961000
1.34715753627875e-09,961100
1.34630590284102e-09,961200
1.34545316096556e-09,961300
1.34459931061795e-09,961400
1.34374435192872e-09,961500
1.34288828519814e-09,961600
1.34203111090109e-09,961700
1.34117282969176e-09,961800
1.34031344240821e-09,961900
1.33945295007692e-09,962000
1.33859135391721e-09,962100
1.33772865534554e-09,962200
1.33686485597969e-09,962300
1.33599995764292e-09,962400
1.33513396236787e-09,962500
1.33426687240048e-09,962600
1.33339869020372e-09,962700
1.33252941846117e-09,962800
1.33165906008051e-09,962900
1.33078761819694e-09,963000
1.32991509617636e-09,963100
1.32904149761843e-09,963200
1.32816682635957e-09,963300
1.32729108647569e-09,963400
1.32641428228495e-09,963500
1.32553641835017e-09,963600
1.32465749948131e-09,963700
1.32377753073749e-09,963800
1.32289651742928e-09,963900
1.32201446512039e-09,964000
1.32113137962954e-09,964100
1.32024726703201e-09,964200
1.31936213366096e-09,964300
1.31847598610885e-09,964400
1.31758883122834e-09,964500
1.31670067613338e-09,964600
1.31581152819982e-09,964700
1.31492139506608e-09,964800
1.3140302846335e-09,964900
1.31313820506659e-09,965000
1.31224516479312e-09,965100
1.31135117250398e-09,965200
1.31045623715286e-09,965300
1.30956036795588e-09,965400
1.30866357439088e-09,965500
1.30776586619665e-09,965600
1.30686725337189e-09,965700
1.30596774617411e-09,965800
1.30506735511828e-09,965900
1.30416609097525e-09,966000
1.30326396477018e-09,966100
1.30236098778058e-09,966200
1.30145717153435e-09,966300
1.30055252780748e-09,966400
1.2996470686218e-09,966500
1.29874080624234e-09,966600
1.29783375317463e-09,966700
1.29692592216185e-09,966800
1.29601732618171e-09,966900
1.29510797844336e-09,967000
1.29419789238388e-09,967100
1.29328708166483e-09,967200
1.29237556016851e-09,967300
1.29146334199411e-09,967400
1.29055044145373e-09,967500
1.28963687306821e-09,967600
1.28872265156281e-09,967700
1.28780779186272e-09,967800
1.28689230908858e-09,967900
1.28597621855156e-09,968000
1.28505953574865e-09,968100
1.28414227635756e-09,968200
1.28322445623152e-09,968300
1.28230609139414e-09,968400
1.28138719803393e-09,968500
1.28046779249875e-09,968600
1.27954789129019e-09,968700
1.27862751105786e-09,968800
1.27770666859345e-09,968900
1.27678538082482e-09,969000
1.27586366480989e-09,969100
1.27494153773044e-09,969200
1.27401901688588e-09,969300
1.2730961196869e-09,969400
1.27217286364895e-09,969500
1.27124926638582e-09,969600
1.27032534560293e-09,969700
1.26940111909067e-09,969800
1.26847660471776e-09,969900
1.26755182042428e-09,970000
1.26662678421492e-09,970100
1.26570151415199e-09,970200
1.26477602834849e-09,970300
1.26385034496109e-09,970400
1.26292448218304e-09,970500
1.26199845823713e-09,970600
1.26107229136851e-09,970700
1.26014599983761e-09,970800
1.25921960191296e-09,970900
1.25829311586398e-09,971000
1.25736655995387e-09,971100
1.25643995243232e-09,971200
1.25551331152842e-09,971300
1.25458665544342e-09,971400
1.25366000234357e-09,971500
1.25273337035302e-09,971600
1.2518067775466e-09,971700
1.25088024194282e-09,971800
1.24995378149673e-09,971900
1.2490274140929e-09,972000
1.24810115753846e-09,972100
1.24717502955612e-09,972200
1.24624904777734e-09,972300
1.24532322973544e-09,972400
1.24439759285882e-09,972500
1.24347215446437e-09,972600
1.24254693175072e-09,972700
1.24162194179176e-09,972800
1.24069720153015e-09,972900
1.239772727771e-09,973000
1.23884853717543e-09,973100
1.23792464625457e-09,973200
1.23700107136334e-09,973300
1.23607782869453e-09,973400
1.2351549342729e-09,973500
1.23423240394942e-09,973600
1.23331025339568e-09,973700
1.23238849809827e-09,973800
1.2314671533535e-09,973900
1.23054623426209e-09,974000
1.22962575572403e-09,974100
1.22870573243362e-09,974200
1.22778617887466e-09,974300
1.22686710931568e-09,974400
1.22594853780545e-09,974500
1.22503047816853e-09,974600
1.22411294400112e-09,974700
1.22319594866693e-09,974800
1.22227950529322e-09,974900
1.2213636267671e-09,975000
1.22044832573199e-09,975100
1.2195336145841e-09,975200
1.21861950546929e-09,975300
1.21770601027993e-09,975400
1.21679314065206e-09,975500
1.21588090796267e-09,975600
1.21496932332722e-09,975700
1.21405839759716e-09,975800
1.21314814135795e-09,975900
1.21223856492696e-09,976000
1.21132967835177e-09,976100
1.21042149140852e-09,976200
1.20951401360055e-09,976300
1.20860725415716e-09,976400
1.20770122203259e-09,976500
1.20679592590525e-09,976600
1.20589137417699e-09,976700
1.20498757497278e-09,976800
1.20408453614031e-09,976900
1.20318226525011e-09,977000
1.20228076959556e-09,977100
1.20138005619329e-09,977200
1.20048013178367e-09,977300
1.19958100283157e-09,977400
1.19868267552722e-09,977500
1.19778515578733e-09,977600
1.19688844925642e-09,977700
1.19599256130822e-09,977800
1.19509749704738e-09,977900
1.19420326131133e-09,978000
1.19330985867228e-09,978100
1.19241729343942e-09,978200
1.19152556966133e-09,978300
1.1906346911286e-09,978400
1.18974466137645e-09,978500
1.18885548368776e-09,978600
1.18796716109608e-09,978700
1.18707969638895e-09,978800
1.18619309211123e-09,978900
1.1853073505687e-09,979000
1.18442247383187e-09,979100
1.18353846373976e-09,979200
1.182655321904e-09,979300
1.18177304971296e-09,979400
1.18089164833615e-09,979500
1.18001111872865e-09,979600
1.17913146163567e-09,979700
1.1782526775974e-09,979800
1.17737476695369e-09,979900
1.17649772984926e-09,980000
1.17562156623858e-09,980100
1.17474627589128e-09,980200
1.17387185839731e-09,980300
1.17299831317248e-09,980400
1.172125639464e-09,980500
1.171253836356e-09,980600
1.17038290277534e-09,980700
1.16951283749739e-09,980800
1.16864363915191e-09,980900
1.16777530622894e-09,981000
1.16690783708495e-09,981100
1.16604122994883e-09,981200
1.16517548292804e-09,981300
1.16431059401488e-09,981400
1.16344656109263e-09,981500
1.16258338194198e-09,981600
1.16172105424718e-09,981700
1.16085957560254e-09,981800
1.15999894351874e-09,981900
1.15913915542922e-09,982000
1.15828020869664e-09,982100
1.15742210061924e-09,982200
1.15656482843731e-09,982300
1.15570838933954e-09,982400
1.15485278046951e-09,982500
1.15399799893203e-09,982600
1.15314404179947e-09,982700
1.15229090611816e-09,982800
1.15143858891466e-09,982900
1.15058708720205e-09,983000
1.14973639798614e-09,983100
1.1488865182716e-09,983200
1.14803744506813e-09,983300
1.14718917539652e-09,983400
1.14634170629451e-09,983500
1.14549503482287e-09,983600
1.1446491580711e-09,983700
1.14380407316325e-09,983800
1.14295977726348e-09,983900
1.14211626758177e-09,984000
1.14127354137921e-09,984100
1.14043159597348e-09,984200
1.13959042874402e-09,984300
1.13875003713716e-09,984400
1.13791041867121e-09,984500
1.13707157094115e-09,984600
1.1362334916236e-09,984700
1.13539617848127e-09,984800
1.13455962936745e-09,984900
1.13372384223046e-09,985000
1.13288881511767e-09,985100
1.1320545461796e-09,985200
1.1312210336738e-09,985300
1.13038827596848e-09,985400
1.12955627154621e-09,985500
1.12872501900705e-09,985600
1.12789451707199e-09,985700
1.1270647645858e-09,985800
1.12623576051998e-09,985900
1.12540750397537e-09,986000
1.12457999418465e-09,986100
1.1237532305146e-09,986200
1.12292721246822e-09,986300
1.12210193968663e-09,986400
1.12127741195079e-09,986500
1.120453629183e-09,986600
1.11963059144817e-09,986700
1.11880829895499e-09,986800
1.11798675205681e-09,986900
1.11716595125233e-09,987000
1.11634589718611e-09,987100
1.11552659064882e-09,987200
1.11470803257734e-09,987300
1.11389022405464e-09,987400
1.11307316630944e-09,987500
1.11225686071553e-09,987600
1.11144130879125e-09,987700
1.11062651219826e-09,987800
1.10981247274044e-09,987900
1.1089991923626e-09,988000
1.1081866731487e-09,988100
1.10737491732009e-09,988200
1.10656392723354e-09,988300
1.10575370537889e-09,988400
1.10494425437668e-09,988500
1.10413557697552e-09,988600
1.10332767604911e-09,988700
1.1025205545933e-09,988800
1.10171421572278e-09,988900
1.10090866266764e-09,989000
1.10010389876968e-09,989100
1.09929992747859e-09,989200
1.09849675234788e-09,989300
1.09769437703071e-09,989400
1.09689280527538e-09,989500
1.0960920409208e-09,989600
1.09529208789169e-09,989700
1.09449295019365e-09,989800
1.09369463190794e-09,989900
1.09289713718637e-09,990000
1.09210047024557e-09,990100
1.09130463536165e-09,990200
1.09050963686422e-09,990300
1.08971547913057e-09,990400
1.08892216657952e-09,990500
1.08812970366526e-09,990600
1.08733809487096e-09,990700
1.08654734470226e-09,990800
1.08575745768071e-09,990900
1.08496843833698e-09,991000
1.08418029120399e-09,991100
1.08339302081e-09,991200
1.08260663167145e-09,991300
1.08182112828585e-09,991400
1.08103651512445e-09,991500
1.08025279662498e-09,991600
1.07946997718405e-09,991700
1.07868806114974e-09,991800
1.07790705281397e-09,991900
1.07712695640487e-09,992000
1.07634777607903e-09,992100
1.07556951591372e-09,992200
1.07479217989916e-09,992300
1.07401577193054e-09,992400
1.07324029580029e-09,992500
1.07246575519006e-09,992600
1.07169215366277e-09,992700
1.07091949465484e-09,992800
1.07014778146808e-09,992900
1.0693770172618e-09,993000
1.06860720504489e-09,993100
1.06783834766796e-09,993200
1.0670704478153e-09,993300
1.06630350799718e-09,993400
1.06553753054195e-09,993500
1.06477251758824e-09,993600
1.06400847107729e-09,993700
1.06324539274517e-09,993800
1.06248328411533e-09,993900
1.06172214649094e-09,994000
1.06096198094746e-09,994100
1.0602027883253e-09,994200
1.05944456922252e-09,994300
1.05868732398764e-09,994400
1.05793105271258e-09,994500
1.05717575522568e-09,994600
1.05642143108488e-09,994700
1.055668079571e-09,994800
1.05491569968115e-09,994900
1.05416429012224e-09,995000
1.05341384930473e-09,995100
1.05266437533651e-09,995200
1.05191586601682e-09,995300
1.05116831883045e-09,995400
1.05042173094214e-09,995500
1.049676099191e-09,995600
1.04893142008529e-09,995700
1.04818768979722e-09,995800
1.04744490415808e-09,995900
1.04670305865351e-09,996000
1.04596214841896e-09,996100
1.04522216823531e-09,996200
1.04448311252494e-09,996300
1.0437449753476e-09,996400
1.04300775039696e-09,996500
1.04227143099704e-09,996600
1.04153601009904e-09,996700
1.04080148027836e-09,996800
1.04006783373189e-09,996900
1.03933506227552e-09,997000
1.03860315734178e-09,997100
1.03787210997806e-09,997200
1.03714191084466e-09,997300
1.03641255021346e-09,997400
1.0356840179666e-09,997500
1.03495630359552e-09,997600
1.03422939620036e-09,997700
1.0335032844894e-09,997800
1.03277795677901e-09,997900
1.03205340099371e-09,998000
1.03132960466654e-09,998100
1.03060655493975e-09,998200
1.02988423856576e-09,998300
1.02916264190832e-09,998400
1.02844175094402e-09,998500
1.02772155126411e-09,998600
1.0270020280765e-09,998700
1.02628316620809e-09,998800
1.02556495010745e-09,998900
1.02484736384764e-09,999000
1.02413039112941e-09,999100
1.0234140152847e-09,999200
1.02269821928031e-09,999300
1.02198298572192e-09,999400
1.02126829685841e-09,999500
1.02055413458643e-09,999600
1.01984048045517e-09,999700
1.01912731567156e-09,999800
1.01841462110559e-09,999900
1.017702377296e-09,1000000
1.01699056445612e-09,1000100
1.01627916248016e-09,1000200
1.01556815094956e-09,1000300
1.01485750913968e-09,1000400
1.01414721602684e-09,1000500
1.01343725029541e-09,1000600
1.01272759034533e-09,1000700
1.01201821429976e-09,1000800
1.01130910001303e-09,1000900
1.0106002250788e-09,1001000
1.00989156683841e-09,1001100
1.00918310238961e-09,1001200
1.00847480859523e-09,1001300
1.0077666620924e-09,1001400
1.00705863930174e-09,1001500
1.00635071643683e-09,1001600
1.00564286951386e-09,1001700
1.00493507436161e-09,1001800
1.00422730663134e-09,1001900
1.00351954180717e-09,1002000
1.00281175521642e-09,1002100
1.0021039220402e-09,1002200
1.0013960173242e-09,1002300
1.00068801598956e-09,1002400
9.9997989284391e-10,1002500
9.99271622592632e-10,1002600
9.98563179850158e-10,1002700
9.97854539151412e-10,1002800
9.97145674963468e-10,1002900
9.96436561697182e-10,1003000
9.95727173719065e-10,1003100
9.95017485363167e-10,1003200
9.94307470943071e-10,1003300
9.93597104764027e-10,1003400
9.92886361135057e-10,1003500
9.92175214381268e-10,1003600
9.91463638856101e-10,1003700
9.90751608953672e-10,1003800
9.90039099121228e-10,1003900
9.8932608387151e-10,1004000
9.88612537795294e-10,1004100
9.87898435573803e-10,1004200
9.87183751991261e-10,1004300
9.86468461947343e-10,1004400
9.85752540469754e-10,1004500
9.850359627266e-10,1004600
9.84318704038963e-10,1004700
9.83600739893244e-10,1004800
9.82882045953657e-10,1004900
9.82162598074478e-10,1005000
9.81442372312436e-10,1005100
9.80721344938867e-10,1005200
9.79999492451946e-10,1005300
9.79276791588762e-10,1005400
9.78553219337252e-10,1005500
9.77828752948186e-10,1005600
9.77103369946927e-10,1005700
9.76377048145103e-10,1005800
9.75649765652235e-10,1005900
9.7492150088708e-10,1006000
9.74192232589055e-10,1006100
9.73461939829287e-10,1006200
9.72730602021686e-10,1006300
9.71998198933778e-10,1006400
9.71264710697384e-10,1006500
9.70530117819154e-10,1006600
9.69794401190851e-10,1006700
9.69057542099539e-10,1006800
9.68319522237498e-10,1006900
9.67580323711977e-10,1007000
9.66839929054716e-10,1007100
9.66098321231281e-10,1007200
9.65355483650154e-10,1007300
9.64611400171558e-10,1007400
9.63866055116168e-10,1007500
9.63119433273389e-10,1007600
9.62371519909606e-10,1007700
9.61622300775994e-10,1007800
9.60871762116178e-10,1007900
9.60119890673567e-10,1008000
9.59366673698471e-10,1008100
9.58612098954951e-10,1008200
9.57856154727244e-10,1008300
9.5709882982615e-10,1008400
9.56340113594904e-10,1008500
9.55579995914851e-10,1008600
9.54818467210881e-10,1008700
9.54055518456431e-10,1008800
9.5329114117825e-10,1008900
9.52525327460924e-10,1009000
9.51758069950892e-10,1009100
9.50989361860404e-10,1009200
9.50219196970956e-10,1009300
9.49447569636449e-10,1009400
9.48674474786128e-10,1009500
9.47899907927045e-10,1009600
9.47123865146293e-10,1009700
9.46346343112903e-10,1009800
9.45567339079335e-10,1009900
9.44786850882745e-10,1010000
9.44004876945809e-10,1010100
9.43221416277313e-10,1010200
9.42436468472334e-10,1010300
9.41650033712076e-10,1010400
9.40862112763489e-10,1010500
9.40072706978333e-10,1010600
9.39281818292185e-10,1010700
9.38489449222862e-10,1010800
9.37695602868617e-10,1010900
9.36900282906044e-10,1011000
9.36103493587565e-10,1011100
9.35305239738582e-10,1011200
9.3450552675442e-10,1011300
9.33704360596751e-10,1011400
9.32901747789923e-10,1011500
9.32097695416723e-10,1011600
9.31292211114012e-10,1011700
9.30485303067908e-10,1011800
9.29676980008774e-10,1011900
9.28867251205765e-10,1012000
9.28056126461181e-10,1012100
9.27243616104425e-10,1012200
9.26429730985732e-10,1012300
9.25614482469555e-10,1012400
9.24797882427636e-10,1012500
9.23979943231875e-10,1012600
9.23160677746826e-10,1012700
9.22340099321937e-10,1012800
9.215182217836e-10,1012900
9.20695059426756e-10,1013000
9.19870627006406e-10,1013100
9.19044939728786e-10,1013200
9.1821801324226e-10,1013300
9.17389863628074e-10,1013400
9.1656050739075e-10,1013500
9.15729961448291e-10,1013600
9.14898243122221e-10,1013700
9.14065370127298e-10,1013800
9.13231360561046e-10,1013900
9.12396232893151e-10,1014000
9.11560005954574e-10,1014100
9.10722698926481e-10,1014200
9.09884331329007e-10,1014300
9.09044923009837e-10,1014400
9.08204494132656e-10,1014500
9.07363065165323e-10,1014600
9.0652065686801e-10,1014700
9.05677290281132e-10,1014800
9.04832986713127e-10,1014900
9.03987767728153e-10,1015000
9.03141655133621e-10,1015100
9.02294670967601e-10,1015200
9.01446837486187e-10,1015300
9.00598177150687e-10,1015400
8.99748712614771e-10,1015500
8.98898466711471e-10,1015600
8.98047462440253e-10,1015700
8.97195722953814e-10,1015800
8.96343271545014e-10,1015900
8.95490131633646e-10,1016000
8.94636326753215e-10,1016100
8.93781880537669e-10,1016200
8.92926816708059e-10,1016300
8.92071159059381e-10,1016400
8.9121493144706e-10,1016500
8.90358157773851e-10,1016600
8.895008619764e-10,1016700
8.88643068012082e-10,1016800
8.87784799845686e-10,1016900
8.86926081436261e-10,1017000
8.86066936723927e-10,1017100
8.85207389616822e-10,1017200
8.84347463978023e-10,1017300
8.83487183612622e-10,1017400
8.8262657225483e-10,1017500
8.81765653555204e-10,1017600
8.80904451067902e-10,1017700
8.80042988238162e-10,1017800
8.79181288389801e-10,1017900
8.78319374712841e-10,1018000
8.77457270251318e-10,1018100
8.76594997891218e-10,1018200
8.7573258034844e-10,1018300
8.74870040157139e-10,1018400
8.74007399657986e-10,1018500
8.73144680986799e-10,1018600
8.72281906063189e-10,1018700
8.7141909657947e-10,1018800
8.70556273989807e-10,1018900
8.69693459499386e-10,1019000
8.68830674053993e-10,1019100
8.67967938329668e-10,1019200
8.67105272722591e-10,1019300
8.66242697339264e-10,1019400
8.65380231986802e-10,1019500
8.64517896163562e-10,1019600
8.63655709049949e-10,1019700
8.62793689499516e-10,1019800
8.61931856030249e-10,1019900
8.61070226816151e-10,1020000
8.60208819679093e-10,1020100
8.59347652080899e-10,1020200
8.5848674111572e-10,1020300
8.57626103502662e-10,1020400
8.56765755578735e-10,1020500
8.55905713292021e-10,1020600
8.55045992195195e-10,1020700
8.5418660743927e-10,1020800
8.53327573767696e-10,1020900
8.52468905510674e-10,1021000
8.5161061657991e-10,1021100
8.50752720463484e-10,1021200
8.49895230221163e-10,1021300
8.49038158479992e-10,1021400
8.48181517430149e-10,1021500
8.47325318821156e-10,1021600
8.46469573958394e-10,1021700
8.45614293699886e-10,1021800
8.44759488453488e-10,1021900
8.43905168174279e-10,1022000
8.43051342362391e-10,1022100
8.42198020061068e-10,1022200
8.41345209855033e-10,1022300
8.40492919869295e-10,1022400
8.39641157768089e-10,1022500
8.38789930754313e-10,1022600
8.37939245569165e-10,1022700
8.37089108492115e-10,1022800
8.36239525341271e-10,1022900
8.35390501473936e-10,1023000
8.34542041787565e-10,1023100
8.33694150721035e-10,1023200
8.32846832256132e-10,1023300
8.32000089919498e-10,1023400
8.31153926784721e-10,1023500
8.30308345474814e-10,1023600
8.29463348165069e-10,1023700
8.2861893658599e-10,1023800
8.27775112026769e-10,1023900
8.2693187533885e-10,1024000
8.26089226939914e-10,1024100
8.25247166818139e-10,1024200
8.24405694536586e-10,1024300
8.2356480923812e-10,1024400
8.22724509650345e-10,1024500
8.21884794091008e-10,1024600
8.2104566047352e-10,1024700
8.20207106312826e-10,1024800
8.19369128731531e-10,1024900
8.18531724466162e-10,1025000
8.17694889873847e-10,1025100
8.16858620939077e-10,1025200
8.16022913280794e-10,1025300
8.15187762159669e-10,1025400
8.14353162485617e-10,1025500
8.13519108825481e-10,1025600
8.12685595411044e-10,1025700
8.11852616147111e-10,1025800
8.11020164619804e-10,1025900
8.10188234105166e-10,1026000
8.09356817577834e-10,1026100
8.08525907719904e-10,1026200
8.07695496930015e-10,1026300
8.06865577332544e-10,1026400
8.06036140787015e-10,1026500
8.05207178897606e-10,1026600
8.04378683022811e-10,1026700
8.03550644285245e-10,1026800
8.02723053581601e-10,1026900
8.0189590159268e-10,1027000
8.01069178793573e-10,1027100
8.00242875463941e-10,1027200
7.99416981698351e-10,1027300
7.98591487416796e-10,1027400
7.97766382375199e-10,1027500
7.96941656176057e-10,1027600
7.96117298279149e-10,1027700
7.95293298012244e-10,1027800
7.9446964458194e-10,1027900
7.93646327084529e-10,1028000
7.92823334516853e-10,1028100
7.92000655787259e-10,1028200
7.91178279726486e-10,1028300
7.90356195098694e-10,1028400
7.89534390612382e-10,1028500
7.88712854931337e-10,1028600
7.87891576685647e-10,1028700
7.87070544482564e-10,1028800
7.86249746917495e-10,1028900
7.85429172584824e-10,1029000
7.84608810088791e-10,1029100
7.83788648054283e-10,1029200
7.82968675137568e-10,1029300
7.82148880037013e-10,1029400
7.81329251503637e-10,1029500
7.80509778351731e-10,1029600
7.79690449469263e-10,1029700
7.78871253828252e-10,1029800
7.78052180495093e-10,1029900
7.7723321864063e-10,1030000
7.76414357550338e-10,1030100
7.75595586634149e-10,1030200
7.74776895436364e-10,1030300
7.73958273645305e-10,1030400
7.73139711102856e-10,1030500
7.72321197813918e-10,1030600
7.71502723955626e-10,1030700
7.70684279886528e-10,1030800
7.69865856155449e-10,1030900
7.69047443510364e-10,1031000
7.6822903290693e-10,1031100
7.67410615517015e-10,1031200
7.66592182736866e-10,1031300
7.65773726195228e-10,1031400
7.64955237761201e-10,1031500
7.64136709551952e-10,1031600
7.63318133940146e-10,1031700
7.62499503561227e-10,1031800
7.61680811320527e-10,1031900
7.6086205040005e-10,1032000
7.60043214265116e-10,1032100
7.59224296670808e-10,1032200
7.58405291668095e-10,1032300
7.57586193609769e-10,1032400
7.56766997156248e-10,1032500
7.55947697280949e-10,1032600
7.55128289275577e-10,1032700
7.54308768755137e-10,1032800
7.5348913166261e-10,1032900
7.52669374273553e-10,1033000
7.51849493200284e-10,1033100
7.51029485395874e-10,1033200
7.50209348157939e-10,1033300
7.49389079132094e-10,1033400
7.48568676315202e-10,1033500
7.47748138058332e-10,1033600
7.4692746306948e-10,1033700
7.46106650416025e-10,1033800
7.45285699526894e-10,1033900
7.44464610194504e-10,1034000
7.4364338257646e-10,1034100
7.42822017196868e-10,1034200
7.42000514947555e-10,1034300
7.41178877088895e-10,1034400
7.40357105250442e-10,1034500
7.39535201431246e-10,1034600
7.38713167999974e-10,1034700
7.37891007694695e-10,1034800
7.37068723622471e-10,1034900
7.36246319258641e-10,1035000
7.35423798445875e-10,1035100
7.34601165392959e-10,1035200
7.33778424673334e-10,1035300
7.3295558122334e-10,1035400
7.32132640340308e-10,1035500
7.31309607680289e-10,1035600
7.30486489255599e-10,1035700
7.29663291432124e-10,1035800
7.28840020926348e-10,1035900
7.28016684802175e-10,1036000
7.27193290467503e-10,1036100
7.26369845670537e-10,1036200
7.25546358495962e-10,1036300
7.24722837360745e-10,1036400
7.23899291009888e-10,1036500
7.230757285118e-10,1036600
7.22252159253571e-10,1036700
7.2142859293597e-10,1036800
7.20605039568261e-10,1036900
7.19781509462835e-10,1037000
7.18958013229563e-10,1037100
7.18134561770094e-10,1037200
7.17311166271821e-10,1037300
7.1648783820174e-10,1037400
7.15664589300134e-10,1037500
7.1484143157406e-10,1037600
7.14018377290618e-10,1037700
7.13195438970177e-10,1037800
7.12372629379323e-10,1037900
7.11549961523706e-10,1038000
7.10727448640753e-10,1038100
7.09905104192195e-10,1038200
7.09082941856461e-10,1038300
7.08260975521e-10,1038400
7.074392192744e-10,1038500
7.06617687398401e-10,1038600
7.05796394359857e-10,1038700
7.04975354802487e-10,1038800
7.04154583538608e-10,1038900
7.03334095540723e-10,1039000
7.02513905933035e-10,1039100
7.01694029982858e-10,1039200
7.00874483092002e-10,1039300
7.00055280787954e-10,1039400
6.99236438715202e-10,1039500
6.98417972626262e-10,1039600
6.97599898372831e-10,1039700
6.96782231896798e-10,1039800
6.95964989221229e-10,1039900
6.95148186441358e-10,1040000
6.94331839715435e-10,1040100
6.93515965255709e-10,1040200
6.92700579319266e-10,1040300
6.91885698198886e-10,1040400
6.91071338213911e-10,1040500
6.90257515701141e-10,1040600
6.89444247005614e-10,1040700
6.88631548471582e-10,1040800
6.87819436433331e-10,1040900
6.87007927206125e-10,1041000
6.86197037077156e-10,1041100
6.85386782296508e-10,1041200
6.84577179068203e-10,1041300
6.83768243541243e-10,1041400
6.82959991800741e-10,1041500
6.82152439859105e-10,1041600
6.81345603647283e-10,1041700
6.80539499006061e-10,1041800
6.79734141677428e-10,1041900
6.78929547296118e-10,1042000
6.78125731381069e-10,1042100
6.77322709327103e-10,1042200
6.76520496396687e-10,1042300
6.75719107711717e-10,1042400
6.74918558245485e-10,1042500
6.74118862814728e-10,1042600
6.73320036071813e-10,1042700
6.72522092496984e-10,1042800
6.71725046390789e-10,1042900
6.70928911866625e-10,1043000
6.70133702843396e-10,1043100
6.6933943303832e-10,1043200
6.68546115959887e-10,1043300
6.67753764900954e-10,1043400
6.66962392931951e-10,1043500
6.6617201289433e-10,1043600
6.65382637394071e-10,1043700
6.64594278795417e-10,1043800
6.63806949214739e-10,1043900
6.6302066051458e-10,1044000
6.62235424297848e-10,1044100
6.61451251902222e-10,1044200
6.60668154394702e-10,1044300
6.59886142566326e-10,1044400
6.59105226927131e-10,1044500
6.58325417701203e-10,1044600
6.57546724821979e-10,1044700
6.56769157927746e-10,1044800
6.55992726357286e-10,1044900
6.552174391457e-10,1045000
6.54443305020536e-10,1045100
6.53670332397949e-10,1045200
6.52898529379204e-10,1045300
6.52127903747292e-10,1045400
6.51358462963753e-10,1045500
6.50590214165766e-10,1045600
6.49823164163346e-10,1045700
6.490573194368e-10,1045800
6.48292686134409e-10,1045900
6.47529270070246e-10,1046000
6.46767076722206e-10,1046100
6.46006111230377e-10,1046200
6.45246378395375e-10,1046300
6.4448788267709e-10,1046400
6.43730628193578e-10,1046500
6.42974618720096e-10,1046600
6.42219857688392e-10,1046700
6.4146634818624e-10,1046800
6.40714092957077e-10,1046900
6.39963094399951e-10,1047000
6.39213354569564e-10,1047100
6.38464875176618e-10,1047200
6.37717657588277e-10,1047300
6.36971702828891e-10,1047400
6.36227011580855e-10,1047500
6.35483584185717e-10,1047600
6.34741420645475e-10,1047700
6.3400052062401e-10,1047800
6.3326088344877e-10,1047900
6.32522508112623e-10,1048000
6.31785393275892e-10,1048100
6.31049537268572e-10,1048200
6.3031493809273e-10,1048300
6.29581593425098e-10,1048400
6.28849500619818e-10,1048500
6.28118656711378e-10,1048600
6.27389058417725e-10,1048700
6.26660702143508e-10,1048800
6.25933583983558e-10,1048900
6.25207699726474e-10,1049000
6.24483044858338e-10,1049100
6.23759614566723e-10,1049200
6.23037403744663e-10,1049300
6.22316406994953e-10,1049400
6.21596618634459e-10,1049500
6.20878032698671e-10,1049600
6.20160642946333e-10,1049700
6.19444442864218e-10,1049800
6.18729425672065e-10,1049900
6.1801558432761e-10,1050000
6.17302911531786e-10,1050100
6.16591399733967e-10,1050200
6.15881041137427e-10,1050300
6.15171827704835e-10,1050400
6.1446375116389e-10,1050500
6.13756803013053e-10,1050600
6.13050974527415e-10,1050700
6.12346256764587e-10,1050800
6.11642640570768e-10,1050900
6.10940116586827e-10,1051000
6.10238675254529e-10,1051100
6.09538306822793e-10,1051200
6.08839001354074e-10,1051300
6.08140748730765e-10,1051400
6.07443538661712e-10,1051500
6.06747360688746e-10,1051600
6.06052204193327e-10,1051700
6.05358058403193e-10,1051800
6.04664912399067e-10,1051900
6.03972755121474e-10,1052000
6.03281575377486e-10,1052100
6.02591361847586e-10,1052200
6.0190210309255e-10,1052300
6.01213787560346e-10,1052400
6.00526403593028e-10,1052500
5.99839939433731e-10,1052600
5.99154383233581e-10,1052700
5.98469723058697e-10,1052800
5.97785946897142e-10,1052900
5.97103042665905e-10,1053000
5.96420998217875e-10,1053100
5.95739801348822e-10,1053200
5.95059439804327e-10,1053300
5.94379901286736e-10,1053400
5.93701173462088e-10,1053500
5.93023243966978e-10,1053600
5.92346100415489e-10,1053700
5.91669730405967e-10,1053800
5.90994121527867e-10,1053900
5.90319261368495e-10,1054000
5.89645137519749e-10,1054100
5.88971737584768e-10,1054200
5.88299049184582e-10,1054300
5.87627059964662e-10,1054400
5.86955757601447e-10,1054500
5.86285129808764e-10,1054600
5.85615164344266e-10,1054700
5.84945849015701e-10,1054800
5.84277171687154e-10,1054900
5.83609120285268e-10,1055000
5.82941682805285e-10,1055100
5.82274847317065e-10,1055200
5.81608601971036e-10,1055300
5.80942935003971e-10,1055400
5.80277834744815e-10,1055500
5.79613289620276e-10,1055600
5.78949288160401e-10,1055700
5.78285819004021e-10,1055800
5.77622870904117e-10,1055900
5.76960432733082e-10,1056000
5.76298493487828e-10,1056100
5.75637042294846e-10,1056200
5.74976068415116e-10,1056300
5.74315561248932e-10,1056400
5.73655510340561e-10,1056500
5.72995905382851e-10,1056600
5.72336736221661e-10,1056700
5.71677992860204e-10,1056800
5.71019665463248e-10,1056900
5.70361744361199e-10,1057000
5.6970422005405e-10,1057100
5.69047083215225e-10,1057200
5.68390324695253e-10,1057300
5.67733935525337e-10,1057400
5.67077906920796e-10,1057500
5.66422230284355e-10,1057600
5.65766897209289e-10,1057700
5.65111899482499e-10,1057800
5.6445722908733e-10,1057900
5.63802878206382e-10,1058000
5.63148839224095e-10,1058100
5.62495104729228e-10,1058200
5.61841667517175e-10,1058300
5.61188520592185e-10,1058400
5.60535657169408e-10,1058500
5.59883070676787e-10,1058600
5.5923075475685e-10,1058700
5.58578703268322e-10,1058800
5.57926910287636e-10,1058900
5.57275370110256e-10,1059000
5.56624077251891e-10,1059100
5.55973026449549e-10,1059200
5.55322212662493e-10,1059300
5.54671631072997e-10,1059400
5.54021277086986e-10,1059500
5.53371146334571e-10,1059600
5.52721234670389e-10,1059700
5.52071538173826e-10,1059800
5.51422053149166e-10,1059900
5.50772776125472e-10,1060000
5.50123703856446e-10,1060100
5.49474833320126e-10,1060200
5.48826161718421e-10,1060300
5.48177686476535e-10,1060400
5.47529405242266e-10,1060500
5.46881315885182e-10,1060600
5.46233416495619e-10,1060700
5.4558570538363e-10,1060800
5.44938181077753e-10,1060900
5.44290842323666e-10,1061000
5.43643688082732e-10,1061100
5.42996717530433e-10,1061200
5.42349930054638e-10,1061300
5.41703325253819e-10,1061400
5.4105690293512e-10,1061500
5.40410663112309e-10,1061600
5.39764606003615e-10,1061700
5.39118732029485e-10,1061800
5.38473041810205e-10,1061900
5.37827536163462e-10,1062000
5.3718221610172e-10,1062100
5.36537082829591e-10,1062200
5.35892137741047e-10,1062300
5.35247382416566e-10,1062400
5.34602818620165e-10,1062500
5.33958448296364e-10,1062600
5.33314273567036e-10,1062700
5.32670296728204e-10,1062800
5.32026520246744e-10,1062900
5.3138294675698e-10,1063000
5.30739579057232e-10,1063100
5.30096420106284e-10,1063200
5.29453473019791e-10,1063300
5.28810741066577e-10,1063400
5.28168227664907e-10,1063500
5.27525936378667e-10,1063600
5.26883870913506e-10,1063700
5.26242035112904e-10,1063800
5.25600432954195e-10,1063900
5.24959068544495e-10,1064000
5.24317946116671e-10,1064100
5.2367707002515e-10,1064200
5.23036444741782e-10,1064300
5.22396074851585e-10,1064400
5.217559650485e-10,1064500
5.21116120131099e-10,1064600
5.20476544998236e-10,1064700
5.19837244644702e-10,1064800
5.19198224156822e-10,1064900
5.18559488708048e-10,1065000
5.17921043554524e-10,1065100
5.1728289403063e-10,1065200
5.16645045544499e-10,1065300
5.1600750357355e-10,1065400
5.15370273659977e-10,1065500
5.14733361406249e-10,1065600
5.14096772470605e-10,1065700
5.13460512562522e-10,1065800
5.12824587438241e-10,1065900
5.1218900289621e-10,1066000
5.11553764772642e-10,1066100
5.10918878936949e-10,1066200
5.10284351287327e-10,1066300
5.0965018774622e-10,1066400
5.09016394255929e-10,1066500
5.08382976774142e-10,1066600
5.07749941269523e-10,1066700
5.07117293717338e-10,1066800
5.0648504009509e-10,1066900
5.05853186378171e-10,1067000
5.05221738535572e-10,1067100
5.04590702525618e-10,1067200
5.03960084291745e-10,1067300
5.03329889758293e-10,1067400
5.02700124826344e-10,1067500
5.02070795369659e-10,1067600
5.01441907230566e-10,1067700
5.00813466215988e-10,1067800
5.00185478093443e-10,1067900
4.99557948587153e-10,1068000
4.98930883374186e-10,1068100
4.98304288080653e-10,1068200
4.97678168277941e-10,1068300
4.97052529479081e-10,1068400
4.96427377135068e-10,1068500
4.95802716631345e-10,1068600
4.95178553284299e-10,1068700
4.94554892337828e-10,1068800
4.93931738959985e-10,1068900
4.93309098239721e-10,1069000
4.92686975183644e-10,1069100
4.9206537471288e-10,1069200
4.91444301660027e-10,1069300
4.90823760766168e-10,1069400
4.90203756677945e-10,1069500
4.89584293944754e-10,1069600
4.88965377015974e-10,1069700
4.88347010238335e-10,1069800
4.87729197853296e-10,1069900
4.87111943994585e-10,1070000
4.86495252685779e-10,1070100
4.85879127837946e-10,1070200
4.85263573247458e-10,1070300
4.84648592593806e-10,1070400
4.84034189437573e-10,1070500
4.83420367218428e-10,1070600
4.82807129253271e-10,1070700
4.8219447873446e-10,1070800
4.81582418728074e-10,1070900
4.8097095217236e-10,1071000
4.80360081876195e-10,1071100
4.7974981051769e-10,1071200
4.79140140642844e-10,1071300
4.7853107466435e-10,1071400
4.77922614860459e-10,1071500
4.77314763373933e-10,1071600
4.76707522211101e-10,1071700
4.76100893241051e-10,1071800
4.75494878194839e-10,1071900
4.74889478664871e-10,1072000
4.7428469610432e-10,1072100
4.7368053182668e-10,1072200
4.73076987005405e-10,1072300
4.7247406267363e-10,1072400
4.71871759723986e-10,1072500
4.71270078908555e-10,1072600
4.70669020838838e-10,1072700
4.700685859859e-10,1072800
4.69468774680552e-10,1072900
4.68869587113656e-10,1073000
4.68271023336503e-10,1073100
4.67673083261293e-10,1073200
4.67075766661734e-10,1073300
4.66479073173654e-10,1073400
4.6588300229578e-10,1073500
4.65287553390584e-10,1073600
4.64692725685199e-10,1073700
4.6409851827244e-10,1073800
4.63504930111903e-10,1073900
4.62911960031147e-10,1074000
4.62319606726982e-10,1074100
4.61727868766813e-10,1074200
4.61136744590076e-10,1074300
4.60546232509758e-10,1074400
4.59956330714006e-10,1074500
4.59367037267778e-10,1074600
4.58778350114643e-10,1074700
4.58190267078548e-10,1074800
4.576027858658e-10,1074900
4.57015904066963e-10,1075000
4.56429619158982e-10,1075100
4.55843928507251e-10,1075200
4.55258829367835e-10,1075300
4.54674318889718e-10,1075400
4.54090394117108e-10,1075500
4.53507051991869e-10,1075600
4.52924289355924e-10,1075700
4.52342102953806e-10,1075800
4.51760489435194e-10,1075900
4.51179445357573e-10,1076000
4.50598967188897e-10,1076100
4.50019051310332e-10,1076200
4.49439694019074e-10,1076300
4.48860891531138e-10,1076400
4.48282639984311e-10,1076500
4.47704935441031e-10,1076600
4.47127773891416e-10,1076700
4.46551151256258e-10,1076800
4.45975063390122e-10,1076900
4.45399506084413e-10,1077000
4.44824475070553e-10,1077100
4.44249966023155e-10,1077200
4.43675974563218e-10,1077300
4.4310249626138e-10,1077400
4.42529526641203e-10,1077500
4.41957061182477e-10,1077600
4.41385095324508e-10,1077700
4.40813624469506e-10,1077800
4.40242643985961e-10,1077900
4.39672149211996e-10,1078000
4.39102135458814e-10,1078100
4.38532598014085e-10,1078200
4.37963532145418e-10,1078300
4.3739493310378e-10,1078400
4.36826796126973e-10,1078500
4.36259116443074e-10,1078600
4.35691889273928e-10,1078700
4.35125109838594e-10,1078800
4.34558773356838e-10,1078900
4.33992875052591e-10,1079000
4.33427410157426e-10,1079100
4.32862373913994e-10,1079200
4.32297761579499e-10,1079300
4.31733568429164e-10,1079400
4.31169789759607e-10,1079500
4.30606420892308e-10,1079600
4.30043457176993e-10,1079700
4.29480893995021e-10,1079800
4.28918726762753e-10,1079900
4.28356950934904e-10,1080000
4.27795562007847e-10,1080100
4.27234555522931e-10,1080200
4.26673927069739e-10,1080300
4.26113672289325e-10,1080400
4.25553786877429e-10,1080500
4.24994266587647e-10,1080600
4.24435107234591e-10,1080700
4.23876304696959e-10,1080800
4.23317854920643e-10,1080900
4.22759753921734e-10,1081000
4.22201997789495e-10,1081100
4.21644582689333e-10,1081200
4.21087504865671e-10,1081300
4.20530760644807e-10,1081400
4.19974346437717e-10,1081500
4.19418258742804e-10,1081600
4.18862494148592e-10,1081700
4.18307049336385e-10,1081800
4.17751921082838e-10,1081900
4.17197106262529e-10,1082000
4.16642601850386e-10,1082100
4.16088404924164e-10,1082200
4.1553451266674e-10,1082300
4.14980922368482e-10,1082400
4.14427631429414e-10,1082500
4.13874637361427e-10,1082600
4.13321937790374e-10,1082700
4.12769530458124e-10,1082800
4.12217413224478e-10,1082900
4.11665584069143e-10,1083000
4.11114041093514e-10,1083100
4.10562782522432e-10,1083200
4.10011806705915e-10,1083300
4.09461112120721e-10,1083400
4.08910697371936e-10,1083500
4.0836056119439e-10,1083600
4.07810702454103e-10,1083700
4.0726112014956e-10,1083800
4.06711813412954e-10,1083900
4.06162781511372e-10,1084000
4.0561402384784e-10,1084100
4.05065539962343e-10,1084200
4.04517329532759e-10,1084300
4.03969392375679e-10,1084400
4.03421728447181e-10,1084500
4.02874337843515e-10,1084600
4.02327220801692e-10,1084700
4.01780377700007e-10,1084800
4.01233809058483e-10,1084900
4.00687515539213e-10,1085000
4.00141497946633e-10,1085100
3.99595757227708e-10,1085200
3.99050294472065e-10,1085300
3.98505110911976e-10,1085400
3.97960207922326e-10,1085500
3.97415587020448e-10,1085600
3.96871249865941e-10,1085700
3.96327198260309e-10,1085800
3.95783434146614e-10,1085900
3.95239959608978e-10,1086000
3.94696776872049e-10,1086100
3.94153888300339e-10,1086200
3.93611296397546e-10,1086300
3.93069003805733e-10,1086400
3.92527013304437e-10,1086500
3.91985327809755e-10,1086600
3.9144395037326e-10,1086700
3.9090288418092e-10,1086800
3.90362132551893e-10,1086900
3.89821698937255e-10,1087000
3.89281586918658e-10,1087100
3.88741800206885e-10,1087200
3.88202342640396e-10,1087300
3.87663218183715e-10,1087400
3.87124430925797e-10,1087500
3.86585985078319e-10,1087600
3.86047884973869e-10,1087700
3.85510135064109e-10,1087800
3.84972739917827e-10,1087900
3.84435704218938e-10,1088000
3.83899032764439e-10,1088100
3.8336273046225e-10,1088200
3.82826802329023e-10,1088300
3.82291253487896e-10,1088400
3.81756089166153e-10,1088500
3.81221314692845e-10,1088600
3.80686935496342e-10,1088700
3.80152957101827e-10,1088800
3.79619385128752e-10,1088900
3.79086225288195e-10,1089000
3.785534833802e-10,1089100
3.7802116529107e-10,1089200
3.77489276990557e-10,1089300
3.76957824529073e-10,1089400
3.76426814034781e-10,1089500
3.75896251710706e-10,1089600
3.7536614383175e-10,1089700
3.74836496741694e-10,1089800
3.74307316850134e-10,1089900
3.73778610629407e-10,1090000
3.73250384611445e-10,1090100
3.7272264538462e-10,1090200
3.7219539959054e-10,1090300
3.71668653920816e-10,1090400
3.71142415113791e-10,1090500
3.70616689951242e-10,1090600
3.70091485255083e-10,1090700
3.69566807883971e-10,1090800
3.69042664729969e-10,1090900
3.68519062715137e-10,1091000
3.67996008788117e-10,1091100
3.67473509920684e-10,1091200
3.66951573104324e-10,1091300
3.66430205346737e-10,1091400
3.6590941366838e-10,1091500
3.65389205098956e-10,1091600
3.64869586673921e-10,1091700
3.64350565430988e-10,1091800
3.63832148406597e-10,1091900
3.63314342632406e-10,1092000
3.62797155131771e-10,1092100
3.62280592916228e-10,1092200
3.61764662981979e-10,1092300
3.61249372306372e-10,1092400
3.607347278444e-10,1092500
3.60220736525206e-10,1092600
3.59707405248593e-10,1092700
3.59194740881535e-10,1092800
3.5868275025473e-10,1092900
3.58171440159134e-10,1093000
3.57660817342546e-10,1093100
3.57150888506183e-10,1093200
3.566416603013e-10,1093300
3.56133139325791e-10,1093400
3.55625332120882e-10,1093500
3.55118245167795e-10,1093600
3.54611884884439e-10,1093700
3.54106257622178e-10,1093800
3.53601369662563e-10,1093900
3.53097227214186e-10,1094000
3.52593836409458e-10,1094100
3.52091203301525e-10,1094200
3.51589333861152e-10,1094300
3.51088233973683e-10,1094400
3.50587909436035e-10,1094500
3.50088365953725e-10,1094600
3.49589609137943e-10,1094700
3.49091644502683e-10,1094800
3.48594477461907e-10,1094900
3.48098113326769e-10,1095000
3.47602557302876e-10,1095100
3.47107814487599e-10,1095200
3.46613889867468e-10,1095300
3.46120788315578e-10,1095400
3.45628514589076e-10,1095500
3.45137073326686e-10,1095600
3.44646469046325e-10,1095700
3.44156706142742e-10,1095800
3.43667788885222e-10,1095900
3.43179721415387e-10,1096000
3.42692507744999e-10,1096100
3.4220615175388e-10,1096200
3.41720657187871e-10,1096300
3.41236027656856e-10,1096400
3.40752266632862e-10,1096500
3.40269377448201e-10,1096600
3.39787363293726e-10,1096700
3.39306227217107e-10,1096800
3.3882597212121e-10,1096900
3.38346600762511e-10,1097000
3.3786811574963e-10,1097100
3.3739051954188e-10,1097200
3.36913814447947e-10,1097300
3.36438002624582e-10,1097400
3.3596308607541e-10,1097500
3.35489066649799e-10,1097600
3.35015946041792e-10,1097700
3.34543725789128e-10,1097800
3.34072407272329e-10,1097900
3.33601991713869e-10,1098000
3.33132480177406e-10,1098100
3.326638735671e-10,1098200
3.32196172627005e-10,1098300
3.31729377940528e-10,1098400
3.3126348992998e-10,1098500
3.30798508856172e-10,1098600
3.30334434818129e-10,1098700
3.29871267752855e-10,1098800
3.29409007435149e-10,1098900
3.28947653477572e-10,1099000
3.28487205330382e-10,1099100
3.28027662281642e-10,1099200
3.27569023457364e-10,1099300
3.27111287821704e-10,1099400
3.26654454177255e-10,1099500
3.26198521165427e-10,1099600
3.25743487266892e-10,1099700
3.25289350802066e-10,1099800
3.24836109931704e-10,1099900
3.24383762657581e-10,1100000
3.2393230682316e-10,1100100
3.23481740114468e-10,1100200
3.23032060060886e-10,1100300
3.22583264036139e-10,1100400
3.22135349259264e-10,1100500
3.2168831279572e-10,1100600
3.21242151558497e-10,1100700
3.20796862309329e-10,1100800
3.20352441659977e-10,1100900
3.19908886073558e-10,1101000
3.19466191865931e-10,1101100
3.19024355207196e-10,1101200
3.18583372123167e-10,1101300
3.18143238497014e-10,1101400
3.17703950070861e-10,1101500
3.17265502447502e-10,1101600
3.1682789109218e-10,1101700
3.16391111334382e-10,1101800
3.15955158369735e-10,1101900
3.15520027261892e-10,1102000
3.1508571294456e-10,1102100
3.14652210223508e-10,1102200
3.14219513778636e-10,1102300
3.13787618166138e-10,1102400
3.13356517820656e-10,1102500
3.1292620705752e-10,1102600
3.12496680075013e-10,1102700
3.12067930956683e-10,1102800
3.11639953673717e-10,1102900
3.11212742087327e-10,1103000
3.10786289951197e-10,1103100
3.10360590913956e-10,1103200
3.09935638521699e-10,1103300
3.09511426220542e-10,1103400
3.09087947359201e-10,1103500
3.08665195191617e-10,1103600
3.08243162879604e-10,1103700
3.07821843495533e-10,1103800
3.07401230025038e-10,1103900
3.06981315369769e-10,1104000
3.06562092350124e-10,1104100
3.06143553708066e-10,1104200
3.05725692109928e-10,1104300
3.0530850014923e-10,1104400
3.04891970349542e-10,1104500
3.04476095167361e-10,1104600
3.04060866994981e-10,1104700
3.0364627816341e-10,1104800
3.03232320945285e-10,1104900
3.02818987557788e-10,1105000
3.02406270165606e-10,1105100
3.01994160883874e-10,1105200
3.01582651781125e-10,1105300
3.01171734882268e-10,1105400
3.00761402171545e-10,1105500
3.00351645595526e-10,1105600
2.9994245706607e-10,1105700
2.99533828463297e-10,1105800
2.99125751638591e-10,1105900
2.98718218417559e-10,1106000
2.98311220602998e-10,1106100
2.97904749977879e-10,1106200
2.97498798308315e-10,1106300
2.97093357346486e-10,1106400
2.96688418833634e-10,1106500
2.96283974502948e-10,1106600
2.95880016082538e-10,1106700
2.95476535298322e-10,1106800
2.95073523876945e-10,1106900
2.94670973548654e-10,1107000
2.94268876050165e-10,1107100
2.93867223127538e-10,1107200
2.93466006539e-10,1107300
2.93065218057753e-10,1107400
2.92664849474786e-10,1107500
2.92264892601646e-10,1107600
2.91865339273182e-10,1107700
2.91466181350289e-10,1107800
2.91067410722591e-10,1107900
2.90669019311137e-10,1108000
2.90270999071047e-10,1108100
2.89873341994131e-10,1108200
2.89476040111491e-10,1108300
2.89079085496078e-10,1108400
2.88682470265243e-10,1108500
2.88286186583225e-10,1108600
2.87890226663628e-10,1108700
2.87494582771866e-10,1108800
2.87099247227566e-10,1108900
2.86704212406934e-10,1109000
2.86309470745103e-10,1109100
2.8591501473841e-10,1109200
2.85520836946703e-10,1109300
2.85126929995515e-10,1109400
2.84733286578298e-10,1109500
2.84339899458546e-10,1109600
2.83946761471927e-10,1109700
2.83553865528337e-10,1109800
2.83161204613954e-10,1109900
2.8276877179321e-10,1110000
2.82376560210761e-10,1110100
2.81984563093389e-10,1110200
2.81592773751859e-10,1110300
2.81201185582787e-10,1110400
2.80809792070377e-10,1110500
2.80418586788187e-10,1110600
2.80027563400837e-10,1110700
2.79636715665646e-10,1110800
2.79246037434261e-10,1110900
2.78855522654217e-10,1111000
2.78465165370462e-10,1111100
2.78074959726852e-10,1111200
2.77684899967581e-10,1111300
2.77294980438563e-10,1111400
2.76905195588803e-10,1111500
2.76515539971688e-10,1111600
2.76126008246254e-10,1111700
2.75736595178402e-10,1111800
2.75347295642067e-10,1111900
2.74958104620349e-10,1112000
2.74569017206596e-10,1112100
2.74180028605452e-10,1112200
2.73791134133834e-10,1112300
2.73402329221898e-10,1112400
2.73013609413949e-10,1112500
2.72624970369289e-10,1112600
2.72236407863066e-10,1112700
2.71847917787016e-10,1112800
2.71459496150233e-10,1112900
2.7107113907983e-10,1113000
2.70682842821607e-10,1113100
2.70294603740659e-10,1113200
2.69906418321928e-10,1113300
2.69518283170732e-10,1113400
2.69130195013253e-10,1113500
2.68742150696967e-10,1113600
2.68354147191052e-10,1113700
2.67966181586749e-10,1113800
2.67578251097671e-10,1113900
2.6719035306009e-10,1114000
2.66802484933178e-10,1114100
2.66414644299208e-10,1114200
2.66026828863715e-10,1114300
2.65639036455628e-10,1114400
2.6525126502734e-10,1114500
2.64863512654785e-10,1114600
2.6447577753743e-10,1114700
2.64088057998266e-10,1114800
2.63700352483734e-10,1114900
2.6331265956365e-10,1115000
2.62924977931062e-10,1115100
2.62537306402098e-10,1115200
2.62149643915759e-10,1115300
2.61761989533692e-10,1115400
2.61374342439933e-10,1115500
2.60986701940604e-10,1115600
2.60599067463585e-10,1115700
2.60211438558163e-10,1115800
2.59823814894628e-10,1115900
2.59436196263868e-10,1116000
2.59048582576903e-10,1116100
2.58660973864424e-10,1116200
2.58273370276261e-10,1116300
2.57885772080864e-10,1116400
2.57498179664724e-10,1116500
2.57110593531793e-10,1116600
2.56723014302851e-10,1116700
2.56335442714873e-10,1116800
2.55947879620339e-10,1116900
2.55560325986547e-10,1117000
2.55172782894896e-10,1117100
2.5478525154012e-10,1117200
2.54397733229528e-10,1117300
2.54010229382211e-10,1117400
2.53622741528205e-10,1117500
2.5323527130767e-10,1117600
2.52847820470019e-10,1117700
2.52460390873021e-10,1117800
2.52072984481908e-10,1117900
2.51685603368436e-10,1118000
2.51298249709942e-10,1118100
2.50910925788366e-10,1118200
2.50523633989275e-10,1118300
2.50136376800845e-10,1118400
2.49749156812823e-10,1118500
2.49361976715503e-10,1118600
2.48974839298643e-10,1118700
2.48587747450389e-10,1118800
2.48200704156173e-10,1118900
2.478137124976e-10,1119000
2.47426775651299e-10,1119100
2.47039896887793e-10,1119200
2.46653079570313e-10,1119300
2.46266327153621e-10,1119400
2.45879643182812e-10,1119500
2.454930312921e-10,1119600
2.45106495203592e-10,1119700
2.44720038726026e-10,1119800
2.44333665753542e-10,1119900
2.43947380264379e-10,1120000
2.4356118631961e-10,1120100
2.43175088061828e-10,1120200
2.42789089713836e-10,1120300
2.42403195577329e-10,1120400
2.42017410031536e-10,1120500
2.41631737531871e-10,1120600
2.4124618260859e-10,1120700
2.40860749865382e-10,1120800
2.4047544397799e-10,1120900
2.40090269692821e-10,1121000
2.39705231825504e-10,1121100
2.39320335259501e-10,1121200
2.38935584944634e-10,1121300
2.38550985895659e-10,1121400
2.38166543190802e-10,1121500
2.37782261970286e-10,1121600
2.37398147434841e-10,1121700
2.3701420484423e-10,1121800
2.36630439515731e-10,1121900
2.3624685682264e-10,1122000
2.3586346219272e-10,1122100
2.35480261106705e-10,1122200
2.35097259096724e-10,1122300
2.34714461744771e-10,1122400
2.34331874681123e-10,1122500
2.33949503582783e-10,1122600
2.33567354171887e-10,1122700
2.33185432214131e-10,1122800
2.32803743517141e-10,1122900
2.32422293928892e-10,1123000
2.32041089336076e-10,1123100
2.31660135662479e-10,1123200
2.31279438867338e-10,1123300
2.30899004943711e-10,1123400
2.30518839916804e-10,1123500
2.30138949842341e-10,1123600
2.29759340804859e-10,1123700
2.29380018916054e-10,1123800
2.29000990313095e-10,1123900
2.2862226115692e-10,1124000
2.28243837630552e-10,1124100
2.27865725937374e-10,1124200
2.2748793229943e-10,1124300
2.27110462955693e-10,1124400
2.26733324160344e-10,1124500
2.26356522181033e-10,1124600
2.25980063297137e-10,1124700
2.25603953798019e-10,1124800
2.2522819998126e-10,1124900
2.24852808150922e-10,1125000
2.24477784615756e-10,1125100
2.24103135687452e-10,1125200
2.23728867678858e-10,1125300
2.23354986902195e-10,1125400
2.22981499667276e-10,1125500
2.22608412279713e-10,1125600
2.22235731039131e-10,1125700
2.21863462237362e-10,1125800
2.21491612156646e-10,1125900
2.21120187067826e-10,1126000
2.20749193228553e-10,1126100
2.20378636881457e-10,1126200
2.20008524252352e-10,1126300
2.19638861548406e-10,1126400
2.19269654956349e-10,1126500
2.18900910640633e-10,1126600
2.18532634741623e-10,1126700
2.18164833373795e-10,1126800
2.17797512623895e-10,1126900
2.17430678549134e-10,1127000
2.17064337175377e-10,1127100
2.16698494495321e-10,1127200
2.16333156466681e-10,1127300
2.15968329010391e-10,1127400
2.15604018008783e-10,1127500
2.1524022930379e-10,1127600
2.14876968695149e-10,1127700
2.14514241938599e-10,1127800
2.14152054744096e-10,1127900
2.1379041277401e-10,1128000
2.13429321641384e-10,1128100
2.13068786908112e-10,1128200
2.12708814083207e-10,1128300
2.12349408621039e-10,1128400
2.1199057591956e-10,1128500
2.11632321318599e-10,1128600
2.1127465009811e-10,1128700
2.10917567476445e-10,1128800
2.10561078608658e-10,1128900
2.10205188584799e-10,1129000
2.09849902428228e-10,1129100
2.09495225093932e-10,1129200
2.09141161466887e-10,1129300
2.08787716360388e-10,1129400
2.08434894514427e-10,1129500
2.08082700594072e-10,1129600
2.07731139187875e-10,1129700
2.07380214806287e-10,1129800
2.07029931880082e-10,1129900
2.06680294758828e-10,1130000
2.06331307709342e-10,1130100
2.05982974914195e-10,1130200
2.05635300470214e-10,1130300
2.05288288387033e-10,1130400
2.04941942585627e-10,1130500
2.04596266896908e-10,1130600
2.04251265060325e-10,1130700
2.03906940722491e-10,1130800
2.03563297435826e-10,1130900
2.03220338657254e-10,1131000
2.02878067746897e-10,1131100
2.02536487966805e-10,1131200
2.02195602479735e-10,1131300
2.0185541434791e-10,1131400
2.01515926531873e-10,1131500
2.01177141889321e-10,1131600
2.00839063173983e-10,1131700
2.00501693034548e-10,1131800
2.00165034013594e-10,1131900
1.99829088546592e-10,1132000
1.99493858960894e-10,1132100
1.99159347474807e-10,1132200
1.98825556196666e-10,1132300
1.98492487123952e-10,1132400
1.98160142142465e-10,1132500
1.97828523025507e-10,1132600
1.97497631433137e-10,1132700
1.97167468911418e-10,1132800
1.9683803689175e-10,1132900
1.96509336690233e-10,1133000
1.96181369507039e-10,1133100
1.95854136425872e-10,1133200
1.9552763841344e-10,1133300
1.9520187631898e-10,1133400
1.94876850873818e-10,1133500
1.94552562690994e-10,1133600
1.94229012264906e-10,1133700
1.93906199971024e-10,1133800
1.93584126065622e-10,1133900
1.93262790685584e-10,1134000
1.9294219384823e-10,1134100
1.92622335451225e-10,1134200
1.92303215272488e-10,1134300
1.91984832970201e-10,1134400
1.91667188082814e-10,1134500
1.91350280029147e-10,1134600
1.91034108108498e-10,1134700
1.90718671500852e-10,1134800
1.90403969267074e-10,1134900
1.90090000349208e-10,1135000
1.89776763570806e-10,1135100
1.89464257637296e-10,1135200
1.89152481136423e-10,1135300
1.88841432538721e-10,1135400
1.88531110198051e-10,1135500
1.88221512352174e-10,1135600
1.87912637123399e-10,1135700
1.87604482519255e-10,1135800
1.87297046433238e-10,1135900
1.86990326645586e-10,1136000
1.8668432082413e-10,1136100
1.86379026525181e-10,1136200
1.86074441194463e-10,1136300
1.85770562168119e-10,1136400
1.85467386673745e-10,1136500
1.85164911831478e-10,1136600
1.84863134655156e-10,1136700
1.84562052053508e-10,1136800
1.84261660831383e-10,1136900
1.83961957691068e-10,1137000
1.83662939233612e-10,1137100
1.83364601960226e-10,1137200
1.83066942273731e-10,1137300
1.82769956480034e-10,1137400
1.82473640789675e-10,1137500
1.82177991319404e-10,1137600
1.81883004093815e-10,1137700
1.81588675047028e-10,1137800
1.81295000024406e-10,1137900
1.81001974784317e-10,1138000
1.80709594999955e-10,1138100
1.80417856261195e-10,1138200
1.80126754076486e-10,1138300
1.79836283874791e-10,1138400
1.79546441007577e-10,1138500
1.7925722075083e-10,1138600
1.7896861830711e-10,1138700
1.78680628807679e-10,1138800
1.78393247314603e-10,1138900
1.78106468822959e-10,1139000
1.7782028826303e-10,1139100
1.77534700502563e-10,1139200
1.77249700349043e-10,1139300
1.76965282552002e-10,1139400
1.76681441805387e-10,1139500
1.76398172749918e-10,1139600
1.76115469975504e-10,1139700
1.75833328023678e-10,1139800
1.75551741390064e-10,1139900
1.75270704526859e-10,1140000
1.74990211845361e-10,1140100
1.747102577185e-10,1140200
1.74430836483406e-10,1140300
1.74151942443987e-10,1140400
1.73873569873542e-10,1140500
1.7359571301737e-10,1140600
1.73318366095428e-10,1140700
1.73041523304982e-10,1140800
1.72765178823263e-10,1140900
1.72489326810183e-10,1141000
1.72213961411005e-10,1141100
1.71939076759065e-10,1141200
1.71664666978481e-10,1141300
1.7139072618689e-10,1141400
1.71117248498172e-10,1141500
1.70844228025177e-10,1141600
1.70571658882487e-10,1141700
1.70299535189135e-10,1141800
1.70027851071365e-10,1141900
1.6975660066536e-10,1142000
1.69485778119988e-10,1142100
1.6921537759953e-10,1142200
1.68945393286423e-10,1142300
1.68675819383961e-10,1142400
1.68406650119023e-10,1142500
1.68137879744775e-10,1142600
1.67869502543349e-10,1142700
1.67601512828538e-10,1142800
1.67333904948444e-10,1142900
1.67066673288144e-10,1143000
1.66799812272291e-10,1143100
1.66533316367748e-10,1143200
1.66267180086169e-10,1143300
1.66001397986565e-10,1143400
1.65735964677848e-10,1143500
1.65470874821347e-10,1143600
1.652061231333e-10,1143700
1.64941704387315e-10,1143800
1.64677613416808e-10,1143900
1.64413845117399e-10,1144000
1.64150394449284e-10,1144100
1.63887256439566e-10,1144200
1.63624426184563e-10,1144300
1.63361898852066e-10,1144400
1.63099669683557e-10,1144500
1.62837733996411e-10,1144600
1.62576087186027e-10,1144700
1.6231472472793e-10,1144800
1.62053642179842e-10,1144900
1.61792835183681e-10,1145000
1.61532299467546e-10,1145100
1.61272030847622e-10,1145200
1.61012025230068e-10,1145300
1.60752278612825e-10,1145400
1.60492787087401e-10,1145500
1.60233546840591e-10,1145600
1.59974554156141e-10,1145700
1.59715805416361e-10,1145800
1.59457297103693e-10,1145900
1.59199025802207e-10,1146000
1.58940988199055e-10,1146100
1.58683181085848e-10,1146200
1.58425601360004e-10,1146300
1.58168246026004e-10,1146400
1.57911112196614e-10,1146500
1.57654197094023e-10,1146600
1.57397498050941e-10,1146700
1.57141012511623e-10,1146800
1.56884738032827e-10,1146900
1.56628672284708e-10,1147000
1.56372813051668e-10,1147100
1.56117158233104e-10,1147200
1.55861705844128e-10,1147300
1.55606454016196e-10,1147400
1.55351400997672e-10,1147500
1.55096545154347e-10,1147600
1.54841884969866e-10,1147700
1.54587419046093e-10,1147800
1.54333146103415e-10,1147900
1.5407906498098e-10,1148000
1.53825174636857e-10,1148100
1.53571474148124e-10,1148200
1.5331796271091e-10,1148300
1.5306463964034e-10,1148400
1.52811504370436e-10,1148500
1.52558556453922e-10,1148600
1.52305795561998e-10,1148700
1.52053221484001e-10,1148800
1.51800834127041e-10,1148900
1.51548633515535e-10,1149000
1.51296619790681e-10,1149100
1.51044793209895e-10,1149200
1.5079315414612e-10,1149300
1.50541703087134e-10,1149400
1.50290440634739e-10,1149500
1.50039367503921e-10,1149600
1.49788484521911e-10,1149700
1.49537792627211e-10,1149800
1.49287292868542e-10,1149900
1.49036986403727e-10,1150000
1.48786874498503e-10,1150100
1.48536958525289e-10,1150200
1.48287239961882e-10,1150300
1.4803772039009e-10,1150400
1.47788401494305e-10,1150500
1.4753928506002e-10,1150600
1.47290372972284e-10,1150700
1.47041667214105e-10,1150800
1.46793169864785e-10,1150900
1.46544883098204e-10,1151000
1.4629680918107e-10,1151100
1.4604895047107e-10,1151200
1.45801309415013e-10,1151300
1.45553888546891e-10,1151400
1.45306690485919e-10,1151500
1.45059717934488e-10,1151600
1.44812973676103e-10,1151700
1.44566460573258e-10,1151800
1.44320181565272e-10,1151900
1.44074139666079e-10,1152000
1.43828337961963e-10,1152100
1.43582779609288e-10,1152200
1.43337467832129e-10,1152300
1.43092405919937e-10,1152400
1.42847597225092e-10,1152500
1.42603045160482e-10,1152600
1.42358753197017e-10,1152700
1.42114724861102e-10,1152800
1.41870963732115e-10,1152900
1.41627473439817e-10,1153000
1.41384257661755e-10,1153100
1.41141320120636e-10,1153200
1.40898664581665e-10,1153300
1.40656294849882e-10,1153400
1.40414214767457e-10,1153500
1.40172428210967e-10,1153600
1.39930939088668e-10,1153700
1.39689751337739e-10,1153800
1.39448868921515e-10,1153900
1.39208295826701e-10,1154000
1.38968036060587e-10,1154100
1.38728093648241e-10,1154200
1.38488472629692e-10,1154300
1.38249177057134e-10,1154400
1.38010210992072e-10,1154500
1.3777157850253e-10,1154600
1.37533283660198e-10,1154700
1.37295330537621e-10,1154800
1.37057723205374e-10,1154900
1.36820465729231e-10,1155000
1.36583562167369e-10,1155100
1.36347016567537e-10,1155200
1.36110832964282e-10,1155300
1.35875015376144e-10,1155400
1.35639567802885e-10,1155500
1.35404494222728e-10,1155600
1.35169798589615e-10,1155700
1.34935484830468e-10,1155800
1.34701556842488e-10,1155900
1.34468018490463e-10,1156000
1.34234873604098e-10,1156100
1.34002125975374e-10,1156200
1.33769779355932e-10,1156300
1.3353783745447e-10,1156400
1.33306303934194e-10,1156500
1.33075182410279e-10,1156600
1.32844476447362e-10,1156700
1.32614189557084e-10,1156800
1.3238432519564e-10,1156900
1.32154886761397e-10,1157000
1.31925877592518e-10,1157100
1.31697300964646e-10,1157200
1.31469160088616e-10,1157300
1.31241458108221e-10,1157400
1.31014198097997e-10,1157500
1.30787383061089e-10,1157600
1.30561015927115e-10,1157700
1.30335099550122e-10,1157800
1.30109636706559e-10,1157900
1.29884630093305e-10,1158000
1.29660082325757e-10,1158100
1.2943599593596e-10,1158200
1.2921237337079e-10,1158300
1.28989216990186e-10,1158400
1.28766529065447e-10,1158500
1.28544311777571e-10,1158600
1.28322567215659e-10,1158700
1.28101297375374e-10,1158800
1.27880504157446e-10,1158900
1.27660189366259e-10,1159000
1.27440354708464e-10,1159100
1.27221001791694e-10,1159200
1.27002132123289e-10,1159300
1.26783747109135e-10,1159400
1.26565848052515e-10,1159500
1.26348436153057e-10,1159600
1.26131512505732e-10,1159700
1.25915078099918e-10,1159800
1.25699133818517e-10,1159900
1.25483680437159e-10,1160000
1.25268718623439e-10,1160100
1.25054248936252e-10,1160200
1.24840271825168e-10,1160300
1.24626787629882e-10,1160400
1.24413796579728e-10,1160500
1.24201298793267e-10,1160600
1.23989294277923e-10,1160700
1.237777829297e-10,1160800
1.23566764532958e-10,1160900
1.23356238760258e-10,1161000
1.23146205172271e-10,1161100
1.22936663217752e-10,1161200
1.2272761223358e-10,1161300
1.22519051444874e-10,1161400
1.22310979965146e-10,1161500
1.22103396796554e-10,1161600
1.21896300830193e-10,1161700
1.21689690846469e-10,1161800
1.21483565515525e-10,1161900
1.21277923397724e-10,1162000
1.21072762944226e-10,1162100
1.20868082497595e-10,1162200
1.20663880292477e-10,1162300
1.20460154456352e-10,1162400
1.20256903010334e-10,1162500
1.20054123870038e-10,1162600
1.198518148465e-10,1162700
1.19649973647165e-10,1162800
1.19448597876932e-10,1162900
1.19247685039249e-10,1163000
1.19047232537268e-10,1163100
1.18847237675064e-10,1163200
1.18647697658902e-10,1163300
1.18448609598558e-10,1163400
1.18249970508692e-10,1163500
1.18051777310281e-10,1163600
1.17854026832097e-10,1163700
1.17656715812243e-10,1163800
1.17459840899723e-10,1163900
1.17263398656078e-10,1164000
1.1706738555706e-10,1164100
1.1687179799435e-10,1164200
1.16676632277337e-10,1164300
1.16481884634913e-10,1164400
1.16287551217345e-10,1164500
1.16093628098151e-10,1164600
1.15900111276058e-10,1164700
1.15706996676957e-10,1164800
1.15514280155929e-10,1164900
1.15321957499295e-10,1165000
1.15130024426692e-10,1165100
1.14938476593204e-10,1165200
1.14747309591505e-10,1165300
1.14556518954048e-10,1165400
1.1436610015528e-10,1165500
1.14176048613875e-10,1165600
1.13986359695016e-10,1165700
1.13797028712684e-10,1165800
1.13608050931979e-10,1165900
1.13419421571462e-10,1166000
1.13231135805527e-10,1166100
1.13043188766776e-10,1166200
1.12855575548432e-10,1166300
1.12668291206759e-10,1166400
1.12481330763495e-10,1166500
1.12294689208314e-10,1166600
1.1210836150128e-10,1166700
1.11922342575333e-10,1166800
1.11736627338772e-10,1166900
1.11551210677758e-10,1167000
1.11366087458807e-10,1167100
1.1118125253131e-10,1167200
1.10996700730044e-10,1167300
1.10812426877682e-10,1167400
1.10628425787323e-10,1167500
1.10444692265006e-10,1167600
1.10261221112227e-10,1167700
1.10078007128459e-10,1167800
1.09895045113652e-10,1167900
1.09712329870752e-10,1168000
1.09529856208195e-10,1168100
1.09347618942393e-10,1168200
1.09165612900221e-10,1168300
1.08983832921487e-10,1168400
1.08802273861385e-10,1168500
1.08620930592945e-10,1168600
1.0843979800946e-10,1168700
1.08258871026898e-10,1168800
1.08078144586302e-10,1168900
1.07897613656158e-10,1169000
1.0771727323477e-10,1169100
1.0753711835257e-10,1169200
1.07357144074454e-10,1169300
1.07177345502062e-10,1169400
1.0699771777604e-10,1169500
1.06818256078286e-10,1169600
1.06638955634156e-10,1169700
1.06459811714654e-10,1169800
1.06280819638574e-10,1169900
1.06101974774636e-10,1170000
1.05923272543576e-10,1170100
1.05744708420197e-10,1170200
1.05566277935404e-10,1170300
1.05387976678196e-10,1170400
1.05209800297617e-10,1170500
1.05031744504678e-10,1170600
1.0485380507424e-10,1170700
1.04675977846858e-10,1170800
1.04498258730593e-10,1170900
1.04320643702763e-10,1171000
1.04143128811684e-10,1171100
1.03965710178346e-10,1171200
1.03788383998051e-10,1171300
1.03611146542019e-10,1171400
1.03433994158943e-10,1171500
1.03256923276494e-10,1171600
1.03079930402792e-10,1171700
1.02903012127824e-10,1171800
1.02726165124821e-10,1171900
1.02549386151587e-10,1172000
1.02372672051776e-10,1172100
1.02196019756128e-10,1172200
1.02019426283656e-10,1172300
1.0184288874278e-10,1172400
1.01666404332417e-10,1172500
1.01489970343019e-10,1172600
1.01313584157563e-10,1172700
1.0113724325249e-10,1172800
1.00960945198598e-10,1172900
1.00784687661869e-10,1173000
1.00608468404276e-10,1173100
1.00432285284504e-10,1173200
1.0025613625864e-10,1173300
1.00080019380816e-10,1173400
9.99039328037849e-11,1173500
9.97278747794527e-11,1173600
9.95518436593664e-11,1173700
9.93758378951376e-11,1173800
9.91998560388226e-11,1173900
9.90238967432492e-11,1174000
9.88479587622919e-11,1174100
9.86720409510969e-11,1174200
9.84961422662569e-11,1174300
9.83202617659266e-11,1174400
9.81443986099019e-11,1174500
9.79685520596372e-11,1174600
9.77927214782139e-11,1174700
9.76169063302607e-11,1174800
9.74411061818284e-11,1174900
9.72653207002046e-11,1175000
9.70895496536911e-11,1175100
9.69137929113171e-11,1175200
9.67380504425235e-11,1175300
9.6562322316778e-11,1175400
9.63866087031625e-11,1175500
9.62109098698994e-11,1175600
9.60352261838345e-11,1175700
9.58595581098713e-11,1175800
9.56839062103723e-11,1175900
9.55082711444947e-11,1176000
9.53326536674983e-11,1176100
9.51570546300013e-11,1176200
9.49814749771869e-11,1176300
9.48059157479869e-11,1176400
9.46303780742e-11,1176500
9.44548631795793e-11,1176600
9.42793723788821e-11,1176700
9.41039070768662e-11,1176800
9.39284687672715e-11,1176900
9.37530590317215e-11,1177000
9.35776795386376e-11,1177100
9.34023320420711e-11,1177200
9.32270183805254e-11,1177300
9.30517404757304e-11,1177400
9.28765003313907e-11,1177500
9.27013000318845e-11,1177600
9.25261417409458e-11,1177700
9.23510277003089e-11,1177800
9.21759602283071e-11,1177900
9.2000941718469e-11,1178000
9.18259746380458e-11,1178100
9.16510615265561e-11,1178200
9.14762049942576e-11,1178300
9.13014077206212e-11,1178400
9.11266724527627e-11,1178500
9.09520020038637e-11,1178600
9.07773992515498e-11,1178700
9.06028671362583e-11,1178800
9.04284086595733e-11,1178900
9.02540268825555e-11,1179000
9.00797249240328e-11,1179100
8.99055059588703e-11,1179200
8.97313732162477e-11,1179300
8.9557329977881e-11,1179400
8.93833795762574e-11,1179500
8.92095253928417e-11,1179600
8.90357708562596e-11,1179700
8.88621194404872e-11,1179800
8.86885746630065e-11,1179900
8.85151400829646e-11,1180000
8.83418192993096e-11,1180100
8.81686159489263e-11,1180200
8.79955337047523e-11,1180300
8.78225762738968e-11,1180400
8.76497473957417e-11,1180500
8.74770508400445e-11,1180600
8.73044904050295e-11,1180700
8.71320699154817e-11,1180800
8.69597932208322e-11,1180900
8.67876641932343e-11,1181000
8.66156867256554e-11,1181100
8.64438647299587e-11,1181200
8.62722021349762e-11,1181300
8.61007028846009e-11,1181400
8.59293709358686e-11,1181500
8.5758210257049e-11,1181600
8.55872248257367e-11,1181700
8.54164186269536e-11,1181800
8.52457956512454e-11,1181900
8.50753598927989e-11,1182000
8.49051153475625e-11,1182100
8.47350660113697e-11,1182200
8.45652158780766e-11,1182300
8.43955689377128e-11,1182400
8.4226129174637e-11,1182500
8.40569005657134e-11,1182600
8.3887887078492e-11,1182700
8.37190926694072e-11,1182800
8.35505212819946e-11,1182900
8.33821768451123e-11,1183000
8.32140632711997e-11,1183100
8.30461844545226e-11,1183200
8.28785442694684e-11,1183300
8.27111465688338e-11,1183400
8.25439951821533e-11,1183500
8.23770939140286e-11,1183600
8.22104465424969e-11,1183700
8.20440568174064e-11,1183800
8.187792845882e-11,1183900
8.17120651554497e-11,1184000
8.15464705630975e-11,1184100
8.13811483031371e-11,1184200
8.1216101961012e-11,1184300
8.10513350847646e-11,1184400
8.08868511835819e-11,1184500
8.07226537263831e-11,1184600
8.05587461404209e-11,1184700
8.03951318099219e-11,1184800
8.02318140747459e-11,1184900
8.00687962290799e-11,1185000
7.9906081520166e-11,1185100
7.974367314705e-11,1185200
7.95815742593693e-11,1185300
7.94197879561613e-11,1185400
7.92583172847227e-11,1185500
7.90971652394791e-11,1185600
7.89363347609064e-11,1185700
7.87758287344646e-11,1185800
7.86156499895887e-11,1185900
7.84558012986951e-11,1186000
7.82962853762306e-11,1186100
7.81371048777569e-11,1186200
7.79782623990624e-11,1186300
7.78197604753165e-11,1186400
7.7661601580259e-11,1186500
7.75037881254224e-11,1186600
7.73463224593918e-11,1186700
7.7189206867097e-11,1186800
7.70324435691551e-11,1186900
7.68760347212287e-11,1187000
7.67199824134397e-11,1187100
7.65642886698064e-11,1187200
7.64089554477327e-11,1187300
7.62539846375164e-11,1187400
7.60993780619164e-11,1187500
7.59451374757352e-11,1187600
7.57912645654577e-11,1187700
7.56377609489142e-11,1187800
7.54846281749923e-11,1187900
7.5331867723382e-11,1188000
7.51794810043503e-11,1188100
7.50274693585728e-11,1188200
7.48758340569823e-11,1188300
7.47245763006719e-11,1188400
7.45736972208236e-11,1188500
7.44231978786831e-11,1188600
7.42730792655672e-11,1188700
7.41233423029112e-11,1188800
7.39739878423501e-11,1188900
7.38250166658438e-11,1189000
7.36764294858289e-11,1189100
7.35282269454184e-11,1189200
7.33804096186302e-11,1189300
7.32329780106555e-11,1189400
7.30859325581616e-11,1189500
7.29392736296284e-11,1189600
7.27930015257302e-11,1189700
7.2647116479736e-11,1189800
7.25016186579653e-11,1189900
7.23565081602573e-11,1190000
7.22117850204909e-11,1190100
7.20674492071294e-11,1190200
7.1923500623804e-11,1190300
7.17799391099247e-11,1190400
7.16367644413301e-11,1190500
7.14939763309637e-11,1190600
7.13515744295866e-11,1190700
7.12095583265198e-11,1190800
7.10679275504126e-11,1190900
7.09266815700533e-11,1191000
7.07858197951971e-11,1191100
7.06453415774293e-11,1191200
7.05052462110563e-11,1191300
7.03655329340275e-11,1191400
7.02262009288759e-11,1191500
7.0087249323703e-11,1191600
6.99486771931668e-11,1191700
6.98104835595159e-11,1191800
6.96726673936408e-11,1191900
6.95352276161443e-11,1192000
6.93981630984504e-11,1192100
6.92614726639158e-11,1192200
6.91251550889877e-11,1192300
6.89892091043638e-11,1192400
6.88536333961825e-11,1192500
6.87184266072337e-11,1192600
6.85835873381888e-11,1192700
6.8449114148843e-11,1192800
6.83150055593878e-11,1192900
6.81812600516923e-11,1193000
6.80478760706003e-11,1193100
6.79148520252574e-11,1193200
6.7782186290425e-11,1193300
6.76498772078438e-11,1193400
6.75179230875827e-11,1193500
6.73863222094128e-11,1193600
6.72550728241951e-11,1193700
6.71241731552705e-11,1193800
6.69936213998692e-11,1193900
6.68634157305238e-11,1194000
6.67335542964924e-11,1194100
6.66040352251894e-11,1194200
6.6474856623625e-11,1194300
6.63460165798502e-11,1194400
6.62175131643992e-11,1194500
6.60893444317517e-11,1194600
6.59615084217806e-11,1194700
6.58340031612205e-11,1194800
6.57068266651197e-11,1194900
6.55799769383055e-11,1195000
6.54534519768474e-11,1195100
6.53272497695122e-11,1195200
6.5201368299225e-11,1195300
6.50758055445272e-11,1195400
6.49505594810193e-11,1195500
6.48256280828202e-11,1195600
6.47010093239961e-11,1195700
6.45767011800068e-11,1195800
6.4452701629118e-11,1195900
6.43290086538429e-11,1196000
6.42056202423324e-11,1196100
6.4082534389782e-11,1196200
6.39597490998296e-11,1196300
6.38372623859151e-11,1196400
6.37150722726694e-11,1196500
6.35931767972423e-11,1196600
6.34715740106598e-11,1196700
6.33502619791332e-11,1196800
6.3229238785371e-11,1196900
6.31085025298696e-11,1197000
6.29880513321833e-11,1197100
6.28678833321782e-11,1197200
6.27479966912644e-11,1197300
6.26283895936148e-11,1197400
6.25090602473576e-11,1197500
6.23900068857432e-11,1197600
6.22712277683002e-11,1197700
6.2152721181954e-11,1197800
6.20344854421386e-11,1197900
6.19165188938668e-11,1198000
6.17988199127846e-11,1198100
6.16813869062004e-11,1198200
6.156421831408e-11,1198300
6.14473126100208e-11,1198400
6.13306683022002e-11,1198500
6.12142839342791e-11,1198600
6.10981580863041e-11,1198700
6.09822893755489e-11,1198800
6.08666764573485e-11,1198900
6.07513180258912e-11,1199000
6.06362128149802e-11,1199100
6.05213595987655e-11,1199200
6.04067571924383e-11,1199300
6.0292404452901e-11,1199400
6.01783002793916e-11,1199500
6.00644436140844e-11,1199600
5.99508334426478e-11,1199700
5.9837468794777e-11,1199800
5.97243487446744e-11,1199900
5.96114724115168e-11,1200000
5.94988389598651e-11,1200100
5.93864476000495e-11,1200200
5.92742975885171e-11,1200300
5.9162388228134e-11,1200400
5.90507188684624e-11,1200500
5.89392889059901e-11,1200600
5.88280977843222e-11,1200700
5.87171449943447e-11,1200800
5.86064300743365e-11,1200900
5.8495952610051e-11,1201000
5.83857122347615e-11,1201100
5.82757086292533e-11,1201200
5.81659415217987e-11,1201300
5.8056410688076e-11,1201400
5.79471159510499e-11,1201500
5.78380571808329e-11,1201600
5.77292342944771e-11,1201700
5.76206472557542e-11,1201800
5.75122960748809e-11,1201900
5.74041808082126e-11,1202000
5.72963015578948e-11,1202100
5.71886584714785e-11,1202200
5.70812517414992e-11,1202300
5.69740816050099e-11,1202400
5.68671483430872e-11,1202500
5.67604522802926e-11,1202600
5.66539937840981e-11,1202700
5.65477732642748e-11,1202800
5.64417911722472e-11,1202900
5.63360480004076e-11,1203000
5.62305442813981e-11,1203100
5.61252805873557e-11,1203200
5.60202575291187e-11,1203300
5.59154757554101e-11,1203400
5.58109359519678e-11,1203500
5.57066388406628e-11,1203600
5.56025851785713e-11,1203700
5.54987757570145e-11,1203800
5.539521140057e-11,1203900
5.52918929660527e-11,1204000
5.51888213414675e-11,1204100
5.50859974449193e-11,1204200
5.49834222235106e-11,1204300
5.48810966522002e-11,1204400
5.47790217326355e-11,1204500
5.46771984919604e-11,1204600
5.45756279815977e-11,1204700
5.44743112759969e-11,1204800
5.43732494713738e-11,1204900
5.42724436844067e-11,1205000
5.41718950509296e-11,1205100
5.40716047245836e-11,1205200
5.39715738754662e-11,1205300
5.38718036887432e-11,1205400
5.37722953632538e-11,1205500
5.36730501100904e-11,1205600
5.35740691511656e-11,1205700
5.34753537177567e-11,1205800
5.33769050490388e-11,1205900
5.32787243906063e-11,1206000
5.31808129929736e-11,1206100
5.30831721100701e-11,1206200
5.29858029977192e-11,1206300
5.28887069121105e-11,1206400
5.27918851082608e-11,1206500
5.26953388384654e-11,1206600
5.25990693507481e-11,1206700
5.25030778873e-11,1206800
5.24073656829139e-11,1206900
5.2311933963417e-11,1207000
5.22167839441034e-11,1207100
5.21219168281569e-11,1207200
5.20273338050843e-11,1207300
5.19330360491385e-11,1207400
5.18390247177553e-11,1207500
5.17453009499835e-11,1207600
5.16518658649253e-11,1207700
5.1558720560178e-11,1207800
5.14658661102874e-11,1207900
5.13733035652062e-11,1208000
5.12810339487586e-11,1208100
5.11890582571218e-11,1208200
5.10973774573147e-11,1208300
5.10059924856979e-11,1208400
5.09149042464905e-11,1208500
5.08241136102988e-11,1208600
5.07336214126643e-11,1208700
5.06434284526279e-11,1208800
5.0553535491307e-11,1208900
5.04639432505043e-11,1209000
5.0374652411318e-11,1209100
5.02856636127952e-11,1209200
5.01969774505922e-11,1209300
5.01085944756656e-11,1209400
5.00205151929843e-11,1209500
4.99327400602722e-11,1209600
4.98452694867719e-11,1209700
4.97581038320458e-11,1209800
4.96712434047892e-11,1209900
4.95846884616962e-11,1210000
4.94984392063323e-11,1210100
4.94124957880607e-11,1210200
4.93268583009875e-11,1210300
4.92415267829422e-11,1210400
4.91565012144985e-11,1210500
4.90717815180262e-11,1210600
4.89873675567816e-11,1210700
4.89032591340306e-11,1210800
4.88194559922178e-11,1210900
4.87359578121645e-11,1211000
4.86527642123183e-11,1211100
4.85698747480298e-11,1211200
4.84872889108783e-11,1211300
4.84050061280388e-11,1211400
4.83230257616905e-11,1211500
4.82413471084637e-11,1211600
4.81599693989399e-11,1211700
4.80788917971848e-11,1211800
4.79981134003354e-11,1211900
4.7917633238227e-11,1212000
4.78374502730663e-11,1212100
4.77575633991527e-11,1212200
4.76779714426443e-11,1212300
4.75986731613723e-11,1212400
4.75196672446991e-11,1212500
4.74409523134288e-11,1212600
4.73625269197644e-11,1212700
4.72843895473087e-11,1212800
4.72065386111185e-11,1212900
4.71289724578062e-11,1213000
4.70516893656884e-11,1213100
4.69746875449848e-11,1213200
4.68979651380666e-11,1213300
4.68215202197506e-11,1213400
4.67453507976454e-11,1213500
4.66694548125447e-11,1213600
4.65938301388728e-11,1213700
4.65184745851734e-11,1213800
4.64433858946497e-11,1213900
4.63685617457547e-11,1214000
4.62939997528258e-11,1214100
4.62196974667749e-11,1214200
4.61456523758137e-11,1214300
4.60718619062374e-11,1214400
4.59983234232529e-11,1214500
4.59250342318503e-11,1214600
4.58519915777249e-11,1214700
4.57791926482393e-11,1214800
4.570663457344e-11,1214900
4.56343144271082e-11,1215000
4.55622292278643e-11,1215100
4.54903759403066e-11,1215200
4.54187514762064e-11,1215300
4.53473526957261e-11,1215400
4.52761764087007e-11,1215500
4.52052193759448e-11,1215600
4.5134478310604e-11,1215700
4.50639498795478e-11,1215800
4.49936307048018e-11,1215900
4.49235173650122e-11,1216000
4.48536063969537e-11,1216100
4.47838942970663e-11,1216200
4.47143775230367e-11,1216300
4.46450524954047e-11,1216400
4.45759155992041e-11,1216500
4.45069631856458e-11,1216600
4.44381915738136e-11,1216700
4.43695970524082e-11,1216800
4.43011758815087e-11,1216900
4.42329242943642e-11,1217000
4.41648384992157e-11,1217100
4.40969146811385e-11,1217200
4.40291490039123e-11,1217300
4.39615376119099e-11,1217400
4.3894076632016e-11,1217500
4.38267621755543e-11,1217600
4.37595903402469e-11,1217700
4.36925572121812e-11,1217800
4.36256588677978e-11,1217900
4.35588913758968e-11,1218000
4.34922507996509e-11,1218100
4.34257331986351e-11,1218200
4.3359334630871e-11,1218300
4.32930511548724e-11,1218400
4.3226878831708e-11,1218500
4.31608137270652e-11,1218600
4.30948519133241e-11,1218700
4.30289894716301e-11,1218800
4.29632224939745e-11,1218900
4.28975470852773e-11,1219000
4.28319593654622e-11,1219100
4.2766455471537e-11,1219200
4.27010315596713e-11,1219300
4.26356838072655e-11,1219400
4.25704084150182e-11,1219500
4.2505201608981e-11,1219600
4.24400596426115e-11,1219700
4.23749787988086e-11,1219800
4.23099553919469e-11,1219900
4.22449857698841e-11,1220000
4.21800663159666e-11,1220100
4.2115193451009e-11,1220200
4.20503636352666e-11,1220300
4.19855733703815e-11,1220400
4.19208192013085e-11,1220500
4.18560977182283e-11,1220600
4.17914055584244e-11,1220700
4.17267394081504e-11,1220800
4.16620960044589e-11,1220900
4.15974721370131e-11,1221000
4.15328646498652e-11,1221100
4.14682704432051e-11,1221200
4.14036864750853e-11,1221300
4.1339109763101e-11,1221400
4.1274537386052e-11,1221500
4.12099664855601e-11,1221600
4.11453942676527e-11,1221700
4.1080818004314e-11,1221800
4.10162350349913e-11,1221900
4.09516427680709e-11,1222000
4.08870386823063e-11,1222100
4.08224203282112e-11,1222200
4.07577853294044e-11,1222300
4.06931313839183e-11,1222400
4.06284562654589e-11,1222500
4.05637578246205e-11,1222600
4.04990339900594e-11,1222700
4.04342827696132e-11,1222800
4.03695022513809e-11,1222900
4.03046906047463e-11,1223000
4.02398460813607e-11,1223100
4.0174967016067e-11,1223200
4.01100518277803e-11,1223300
4.00450990203125e-11,1223400
3.998010718315e-11,1223500
3.99150749921697e-11,1223600
3.98500012103146e-11,1223700
3.97848846882047e-11,1223800
3.97197243646996e-11,1223900
3.96545192674051e-11,1224000
3.95892685131251e-11,1224100
3.95239713082565e-11,1224200
3.94586269491335e-11,1224300
3.93932348223095e-11,1224400
3.93277944047856e-11,1224500
3.92623052641865e-11,1224600
3.91967670588728e-11,1224700
3.91311795380034e-11,1224800
3.90655425415349e-11,1224900
3.89998560001718e-11,1225000
3.89341199352519e-11,1225100
3.88683344585821e-11,1225200
3.88024997722135e-11,1225300
3.87366161681564e-11,1225400
3.86706840280554e-11,1225500
3.86047038227827e-11,1225600
3.85386761120009e-11,1225700
3.84726015436529e-11,1225800
3.84064808534046e-11,1225900
3.83403148640331e-11,1226000
3.82741044847548e-11,1226100
3.82078507105072e-11,1226200
3.81415546211706e-11,1226300
3.80752173807406e-11,1226400
3.80088402364512e-11,1226500
3.79424245178369e-11,1226600
3.78759716357537e-11,1226700
3.78094830813446e-11,1226800
3.77429604249565e-11,1226900
3.76764053150084e-11,1227000
3.76098194768125e-11,1227100
3.75432047113489e-11,1227200
3.74765628939876e-11,1227300
3.7409895973175e-11,1227400
3.73432059690692e-11,1227500
3.72764949721336e-11,1227600
3.72097651416906e-11,1227700
3.71430187044251e-11,1227800
3.70762579528641e-11,1227900
3.70094852437972e-11,1228000
3.69427029966772e-11,1228100
3.68759136919687e-11,1228200
3.68091198694736e-11,1228300
3.67423241266133e-11,1228400
3.66755291166788e-11,1228500
3.66087375470561e-11,1228600
3.65419521774091e-11,1228700
3.64751758178446e-11,1228800
3.64084113270405e-11,1228900
3.63416616103515e-11,1229000
3.62749296178893e-11,1229100
3.62082183425771e-11,1229200
3.61415308181822e-11,1229300
3.60748701173294e-11,1229400
3.60082393494898e-11,1229500
3.5941641658958e-11,1229600
3.58750802228055e-11,1229700
3.58085582488238e-11,1229800
3.57420789734507e-11,1229900
3.56756456596878e-11,1230000
3.56092615950011e-11,1230100
3.5542930089216e-11,1230200
3.5476654472409e-11,1230300
3.54104380927809e-11,1230400
3.53442843145379e-11,1230500
3.52781965157603e-11,1230600
3.52121780862741e-11,1230700
3.51462324255218e-11,1230800
3.50803629404323e-11,1230900
3.50145730432965e-11,1231000
3.49488661496423e-11,1231100
3.48832456761224e-11,1231200
3.48177150384023e-11,1231300
3.47522776490623e-11,1231400
3.46869369155065e-11,1231500
3.46216962378855e-11,1231600
3.45565590070295e-11,1231700
3.44915286023999e-11,1231800
3.44266083900546e-11,1231900
3.43618017206277e-11,1232000
3.42971119273382e-11,1232100
3.42325423240051e-11,1232200
3.41680962030948e-11,1232300
3.41037768337881e-11,1232400
3.40395874600684e-11,1232500
3.3975531298842e-11,1232600
3.39116115380786e-11,1232700
3.38478313349855e-11,1232800
3.37841938142059e-11,1232900
3.37207020660523e-11,1233000
3.36573591447713e-11,1233100
3.35941680668378e-11,1233200
3.35311318092856e-11,1233300
3.34682533080754e-11,1233400
3.3405535456495e-11,1233500
3.33429811036001e-11,1233600
3.32805930526901e-11,1233700
3.32183740598272e-11,1233800
3.31563268323928e-11,1233900
3.3094454027686e-11,1234000
3.30327582515658e-11,1234100
3.29712420571313e-11,1234200
3.29099079434528e-11,1234300
3.28487583543408e-11,1234400
3.27877956771646e-11,1234500
3.2727022241714e-11,1234600
3.26664403191106e-11,1234700
3.26060521207623e-11,1234800
3.25458597973697e-11,1234900
3.24858654379784e-11,1235000
3.24260710690799e-11,1235100
3.23664786537633e-11,1235200
3.23070900909182e-11,1235300
3.2247907214482e-11,1235400
3.21889317927422e-11,1235500
3.21301655276916e-11,1235600
3.20716100544271e-11,1235700
3.20132669406078e-11,1235800
3.19551376859586e-11,1235900
3.1897223721828e-11,1236000
3.18395264107989e-11,1236100
3.17820470463471e-11,1236200
3.17247868525541e-11,1236300
3.16677469838736e-11,1236400
3.16109285249443e-11,1236500
3.15543324904599e-11,1236600
3.14979598250852e-11,1236700
3.1441811403429e-11,1236800
3.13858880300613e-11,1236900
3.13301904395875e-11,1237000
3.12747192967686e-11,1237100
3.1219475196694e-11,1237200
3.11644586650016e-11,1237300
3.11096701581493e-11,1237400
3.10551100637331e-11,1237500
3.1000778700855e-11,1237600
3.09466763205367e-11,1237700
3.08928031061826e-11,1237800
3.08391591740886e-11,1237900
3.07857445739935e-11,1238000
3.07325592896804e-11,1238100
3.06796032396189e-11,1238200
3.06268762776518e-11,1238300
3.05743781937252e-11,1238400
3.05221087146605e-11,1238500
3.04700675049645e-11,1238600
3.04182541676849e-11,1238700
3.03666682453016e-11,1238800
3.0315309220656e-11,1238900
3.02641765179187e-11,1239000
3.02132695035955e-11,1239100
3.01625874875628e-11,1239200
3.01121297241451e-11,1239300
3.00618954132179e-11,1239400
3.00118837013496e-11,1239500
2.99620936829675e-11,1239600
2.99125244015606e-11,1239700
2.98631748509051e-11,1239800
2.98140439763195e-11,1239900
2.9765130675948e-11,1240000
2.97164338020644e-11,1240100
2.96679521624037e-11,1240200
2.96196845215143e-11,1240300
2.95716296021317e-11,1240400
2.95237860865717e-11,1240500
2.94761526181431e-11,1240600
2.9428727802577e-11,1240700
2.93815102094716e-11,1240800
2.93344983737546e-11,1240900
2.92876907971529e-11,1241000
2.9241085949682e-11,1241100
2.91946822711387e-11,1241200
2.91484781726091e-11,1241300
2.910247203798e-11,1241400
2.90566622254596e-11,1241500
2.90110470691033e-11,1241600
2.89656248803418e-11,1241700
2.89203939495113e-11,1241800
2.88753525473902e-11,1241900
2.88304989267285e-11,1242000
2.87858313237802e-11,1242100
2.87413479598302e-11,1242200
2.86970470427215e-11,1242300
2.86529267683733e-11,1242400
2.86089853222893e-11,1242500
2.85652208810676e-11,1242600
2.85216316138918e-11,1242700
2.8478215684018e-11,1242800
2.84349712502439e-11,1242900
2.8391896468373e-11,1243000
2.83489894926558e-11,1243100
2.83062484772226e-11,1243200
2.82636715774956e-11,1243300
2.82212569515855e-11,1243400
2.81790027616678e-11,1243500
2.81369071753388e-11,1243600
2.80949683669535e-11,1243700
2.80531845189377e-11,1243800
2.80115538230791e-11,1243900
2.79700744817942e-11,1244000
2.79287447093665e-11,1244100
2.78875627331666e-11,1244200
2.78465267948352e-11,1244300
2.78056351514469e-11,1244400
2.77648860766388e-11,1244500
2.77242778617129e-11,1244600
2.76838088167077e-11,1244700
2.76434772714368e-11,1244800
2.76032815764976e-11,1244900
2.75632201042452e-11,1245000
2.75232912497349e-11,1245100
2.74834934316288e-11,1245200
2.74438250930691e-11,1245300
2.74042847025155e-11,1245400
2.7364870754547e-11,1245500
2.73255817706262e-11,1245600
2.72864162998293e-11,1245700
2.72473729195362e-11,1245800
2.72084502360861e-11,1245900
2.71696468853899e-11,1246000
2.71309615335107e-11,1246100
2.70923928772017e-11,1246200
2.70539396444045e-11,1246300
2.70156005947124e-11,1246400
2.69773745197899e-11,1246500
2.69392602437575e-11,1246600
2.690125662353e-11,1246700
2.68633625491252e-11,1246800
2.68255769439231e-11,1246900
2.67878987648933e-11,1247000
2.67503270027767e-11,1247100
2.6712860682232e-11,1247200
2.66754988619434e-11,1247300
2.66382406346835e-11,1247400
2.66010851273447e-11,1247500
2.65640315009271e-11,1247600
2.65270789504886e-11,1247700
2.64902267050601e-11,1247800
2.64534740275158e-11,1247900
2.64168202144171e-11,1248000
2.63802645958082e-11,1248100
2.63438065349832e-11,1248200
2.6307445428212e-11,1248300
2.62711807044353e-11,1248400
2.62350118249216e-11,1248500
2.61989382828892e-11,1248600
2.61629596030984e-11,1248700
2.6127075341405e-11,1248800
2.60912850842874e-11,1248900
2.60555884483373e-11,1249000
2.60199850797212e-11,1249100
2.59844746536128e-11,1249200
2.59490568735911e-11,1249300
2.59137314710188e-11,1249400
2.58784982043838e-11,1249500
2.58433568586184e-11,1249600
2.58083072443917e-11,1249700
2.57733491973767e-11,1249800
2.57384825774942e-11,1249900
2.57037072681298e-11,1250000
2.56690231753344e-11,1250100
2.56344302269984e-11,1250200
2.55999283720083e-11,1250300
2.55655175793823e-11,1250400
2.55311978373897e-11,1250500
2.54969691526523e-11,1250600
2.54628315492273e-11,1250700
2.54287850676805e-11,1250800
2.53948297641391e-11,1250900
2.53609657093384e-11,1251000
2.53271929876511e-11,1251100
2.52935116961089e-11,1251200
2.52599219434151e-11,1251300
2.52264238489464e-11,1251400
2.51930175417507e-11,1251500
2.51597031595372e-11,1251600
2.51264808476594e-11,1251700
2.50933507581003e-11,1251800
2.50603130484482e-11,1251900
2.50273678808778e-11,1252000
2.49945154211239e-11,1252100
2.49617558374637e-11,1252200
2.4929089299693e-11,1252300
2.48965159781139e-11,1252400
2.48640360425202e-11,1252500
2.48316496611907e-11,1252600
2.4799356999891e-11,1252700
2.47671582208791e-11,1252800
2.47350534819227e-11,1252900
2.4703042935326e-11,1253000
2.46711267269651e-11,1253100
2.4639304995339e-11,1253200
2.46075778706311e-11,1253300
2.45759454737852e-11,1253400
2.4544407915597e-11,1253500
2.4512965295822e-11,1253600
2.44816177022992e-11,1253700
2.44503652100948e-11,1253800
2.44192078806628e-11,1253900
2.43881457610262e-11,1254000
2.4357178882981e-11,1254100
2.43263072623177e-11,1254200
2.42955308980683e-11,1254300
2.42648497717782e-11,1254400
2.42342638467967e-11,1254500
2.4203773067598e-11,1254600
2.41733773591254e-11,1254700
2.4143076626161e-11,1254800
2.41128707527243e-11,1254900
2.40827596014985e-11,1255000
2.40527430132829e-11,1255100
2.40228208064783e-11,1255200
2.39929927765963e-11,1255300
2.39632586958048e-11,1255400
2.39336183124992e-11,1255500
2.39040713509091e-11,1255600
2.38746175107313e-11,1255700
2.38452564668001e-11,1255800
2.38159878687854e-11,1255900
2.3786811340928e-11,1256000
2.37577264818024e-11,1256100
2.37287328641179e-11,1256200
2.36998300345513e-11,1256300
2.36710175136127e-11,1256400
2.36422947955453e-11,1256500
2.36136613482601e-11,1256600
2.3585116613305e-11,1256700
2.35566600058662e-11,1256800
2.35282909148065e-11,1256900
2.35000087027345e-11,1257000
2.34718127061118e-11,1257100
2.34437022353927e-11,1257200
2.34156765751949e-11,1257300
2.33877349845111e-11,1257400
2.33598766969468e-11,1257500
2.33321009209959e-11,1257600
2.33044068403499e-11,1257700
2.32767936142372e-11,1257800
2.32492603777972e-11,1257900
2.32218062424868e-11,1258000
2.31944302965171e-11,1258100
2.31671316053247e-11,1258200
2.31399092120686e-11,1258300
2.31127621381665e-11,1258400
2.30856893838505e-11,1258500
2.30586899287621e-11,1258600
2.30317627325695e-11,1258700
2.30049067356156e-11,1258800
2.29781208595965e-11,1258900
2.29514040082609e-11,1259000
2.29247550681425e-11,1259100
2.28981729093121e-11,1259200
2.28716563861607e-11,1259300
2.28452043382018e-11,1259400
2.28188155908992e-11,1259500
2.27924889565183e-11,1259600
2.27662232349962e-11,1259700
2.27400172148355e-11,1259800
2.27138696740186e-11,1259900
2.26877793809363e-11,1260000
2.26617450953411e-11,1260100
2.26357655693124e-11,1260200
2.2609839548241e-11,1260300
2.25839657718282e-11,1260400
2.25581429750969e-11,1260500
2.25323698894215e-11,1260600
2.25066452435631e-11,1260700
2.24809677647213e-11,1260800
2.24553361795934e-11,1260900
2.24297492154439e-11,1261000
2.24042056011806e-11,1261100
2.23787040684396e-11,1261200
2.23532433526757e-11,1261300
2.23278221942543e-11,1261400
2.23024393395517e-11,1261500
2.22770935420563e-11,1261600
2.22517835634683e-11,1261700
2.22265081748041e-11,1261800
2.22012661574963e-11,1261900
2.21760563044946e-11,1262000
2.2150877421361e-11,1262100
2.21257283273631e-11,1262200
2.21006078565602e-11,1262300
2.20755148588839e-11,1262400
2.2050448201211e-11,1262500
2.20254067684287e-11,1262600
2.20003894644868e-11,1262700
2.19753952134446e-11,1262800
2.19504229605e-11,1262900
2.19254716730094e-11,1263000
2.19005403414925e-11,1263100
2.18756279806216e-11,1263200
2.18507336301958e-11,1263300
2.18258563560963e-11,1263400
2.18009952512257e-11,1263500
2.17761494364267e-11,1263600
2.17513180613807e-11,1263700
2.17265003054874e-11,1263800
2.17016953787185e-11,1263900
2.16769025224527e-11,1264000
2.16521210102832e-11,1264100
2.16273501488041e-11,1264200
2.16025892783687e-11,1264300
2.15778377738217e-11,1264400
2.15530950452061e-11,1264500
2.15283605384391e-11,1264600
2.1503633735963e-11,1264700
2.14789141573635e-11,1264800
2.14542013599591e-11,1264900
2.14294949393614e-11,1265000
2.14047945300001e-11,1265100
2.13800998056201e-11,1265200
2.13554104797434e-11,1265300
2.13307263060983e-11,1265400
2.13060470790163e-11,1265500
2.12813726337924e-11,1265600
2.12567028470135e-11,1265700
2.1232037636849e-11,1265800
2.12073769633074e-11,1265900
2.11827208284587e-11,1266000
2.11580692766169e-11,1266100
2.11334223944883e-11,1266200
2.11087803112845e-11,1266300
2.10841431987947e-11,1266400
2.10595112714251e-11,1266500
2.10348847861973e-11,1266600
2.10102640427117e-11,1266700
2.0985649383073e-11,1266800
2.09610411917773e-11,1266900
2.09364398955629e-11,1267000
2.09118459632217e-11,1267100
2.08872599053766e-11,1267200
2.08626822742167e-11,1267300
2.08381136631997e-11,1267400
2.08135547067149e-11,1267500
2.07890060797093e-11,1267600
2.07644684972782e-11,1267700
2.07399427142193e-11,1267800
2.0715429524548e-11,1267900
2.06909297609817e-11,1268000
2.06664442943851e-11,1268100
2.06419740331814e-11,1268200
2.0617519922729e-11,1268300
2.05930829446658e-11,1268400
2.05686641162167e-11,1268500
2.05442644894708e-11,1268600
2.05198851506249e-11,1268700
2.04955272191961e-11,1268800
2.04711918472012e-11,1268900
2.04468802183081e-11,1269000
2.04225935469551e-11,1269100
2.03983330774435e-11,1269200
2.03741000829978e-11,1269300
2.03498958648034e-11,1269400
2.03257217510125e-11,1269500
2.03015790957284e-11,1269600
2.02774692779603e-11,1269700
2.02533937005573e-11,1269800
2.02293537891176e-11,1269900
2.02053509908752e-11,1270000
2.01813867735643e-11,1270100
2.01574626242658e-11,1270200
2.013358004823e-11,1270300
2.01097405676851e-11,1270400
2.00859457206257e-11,1270500
2.00621970595837e-11,1270600
2.00384961503879e-11,1270700
2.00148445709048e-11,1270800
1.99912439097671e-11,1270900
1.99676957650934e-11,1271000
1.99442017431918e-11,1271100
1.99207634572567e-11,1271200
1.98973825260562e-11,1271300
1.98740605726117e-11,1271400
1.98507992228694e-11,1271500
1.982760010437e-11,1271600
1.98044648449113e-11,1271700
1.97813950712071e-11,1271800
1.97583924075478e-11,1271900
1.97354584744566e-11,1272000
1.97125948873489e-11,1272100
1.96898032551923e-11,1272200
1.96670851791677e-11,1272300
1.96444422513386e-11,1272400
1.96218760533216e-11,1272500
1.95993881549654e-11,1272600
1.95769801130374e-11,1272700
1.95546534699175e-11,1272800
1.95324097523035e-11,1272900
1.95102504699265e-11,1273000
1.94881771142794e-11,1273100
1.9466191157358e-11,1273200
1.94442940504156e-11,1273300
1.94224872227357e-11,1273400
1.94007720804188e-11,1273500
1.93791500051888e-11,1273600
1.93576223532167e-11,1273700
1.9336190453965e-11,1273800
1.93148556090527e-11,1273900
1.92936190911421e-11,1274000
1.92724821428489e-11,1274100
1.92514459756752e-11,1274200
1.92305117689689e-11,1274300
1.92096806689067e-11,1274400
1.91889537875059e-11,1274500
1.91683322016615e-11,1274600
1.91478169522152e-11,1274700
1.91274090430484e-11,1274800
1.91071094402103e-11,1274900
1.90869190710742e-11,1275000
1.90668388235252e-11,1275100
1.90468695451824e-11,1275200
1.9027012042651e-11,1275300
1.90072670808112e-11,1275400
1.89876353821385e-11,1275500
1.89681176260617e-11,1275600
1.89487144483556e-11,1275700
1.89294264405663e-11,1275800
1.89102541494803e-11,1275900
1.88911980766235e-11,1276000
1.88722586778019e-11,1276100
1.8853436362679e-11,1276200
1.88347314943915e-11,1276300
1.88161443892039e-11,1276400
1.87976753162021e-11,1276500
1.87793244970254e-11,1276600
1.87610921056415e-11,1276700
1.87429782681534e-11,1276800
1.87249830626577e-11,1276900
1.87071065191319e-11,1277000
1.86893486193682e-11,1277100
1.86717092969468e-11,1277200
1.86541884372464e-11,1277300
1.86367858774994e-11,1277400
1.86195014068841e-11,1277500
1.86023347666572e-11,1277600
1.85852856503285e-11,1277700
1.85683537038726e-11,1277800
1.85515385259834e-11,1277900
1.85348396683653e-11,1278000
1.85182566360647e-11,1278100
1.8501788887841e-11,1278200
1.84854358365757e-11,1278300
1.84691968497193e-11,1278400
1.84530712497768e-11,1278500
1.84370583148304e-11,1278600
1.84211572790988e-11,1278700
1.84053673335336e-11,1278800
1.83896876264505e-11,1278900
1.83741172641986e-11,1279000
1.83586553118599e-11,1279100
1.83433007939884e-11,1279200
1.83280526953783e-11,1279300
1.83129099618671e-11,1279400
1.82978715011714e-11,1279500
1.82829361837524e-11,1279600
1.82681028437128e-11,1279700
1.82533702797242e-11,1279800
1.82387372559834e-11,1279900
1.82242025031952e-11,1280000
1.82097647195845e-11,1280100
1.81954225719347e-11,1280200
1.81811746966502e-11,1280300
1.81670197008445e-11,1280400
1.8152956163452e-11,1280500
1.81389826363622e-11,1280600
1.81250976455748e-11,1280700
1.81112996923772e-11,1280800
1.80975872545398e-11,1280900
1.80839587875308e-11,1281000
1.80704127257472e-11,1281100
1.80569474837646e-11,1281200
1.80435614576001e-11,1281300
1.80302530259896e-11,1281400
1.80170205516796e-11,1281500
1.80038623827287e-11,1281600
1.79907768538217e-11,1281700
1.79777622875921e-11,1281800
1.79648169959551e-11,1281900
1.79519392814433e-11,1282000
1.79391274385545e-11,1282100
1.79263797550994e-11,1282200
1.79136945135563e-11,1282300
1.79010699924261e-11,1282400
1.78885044675899e-11,1282500
1.78759962136666e-11,1282600
1.78635435053696e-11,1282700
1.78511446188607e-11,1282800
1.78387978331007e-11,1282900
1.78265014311961e-11,1283000
1.78142537017401e-11,1283100
1.78020529401456e-11,1283200
1.77898974499707e-11,1283300
1.7777785544236e-11,1283400
1.77657155467296e-11,1283500
1.77536857933028e-11,1283600
1.77416946331514e-11,1283700
1.77297404300832e-11,1283800
1.7717821563774e-11,1283900
1.77059364310027e-11,1284000
1.76940834468726e-11,1284100
1.76822610460152e-11,1284200
1.7670467683772e-11,1284300
1.76587018373601e-11,1284400
1.76469620070133e-11,1284500
1.76352467171032e-11,1284600
1.76235545172365e-11,1284700
1.76118839833298e-11,1284800
1.76002337186568e-11,1284900
1.75886023548735e-11,1285000
1.7576988553013e-11,1285100
1.75653910044564e-11,1285200
1.75538084318729e-11,1285300
1.7542239590132e-11,1285400
1.75306832671873e-11,1285500
1.7519138284926e-11,1285600
1.75076034999915e-11,1285700
1.74960778045721e-11,1285800
1.74845601271573e-11,1285900
1.74730494332598e-11,1286000
1.74615447261072e-11,1286100
1.74500450472966e-11,1286200
1.74385494774144e-11,1286300
1.74270571366226e-11,1286400
1.74155671852084e-11,1286500
1.74040788240973e-11,1286600
1.73925912953301e-11,1286700
1.73811038825036e-11,1286800
1.73696159111729e-11,1286900
1.73581267492164e-11,1287000
1.73466358071652e-11,1287100
1.733514253849e-11,1287200
1.73236464398555e-11,1287300
1.73121470513311e-11,1287400
1.73006439565669e-11,1287500
1.72891367829302e-11,1287600
1.72776252016017e-11,1287700
1.72661089276356e-11,1287800
1.72545877199805e-11,1287900
1.72430613814589e-11,1288000
1.72315297587141e-11,1288100
1.72199927421131e-11,1288200
1.72084502656137e-11,1288300
1.71969023065951e-11,1288400
1.71853488856478e-11,1288500
1.7173790066328e-11,1288600
1.71622259548742e-11,1288700
1.7150656699888e-11,1288800
1.71390824919761e-11,1288900
1.71275035633585e-11,1289000
1.71159201874402e-11,1289100
1.71043326783469e-11,1289200
1.70927413904269e-11,1289300
1.70811467177201e-11,1289400
1.70695490933887e-11,1289500
1.70579489891211e-11,1289600
1.70463469144978e-11,1289700
1.70347434163289e-11,1289800
1.70231390779589e-11,1289900
1.70115345185414e-11,1290000
1.69999303922838e-11,1290100
1.69883273876634e-11,1290200
1.69767262266142e-11,1290300
1.69651276636873e-11,1290400
1.69535324851846e-11,1290500
1.69419415082653e-11,1290600
1.69303555800283e-11,1290700
1.69187755765715e-11,1290800
1.69072024020255e-11,1290900
1.68956369875671e-11,1291000
1.68840802904107e-11,1291100
1.68725332927782e-11,1291200
1.68609970008513e-11,1291300
1.68494724437042e-11,1291400
1.68379606722186e-11,1291500
1.68264627579835e-11,1291600
1.68149797921774e-11,1291700
1.68035128844392e-11,1291800
1.67920631617219e-11,1291900
1.67806317671375e-11,1292000
1.67692198587888e-11,1292100
1.6757828608591e-11,1292200
1.67464592010856e-11,1292300
1.67351128322439e-11,1292400
1.67237907082666e-11,1292500
1.67124940443751e-11,1292600
1.67012240635996e-11,1292700
1.66899819955622e-11,1292800
1.66787690752596e-11,1292900
1.66675865418419e-11,1293000
1.66564356373933e-11,1293100
1.66453176057117e-11,1293200
1.66342336910927e-11,1293300
1.66231851371133e-11,1293400
1.66121731854223e-11,1293500
1.66011990745348e-11,1293600
1.65902640386331e-11,1293700
1.65793693063746e-11,1293800
1.65685160997088e-11,1293900
1.65577056327026e-11,1294000
1.65469391103771e-11,1294100
1.6536217727555e-11,1294200
1.65255426677206e-11,1294300
1.65149151018944e-11,1294400
1.65043361875192e-11,1294500
1.64938070673661e-11,1294600
1.64833288684519e-11,1294700
1.64729027009773e-11,1294800
1.64625296572821e-11,1294900
1.64522108108187e-11,1295000
1.64419472151476e-11,1295100
1.64317399029505e-11,1295200
1.64215898850686e-11,1295300
1.64114981495612e-11,1295400
1.64014656607865e-11,1295500
1.63914933585106e-11,1295600
1.63815821570355e-11,1295700
1.63717329443579e-11,1295800
1.63619465813498e-11,1295900
1.63522239009694e-11,1296000
1.63425657074962e-11,1296100
1.63329727757972e-11,1296200
1.63234458506197e-11,1296300
1.63139856459133e-11,1296400
1.63045928441828e-11,1296500
1.62952680958705e-11,1296600
1.62860120187691e-11,1296700
1.6276825197466e-11,1296800
1.62677081828189e-11,1296900
1.62586614914635e-11,1297000
1.62496856053531e-11,1297100
1.62407809713308e-11,1297200
1.62319480007356e-11,1297300
1.62231870690393e-11,1297400
1.62144985155193e-11,1297500
1.62058826429629e-11,1297600
1.61973397174062e-11,1297700
1.61888699679073e-11,1297800
1.61804735863511e-11,1297900
1.61721507272923e-11,1298000
1.61639015078265e-11,1298100
1.61557260075018e-11,1298200
1.61476242682584e-11,1298300
1.61395962944068e-11,1298400
1.61316420526364e-11,1298500
1.61237614720602e-11,1298600
1.61159544442913e-11,1298700
1.61082208235537e-11,1298800
1.6100560426826e-11,1298900
1.6092973034018e-11,1299000
1.60854583881795e-11,1299100
1.60780161957423e-11,1299200
1.60706461267927e-11,1299300
1.60633478153772e-11,1299400
1.60561208598384e-11,1299500
1.60489648231823e-11,1299600
1.60418792334745e-11,1299700
1.60348635842692e-11,1299800
1.6027917335063e-11,1299900
